customerid,credit,current_account,duration,previous_credit,purpose,amount,value_saving_stocks,tenure,install_rate,marital_status_sex,debtor_guarantors,living_at_current_address,valueable_assets,age,other_credits,apartment_type,credits_at_bank,occupation,num_dependents,broadband,foreign_worker
1001,good,no_balance_or_debit,from_06_to_12,no_previous_credit_or_paid_back_all_previous_credits,used_car,from_0.5K_to_1K,from_500_to_1000_DM,less_than_1_year,more_than_35_percent,female_not_single_or_male_single,none,more_than_7_years,not_available_or_no_assets,less_than_25,no_further_running_credits,free_apartment,one,unskilled_with_permanent_residence,three_or_more,no,yes
1002,bad,more_than_200_DM,from_06_to_12,no_previous_credit_or_paid_back_all_previous_credits,used_car,from_1.5K_to_2.5K,not_available_or_no_savings,less_than_1_year,from_20_to_35_percent,female_not_single_or_male_single,Co-Applicant,from_1_to_4_years,saving_contract_or_life_insurance,less_than_25,no_further_running_credits,free_apartment,two_or_three,skilled_worker,three_or_more,no,yes
1003,good,no_balance_or_debit,from_06_to_12,no_problems_current_credit_at_bank,furniture,from_0.5K_to_1K,not_available_or_no_savings,from_1_to_4_years,less_than_20_percent,female_single,Co-Applicant,more_than_7_years,not_available_or_no_assets,less_than_25,no_further_running_credits,free_apartment,two_or_three,skilled_worker,three_or_more,no,yes
1004,bad,no_running_account,from_06_to_12,no_previous_credit_or_paid_back_all_previous_credits,furniture,from_0.5K_to_1K,less_than_100_DM,from_4_to_7_years,less_than_20_percent,female_single,none,less_than_1_year,car_or_other,less_than_25,no_further_running_credits,rented_flat,one,skilled_worker,three_or_more,no,yes
1005,good,no_running_account,from_06_to_12,no_previous_credit_or_paid_back_all_previous_credits,furniture,from_1K_to_1.5K,not_available_or_no_savings,from_1_to_4_years,from_20_to_35_percent,male_married_or_widowed,none,from_1_to_4_years,not_available_or_no_assets,less_than_25,no_further_running_credits,free_apartment,one,executive,up_to_two,yes,yes
1006,bad,no_running_account,from_06_to_12,no_previous_credit_or_paid_back_all_previous_credits,used_car,from_1K_to_1.5K,not_available_or_no_savings,from_1_to_4_years,from_20_to_35_percent,female_not_single_or_male_single,none,more_than_7_years,saving_contract_or_life_insurance,less_than_25,no_further_running_credits,free_apartment,one,skilled_worker,three_or_more,no,yes
1007,good,more_than_200_DM,from_06_to_12,no_previous_credit_or_paid_back_all_previous_credits,used_car,from_1K_to_1.5K,not_available_or_no_savings,more_than_7_years,more_than_35_percent,male_married_or_widowed,none,more_than_7_years,saving_contract_or_life_insurance,less_than_25,no_further_running_credits,rented_flat,one,skilled_worker,three_or_more,no,yes
1008,good,no_balance_or_debit,from_06_to_12,no_previous_credit_or_paid_back_all_previous_credits,used_car,from_1.5K_to_2.5K,from_500_to_1000_DM,less_than_1_year,less_than_20_percent,female_not_single_or_male_single,none,less_than_1_year,not_available_or_no_assets,less_than_25,no_further_running_credits,rented_flat,one,skilled_worker,three_or_more,no,yes
1009,good,no_balance_or_debit,from_18_to_24,no_previous_credit_or_paid_back_all_previous_credits,furniture,from_1.5K_to_2.5K,not_available_or_no_savings,more_than_7_years,less_than_20_percent,female_not_single_or_male_single,none,more_than_7_years,saving_contract_or_life_insurance,less_than_25,no_further_running_credits,rented_flat,one,skilled_worker,three_or_more,yes,yes
1010,bad,no_running_account,from_12_to_18,no_previous_credit_or_paid_back_all_previous_credits,used_car,from_1.5K_to_2.5K,not_available_or_no_savings,from_1_to_4_years,more_than_35_percent,female_not_single_or_male_single,none,more_than_7_years,not_available_or_no_assets,less_than_25,no_further_running_credits,free_apartment,one,skilled_worker,three_or_more,no,yes
1011,good,more_than_200_DM,from_12_to_18,no_previous_credit_or_paid_back_all_previous_credits,used_car,from_1.5K_to_2.5K,from_100_to_500_DM,from_1_to_4_years,from_20_to_35_percent,female_not_single_or_male_single,none,more_than_7_years,saving_contract_or_life_insurance,less_than_25,no_further_running_credits,free_apartment,one,skilled_worker,three_or_more,no,yes
1012,bad,no_balance_or_debit,from_18_to_24,no_previous_credit_or_paid_back_all_previous_credits,other,from_2.5K_to_5K,not_available_or_no_savings,from_1_to_4_years,from_20_to_25_percent,female_not_single_or_male_single,none,more_than_7_years,car_or_other,less_than_25,no_further_running_credits,free_apartment,one,unskilled_with_permanent_residence,three_or_more,yes,yes
1013,bad,no_running_account,from_18_to_24,no_previous_credit_or_paid_back_all_previous_credits,used_car,from_2.5K_to_5K,more_than_1000_DM,from_1_to_4_years,from_20_to_35_percent,female_single,none,more_than_7_years,saving_contract_or_life_insurance,less_than_25,no_further_running_credits,rented_flat,one,skilled_worker,three_or_more,no,yes
1014,good,more_than_200_DM,from_12_to_18,no_previous_credit_or_paid_back_all_previous_credits,other,from_2.5K_to_5K,from_500_to_1000_DM,from_4_to_7_years,from_20_to_35_percent,female_not_single_or_male_single,none,from_4_to_7_years,saving_contract_or_life_insurance,less_than_25,no_further_running_credits,free_apartment,one,skilled_worker,three_or_more,no,yes
1015,good,0_to_200_DM,from_18_to_24,paid_back_previous_credits_at_this_bank,used_car,from_2.5K_to_5K,more_than_1000_DM,more_than_7_years,less_than_20_percent,male_married_or_widowed,Co-Applicant,more_than_7_years,house_or_land,less_than_25,no_further_running_credits,free_apartment,two_or_three,skilled_worker,three_or_more,no,yes
1016,good,more_than_200_DM,from_06_to_12,no_previous_credit_or_paid_back_all_previous_credits,new_car,from_2.5K_to_5K,more_than_1000_DM,less_than_1_year,more_than_35_percent,female_not_single_or_male_single,none,more_than_7_years,saving_contract_or_life_insurance,less_than_25,no_further_running_credits,free_apartment,one,skilled_worker,three_or_more,no,yes
1017,good,more_than_200_DM,from_06_to_12,no_previous_credit_or_paid_back_all_previous_credits,furniture,from_0.5K_to_1K,more_than_1000_DM,from_1_to_4_years,less_than_20_percent,female_not_single_or_male_single,none,from_1_to_4_years,saving_contract_or_life_insurance,less_than_25,no_further_running_credits,rented_flat,one,skilled_worker,three_or_more,no,yes
1018,bad,no_running_account,from_06_to_12,no_previous_credit_or_paid_back_all_previous_credits,vacation,from_0.5K_to_1K,not_available_or_no_savings,from_4_to_7_years,less_than_20_percent,female_single,none,more_than_7_years,car_or_other,less_than_25,no_further_running_credits,free_apartment,one,skilled_worker,three_or_more,no,yes
1019,good,no_running_account,from_12_to_18,paid_back_previous_credits_at_this_bank,used_car,from_1K_to_1.5K,not_available_or_no_savings,less_than_1_year,less_than_20_percent,female_not_single_or_male_single,none,more_than_7_years,car_or_other,less_than_25,no_further_running_credits,free_apartment,one,skilled_worker,three_or_more,no,yes
1020,good,more_than_200_DM,from_12_to_18,no_previous_credit_or_paid_back_all_previous_credits,furniture,from_1K_to_1.5K,more_than_1000_DM,less_than_1_year,less_than_20_percent,female_not_single_or_male_single,none,from_1_to_4_years,not_available_or_no_assets,less_than_25,no_further_running_credits,free_apartment,one,skilled_worker,three_or_more,yes,yes
1021,good,no_running_account,from_06_to_12,no_previous_credit_or_paid_back_all_previous_credits,used_car,from_1K_to_1.5K,not_available_or_no_savings,from_1_to_4_years,less_than_20_percent,male_married_or_widowed,Guarantor,less_than_1_year,car_or_other,less_than_25,no_further_running_credits,rented_flat,one,unskilled_with_permanent_residence,three_or_more,no,yes
1022,good,more_than_200_DM,<06,no_previous_credit_or_paid_back_all_previous_credits,used_car,from_1.5K_to_2.5K,not_available_or_no_savings,from_1_to_4_years,more_than_35_percent,female_single,none,from_1_to_4_years,car_or_other,less_than_25,no_further_running_credits,free_apartment,one,skilled_worker,three_or_more,no,yes
1023,bad,no_running_account,from_18_to_24,no_previous_credit_or_paid_back_all_previous_credits,furniture,from_1.5K_to_2.5K,not_available_or_no_savings,from_1_to_4_years,from_20_to_35_percent,male_married_or_widowed,none,more_than_7_years,not_available_or_no_assets,less_than_25,no_further_running_credits,free_apartment,one,unskilled_with_permanent_residence,up_to_two,no,yes
1024,bad,more_than_200_DM,from_24_to_30,no_previous_credit_or_paid_back_all_previous_credits,other,from_2.5K_to_5K,not_available_or_no_savings,from_1_to_4_years,from_20_to_25_percent,female_not_single_or_male_single,none,from_4_to_7_years,not_available_or_no_assets,less_than_25,no_further_running_credits,free_apartment,one,skilled_worker,three_or_more,no,yes
1025,good,no_balance_or_debit,from_12_to_18,no_previous_credit_or_paid_back_all_previous_credits,new_car,from_2.5K_to_5K,not_available_or_no_savings,from_1_to_4_years,more_than_35_percent,female_single,none,from_4_to_7_years,saving_contract_or_life_insurance,less_than_25,no_further_running_credits,free_apartment,one,skilled_worker,three_or_more,yes,yes
1026,bad,no_balance_or_debit,from_42_to_48,no_previous_credit_or_paid_back_all_previous_credits,furniture,from_2.5K_to_5K,less_than_100_DM,from_1_to_4_years,less_than_20_percent,male_married_or_widowed,Guarantor,more_than_7_years,car_or_other,less_than_25,no_further_running_credits,free_apartment,one,skilled_worker,three_or_more,no,yes
1027,bad,no_balance_or_debit,from_24_to_30,no_previous_credit_or_paid_back_all_previous_credits,used_car,from_2.5K_to_5K,less_than_100_DM,from_1_to_4_years,from_20_to_35_percent,female_not_single_or_male_single,Co-Applicant,more_than_7_years,saving_contract_or_life_insurance,less_than_25,at_other_banks,free_apartment,one,skilled_worker,three_or_more,no,yes
1028,good,no_running_account,from_18_to_24,no_previous_credit_or_paid_back_all_previous_credits,retraining,from_5K_to_7.5K,not_available_or_no_savings,from_1_to_4_years,from_20_to_35_percent,female_single,none,from_1_to_4_years,saving_contract_or_life_insurance,less_than_25,at_department_stores,rented_flat,one,unskilled_with_permanent_residence,three_or_more,no,yes
1029,good,more_than_200_DM,>54,no_previous_credit_or_paid_back_all_previous_credits,furniture,from_10K_to_15K,less_than_100_DM,from_4_to_7_years,from_20_to_35_percent,female_not_single_or_male_single,none,more_than_7_years,not_available_or_no_assets,less_than_25,no_further_running_credits,rented_flat,one,skilled_worker,three_or_more,yes,yes
1030,good,more_than_200_DM,>54,no_problems_current_credit_at_bank,furniture,from_15K_to_20K,not_available_or_no_savings,from_4_to_7_years,from_20_to_35_percent,male_married_or_widowed,none,more_than_7_years,saving_contract_or_life_insurance,less_than_25,no_further_running_credits,rented_flat,two_or_three,skilled_worker,three_or_more,yes,yes
1031,good,no_balance_or_debit,from_06_to_12,no_previous_credit_or_paid_back_all_previous_credits,other,less_than_0.5K,not_available_or_no_savings,from_1_to_4_years,less_than_20_percent,female_single,none,more_than_7_years,not_available_or_no_assets,less_than_25,no_further_running_credits,free_apartment,one,unskilled_with_permanent_residence,three_or_more,no,yes
1032,bad,more_than_200_DM,from_12_to_18,no_previous_credit_or_paid_back_all_previous_credits,furniture,less_than_0.5K,not_available_or_no_savings,unemployed,from_20_to_25_percent,female_not_single_or_male_single,Co-Applicant,more_than_7_years,not_available_or_no_assets,less_than_25,no_further_running_credits,free_apartment,one,skilled_worker,three_or_more,no,yes
1033,good,no_balance_or_debit,<06,no_previous_credit_or_paid_back_all_previous_credits,household_appliances,less_than_0.5K,not_available_or_no_savings,less_than_1_year,from_20_to_25_percent,female_single,none,less_than_1_year,car_or_other,less_than_25,no_further_running_credits,rented_flat,one,unskilled_with_permanent_residence,three_or_more,no,yes
1034,bad,no_running_account,from_06_to_12,no_previous_credit_or_paid_back_all_previous_credits,radio_television,from_0.5K_to_1K,less_than_100_DM,unemployed,less_than_20_percent,female_not_single_or_male_single,none,from_4_to_7_years,car_or_other,less_than_25,no_further_running_credits,rented_flat,one,skilled_worker,three_or_more,no,yes
1035,good,no_running_account,from_12_to_18,no_previous_credit_or_paid_back_all_previous_credits,retraining,from_0.5K_to_1K,not_available_or_no_savings,from_1_to_4_years,less_than_20_percent,female_not_single_or_male_single,none,more_than_7_years,car_or_other,less_than_25,no_further_running_credits,rented_flat,one,unskilled_with_permanent_residence,three_or_more,no,yes
1036,good,no_balance_or_debit,from_06_to_12,no_previous_credit_or_paid_back_all_previous_credits,other,from_1K_to_1.5K,from_500_to_1000_DM,from_1_to_4_years,less_than_20_percent,female_single,none,less_than_1_year,not_available_or_no_assets,less_than_25,no_further_running_credits,rented_flat,one,skilled_worker,three_or_more,no,yes
1037,good,more_than_200_DM,from_06_to_12,paid_back_previous_credits_at_this_bank,used_car,from_1K_to_1.5K,not_available_or_no_savings,less_than_1_year,from_20_to_35_percent,female_not_single_or_male_single,none,more_than_7_years,car_or_other,less_than_25,no_further_running_credits,free_apartment,two_or_three,unskilled_with_permanent_residence,three_or_more,no,yes
1038,bad,no_balance_or_debit,from_06_to_12,no_previous_credit_or_paid_back_all_previous_credits,furniture,from_1K_to_1.5K,not_available_or_no_savings,less_than_1_year,from_20_to_35_percent,male_married_or_widowed,none,less_than_1_year,saving_contract_or_life_insurance,less_than_25,no_further_running_credits,rented_flat,one,skilled_worker,three_or_more,no,yes
1039,bad,no_running_account,from_06_to_12,no_previous_credit_or_paid_back_all_previous_credits,furniture,from_1K_to_1.5K,not_available_or_no_savings,less_than_1_year,from_20_to_25_percent,female_not_single_or_male_single,none,more_than_7_years,car_or_other,less_than_25,no_further_running_credits,free_apartment,one,skilled_worker,three_or_more,no,yes
1040,bad,more_than_200_DM,from_06_to_12,no_previous_credit_or_paid_back_all_previous_credits,furniture,from_1K_to_1.5K,not_available_or_no_savings,from_4_to_7_years,less_than_20_percent,male_married_or_widowed,none,from_1_to_4_years,saving_contract_or_life_insurance,less_than_25,no_further_running_credits,rented_flat,one,skilled_worker,three_or_more,no,yes
1041,good,no_balance_or_debit,from_12_to_18,no_previous_credit_or_paid_back_all_previous_credits,household_appliances,from_1.5K_to_2.5K,less_than_100_DM,from_1_to_4_years,less_than_20_percent,male_married_or_widowed,Guarantor,from_1_to_4_years,not_available_or_no_assets,less_than_25,no_further_running_credits,rented_flat,one,skilled_worker,three_or_more,no,yes
1042,good,no_balance_or_debit,from_06_to_12,no_previous_credit_or_paid_back_all_previous_credits,furniture,from_1.5K_to_2.5K,not_available_or_no_savings,from_1_to_4_years,more_than_35_percent,female_not_single_or_male_single,none,less_than_1_year,saving_contract_or_life_insurance,less_than_25,no_further_running_credits,rented_flat,one,skilled_worker,three_or_more,yes,yes
1043,bad,no_balance_or_debit,from_06_to_12,no_previous_credit_or_paid_back_all_previous_credits,furniture,from_1.5K_to_2.5K,not_available_or_no_savings,less_than_1_year,less_than_20_percent,female_not_single_or_male_single,none,from_1_to_4_years,saving_contract_or_life_insurance,less_than_25,no_further_running_credits,rented_flat,one,skilled_worker,three_or_more,yes,yes
1044,bad,more_than_200_DM,from_12_to_18,no_problems_current_credit_at_bank,used_car,from_1.5K_to_2.5K,not_available_or_no_savings,from_4_to_7_years,less_than_20_percent,female_not_single_or_male_single,none,less_than_1_year,not_available_or_no_assets,less_than_25,no_further_running_credits,rented_flat,one,skilled_worker,three_or_more,no,yes
1045,good,no_running_account,from_06_to_12,no_previous_credit_or_paid_back_all_previous_credits,used_car,from_1.5K_to_2.5K,not_available_or_no_savings,less_than_1_year,less_than_20_percent,female_not_single_or_male_single,none,less_than_1_year,saving_contract_or_life_insurance,less_than_25,no_further_running_credits,free_apartment,one,skilled_worker,three_or_more,no,yes
1046,bad,no_balance_or_debit,from_18_to_24,no_previous_credit_or_paid_back_all_previous_credits,furniture,from_1.5K_to_2.5K,not_available_or_no_savings,less_than_1_year,more_than_35_percent,female_single,none,less_than_1_year,car_or_other,less_than_25,no_further_running_credits,rented_flat,one,skilled_worker,three_or_more,yes,yes
1047,good,more_than_200_DM,from_06_to_12,no_previous_credit_or_paid_back_all_previous_credits,used_car,from_1.5K_to_2.5K,less_than_100_DM,less_than_1_year,from_20_to_35_percent,female_not_single_or_male_single,none,more_than_7_years,car_or_other,less_than_25,no_further_running_credits,free_apartment,one,skilled_worker,three_or_more,no,yes
1048,bad,no_running_account,from_12_to_18,no_previous_credit_or_paid_back_all_previous_credits,used_car,from_1.5K_to_2.5K,not_available_or_no_savings,from_1_to_4_years,from_20_to_35_percent,male_married_or_widowed,none,from_1_to_4_years,saving_contract_or_life_insurance,less_than_25,no_further_running_credits,rented_flat,one,skilled_worker,three_or_more,no,yes
1049,good,no_running_account,from_18_to_24,problematic_running_account,used_car,from_1.5K_to_2.5K,from_100_to_500_DM,from_1_to_4_years,less_than_20_percent,male_married_or_widowed,none,more_than_7_years,not_available_or_no_assets,less_than_25,at_department_stores,rented_flat,one,skilled_worker,three_or_more,yes,yes
1050,good,no_running_account,from_18_to_24,problematic_running_account,used_car,from_2.5K_to_5K,from_100_to_500_DM,from_1_to_4_years,less_than_20_percent,male_married_or_widowed,none,more_than_7_years,not_available_or_no_assets,less_than_25,at_department_stores,rented_flat,one,skilled_worker,three_or_more,yes,yes
1051,bad,no_balance_or_debit,from_18_to_24,no_previous_credit_or_paid_back_all_previous_credits,furniture,from_2.5K_to_5K,less_than_100_DM,less_than_1_year,from_20_to_25_percent,female_single,none,from_1_to_4_years,saving_contract_or_life_insurance,less_than_25,no_further_running_credits,free_apartment,one,skilled_worker,three_or_more,yes,yes
1052,good,no_running_account,from_18_to_24,no_previous_credit_or_paid_back_all_previous_credits,used_car,from_2.5K_to_5K,not_available_or_no_savings,less_than_1_year,less_than_20_percent,male_married_or_widowed,none,less_than_1_year,house_or_land,less_than_25,at_other_banks,owner_occupied_flat,one,skilled_worker,three_or_more,no,yes
1053,good,no_running_account,from_18_to_24,problematic_running_account,new_car,from_2.5K_to_5K,not_available_or_no_savings,from_1_to_4_years,more_than_35_percent,female_not_single_or_male_single,Guarantor,more_than_7_years,saving_contract_or_life_insurance,less_than_25,at_other_banks,free_apartment,one,skilled_worker,three_or_more,no,no
1054,good,no_running_account,from_12_to_18,no_previous_credit_or_paid_back_all_previous_credits,used_car,from_2.5K_to_5K,not_available_or_no_savings,less_than_1_year,more_than_35_percent,female_not_single_or_male_single,none,more_than_7_years,saving_contract_or_life_insurance,less_than_25,no_further_running_credits,free_apartment,one,skilled_worker,three_or_more,no,yes
1055,good,no_balance_or_debit,from_24_to_30,no_previous_credit_or_paid_back_all_previous_credits,used_car,from_2.5K_to_5K,not_available_or_no_savings,less_than_1_year,from_20_to_35_percent,female_single,none,less_than_1_year,car_or_other,less_than_25,no_further_running_credits,rented_flat,one,skilled_worker,three_or_more,no,yes
1056,good,no_running_account,from_12_to_18,no_previous_credit_or_paid_back_all_previous_credits,other,from_2.5K_to_5K,not_available_or_no_savings,unemployed,more_than_35_percent,male_married_or_widowed,none,more_than_7_years,house_or_land,less_than_25,no_further_running_credits,owner_occupied_flat,one,skilled_worker,three_or_more,no,yes
1057,bad,no_balance_or_debit,from_42_to_48,no_previous_credit_or_paid_back_all_previous_credits,furniture,from_5K_to_7.5K,not_available_or_no_savings,from_1_to_4_years,from_20_to_35_percent,female_not_single_or_male_single,none,from_1_to_4_years,not_available_or_no_assets,less_than_25,no_further_running_credits,rented_flat,one,skilled_worker,three_or_more,no,yes
1058,good,0_to_200_DM,from_12_to_18,no_previous_credit_or_paid_back_all_previous_credits,repair,less_than_0.5K,not_available_or_no_savings,less_than_1_year,less_than_20_percent,female_not_single_or_male_single,none,more_than_7_years,car_or_other,less_than_25,no_further_running_credits,free_apartment,one,skilled_worker,three_or_more,yes,yes
1059,bad,no_running_account,<06,no_previous_credit_or_paid_back_all_previous_credits,repair,less_than_0.5K,not_available_or_no_savings,less_than_1_year,less_than_20_percent,female_not_single_or_male_single,none,more_than_7_years,car_or_other,less_than_25,no_further_running_credits,rented_flat,one,skilled_worker,three_or_more,no,yes
1060,good,more_than_200_DM,<06,no_previous_credit_or_paid_back_all_previous_credits,used_car,from_0.5K_to_1K,not_available_or_no_savings,less_than_1_year,more_than_35_percent,female_not_single_or_male_single,none,from_4_to_7_years,not_available_or_no_assets,less_than_25,no_further_running_credits,free_apartment,one,unskilled_with_permanent_residence,up_to_two,no,yes
1061,good,more_than_200_DM,<06,no_previous_credit_or_paid_back_all_previous_credits,household_appliances,from_0.5K_to_1K,from_100_to_500_DM,from_4_to_7_years,from_20_to_35_percent,female_single,none,more_than_7_years,not_available_or_no_assets,less_than_25,no_further_running_credits,free_apartment,one,unskilled_with_permanent_residence,three_or_more,no,yes
1062,bad,no_balance_or_debit,from_06_to_12,no_previous_credit_or_paid_back_all_previous_credits,other,from_0.5K_to_1K,less_than_100_DM,less_than_1_year,less_than_20_percent,female_not_single_or_male_single,none,from_1_to_4_years,car_or_other,less_than_25,at_other_banks,rented_flat,one,unskilled_with_permanent_residence,three_or_more,no,yes
1063,good,no_balance_or_debit,from_06_to_12,no_previous_credit_or_paid_back_all_previous_credits,retraining,from_0.5K_to_1K,less_than_100_DM,from_4_to_7_years,from_20_to_35_percent,female_not_single_or_male_single,none,more_than_7_years,not_available_or_no_assets,less_than_25,no_further_running_credits,free_apartment,one,unskilled_with_permanent_residence,three_or_more,no,yes
1064,good,no_balance_or_debit,from_12_to_18,paid_back_previous_credits_at_this_bank,furniture,from_0.5K_to_1K,not_available_or_no_savings,less_than_1_year,less_than_20_percent,male_married_or_widowed,Guarantor,more_than_7_years,not_available_or_no_assets,less_than_25,no_further_running_credits,rented_flat,two_or_three,skilled_worker,three_or_more,no,yes
1065,bad,no_running_account,from_06_to_12,no_previous_credit_or_paid_back_all_previous_credits,other,from_0.5K_to_1K,more_than_1000_DM,from_1_to_4_years,less_than_20_percent,female_single,none,from_1_to_4_years,saving_contract_or_life_insurance,less_than_25,no_further_running_credits,rented_flat,one,skilled_worker,three_or_more,no,yes
1066,bad,no_running_account,from_12_to_18,no_previous_credit_or_paid_back_all_previous_credits,other,from_0.5K_to_1K,not_available_or_no_savings,less_than_1_year,more_than_35_percent,female_not_single_or_male_single,none,from_1_to_4_years,saving_contract_or_life_insurance,less_than_25,no_further_running_credits,rented_flat,one,unskilled_with_permanent_residence,three_or_more,no,yes
1067,good,more_than_200_DM,from_06_to_12,paid_back_previous_credits_at_this_bank,household_appliances,from_0.5K_to_1K,more_than_1000_DM,from_4_to_7_years,less_than_20_percent,female_not_single_or_male_single,none,more_than_7_years,not_available_or_no_assets,less_than_25,no_further_running_credits,rented_flat,two_or_three,skilled_worker,three_or_more,no,yes
1068,good,no_balance_or_debit,from_06_to_12,problematic_running_account,furniture,from_1K_to_1.5K,not_available_or_no_savings,from_1_to_4_years,less_than_20_percent,male_married_or_widowed,none,more_than_7_years,not_available_or_no_assets,less_than_25,at_department_stores,rented_flat,one,unskilled_with_permanent_residence,three_or_more,no,yes
1069,good,no_running_account,from_06_to_12,no_previous_credit_or_paid_back_all_previous_credits,repair,from_1K_to_1.5K,more_than_1000_DM,from_1_to_4_years,less_than_20_percent,female_not_single_or_male_single,none,more_than_7_years,car_or_other,less_than_25,at_other_banks,free_apartment,one,skilled_worker,three_or_more,yes,yes
1070,bad,no_running_account,from_12_to_18,no_previous_credit_or_paid_back_all_previous_credits,other,from_1K_to_1.5K,not_available_or_no_savings,less_than_1_year,less_than_20_percent,female_not_single_or_male_single,none,from_4_to_7_years,saving_contract_or_life_insurance,less_than_25,no_further_running_credits,free_apartment,one,skilled_worker,three_or_more,yes,yes
1071,good,more_than_200_DM,from_06_to_12,no_previous_credit_or_paid_back_all_previous_credits,radio_television,from_1K_to_1.5K,not_available_or_no_savings,less_than_1_year,more_than_35_percent,female_not_single_or_male_single,none,more_than_7_years,not_available_or_no_assets,less_than_25,no_further_running_credits,free_apartment,one,skilled_worker,three_or_more,yes,yes
1072,bad,no_balance_or_debit,from_18_to_24,no_previous_credit_or_paid_back_all_previous_credits,other,from_1K_to_1.5K,not_available_or_no_savings,less_than_1_year,less_than_20_percent,male_married_or_widowed,none,from_1_to_4_years,not_available_or_no_assets,less_than_25,at_other_banks,rented_flat,one,unskilled_with_permanent_residence,three_or_more,no,yes
1073,good,0_to_200_DM,from_06_to_12,no_previous_credit_or_paid_back_all_previous_credits,used_car,from_1K_to_1.5K,not_available_or_no_savings,less_than_1_year,less_than_20_percent,female_not_single_or_male_single,none,from_1_to_4_years,car_or_other,less_than_25,no_further_running_credits,rented_flat,one,skilled_worker,three_or_more,no,yes
1074,good,0_to_200_DM,from_06_to_12,no_previous_credit_or_paid_back_all_previous_credits,furniture,from_1K_to_1.5K,not_available_or_no_savings,from_1_to_4_years,from_20_to_25_percent,female_single,none,more_than_7_years,not_available_or_no_assets,less_than_25,no_further_running_credits,free_apartment,one,skilled_worker,three_or_more,no,yes
1075,good,no_running_account,<06,no_previous_credit_or_paid_back_all_previous_credits,new_car,from_1K_to_1.5K,from_100_to_500_DM,unemployed,more_than_35_percent,female_not_single_or_male_single,none,from_1_to_4_years,car_or_other,less_than_25,no_further_running_credits,free_apartment,one,unemployed_or_unskilled_with_no_permanent_residence,three_or_more,yes,yes
1076,bad,no_running_account,from_18_to_24,no_previous_credit_or_paid_back_all_previous_credits,other,from_1K_to_1.5K,not_available_or_no_savings,from_4_to_7_years,less_than_20_percent,female_not_single_or_male_single,none,more_than_7_years,saving_contract_or_life_insurance,less_than_25,no_further_running_credits,free_apartment,two_or_three,skilled_worker,three_or_more,no,yes
1077,good,no_balance_or_debit,from_12_to_18,no_previous_credit_or_paid_back_all_previous_credits,furniture,from_1K_to_1.5K,more_than_1000_DM,less_than_1_year,less_than_20_percent,male_married_or_widowed,none,less_than_1_year,car_or_other,less_than_25,no_further_running_credits,rented_flat,one,skilled_worker,three_or_more,no,yes
1078,good,no_running_account,from_06_to_12,no_previous_credit_or_paid_back_all_previous_credits,furniture,from_1K_to_1.5K,not_available_or_no_savings,from_1_to_4_years,less_than_20_percent,female_not_single_or_male_single,none,less_than_1_year,saving_contract_or_life_insurance,less_than_25,at_other_banks,rented_flat,one,skilled_worker,three_or_more,no,yes
1079,bad,no_balance_or_debit,from_06_to_12,no_previous_credit_or_paid_back_all_previous_credits,furniture,from_1.5K_to_2.5K,not_available_or_no_savings,less_than_1_year,more_than_35_percent,female_single,none,less_than_1_year,not_available_or_no_assets,less_than_25,no_further_running_credits,free_apartment,one,skilled_worker,three_or_more,no,yes
1080,good,no_balance_or_debit,from_18_to_24,no_problems_current_credit_at_bank,furniture,from_1.5K_to_2.5K,less_than_100_DM,from_4_to_7_years,from_20_to_25_percent,female_not_single_or_male_single,none,from_1_to_4_years,car_or_other,less_than_25,no_further_running_credits,free_apartment,two_or_three,skilled_worker,three_or_more,yes,yes
1081,bad,no_running_account,from_42_to_48,no_previous_credit_or_paid_back_all_previous_credits,furniture,from_1.5K_to_2.5K,not_available_or_no_savings,from_1_to_4_years,less_than_20_percent,male_married_or_widowed,none,more_than_7_years,house_or_land,less_than_25,no_further_running_credits,owner_occupied_flat,one,skilled_worker,three_or_more,yes,yes
1082,good,no_running_account,from_12_to_18,no_previous_credit_or_paid_back_all_previous_credits,furniture,from_1.5K_to_2.5K,more_than_1000_DM,from_4_to_7_years,from_20_to_35_percent,female_single,none,more_than_7_years,saving_contract_or_life_insurance,less_than_25,no_further_running_credits,free_apartment,two_or_three,unskilled_with_permanent_residence,three_or_more,no,yes
1083,bad,more_than_200_DM,from_12_to_18,no_previous_credit_or_paid_back_all_previous_credits,household_appliances,from_1.5K_to_2.5K,not_available_or_no_savings,less_than_1_year,less_than_20_percent,female_not_single_or_male_single,none,more_than_7_years,not_available_or_no_assets,less_than_25,no_further_running_credits,rented_flat,one,skilled_worker,three_or_more,no,yes
1084,good,0_to_200_DM,from_12_to_18,no_previous_credit_or_paid_back_all_previous_credits,other,from_1.5K_to_2.5K,not_available_or_no_savings,more_than_7_years,from_20_to_25_percent,female_not_single_or_male_single,none,from_1_to_4_years,saving_contract_or_life_insurance,less_than_25,no_further_running_credits,rented_flat,one,executive,three_or_more,no,yes
1085,good,no_balance_or_debit,from_12_to_18,no_previous_credit_or_paid_back_all_previous_credits,furniture,from_1.5K_to_2.5K,not_available_or_no_savings,less_than_1_year,from_20_to_35_percent,female_not_single_or_male_single,Guarantor,more_than_7_years,car_or_other,less_than_25,no_further_running_credits,rented_flat,one,unskilled_with_permanent_residence,three_or_more,no,yes
1086,good,more_than_200_DM,from_06_to_12,paid_back_previous_credits_at_this_bank,used_car,from_1.5K_to_2.5K,not_available_or_no_savings,less_than_1_year,more_than_35_percent,female_not_single_or_male_single,none,from_4_to_7_years,not_available_or_no_assets,less_than_25,no_further_running_credits,free_apartment,two_or_three,skilled_worker,three_or_more,no,yes
1087,good,more_than_200_DM,from_18_to_24,paid_back_previous_credits_at_this_bank,used_car,from_1.5K_to_2.5K,not_available_or_no_savings,less_than_1_year,less_than_20_percent,female_not_single_or_male_single,none,more_than_7_years,car_or_other,less_than_25,no_further_running_credits,rented_flat,one,skilled_worker,three_or_more,yes,yes
1088,bad,no_running_account,from_24_to_30,no_previous_credit_or_paid_back_all_previous_credits,used_car,from_1.5K_to_2.5K,not_available_or_no_savings,from_4_to_7_years,less_than_20_percent,female_not_single_or_male_single,none,more_than_7_years,not_available_or_no_assets,less_than_25,no_further_running_credits,free_apartment,one,skilled_worker,three_or_more,no,yes
1089,good,no_running_account,from_12_to_18,no_previous_credit_or_paid_back_all_previous_credits,other,from_2.5K_to_5K,not_available_or_no_savings,unemployed,more_than_35_percent,female_not_single_or_male_single,none,more_than_7_years,saving_contract_or_life_insurance,less_than_25,no_further_running_credits,free_apartment,one,skilled_worker,three_or_more,no,yes
1090,bad,no_balance_or_debit,from_24_to_30,paid_back_previous_credits_at_this_bank,furniture,from_2.5K_to_5K,from_100_to_500_DM,from_1_to_4_years,less_than_20_percent,male_married_or_widowed,none,from_1_to_4_years,car_or_other,less_than_25,no_further_running_credits,rented_flat,two_or_three,unskilled_with_permanent_residence,three_or_more,no,yes
1091,bad,no_running_account,from_18_to_24,no_previous_credit_or_paid_back_all_previous_credits,used_car,from_2.5K_to_5K,not_available_or_no_savings,less_than_1_year,less_than_20_percent,female_not_single_or_male_single,none,more_than_7_years,not_available_or_no_assets,less_than_25,no_further_running_credits,free_apartment,one,unskilled_with_permanent_residence,three_or_more,yes,yes
1092,good,more_than_200_DM,from_12_to_18,paid_back_previous_credits_at_this_bank,new_car,from_2.5K_to_5K,from_500_to_1000_DM,more_than_7_years,from_20_to_25_percent,male_married_or_widowed,none,more_than_7_years,house_or_land,less_than_25,no_further_running_credits,free_apartment,two_or_three,skilled_worker,three_or_more,yes,yes
1093,good,more_than_200_DM,from_18_to_24,no_previous_credit_or_paid_back_all_previous_credits,new_car,from_2.5K_to_5K,less_than_100_DM,from_4_to_7_years,from_20_to_25_percent,female_not_single_or_male_single,none,more_than_7_years,saving_contract_or_life_insurance,less_than_25,no_further_running_credits,rented_flat,one,skilled_worker,three_or_more,no,yes
1094,good,no_balance_or_debit,from_06_to_12,paid_back_previous_credits_at_this_bank,furniture,from_2.5K_to_5K,not_available_or_no_savings,from_1_to_4_years,more_than_35_percent,female_not_single_or_male_single,none,less_than_1_year,not_available_or_no_assets,less_than_25,no_further_running_credits,rented_flat,one,unskilled_with_permanent_residence,three_or_more,no,yes
1095,good,no_balance_or_debit,from_18_to_24,no_previous_credit_or_paid_back_all_previous_credits,furniture,from_2.5K_to_5K,from_100_to_500_DM,unemployed,more_than_35_percent,female_not_single_or_male_single,none,more_than_7_years,house_or_land,less_than_25,no_further_running_credits,free_apartment,one,unemployed_or_unskilled_with_no_permanent_residence,three_or_more,no,yes
1096,good,more_than_200_DM,from_12_to_18,no_previous_credit_or_paid_back_all_previous_credits,new_car,from_2.5K_to_5K,less_than_100_DM,less_than_1_year,more_than_35_percent,female_not_single_or_male_single,none,more_than_7_years,saving_contract_or_life_insurance,less_than_25,no_further_running_credits,rented_flat,one,skilled_worker,three_or_more,yes,yes
1097,good,0_to_200_DM,from_30_to_36,no_previous_credit_or_paid_back_all_previous_credits,furniture,from_2.5K_to_5K,not_available_or_no_savings,from_1_to_4_years,from_20_to_35_percent,male_married_or_widowed,none,from_1_to_4_years,not_available_or_no_assets,less_than_25,no_further_running_credits,rented_flat,one,skilled_worker,three_or_more,yes,yes
1098,bad,no_running_account,from_18_to_24,hesitant_pmt_of_previous_credit,used_car,from_2.5K_to_5K,not_available_or_no_savings,more_than_7_years,from_20_to_25_percent,male_married_or_widowed,none,more_than_7_years,house_or_land,less_than_25,at_other_banks,free_apartment,two_or_three,skilled_worker,up_to_two,no,yes
1099,bad,no_running_account,from_30_to_36,paid_back_previous_credits_at_this_bank,used_car,from_2.5K_to_5K,from_100_to_500_DM,from_1_to_4_years,more_than_35_percent,female_not_single_or_male_single,none,more_than_7_years,saving_contract_or_life_insurance,less_than_25,no_further_running_credits,rented_flat,two_or_three,skilled_worker,three_or_more,no,yes
1100,bad,no_running_account,from_30_to_36,paid_back_previous_credits_at_this_bank,used_car,from_5K_to_7.5K,not_available_or_no_savings,less_than_1_year,less_than_20_percent,female_not_single_or_male_single,Co-Applicant,more_than_7_years,house_or_land,less_than_25,no_further_running_credits,free_apartment,two_or_three,unskilled_with_permanent_residence,three_or_more,yes,yes
1101,bad,more_than_200_DM,from_30_to_36,paid_back_previous_credits_at_this_bank,used_car,from_5K_to_7.5K,not_available_or_no_savings,less_than_1_year,from_20_to_35_percent,female_not_single_or_male_single,none,more_than_7_years,car_or_other,less_than_25,no_further_running_credits,free_apartment,two_or_three,skilled_worker,three_or_more,yes,yes
1102,good,no_running_account,from_12_to_18,no_problems_current_credit_at_bank,repair,from_7.5K_to_10K,more_than_1000_DM,from_1_to_4_years,more_than_35_percent,female_not_single_or_male_single,none,from_1_to_4_years,saving_contract_or_life_insurance,less_than_25,no_further_running_credits,free_apartment,two_or_three,skilled_worker,three_or_more,yes,yes
1103,bad,no_balance_or_debit,from_18_to_24,no_previous_credit_or_paid_back_all_previous_credits,new_car,from_10K_to_15K,not_available_or_no_savings,from_1_to_4_years,more_than_35_percent,female_not_single_or_male_single,none,more_than_7_years,saving_contract_or_life_insurance,less_than_25,no_further_running_credits,free_apartment,two_or_three,executive,three_or_more,no,yes
1104,bad,no_balance_or_debit,<06,no_previous_credit_or_paid_back_all_previous_credits,other,from_10K_to_15K,more_than_1000_DM,unemployed,more_than_35_percent,male_married_or_widowed,none,from_1_to_4_years,car_or_other,less_than_25,no_further_running_credits,rented_flat,one,unemployed_or_unskilled_with_no_permanent_residence,three_or_more,yes,yes
1105,bad,no_balance_or_debit,from_42_to_48,no_previous_credit_or_paid_back_all_previous_credits,retraining,from_15K_to_20K,not_available_or_no_savings,from_1_to_4_years,from_20_to_35_percent,male_married_or_widowed,none,from_1_to_4_years,saving_contract_or_life_insurance,less_than_25,no_further_running_credits,rented_flat,one,skilled_worker,three_or_more,yes,yes
1106,bad,no_balance_or_debit,<06,problematic_running_account,repair,less_than_0.5K,from_500_to_1000_DM,less_than_1_year,less_than_20_percent,female_not_single_or_male_single,none,from_1_to_4_years,car_or_other,less_than_25,at_other_banks,free_apartment,one,skilled_worker,up_to_two,no,yes
1107,good,no_balance_or_debit,from_06_to_12,no_previous_credit_or_paid_back_all_previous_credits,furniture,less_than_0.5K,not_available_or_no_savings,from_1_to_4_years,less_than_20_percent,male_married_or_widowed,none,from_4_to_7_years,not_available_or_no_assets,less_than_25,no_further_running_credits,rented_flat,one,skilled_worker,three_or_more,no,yes
1108,bad,no_running_account,from_06_to_12,problematic_running_account,furniture,from_0.5K_to_1K,not_available_or_no_savings,from_1_to_4_years,less_than_20_percent,female_not_single_or_male_single,none,more_than_7_years,not_available_or_no_assets,less_than_25,at_other_banks,rented_flat,one,unskilled_with_permanent_residence,three_or_more,no,yes
1109,good,no_running_account,from_06_to_12,no_previous_credit_or_paid_back_all_previous_credits,used_car,from_0.5K_to_1K,not_available_or_no_savings,more_than_7_years,less_than_20_percent,female_not_single_or_male_single,none,more_than_7_years,car_or_other,less_than_25,no_further_running_credits,free_apartment,one,skilled_worker,three_or_more,no,yes
1110,good,more_than_200_DM,from_12_to_18,no_previous_credit_or_paid_back_all_previous_credits,radio_television,from_0.5K_to_1K,more_than_1000_DM,less_than_1_year,less_than_20_percent,female_not_single_or_male_single,none,less_than_1_year,not_available_or_no_assets,less_than_25,no_further_running_credits,rented_flat,one,skilled_worker,three_or_more,no,yes
1111,good,more_than_200_DM,<06,no_problems_current_credit_at_bank,furniture,from_0.5K_to_1K,not_available_or_no_savings,from_1_to_4_years,from_20_to_25_percent,female_not_single_or_male_single,none,from_1_to_4_years,not_available_or_no_assets,less_than_25,no_further_running_credits,rented_flat,one,skilled_worker,three_or_more,no,yes
1112,bad,no_running_account,from_18_to_24,no_previous_credit_or_paid_back_all_previous_credits,other,from_1K_to_1.5K,not_available_or_no_savings,less_than_1_year,less_than_20_percent,female_not_single_or_male_single,none,more_than_7_years,car_or_other,less_than_25,no_further_running_credits,free_apartment,one,skilled_worker,three_or_more,no,yes
1113,bad,no_running_account,from_06_to_12,no_previous_credit_or_paid_back_all_previous_credits,other,from_1K_to_1.5K,not_available_or_no_savings,from_1_to_4_years,less_than_20_percent,female_not_single_or_male_single,none,from_1_to_4_years,not_available_or_no_assets,less_than_25,no_further_running_credits,rented_flat,one,unskilled_with_permanent_residence,three_or_more,no,yes
1114,bad,no_balance_or_debit,from_06_to_12,no_previous_credit_or_paid_back_all_previous_credits,used_car,from_1K_to_1.5K,not_available_or_no_savings,from_1_to_4_years,from_20_to_25_percent,female_not_single_or_male_single,none,more_than_7_years,not_available_or_no_assets,less_than_25,no_further_running_credits,rented_flat,one,skilled_worker,three_or_more,no,yes
1115,bad,no_running_account,from_12_to_18,no_previous_credit_or_paid_back_all_previous_credits,radio_television,from_1K_to_1.5K,more_than_1000_DM,from_1_to_4_years,less_than_20_percent,female_not_single_or_male_single,none,from_1_to_4_years,saving_contract_or_life_insurance,less_than_25,no_further_running_credits,free_apartment,one,skilled_worker,three_or_more,no,yes
1116,bad,no_running_account,from_18_to_24,problematic_running_account,furniture,from_1.5K_to_2.5K,not_available_or_no_savings,from_4_to_7_years,less_than_20_percent,male_married_or_widowed,Guarantor,more_than_7_years,saving_contract_or_life_insurance,less_than_25,at_other_banks,free_apartment,one,unskilled_with_permanent_residence,three_or_more,no,yes
1117,good,more_than_200_DM,<06,paid_back_previous_credits_at_this_bank,furniture,from_1.5K_to_2.5K,not_available_or_no_savings,from_4_to_7_years,more_than_35_percent,female_not_single_or_male_single,none,from_1_to_4_years,saving_contract_or_life_insurance,less_than_25,no_further_running_credits,free_apartment,two_or_three,skilled_worker,three_or_more,yes,yes
1118,good,more_than_200_DM,from_12_to_18,no_previous_credit_or_paid_back_all_previous_credits,retraining,from_1.5K_to_2.5K,less_than_100_DM,from_1_to_4_years,from_20_to_25_percent,female_not_single_or_male_single,none,more_than_7_years,car_or_other,less_than_25,no_further_running_credits,free_apartment,one,unskilled_with_permanent_residence,three_or_more,no,yes
1119,good,no_running_account,from_18_to_24,no_previous_credit_or_paid_back_all_previous_credits,used_car,from_1.5K_to_2.5K,not_available_or_no_savings,less_than_1_year,less_than_20_percent,male_married_or_widowed,Co-Applicant,less_than_1_year,car_or_other,less_than_25,no_further_running_credits,rented_flat,one,unskilled_with_permanent_residence,three_or_more,no,no
1120,good,more_than_200_DM,from_06_to_12,no_previous_credit_or_paid_back_all_previous_credits,used_car,from_1.5K_to_2.5K,not_available_or_no_savings,from_1_to_4_years,from_20_to_25_percent,male_married_or_widowed,none,from_1_to_4_years,not_available_or_no_assets,less_than_25,no_further_running_credits,free_apartment,one,unskilled_with_permanent_residence,three_or_more,no,yes
1121,good,more_than_200_DM,from_12_to_18,paid_back_previous_credits_at_this_bank,furniture,from_1.5K_to_2.5K,not_available_or_no_savings,from_1_to_4_years,less_than_20_percent,male_married_or_widowed,none,from_1_to_4_years,saving_contract_or_life_insurance,less_than_25,no_further_running_credits,rented_flat,two_or_three,skilled_worker,three_or_more,no,yes
1122,good,no_balance_or_debit,from_06_to_12,no_previous_credit_or_paid_back_all_previous_credits,used_car,from_1.5K_to_2.5K,more_than_1000_DM,from_4_to_7_years,from_20_to_35_percent,male_married_or_widowed,none,less_than_1_year,saving_contract_or_life_insurance,less_than_25,no_further_running_credits,rented_flat,one,skilled_worker,three_or_more,yes,yes
1123,good,more_than_200_DM,<06,paid_back_previous_credits_at_this_bank,other,from_1.5K_to_2.5K,from_100_to_500_DM,from_1_to_4_years,more_than_35_percent,female_single,none,from_1_to_4_years,saving_contract_or_life_insurance,less_than_25,no_further_running_credits,rented_flat,one,skilled_worker,three_or_more,no,yes
1124,bad,no_running_account,from_12_to_18,paid_back_previous_credits_at_this_bank,used_car,from_1.5K_to_2.5K,not_available_or_no_savings,from_1_to_4_years,less_than_20_percent,female_not_single_or_male_single,none,more_than_7_years,not_available_or_no_assets,less_than_25,no_further_running_credits,free_apartment,two_or_three,skilled_worker,three_or_more,no,yes
1125,bad,no_running_account,from_30_to_36,no_problems_current_credit_at_bank,retraining,from_1.5K_to_2.5K,not_available_or_no_savings,from_4_to_7_years,from_20_to_35_percent,male_married_or_widowed,none,less_than_1_year,saving_contract_or_life_insurance,less_than_25,no_further_running_credits,rented_flat,two_or_three,skilled_worker,three_or_more,yes,yes
1126,bad,no_balance_or_debit,from_24_to_30,no_previous_credit_or_paid_back_all_previous_credits,other,from_1.5K_to_2.5K,not_available_or_no_savings,from_1_to_4_years,less_than_20_percent,female_not_single_or_male_single,Guarantor,from_1_to_4_years,house_or_land,less_than_25,at_other_banks,rented_flat,one,skilled_worker,three_or_more,no,yes
1127,good,no_running_account,from_06_to_12,no_previous_credit_or_paid_back_all_previous_credits,furniture,from_1.5K_to_2.5K,not_available_or_no_savings,from_1_to_4_years,less_than_20_percent,male_married_or_widowed,none,from_4_to_7_years,car_or_other,less_than_25,no_further_running_credits,rented_flat,one,unskilled_with_permanent_residence,three_or_more,no,yes
1128,good,no_balance_or_debit,from_30_to_36,no_previous_credit_or_paid_back_all_previous_credits,furniture,from_1.5K_to_2.5K,not_available_or_no_savings,from_4_to_7_years,less_than_20_percent,male_married_or_widowed,none,more_than_7_years,saving_contract_or_life_insurance,less_than_25,no_further_running_credits,free_apartment,one,skilled_worker,three_or_more,no,yes
1129,good,more_than_200_DM,from_36_to_42,no_previous_credit_or_paid_back_all_previous_credits,new_car,from_2.5K_to_5K,from_100_to_500_DM,from_1_to_4_years,less_than_20_percent,male_married_or_widowed,none,more_than_7_years,saving_contract_or_life_insurance,less_than_25,no_further_running_credits,rented_flat,one,skilled_worker,three_or_more,no,yes
1130,good,more_than_200_DM,from_12_to_18,paid_back_previous_credits_at_this_bank,used_car,from_2.5K_to_5K,not_available_or_no_savings,from_4_to_7_years,from_20_to_35_percent,female_not_single_or_male_single,Co-Applicant,from_4_to_7_years,saving_contract_or_life_insurance,less_than_25,at_other_banks,rented_flat,two_or_three,skilled_worker,three_or_more,no,yes
1131,good,0_to_200_DM,from_06_to_12,no_previous_credit_or_paid_back_all_previous_credits,furniture,from_2.5K_to_5K,not_available_or_no_savings,from_1_to_4_years,from_20_to_25_percent,female_single,none,less_than_1_year,saving_contract_or_life_insurance,less_than_25,no_further_running_credits,rented_flat,one,skilled_worker,three_or_more,no,yes
1132,good,no_running_account,from_18_to_24,no_previous_credit_or_paid_back_all_previous_credits,used_car,from_2.5K_to_5K,not_available_or_no_savings,from_1_to_4_years,from_20_to_35_percent,male_divorced_or_separated,none,from_1_to_4_years,not_available_or_no_assets,less_than_25,no_further_running_credits,free_apartment,one,unskilled_with_permanent_residence,three_or_more,no,yes
1133,bad,no_running_account,from_12_to_18,no_previous_credit_or_paid_back_all_previous_credits,furniture,from_2.5K_to_5K,not_available_or_no_savings,from_1_to_4_years,from_20_to_35_percent,female_not_single_or_male_single,none,from_1_to_4_years,not_available_or_no_assets,less_than_25,no_further_running_credits,rented_flat,one,skilled_worker,three_or_more,no,yes
1134,good,no_running_account,from_18_to_24,no_previous_credit_or_paid_back_all_previous_credits,other,from_2.5K_to_5K,more_than_1000_DM,from_4_to_7_years,from_20_to_35_percent,male_married_or_widowed,Co-Applicant,from_1_to_4_years,not_available_or_no_assets,less_than_25,no_further_running_credits,rented_flat,one,unskilled_with_permanent_residence,three_or_more,no,no
1135,good,no_running_account,from_18_to_24,paid_back_previous_credits_at_this_bank,used_car,from_2.5K_to_5K,not_available_or_no_savings,more_than_7_years,more_than_35_percent,female_not_single_or_male_single,none,more_than_7_years,car_or_other,less_than_25,no_further_running_credits,rented_flat,two_or_three,skilled_worker,three_or_more,no,yes
1136,bad,no_running_account,from_42_to_48,no_previous_credit_or_paid_back_all_previous_credits,retraining,from_2.5K_to_5K,not_available_or_no_savings,less_than_1_year,from_20_to_25_percent,female_not_single_or_male_single,none,more_than_7_years,car_or_other,less_than_25,no_further_running_credits,free_apartment,one,skilled_worker,three_or_more,no,yes
1137,bad,no_running_account,from_42_to_48,hesitant_pmt_of_previous_credit,new_car,from_2.5K_to_5K,not_available_or_no_savings,more_than_7_years,from_20_to_25_percent,male_married_or_widowed,none,more_than_7_years,house_or_land,less_than_25,no_further_running_credits,owner_occupied_flat,two_or_three,skilled_worker,up_to_two,no,yes
1138,bad,no_balance_or_debit,from_42_to_48,paid_back_previous_credits_at_this_bank,furniture,from_2.5K_to_5K,not_available_or_no_savings,less_than_1_year,less_than_20_percent,male_married_or_widowed,none,from_1_to_4_years,car_or_other,less_than_25,at_other_banks,rented_flat,two_or_three,unskilled_with_permanent_residence,three_or_more,no,yes
1139,good,more_than_200_DM,from_24_to_30,no_previous_credit_or_paid_back_all_previous_credits,new_car,from_2.5K_to_5K,more_than_1000_DM,from_4_to_7_years,from_20_to_35_percent,female_not_single_or_male_single,none,more_than_7_years,car_or_other,less_than_25,at_department_stores,free_apartment,one,unskilled_with_permanent_residence,three_or_more,no,yes
1140,bad,no_balance_or_debit,>54,no_previous_credit_or_paid_back_all_previous_credits,furniture,from_5K_to_7.5K,less_than_100_DM,from_1_to_4_years,from_20_to_35_percent,female_single,none,from_1_to_4_years,saving_contract_or_life_insurance,less_than_25,no_further_running_credits,rented_flat,one,skilled_worker,three_or_more,no,yes
1141,good,no_balance_or_debit,from_18_to_24,paid_back_previous_credits_at_this_bank,repair,from_5K_to_7.5K,not_available_or_no_savings,less_than_1_year,from_20_to_35_percent,female_not_single_or_male_single,none,more_than_7_years,house_or_land,less_than_25,no_further_running_credits,owner_occupied_flat,two_or_three,skilled_worker,three_or_more,yes,yes
1142,good,0_to_200_DM,from_30_to_36,no_previous_credit_or_paid_back_all_previous_credits,furniture,from_5K_to_7.5K,not_available_or_no_savings,from_1_to_4_years,less_than_20_percent,male_married_or_widowed,none,less_than_1_year,saving_contract_or_life_insurance,less_than_25,no_further_running_credits,rented_flat,one,skilled_worker,three_or_more,no,yes
1143,good,no_running_account,from_24_to_30,paid_back_previous_credits_at_this_bank,new_car,from_5K_to_7.5K,less_than_100_DM,from_4_to_7_years,more_than_35_percent,female_single,none,more_than_7_years,saving_contract_or_life_insurance,less_than_25,no_further_running_credits,free_apartment,two_or_three,skilled_worker,three_or_more,no,yes
1144,bad,no_balance_or_debit,from_42_to_48,no_previous_credit_or_paid_back_all_previous_credits,other,from_5K_to_7.5K,less_than_100_DM,from_4_to_7_years,from_20_to_25_percent,male_married_or_widowed,none,from_1_to_4_years,car_or_other,less_than_25,no_further_running_credits,rented_flat,one,skilled_worker,three_or_more,no,yes
1145,bad,no_balance_or_debit,>54,no_previous_credit_or_paid_back_all_previous_credits,other,from_5K_to_7.5K,less_than_100_DM,less_than_1_year,less_than_20_percent,female_not_single_or_male_single,none,from_1_to_4_years,car_or_other,less_than_25,no_further_running_credits,rented_flat,one,executive,three_or_more,no,yes
1146,good,no_balance_or_debit,from_06_to_12,no_previous_credit_or_paid_back_all_previous_credits,other,from_5K_to_7.5K,more_than_1000_DM,unemployed,more_than_35_percent,female_not_single_or_male_single,none,from_1_to_4_years,not_available_or_no_assets,less_than_25,no_further_running_credits,free_apartment,one,unemployed_or_unskilled_with_no_permanent_residence,three_or_more,no,yes
1147,good,no_balance_or_debit,from_42_to_48,no_previous_credit_or_paid_back_all_previous_credits,other,from_7.5K_to_10K,more_than_1000_DM,from_4_to_7_years,more_than_35_percent,female_not_single_or_male_single,none,from_1_to_4_years,saving_contract_or_life_insurance,less_than_25,no_further_running_credits,rented_flat,one,skilled_worker,three_or_more,no,yes
1148,bad,no_running_account,from_30_to_36,no_previous_credit_or_paid_back_all_previous_credits,other,from_7.5K_to_10K,not_available_or_no_savings,from_4_to_7_years,from_20_to_35_percent,male_married_or_widowed,none,less_than_1_year,saving_contract_or_life_insurance,less_than_25,no_further_running_credits,rented_flat,one,skilled_worker,three_or_more,yes,yes
1149,bad,no_running_account,from_30_to_36,paid_back_previous_credits_at_this_bank,new_car,from_7.5K_to_10K,not_available_or_no_savings,from_4_to_7_years,less_than_20_percent,male_married_or_widowed,none,more_than_7_years,saving_contract_or_life_insurance,less_than_25,no_further_running_credits,rented_flat,two_or_three,skilled_worker,three_or_more,yes,yes
1150,bad,more_than_200_DM,from_42_to_48,paid_back_previous_credits_at_this_bank,new_car,from_10K_to_15K,less_than_100_DM,from_1_to_4_years,from_20_to_35_percent,female_not_single_or_male_single,none,more_than_7_years,saving_contract_or_life_insurance,less_than_25,no_further_running_credits,free_apartment,two_or_three,unskilled_with_permanent_residence,three_or_more,no,yes
1151,bad,no_balance_or_debit,from_06_to_12,no_previous_credit_or_paid_back_all_previous_credits,other,from_0.5K_to_1K,not_available_or_no_savings,from_4_to_7_years,from_20_to_35_percent,female_single,none,from_4_to_7_years,saving_contract_or_life_insurance,less_than_25,at_other_banks,rented_flat,one,unskilled_with_permanent_residence,three_or_more,no,yes
1152,good,no_balance_or_debit,from_12_to_18,no_previous_credit_or_paid_back_all_previous_credits,furniture,from_0.5K_to_1K,not_available_or_no_savings,from_1_to_4_years,less_than_20_percent,female_single,Guarantor,from_1_to_4_years,not_available_or_no_assets,less_than_25,no_further_running_credits,rented_flat,one,unskilled_with_permanent_residence,three_or_more,no,yes
1153,good,no_running_account,from_12_to_18,paid_back_previous_credits_at_this_bank,used_car,from_0.5K_to_1K,not_available_or_no_savings,from_1_to_4_years,from_20_to_35_percent,male_divorced_or_separated,none,from_4_to_7_years,car_or_other,less_than_25,no_further_running_credits,rented_flat,two_or_three,skilled_worker,three_or_more,no,yes
1154,good,more_than_200_DM,from_18_to_24,no_previous_credit_or_paid_back_all_previous_credits,furniture,from_0.5K_to_1K,more_than_1000_DM,more_than_7_years,less_than_20_percent,male_married_or_widowed,none,from_1_to_4_years,saving_contract_or_life_insurance,less_than_25,no_further_running_credits,rented_flat,two_or_three,skilled_worker,three_or_more,no,yes
1155,good,no_running_account,from_06_to_12,paid_back_previous_credits_at_this_bank,furniture,from_1K_to_1.5K,not_available_or_no_savings,from_1_to_4_years,less_than_20_percent,male_married_or_widowed,none,more_than_7_years,not_available_or_no_assets,less_than_25,no_further_running_credits,rented_flat,two_or_three,unskilled_with_permanent_residence,three_or_more,no,yes
1156,good,no_balance_or_debit,from_06_to_12,no_previous_credit_or_paid_back_all_previous_credits,furniture,from_1K_to_1.5K,not_available_or_no_savings,more_than_7_years,less_than_20_percent,female_not_single_or_male_single,none,more_than_7_years,not_available_or_no_assets,less_than_25,no_further_running_credits,rented_flat,one,skilled_worker,three_or_more,no,yes
1157,good,more_than_200_DM,from_18_to_24,no_previous_credit_or_paid_back_all_previous_credits,retraining,from_1K_to_1.5K,not_available_or_no_savings,from_4_to_7_years,less_than_20_percent,male_married_or_widowed,none,less_than_1_year,not_available_or_no_assets,less_than_25,no_further_running_credits,rented_flat,one,skilled_worker,three_or_more,yes,yes
1158,good,more_than_200_DM,from_06_to_12,no_previous_credit_or_paid_back_all_previous_credits,furniture,from_1K_to_1.5K,not_available_or_no_savings,from_1_to_4_years,from_20_to_25_percent,male_married_or_widowed,none,from_1_to_4_years,saving_contract_or_life_insurance,less_than_25,no_further_running_credits,rented_flat,one,skilled_worker,three_or_more,no,yes
1159,bad,no_balance_or_debit,from_12_to_18,problematic_running_account,other,from_1K_to_1.5K,less_than_100_DM,from_1_to_4_years,from_20_to_35_percent,female_single,none,from_1_to_4_years,car_or_other,less_than_25,no_further_running_credits,free_apartment,one,skilled_worker,three_or_more,no,yes
1160,good,more_than_200_DM,from_18_to_24,no_previous_credit_or_paid_back_all_previous_credits,other,from_1K_to_1.5K,more_than_1000_DM,from_4_to_7_years,less_than_20_percent,female_not_single_or_male_single,none,more_than_7_years,car_or_other,less_than_25,no_further_running_credits,free_apartment,one,skilled_worker,three_or_more,no,yes
1161,bad,no_balance_or_debit,from_06_to_12,no_previous_credit_or_paid_back_all_previous_credits,other,from_1K_to_1.5K,not_available_or_no_savings,less_than_1_year,from_20_to_25_percent,female_not_single_or_male_single,none,less_than_1_year,saving_contract_or_life_insurance,less_than_25,no_further_running_credits,free_apartment,one,skilled_worker,three_or_more,no,yes
1162,bad,no_balance_or_debit,from_18_to_24,no_previous_credit_or_paid_back_all_previous_credits,other,from_1K_to_1.5K,not_available_or_no_savings,less_than_1_year,from_20_to_25_percent,female_not_single_or_male_single,none,more_than_7_years,saving_contract_or_life_insurance,less_than_25,no_further_running_credits,rented_flat,one,unskilled_with_permanent_residence,three_or_more,yes,yes
1163,bad,no_running_account,from_18_to_24,no_previous_credit_or_paid_back_all_previous_credits,other,from_1K_to_1.5K,more_than_1000_DM,from_1_to_4_years,less_than_20_percent,female_not_single_or_male_single,none,more_than_7_years,not_available_or_no_assets,less_than_25,no_further_running_credits,free_apartment,one,skilled_worker,three_or_more,no,yes
1164,good,no_running_account,from_12_to_18,paid_back_previous_credits_at_this_bank,used_car,from_1K_to_1.5K,not_available_or_no_savings,from_1_to_4_years,less_than_20_percent,female_not_single_or_male_single,none,from_4_to_7_years,car_or_other,less_than_25,no_further_running_credits,free_apartment,two_or_three,skilled_worker,three_or_more,no,yes
1165,bad,no_balance_or_debit,from_06_to_12,no_previous_credit_or_paid_back_all_previous_credits,furniture,from_1K_to_1.5K,more_than_1000_DM,from_1_to_4_years,from_20_to_35_percent,female_single,none,less_than_1_year,not_available_or_no_assets,less_than_25,no_further_running_credits,rented_flat,one,skilled_worker,three_or_more,yes,yes
1166,bad,no_running_account,from_18_to_24,no_previous_credit_or_paid_back_all_previous_credits,furniture,from_1.5K_to_2.5K,not_available_or_no_savings,from_1_to_4_years,from_20_to_25_percent,female_not_single_or_male_single,none,from_1_to_4_years,not_available_or_no_assets,less_than_25,no_further_running_credits,rented_flat,two_or_three,skilled_worker,three_or_more,yes,yes
1167,bad,no_running_account,from_12_to_18,no_previous_credit_or_paid_back_all_previous_credits,furniture,from_1.5K_to_2.5K,not_available_or_no_savings,from_1_to_4_years,less_than_20_percent,female_not_single_or_male_single,none,more_than_7_years,saving_contract_or_life_insurance,less_than_25,at_other_banks,free_apartment,two_or_three,skilled_worker,three_or_more,no,yes
1168,good,no_running_account,from_06_to_12,no_previous_credit_or_paid_back_all_previous_credits,used_car,from_1.5K_to_2.5K,not_available_or_no_savings,from_1_to_4_years,from_20_to_25_percent,male_married_or_widowed,none,from_1_to_4_years,not_available_or_no_assets,less_than_25,no_further_running_credits,rented_flat,one,skilled_worker,three_or_more,no,yes
1169,bad,more_than_200_DM,from_06_to_12,no_previous_credit_or_paid_back_all_previous_credits,used_car,from_1.5K_to_2.5K,not_available_or_no_savings,from_1_to_4_years,from_20_to_35_percent,male_married_or_widowed,none,from_1_to_4_years,not_available_or_no_assets,less_than_25,no_further_running_credits,free_apartment,one,unskilled_with_permanent_residence,three_or_more,no,yes
1170,good,more_than_200_DM,from_12_to_18,paid_back_previous_credits_at_this_bank,furniture,from_1.5K_to_2.5K,not_available_or_no_savings,from_1_to_4_years,from_20_to_35_percent,female_not_single_or_male_single,none,less_than_1_year,saving_contract_or_life_insurance,less_than_25,no_further_running_credits,rented_flat,two_or_three,skilled_worker,three_or_more,no,yes
1171,bad,0_to_200_DM,from_12_to_18,no_previous_credit_or_paid_back_all_previous_credits,furniture,from_1.5K_to_2.5K,not_available_or_no_savings,less_than_1_year,from_20_to_35_percent,female_not_single_or_male_single,none,from_4_to_7_years,not_available_or_no_assets,less_than_25,no_further_running_credits,rented_flat,one,unskilled_with_permanent_residence,three_or_more,no,yes
1172,good,more_than_200_DM,from_30_to_36,no_previous_credit_or_paid_back_all_previous_credits,furniture,from_1.5K_to_2.5K,more_than_1000_DM,from_1_to_4_years,less_than_20_percent,female_not_single_or_male_single,none,more_than_7_years,saving_contract_or_life_insurance,less_than_25,no_further_running_credits,rented_flat,one,skilled_worker,three_or_more,no,yes
1173,bad,no_running_account,from_12_to_18,no_previous_credit_or_paid_back_all_previous_credits,used_car,from_1.5K_to_2.5K,not_available_or_no_savings,unemployed,less_than_20_percent,male_married_or_widowed,none,less_than_1_year,saving_contract_or_life_insurance,less_than_25,no_further_running_credits,rented_flat,one,unemployed_or_unskilled_with_no_permanent_residence,three_or_more,no,yes
1174,good,no_balance_or_debit,from_12_to_18,no_previous_credit_or_paid_back_all_previous_credits,household_appliances,from_2.5K_to_5K,less_than_100_DM,from_1_to_4_years,from_20_to_25_percent,female_not_single_or_male_single,none,from_1_to_4_years,not_available_or_no_assets,less_than_25,no_further_running_credits,rented_flat,one,unskilled_with_permanent_residence,three_or_more,no,yes
1175,bad,no_balance_or_debit,from_06_to_12,no_previous_credit_or_paid_back_all_previous_credits,used_car,from_2.5K_to_5K,more_than_1000_DM,more_than_7_years,more_than_35_percent,female_not_single_or_male_single,none,from_1_to_4_years,car_or_other,less_than_25,no_further_running_credits,rented_flat,one,skilled_worker,three_or_more,yes,yes
1176,bad,no_balance_or_debit,from_06_to_12,hesitant_pmt_of_previous_credit,used_car,from_2.5K_to_5K,not_available_or_no_savings,less_than_1_year,less_than_20_percent,female_not_single_or_male_single,none,from_4_to_7_years,car_or_other,less_than_25,no_further_running_credits,free_apartment,two_or_three,skilled_worker,three_or_more,no,yes
1177,good,no_balance_or_debit,from_24_to_30,no_previous_credit_or_paid_back_all_previous_credits,furniture,from_2.5K_to_5K,more_than_1000_DM,more_than_7_years,from_20_to_35_percent,female_not_single_or_male_single,none,more_than_7_years,saving_contract_or_life_insurance,less_than_25,no_further_running_credits,rented_flat,one,skilled_worker,three_or_more,no,yes
1178,good,more_than_200_DM,from_18_to_24,no_previous_credit_or_paid_back_all_previous_credits,furniture,from_2.5K_to_5K,more_than_1000_DM,less_than_1_year,less_than_20_percent,male_married_or_widowed,none,from_1_to_4_years,saving_contract_or_life_insurance,less_than_25,no_further_running_credits,rented_flat,two_or_three,skilled_worker,three_or_more,no,yes
1179,good,no_balance_or_debit,from_12_to_18,no_previous_credit_or_paid_back_all_previous_credits,furniture,from_2.5K_to_5K,from_100_to_500_DM,less_than_1_year,more_than_35_percent,female_single,none,from_4_to_7_years,not_available_or_no_assets,less_than_25,no_further_running_credits,free_apartment,one,skilled_worker,three_or_more,no,yes
1180,good,no_running_account,from_12_to_18,no_previous_credit_or_paid_back_all_previous_credits,furniture,from_2.5K_to_5K,not_available_or_no_savings,from_4_to_7_years,less_than_20_percent,female_not_single_or_male_single,Guarantor,less_than_1_year,not_available_or_no_assets,less_than_25,no_further_running_credits,rented_flat,one,skilled_worker,three_or_more,no,yes
1181,good,more_than_200_DM,from_18_to_24,no_previous_credit_or_paid_back_all_previous_credits,used_car,from_2.5K_to_5K,not_available_or_no_savings,from_4_to_7_years,from_20_to_35_percent,female_not_single_or_male_single,none,more_than_7_years,car_or_other,less_than_25,no_further_running_credits,free_apartment,one,skilled_worker,three_or_more,yes,yes
1182,bad,no_balance_or_debit,from_18_to_24,paid_back_previous_credits_at_this_bank,used_car,from_2.5K_to_5K,not_available_or_no_savings,less_than_1_year,from_20_to_35_percent,female_not_single_or_male_single,none,more_than_7_years,saving_contract_or_life_insurance,less_than_25,at_other_banks,rented_flat,one,unskilled_with_permanent_residence,three_or_more,no,yes
1183,bad,no_balance_or_debit,from_36_to_42,paid_back_previous_credits_at_this_bank,furniture,from_2.5K_to_5K,not_available_or_no_savings,from_4_to_7_years,from_20_to_35_percent,male_married_or_widowed,Guarantor,from_1_to_4_years,not_available_or_no_assets,less_than_25,no_further_running_credits,rented_flat,two_or_three,skilled_worker,three_or_more,no,yes
1184,good,0_to_200_DM,from_18_to_24,no_previous_credit_or_paid_back_all_previous_credits,furniture,from_5K_to_7.5K,not_available_or_no_savings,from_4_to_7_years,less_than_20_percent,male_married_or_widowed,none,from_1_to_4_years,saving_contract_or_life_insurance,less_than_25,at_other_banks,rented_flat,one,skilled_worker,three_or_more,no,yes
1185,good,more_than_200_DM,from_18_to_24,no_previous_credit_or_paid_back_all_previous_credits,used_car,from_5K_to_7.5K,less_than_100_DM,from_1_to_4_years,less_than_20_percent,male_married_or_widowed,none,less_than_1_year,saving_contract_or_life_insurance,less_than_25,at_department_stores,rented_flat,one,skilled_worker,three_or_more,no,yes
1186,good,more_than_200_DM,from_24_to_30,paid_back_previous_credits_at_this_bank,furniture,from_5K_to_7.5K,not_available_or_no_savings,from_4_to_7_years,less_than_20_percent,female_not_single_or_male_single,none,from_1_to_4_years,saving_contract_or_life_insurance,less_than_25,no_further_running_credits,rented_flat,two_or_three,skilled_worker,three_or_more,no,yes
1187,bad,more_than_200_DM,from_30_to_36,paid_back_previous_credits_at_this_bank,other,from_7.5K_to_10K,not_available_or_no_savings,from_1_to_4_years,less_than_20_percent,female_not_single_or_male_single,none,from_1_to_4_years,not_available_or_no_assets,less_than_25,at_department_stores,rented_flat,two_or_three,skilled_worker,three_or_more,yes,yes
1188,bad,no_running_account,from_30_to_36,paid_back_previous_credits_at_this_bank,repair,from_7.5K_to_10K,not_available_or_no_savings,from_1_to_4_years,from_20_to_25_percent,female_not_single_or_male_single,none,from_1_to_4_years,house_or_land,less_than_25,no_further_running_credits,rented_flat,two_or_three,executive,three_or_more,yes,yes
1189,good,no_running_account,from_24_to_30,hesitant_pmt_of_previous_credit,retraining,from_7.5K_to_10K,more_than_1000_DM,less_than_1_year,from_20_to_35_percent,male_married_or_widowed,none,from_4_to_7_years,saving_contract_or_life_insurance,less_than_25,at_other_banks,rented_flat,four_or_five,skilled_worker,three_or_more,no,yes
1190,bad,no_balance_or_debit,from_42_to_48,hesitant_pmt_of_previous_credit,retraining,from_10K_to_15K,not_available_or_no_savings,from_1_to_4_years,from_20_to_35_percent,male_married_or_widowed,none,from_1_to_4_years,saving_contract_or_life_insurance,less_than_25,at_department_stores,rented_flat,one,skilled_worker,three_or_more,yes,yes
1191,good,no_balance_or_debit,<06,no_previous_credit_or_paid_back_all_previous_credits,furniture,from_0.5K_to_1K,not_available_or_no_savings,less_than_1_year,from_20_to_25_percent,female_single,none,from_4_to_7_years,not_available_or_no_assets,from_26_to_39,no_further_running_credits,rented_flat,one,unskilled_with_permanent_residence,three_or_more,no,no
1192,bad,0_to_200_DM,from_06_to_12,problematic_running_account,retraining,from_0.5K_to_1K,not_available_or_no_savings,less_than_1_year,less_than_20_percent,female_not_single_or_male_single,none,less_than_1_year,not_available_or_no_assets,from_26_to_39,at_other_banks,rented_flat,one,unemployed_or_unskilled_with_no_permanent_residence,three_or_more,no,yes
1193,good,no_balance_or_debit,from_06_to_12,no_previous_credit_or_paid_back_all_previous_credits,furniture,from_0.5K_to_1K,not_available_or_no_savings,less_than_1_year,less_than_20_percent,female_single,Guarantor,less_than_1_year,not_available_or_no_assets,from_26_to_39,at_other_banks,rented_flat,one,unskilled_with_permanent_residence,three_or_more,no,yes
1194,bad,no_running_account,from_06_to_12,no_previous_credit_or_paid_back_all_previous_credits,other,from_0.5K_to_1K,not_available_or_no_savings,from_4_to_7_years,less_than_20_percent,male_married_or_widowed,none,from_1_to_4_years,not_available_or_no_assets,from_26_to_39,no_further_running_credits,rented_flat,one,skilled_worker,three_or_more,no,yes
1195,good,more_than_200_DM,from_06_to_12,no_previous_credit_or_paid_back_all_previous_credits,used_car,from_0.5K_to_1K,not_available_or_no_savings,from_1_to_4_years,less_than_20_percent,female_not_single_or_male_single,none,less_than_1_year,not_available_or_no_assets,from_26_to_39,no_further_running_credits,rented_flat,one,skilled_worker,three_or_more,yes,yes
1196,good,more_than_200_DM,<06,problematic_running_account,other,from_0.5K_to_1K,more_than_1000_DM,from_1_to_4_years,more_than_35_percent,male_married_or_widowed,Guarantor,from_1_to_4_years,not_available_or_no_assets,from_26_to_39,at_department_stores,rented_flat,one,unskilled_with_permanent_residence,up_to_two,no,yes
1197,good,no_balance_or_debit,from_06_to_12,no_previous_credit_or_paid_back_all_previous_credits,retraining,from_0.5K_to_1K,not_available_or_no_savings,less_than_1_year,from_20_to_25_percent,female_single,none,from_1_to_4_years,not_available_or_no_assets,from_26_to_39,no_further_running_credits,rented_flat,one,skilled_worker,three_or_more,yes,yes
1198,good,more_than_200_DM,from_06_to_12,no_previous_credit_or_paid_back_all_previous_credits,retraining,from_1K_to_1.5K,not_available_or_no_savings,from_1_to_4_years,from_20_to_35_percent,female_single,none,from_1_to_4_years,not_available_or_no_assets,from_26_to_39,no_further_running_credits,rented_flat,one,skilled_worker,three_or_more,yes,yes
1199,good,no_balance_or_debit,from_12_to_18,no_previous_credit_or_paid_back_all_previous_credits,furniture,from_1K_to_1.5K,not_available_or_no_savings,from_1_to_4_years,less_than_20_percent,female_not_single_or_male_single,Guarantor,more_than_7_years,not_available_or_no_assets,from_26_to_39,no_further_running_credits,rented_flat,one,unskilled_with_permanent_residence,up_to_two,no,yes
1200,good,no_balance_or_debit,from_06_to_12,no_previous_credit_or_paid_back_all_previous_credits,furniture,from_1K_to_1.5K,from_100_to_500_DM,from_1_to_4_years,from_20_to_25_percent,male_divorced_or_separated,none,less_than_1_year,saving_contract_or_life_insurance,from_26_to_39,no_further_running_credits,rented_flat,one,skilled_worker,three_or_more,yes,yes
1201,good,no_balance_or_debit,from_18_to_24,no_previous_credit_or_paid_back_all_previous_credits,other,from_1K_to_1.5K,not_available_or_no_savings,less_than_1_year,less_than_20_percent,male_married_or_widowed,none,less_than_1_year,car_or_other,from_26_to_39,no_further_running_credits,rented_flat,one,skilled_worker,three_or_more,no,yes
1202,good,more_than_200_DM,from_18_to_24,no_previous_credit_or_paid_back_all_previous_credits,furniture,from_1K_to_1.5K,less_than_100_DM,from_4_to_7_years,less_than_20_percent,female_single,none,from_4_to_7_years,car_or_other,from_26_to_39,no_further_running_credits,rented_flat,one,skilled_worker,three_or_more,yes,yes
1203,good,0_to_200_DM,from_06_to_12,no_previous_credit_or_paid_back_all_previous_credits,other,from_1K_to_1.5K,not_available_or_no_savings,less_than_1_year,less_than_20_percent,male_married_or_widowed,none,less_than_1_year,not_available_or_no_assets,from_26_to_39,no_further_running_credits,rented_flat,one,skilled_worker,three_or_more,no,yes
1204,bad,no_running_account,from_12_to_18,no_previous_credit_or_paid_back_all_previous_credits,furniture,from_1K_to_1.5K,not_available_or_no_savings,from_1_to_4_years,less_than_20_percent,female_single,none,from_4_to_7_years,not_available_or_no_assets,from_26_to_39,no_further_running_credits,rented_flat,one,skilled_worker,three_or_more,no,yes
1205,good,no_running_account,from_18_to_24,paid_back_previous_credits_at_this_bank,retraining,from_1K_to_1.5K,less_than_100_DM,from_4_to_7_years,less_than_20_percent,male_married_or_widowed,none,less_than_1_year,not_available_or_no_assets,from_26_to_39,no_further_running_credits,rented_flat,two_or_three,skilled_worker,three_or_more,yes,yes
1206,bad,more_than_200_DM,from_06_to_12,no_previous_credit_or_paid_back_all_previous_credits,other,from_1K_to_1.5K,from_100_to_500_DM,from_1_to_4_years,from_20_to_35_percent,female_not_single_or_male_single,none,from_1_to_4_years,car_or_other,from_26_to_39,no_further_running_credits,rented_flat,one,skilled_worker,three_or_more,no,yes
1207,good,more_than_200_DM,from_06_to_12,no_previous_credit_or_paid_back_all_previous_credits,used_car,from_1K_to_1.5K,not_available_or_no_savings,from_1_to_4_years,less_than_20_percent,female_not_single_or_male_single,none,from_1_to_4_years,not_available_or_no_assets,from_26_to_39,no_further_running_credits,free_apartment,one,skilled_worker,three_or_more,no,yes
1208,good,no_balance_or_debit,from_06_to_12,paid_back_previous_credits_at_this_bank,radio_television,from_1K_to_1.5K,not_available_or_no_savings,from_4_to_7_years,less_than_20_percent,male_married_or_widowed,none,from_4_to_7_years,car_or_other,from_26_to_39,no_further_running_credits,rented_flat,one,skilled_worker,three_or_more,no,yes
1209,good,more_than_200_DM,from_12_to_18,no_previous_credit_or_paid_back_all_previous_credits,furniture,from_1K_to_1.5K,not_available_or_no_savings,less_than_1_year,from_20_to_25_percent,female_not_single_or_male_single,none,less_than_1_year,not_available_or_no_assets,from_26_to_39,no_further_running_credits,rented_flat,one,skilled_worker,three_or_more,no,yes
1210,good,no_balance_or_debit,from_24_to_30,no_previous_credit_or_paid_back_all_previous_credits,furniture,from_1.5K_to_2.5K,more_than_1000_DM,from_1_to_4_years,less_than_20_percent,female_not_single_or_male_single,none,less_than_1_year,saving_contract_or_life_insurance,from_26_to_39,no_further_running_credits,rented_flat,one,skilled_worker,three_or_more,no,yes
1211,bad,no_balance_or_debit,from_12_to_18,hesitant_pmt_of_previous_credit,other,from_1.5K_to_2.5K,not_available_or_no_savings,less_than_1_year,from_20_to_35_percent,female_not_single_or_male_single,none,less_than_1_year,not_available_or_no_assets,from_26_to_39,no_further_running_credits,free_apartment,two_or_three,unemployed_or_unskilled_with_no_permanent_residence,three_or_more,no,yes
1212,good,0_to_200_DM,from_18_to_24,no_previous_credit_or_paid_back_all_previous_credits,used_car,from_1.5K_to_2.5K,not_available_or_no_savings,from_1_to_4_years,from_20_to_35_percent,male_married_or_widowed,none,from_1_to_4_years,not_available_or_no_assets,from_26_to_39,no_further_running_credits,rented_flat,one,skilled_worker,three_or_more,no,yes
1213,good,more_than_200_DM,from_06_to_12,paid_back_previous_credits_at_this_bank,furniture,from_1.5K_to_2.5K,not_available_or_no_savings,more_than_7_years,from_20_to_35_percent,male_married_or_widowed,none,from_1_to_4_years,house_or_land,from_26_to_39,no_further_running_credits,rented_flat,two_or_three,skilled_worker,three_or_more,no,yes
1214,good,more_than_200_DM,from_06_to_12,paid_back_previous_credits_at_this_bank,used_car,from_1.5K_to_2.5K,more_than_1000_DM,from_1_to_4_years,from_20_to_35_percent,female_single,none,less_than_1_year,saving_contract_or_life_insurance,from_26_to_39,no_further_running_credits,rented_flat,two_or_three,skilled_worker,three_or_more,no,no
1215,good,more_than_200_DM,from_12_to_18,paid_back_previous_credits_at_this_bank,furniture,from_1.5K_to_2.5K,not_available_or_no_savings,from_1_to_4_years,from_20_to_35_percent,female_not_single_or_male_single,none,from_1_to_4_years,saving_contract_or_life_insurance,from_26_to_39,no_further_running_credits,rented_flat,two_or_three,skilled_worker,three_or_more,no,yes
1216,good,more_than_200_DM,from_06_to_12,no_previous_credit_or_paid_back_all_previous_credits,new_car,from_1.5K_to_2.5K,more_than_1000_DM,less_than_1_year,from_20_to_35_percent,female_single,none,more_than_7_years,saving_contract_or_life_insurance,from_26_to_39,no_further_running_credits,free_apartment,one,skilled_worker,three_or_more,yes,yes
1217,good,0_to_200_DM,from_12_to_18,no_previous_credit_or_paid_back_all_previous_credits,retraining,from_2.5K_to_5K,not_available_or_no_savings,from_4_to_7_years,from_20_to_35_percent,male_married_or_widowed,none,more_than_7_years,car_or_other,from_26_to_39,no_further_running_credits,free_apartment,one,skilled_worker,three_or_more,yes,yes
1218,good,more_than_200_DM,from_30_to_36,no_problems_current_credit_at_bank,retraining,from_2.5K_to_5K,not_available_or_no_savings,from_1_to_4_years,from_20_to_35_percent,female_not_single_or_male_single,none,from_1_to_4_years,saving_contract_or_life_insurance,from_26_to_39,no_further_running_credits,rented_flat,two_or_three,skilled_worker,three_or_more,yes,yes
1219,good,no_running_account,from_18_to_24,no_previous_credit_or_paid_back_all_previous_credits,new_car,from_2.5K_to_5K,more_than_1000_DM,more_than_7_years,from_20_to_35_percent,female_not_single_or_male_single,none,more_than_7_years,not_available_or_no_assets,from_26_to_39,no_further_running_credits,free_apartment,one,skilled_worker,three_or_more,no,yes
1220,bad,no_running_account,from_12_to_18,hesitant_pmt_of_previous_credit,used_car,from_2.5K_to_5K,not_available_or_no_savings,less_than_1_year,more_than_35_percent,female_not_single_or_male_single,none,more_than_7_years,car_or_other,from_26_to_39,no_further_running_credits,free_apartment,one,skilled_worker,three_or_more,no,yes
1221,good,more_than_200_DM,from_18_to_24,no_previous_credit_or_paid_back_all_previous_credits,furniture,from_2.5K_to_5K,not_available_or_no_savings,less_than_1_year,less_than_20_percent,female_not_single_or_male_single,none,more_than_7_years,car_or_other,from_26_to_39,no_further_running_credits,rented_flat,one,skilled_worker,three_or_more,yes,yes
1222,bad,no_running_account,from_18_to_24,no_problems_current_credit_at_bank,repair,from_2.5K_to_5K,not_available_or_no_savings,less_than_1_year,from_20_to_35_percent,male_married_or_widowed,none,less_than_1_year,car_or_other,from_26_to_39,at_department_stores,rented_flat,two_or_three,skilled_worker,three_or_more,no,yes
1223,good,more_than_200_DM,<06,no_previous_credit_or_paid_back_all_previous_credits,other,from_2.5K_to_5K,not_available_or_no_savings,from_1_to_4_years,from_20_to_35_percent,male_married_or_widowed,Guarantor,from_4_to_7_years,car_or_other,from_26_to_39,no_further_running_credits,free_apartment,one,skilled_worker,three_or_more,no,yes
1224,good,more_than_200_DM,from_06_to_12,no_previous_credit_or_paid_back_all_previous_credits,other,from_2.5K_to_5K,less_than_100_DM,from_1_to_4_years,more_than_35_percent,male_married_or_widowed,Guarantor,from_1_to_4_years,not_available_or_no_assets,from_26_to_39,no_further_running_credits,free_apartment,one,skilled_worker,up_to_two,no,no
1225,good,no_running_account,from_18_to_24,no_previous_credit_or_paid_back_all_previous_credits,used_car,from_2.5K_to_5K,not_available_or_no_savings,from_4_to_7_years,more_than_35_percent,female_not_single_or_male_single,none,more_than_7_years,saving_contract_or_life_insurance,from_26_to_39,no_further_running_credits,free_apartment,one,unskilled_with_permanent_residence,three_or_more,no,yes
1226,good,0_to_200_DM,from_18_to_24,no_previous_credit_or_paid_back_all_previous_credits,used_car,from_2.5K_to_5K,not_available_or_no_savings,less_than_1_year,from_20_to_35_percent,female_not_single_or_male_single,none,more_than_7_years,saving_contract_or_life_insurance,from_26_to_39,no_further_running_credits,rented_flat,one,skilled_worker,three_or_more,no,yes
1227,bad,0_to_200_DM,from_30_to_36,no_previous_credit_or_paid_back_all_previous_credits,furniture,from_2.5K_to_5K,not_available_or_no_savings,from_1_to_4_years,less_than_20_percent,male_married_or_widowed,none,from_1_to_4_years,saving_contract_or_life_insurance,from_26_to_39,no_further_running_credits,rented_flat,one,skilled_worker,three_or_more,no,yes
1228,good,more_than_200_DM,from_24_to_30,no_problems_current_credit_at_bank,retraining,from_2.5K_to_5K,less_than_100_DM,from_1_to_4_years,from_20_to_35_percent,male_married_or_widowed,none,from_1_to_4_years,car_or_other,from_26_to_39,no_further_running_credits,rented_flat,two_or_three,unskilled_with_permanent_residence,three_or_more,no,yes
1229,bad,no_balance_or_debit,from_24_to_30,hesitant_pmt_of_previous_credit,retraining,from_2.5K_to_5K,less_than_100_DM,from_1_to_4_years,less_than_20_percent,female_not_single_or_male_single,none,more_than_7_years,saving_contract_or_life_insurance,from_26_to_39,no_further_running_credits,free_apartment,two_or_three,unskilled_with_permanent_residence,three_or_more,no,yes
1230,bad,no_running_account,from_36_to_42,no_problems_current_credit_at_bank,furniture,from_2.5K_to_5K,not_available_or_no_savings,from_4_to_7_years,from_20_to_25_percent,male_married_or_widowed,none,from_1_to_4_years,car_or_other,from_26_to_39,at_other_banks,rented_flat,two_or_three,skilled_worker,up_to_two,yes,yes
1231,bad,more_than_200_DM,from_30_to_36,no_problems_current_credit_at_bank,furniture,from_2.5K_to_5K,not_available_or_no_savings,from_1_to_4_years,less_than_20_percent,male_married_or_widowed,none,from_1_to_4_years,saving_contract_or_life_insurance,from_26_to_39,no_further_running_credits,rented_flat,two_or_three,executive,three_or_more,yes,yes
1232,good,more_than_200_DM,from_24_to_30,paid_back_previous_credits_at_this_bank,furniture,from_2.5K_to_5K,not_available_or_no_savings,from_4_to_7_years,less_than_20_percent,female_not_single_or_male_single,none,more_than_7_years,saving_contract_or_life_insurance,from_26_to_39,no_further_running_credits,free_apartment,one,executive,three_or_more,yes,yes
1233,good,no_running_account,from_42_to_48,no_previous_credit_or_paid_back_all_previous_credits,new_car,from_2.5K_to_5K,not_available_or_no_savings,from_4_to_7_years,less_than_20_percent,male_married_or_widowed,none,from_4_to_7_years,car_or_other,from_26_to_39,no_further_running_credits,rented_flat,one,skilled_worker,up_to_two,no,yes
1234,good,more_than_200_DM,from_24_to_30,no_problems_current_credit_at_bank,retraining,from_5K_to_7.5K,not_available_or_no_savings,from_4_to_7_years,from_20_to_25_percent,male_married_or_widowed,none,more_than_7_years,saving_contract_or_life_insurance,from_26_to_39,no_further_running_credits,rented_flat,two_or_three,skilled_worker,three_or_more,no,yes
1235,good,more_than_200_DM,from_18_to_24,no_previous_credit_or_paid_back_all_previous_credits,new_car,from_5K_to_7.5K,more_than_1000_DM,from_1_to_4_years,more_than_35_percent,male_married_or_widowed,none,from_4_to_7_years,saving_contract_or_life_insurance,from_26_to_39,no_further_running_credits,rented_flat,one,skilled_worker,three_or_more,no,yes
1236,good,more_than_200_DM,from_18_to_24,no_previous_credit_or_paid_back_all_previous_credits,new_car,from_5K_to_7.5K,more_than_1000_DM,unemployed,from_20_to_35_percent,female_not_single_or_male_single,none,more_than_7_years,car_or_other,from_26_to_39,no_further_running_credits,free_apartment,one,executive,three_or_more,yes,yes
1237,bad,no_running_account,from_30_to_36,no_previous_credit_or_paid_back_all_previous_credits,new_car,from_7.5K_to_10K,not_available_or_no_savings,from_1_to_4_years,from_20_to_35_percent,male_married_or_widowed,none,from_1_to_4_years,car_or_other,from_26_to_39,no_further_running_credits,rented_flat,one,skilled_worker,up_to_two,no,yes
1238,bad,no_balance_or_debit,from_42_to_48,no_previous_credit_or_paid_back_all_previous_credits,used_car,from_7.5K_to_10K,not_available_or_no_savings,less_than_1_year,more_than_35_percent,female_not_single_or_male_single,none,from_1_to_4_years,saving_contract_or_life_insurance,from_26_to_39,at_other_banks,rented_flat,one,skilled_worker,three_or_more,yes,yes
1239,bad,more_than_200_DM,from_30_to_36,no_previous_credit_or_paid_back_all_previous_credits,used_car,from_10K_to_15K,not_available_or_no_savings,unemployed,less_than_20_percent,female_not_single_or_male_single,none,from_1_to_4_years,saving_contract_or_life_insurance,from_26_to_39,no_further_running_credits,rented_flat,two_or_three,executive,three_or_more,yes,yes
1240,good,no_running_account,<06,no_previous_credit_or_paid_back_all_previous_credits,radio_television,less_than_0.5K,not_available_or_no_savings,less_than_1_year,less_than_20_percent,female_not_single_or_male_single,none,less_than_1_year,not_available_or_no_assets,from_26_to_39,no_further_running_credits,rented_flat,one,skilled_worker,three_or_more,no,yes
1241,good,0_to_200_DM,<06,no_previous_credit_or_paid_back_all_previous_credits,other,from_0.5K_to_1K,from_500_to_1000_DM,less_than_1_year,from_20_to_35_percent,female_single,none,from_1_to_4_years,not_available_or_no_assets,from_26_to_39,no_further_running_credits,rented_flat,one,unemployed_or_unskilled_with_no_permanent_residence,three_or_more,no,no
1242,bad,no_running_account,from_12_to_18,no_previous_credit_or_paid_back_all_previous_credits,repair,from_0.5K_to_1K,not_available_or_no_savings,unemployed,less_than_20_percent,female_not_single_or_male_single,none,less_than_1_year,not_available_or_no_assets,from_26_to_39,no_further_running_credits,rented_flat,one,unemployed_or_unskilled_with_no_permanent_residence,three_or_more,no,yes
1243,good,more_than_200_DM,from_12_to_18,no_problems_current_credit_at_bank,other,from_0.5K_to_1K,not_available_or_no_savings,from_1_to_4_years,less_than_20_percent,male_married_or_widowed,none,from_1_to_4_years,saving_contract_or_life_insurance,from_26_to_39,no_further_running_credits,rented_flat,two_or_three,unskilled_with_permanent_residence,three_or_more,no,yes
1244,good,more_than_200_DM,from_18_to_24,no_previous_credit_or_paid_back_all_previous_credits,vacation,from_0.5K_to_1K,not_available_or_no_savings,less_than_1_year,less_than_20_percent,female_single,none,from_4_to_7_years,saving_contract_or_life_insurance,from_26_to_39,no_further_running_credits,rented_flat,two_or_three,unskilled_with_permanent_residence,three_or_more,no,yes
1245,bad,no_balance_or_debit,from_06_to_12,no_previous_credit_or_paid_back_all_previous_credits,used_car,from_0.5K_to_1K,less_than_100_DM,less_than_1_year,less_than_20_percent,female_not_single_or_male_single,none,more_than_7_years,saving_contract_or_life_insurance,from_26_to_39,at_other_banks,free_apartment,six_or_more,skilled_worker,three_or_more,no,yes
1246,good,no_running_account,from_12_to_18,no_previous_credit_or_paid_back_all_previous_credits,furniture,from_1K_to_1.5K,not_available_or_no_savings,less_than_1_year,less_than_20_percent,female_single,none,from_1_to_4_years,not_available_or_no_assets,from_26_to_39,no_further_running_credits,rented_flat,one,skilled_worker,three_or_more,no,no
1247,good,more_than_200_DM,from_06_to_12,no_previous_credit_or_paid_back_all_previous_credits,other,from_1K_to_1.5K,not_available_or_no_savings,from_1_to_4_years,from_20_to_25_percent,female_single,none,from_1_to_4_years,not_available_or_no_assets,from_26_to_39,no_further_running_credits,rented_flat,two_or_three,skilled_worker,three_or_more,yes,yes
1248,good,no_running_account,from_06_to_12,no_previous_credit_or_paid_back_all_previous_credits,other,from_1K_to_1.5K,not_available_or_no_savings,from_1_to_4_years,less_than_20_percent,female_single,none,from_4_to_7_years,not_available_or_no_assets,from_26_to_39,no_further_running_credits,rented_flat,one,unskilled_with_permanent_residence,three_or_more,no,yes
1249,good,more_than_200_DM,from_06_to_12,paid_back_previous_credits_at_this_bank,retraining,from_1K_to_1.5K,not_available_or_no_savings,from_1_to_4_years,from_20_to_25_percent,female_not_single_or_male_single,none,from_1_to_4_years,not_available_or_no_assets,from_26_to_39,no_further_running_credits,rented_flat,two_or_three,skilled_worker,three_or_more,no,yes
1250,good,more_than_200_DM,<06,paid_back_previous_credits_at_this_bank,used_car,from_1K_to_1.5K,more_than_1000_DM,from_1_to_4_years,more_than_35_percent,female_single,none,from_1_to_4_years,car_or_other,from_26_to_39,no_further_running_credits,rented_flat,two_or_three,skilled_worker,three_or_more,no,yes
1251,good,more_than_200_DM,<06,paid_back_previous_credits_at_this_bank,furniture,from_1K_to_1.5K,less_than_100_DM,from_1_to_4_years,more_than_35_percent,female_not_single_or_male_single,none,less_than_1_year,car_or_other,from_26_to_39,no_further_running_credits,rented_flat,two_or_three,skilled_worker,three_or_more,no,yes
1252,good,no_balance_or_debit,from_12_to_18,paid_back_previous_credits_at_this_bank,used_car,from_1K_to_1.5K,not_available_or_no_savings,less_than_1_year,less_than_20_percent,female_not_single_or_male_single,none,less_than_1_year,car_or_other,from_26_to_39,no_further_running_credits,rented_flat,two_or_three,skilled_worker,three_or_more,no,yes
1253,bad,more_than_200_DM,from_06_to_12,no_previous_credit_or_paid_back_all_previous_credits,other,from_1K_to_1.5K,more_than_1000_DM,from_1_to_4_years,less_than_20_percent,male_married_or_widowed,Guarantor,more_than_7_years,car_or_other,from_26_to_39,no_further_running_credits,rented_flat,one,unskilled_with_permanent_residence,three_or_more,no,yes
1254,good,0_to_200_DM,from_06_to_12,paid_back_previous_credits_at_this_bank,furniture,from_1K_to_1.5K,more_than_1000_DM,from_4_to_7_years,less_than_20_percent,male_married_or_widowed,none,from_1_to_4_years,car_or_other,from_26_to_39,no_further_running_credits,rented_flat,two_or_three,skilled_worker,three_or_more,yes,yes
1255,good,no_balance_or_debit,from_06_to_12,no_previous_credit_or_paid_back_all_previous_credits,retraining,from_1K_to_1.5K,not_available_or_no_savings,from_1_to_4_years,from_20_to_35_percent,female_single,none,less_than_1_year,not_available_or_no_assets,from_26_to_39,at_other_banks,rented_flat,one,skilled_worker,three_or_more,yes,yes
1256,bad,no_running_account,from_06_to_12,no_previous_credit_or_paid_back_all_previous_credits,other,from_1K_to_1.5K,not_available_or_no_savings,less_than_1_year,from_20_to_25_percent,male_married_or_widowed,none,from_1_to_4_years,house_or_land,from_26_to_39,no_further_running_credits,owner_occupied_flat,one,executive,three_or_more,yes,yes
1257,good,more_than_200_DM,from_06_to_12,no_previous_credit_or_paid_back_all_previous_credits,retraining,from_1K_to_1.5K,not_available_or_no_savings,from_4_to_7_years,from_20_to_25_percent,female_not_single_or_male_single,none,from_1_to_4_years,saving_contract_or_life_insurance,from_26_to_39,no_further_running_credits,rented_flat,two_or_three,skilled_worker,three_or_more,no,yes
1258,good,no_running_account,from_06_to_12,no_previous_credit_or_paid_back_all_previous_credits,used_car,from_1.5K_to_2.5K,not_available_or_no_savings,from_1_to_4_years,from_20_to_35_percent,male_married_or_widowed,none,from_1_to_4_years,not_available_or_no_assets,from_26_to_39,no_further_running_credits,rented_flat,one,skilled_worker,three_or_more,no,yes
1259,bad,no_balance_or_debit,from_12_to_18,no_previous_credit_or_paid_back_all_previous_credits,used_car,from_1.5K_to_2.5K,more_than_1000_DM,less_than_1_year,less_than_20_percent,female_not_single_or_male_single,none,from_4_to_7_years,not_available_or_no_assets,from_26_to_39,no_further_running_credits,free_apartment,one,skilled_worker,three_or_more,no,yes
1260,good,no_balance_or_debit,from_06_to_12,paid_back_previous_credits_at_this_bank,other,from_1.5K_to_2.5K,less_than_100_DM,less_than_1_year,less_than_20_percent,male_married_or_widowed,none,less_than_1_year,saving_contract_or_life_insurance,from_26_to_39,no_further_running_credits,rented_flat,one,skilled_worker,three_or_more,no,yes
1261,good,no_running_account,from_06_to_12,paid_back_previous_credits_at_this_bank,used_car,from_1.5K_to_2.5K,more_than_1000_DM,less_than_1_year,from_20_to_35_percent,female_not_single_or_male_single,Co-Applicant,from_4_to_7_years,not_available_or_no_assets,from_26_to_39,no_further_running_credits,free_apartment,two_or_three,skilled_worker,three_or_more,no,no
1262,good,no_balance_or_debit,from_12_to_18,paid_back_previous_credits_at_this_bank,retraining,from_1.5K_to_2.5K,from_100_to_500_DM,from_1_to_4_years,from_20_to_35_percent,male_married_or_widowed,none,more_than_7_years,saving_contract_or_life_insurance,from_26_to_39,at_other_banks,rented_flat,one,skilled_worker,three_or_more,no,yes
1263,good,no_running_account,from_12_to_18,no_previous_credit_or_paid_back_all_previous_credits,furniture,from_1.5K_to_2.5K,not_available_or_no_savings,less_than_1_year,less_than_20_percent,female_not_single_or_male_single,none,less_than_1_year,saving_contract_or_life_insurance,from_26_to_39,at_department_stores,rented_flat,one,skilled_worker,three_or_more,no,yes
1264,good,more_than_200_DM,from_18_to_24,paid_back_previous_credits_at_this_bank,other,from_1.5K_to_2.5K,less_than_100_DM,from_4_to_7_years,less_than_20_percent,female_single,none,from_4_to_7_years,car_or_other,from_26_to_39,no_further_running_credits,rented_flat,two_or_three,skilled_worker,three_or_more,yes,yes
1265,good,more_than_200_DM,from_30_to_36,hesitant_pmt_of_previous_credit,household_appliances,from_2.5K_to_5K,not_available_or_no_savings,from_1_to_4_years,less_than_20_percent,male_married_or_widowed,none,from_1_to_4_years,saving_contract_or_life_insurance,from_26_to_39,no_further_running_credits,rented_flat,two_or_three,skilled_worker,three_or_more,no,yes
1266,good,more_than_200_DM,from_12_to_18,no_previous_credit_or_paid_back_all_previous_credits,used_car,from_2.5K_to_5K,not_available_or_no_savings,less_than_1_year,from_20_to_35_percent,male_married_or_widowed,none,from_4_to_7_years,car_or_other,from_26_to_39,at_other_banks,rented_flat,two_or_three,unskilled_with_permanent_residence,three_or_more,no,yes
1267,bad,no_balance_or_debit,from_30_to_36,paid_back_previous_credits_at_this_bank,other,from_2.5K_to_5K,not_available_or_no_savings,less_than_1_year,less_than_20_percent,male_divorced_or_separated,none,more_than_7_years,saving_contract_or_life_insurance,from_26_to_39,no_further_running_credits,rented_flat,two_or_three,skilled_worker,three_or_more,no,yes
1268,good,no_balance_or_debit,from_06_to_12,no_previous_credit_or_paid_back_all_previous_credits,furniture,from_2.5K_to_5K,not_available_or_no_savings,from_4_to_7_years,from_20_to_35_percent,female_not_single_or_male_single,none,less_than_1_year,not_available_or_no_assets,from_26_to_39,no_further_running_credits,rented_flat,one,skilled_worker,three_or_more,no,yes
1269,bad,no_running_account,from_18_to_24,no_previous_credit_or_paid_back_all_previous_credits,other,from_2.5K_to_5K,not_available_or_no_savings,less_than_1_year,less_than_20_percent,female_not_single_or_male_single,none,less_than_1_year,car_or_other,from_26_to_39,no_further_running_credits,rented_flat,one,skilled_worker,three_or_more,no,yes
1270,good,no_running_account,from_24_to_30,no_previous_credit_or_paid_back_all_previous_credits,furniture,from_2.5K_to_5K,not_available_or_no_savings,from_1_to_4_years,from_20_to_25_percent,male_married_or_widowed,none,from_1_to_4_years,saving_contract_or_life_insurance,from_26_to_39,no_further_running_credits,rented_flat,one,executive,three_or_more,no,yes
1271,bad,no_running_account,from_18_to_24,problematic_running_account,used_car,from_2.5K_to_5K,not_available_or_no_savings,from_4_to_7_years,from_20_to_25_percent,male_married_or_widowed,none,more_than_7_years,saving_contract_or_life_insurance,from_26_to_39,at_other_banks,rented_flat,one,skilled_worker,three_or_more,no,yes
1272,good,more_than_200_DM,from_42_to_48,problematic_running_account,retraining,from_2.5K_to_5K,not_available_or_no_savings,from_1_to_4_years,more_than_35_percent,female_not_single_or_male_single,none,less_than_1_year,not_available_or_no_assets,from_26_to_39,at_department_stores,rented_flat,one,skilled_worker,three_or_more,no,yes
1273,good,no_running_account,from_12_to_18,no_problems_current_credit_at_bank,used_car,from_2.5K_to_5K,not_available_or_no_savings,more_than_7_years,more_than_35_percent,female_not_single_or_male_single,none,more_than_7_years,car_or_other,from_26_to_39,no_further_running_credits,rented_flat,two_or_three,unskilled_with_permanent_residence,three_or_more,no,yes
1274,good,no_balance_or_debit,from_18_to_24,paid_back_previous_credits_at_this_bank,retraining,from_2.5K_to_5K,not_available_or_no_savings,from_4_to_7_years,from_20_to_35_percent,male_married_or_widowed,none,from_4_to_7_years,car_or_other,from_26_to_39,no_further_running_credits,rented_flat,two_or_three,skilled_worker,three_or_more,no,yes
1275,good,no_balance_or_debit,from_30_to_36,no_previous_credit_or_paid_back_all_previous_credits,repair,from_2.5K_to_5K,more_than_1000_DM,from_1_to_4_years,from_20_to_35_percent,female_single,none,from_1_to_4_years,saving_contract_or_life_insurance,from_26_to_39,no_further_running_credits,rented_flat,one,skilled_worker,three_or_more,no,yes
1276,good,more_than_200_DM,from_12_to_18,paid_back_previous_credits_at_this_bank,new_car,from_2.5K_to_5K,not_available_or_no_savings,from_4_to_7_years,from_20_to_25_percent,male_married_or_widowed,none,less_than_1_year,saving_contract_or_life_insurance,from_26_to_39,no_further_running_credits,rented_flat,two_or_three,skilled_worker,three_or_more,no,yes
1277,good,no_running_account,from_18_to_24,no_previous_credit_or_paid_back_all_previous_credits,used_car,from_2.5K_to_5K,not_available_or_no_savings,from_1_to_4_years,from_20_to_35_percent,male_married_or_widowed,none,from_1_to_4_years,saving_contract_or_life_insurance,from_26_to_39,at_department_stores,rented_flat,one,skilled_worker,three_or_more,no,yes
1278,good,more_than_200_DM,from_18_to_24,paid_back_previous_credits_at_this_bank,retraining,from_2.5K_to_5K,less_than_100_DM,from_1_to_4_years,from_20_to_25_percent,male_married_or_widowed,none,from_4_to_7_years,car_or_other,from_26_to_39,no_further_running_credits,rented_flat,two_or_three,unskilled_with_permanent_residence,three_or_more,yes,yes
1279,good,no_balance_or_debit,from_42_to_48,paid_back_previous_credits_at_this_bank,new_car,from_2.5K_to_5K,less_than_100_DM,unemployed,from_20_to_25_percent,male_married_or_widowed,none,more_than_7_years,saving_contract_or_life_insurance,from_26_to_39,no_further_running_credits,rented_flat,one,skilled_worker,three_or_more,no,yes
1280,good,more_than_200_DM,from_18_to_24,paid_back_previous_credits_at_this_bank,new_car,from_5K_to_7.5K,from_500_to_1000_DM,from_1_to_4_years,less_than_20_percent,male_married_or_widowed,none,from_1_to_4_years,not_available_or_no_assets,from_26_to_39,no_further_running_credits,rented_flat,two_or_three,skilled_worker,three_or_more,no,yes
1281,bad,no_running_account,from_36_to_42,paid_back_previous_credits_at_this_bank,repair,from_5K_to_7.5K,not_available_or_no_savings,from_1_to_4_years,less_than_20_percent,male_married_or_widowed,none,from_4_to_7_years,house_or_land,from_26_to_39,at_other_banks,rented_flat,one,skilled_worker,three_or_more,yes,yes
1282,good,more_than_200_DM,from_18_to_24,paid_back_previous_credits_at_this_bank,business,from_5K_to_7.5K,not_available_or_no_savings,unemployed,less_than_20_percent,male_married_or_widowed,Co-Applicant,from_1_to_4_years,house_or_land,from_26_to_39,at_other_banks,rented_flat,two_or_three,executive,three_or_more,yes,yes
1283,good,no_balance_or_debit,>54,no_problems_current_credit_at_bank,furniture,from_5K_to_7.5K,more_than_1000_DM,from_1_to_4_years,more_than_35_percent,male_married_or_widowed,none,less_than_1_year,not_available_or_no_assets,from_26_to_39,no_further_running_credits,rented_flat,one,unskilled_with_permanent_residence,three_or_more,no,yes
1284,bad,more_than_200_DM,from_30_to_36,no_problems_current_credit_at_bank,retraining,from_7.5K_to_10K,more_than_1000_DM,less_than_1_year,less_than_20_percent,male_married_or_widowed,none,more_than_7_years,saving_contract_or_life_insurance,from_26_to_39,no_further_running_credits,free_apartment,two_or_three,skilled_worker,three_or_more,yes,yes
1285,good,more_than_200_DM,from_24_to_30,no_problems_current_credit_at_bank,new_car,from_7.5K_to_10K,from_500_to_1000_DM,from_1_to_4_years,from_20_to_35_percent,male_married_or_widowed,none,from_1_to_4_years,saving_contract_or_life_insurance,from_26_to_39,no_further_running_credits,rented_flat,two_or_three,skilled_worker,three_or_more,no,yes
1286,bad,more_than_200_DM,from_18_to_24,no_problems_current_credit_at_bank,retraining,from_7.5K_to_10K,not_available_or_no_savings,less_than_1_year,from_20_to_35_percent,male_married_or_widowed,none,from_1_to_4_years,saving_contract_or_life_insurance,from_26_to_39,at_other_banks,rented_flat,two_or_three,skilled_worker,three_or_more,yes,yes
1287,good,no_balance_or_debit,>54,no_problems_current_credit_at_bank,furniture,from_7.5K_to_10K,more_than_1000_DM,from_1_to_4_years,from_20_to_35_percent,male_married_or_widowed,none,from_1_to_4_years,house_or_land,from_26_to_39,no_further_running_credits,owner_occupied_flat,one,executive,three_or_more,no,yes
1288,bad,no_balance_or_debit,from_42_to_48,no_previous_credit_or_paid_back_all_previous_credits,furniture,from_10K_to_15K,from_500_to_1000_DM,from_4_to_7_years,more_than_35_percent,male_married_or_widowed,Co-Applicant,from_1_to_4_years,house_or_land,from_26_to_39,at_other_banks,rented_flat,two_or_three,skilled_worker,three_or_more,yes,yes
1289,bad,no_balance_or_debit,>54,no_previous_credit_or_paid_back_all_previous_credits,other,from_10K_to_15K,not_available_or_no_savings,from_4_to_7_years,less_than_20_percent,male_married_or_widowed,none,from_1_to_4_years,house_or_land,from_26_to_39,no_further_running_credits,rented_flat,one,executive,three_or_more,yes,yes
1290,good,no_balance_or_debit,<06,no_previous_credit_or_paid_back_all_previous_credits,furniture,less_than_0.5K,not_available_or_no_savings,from_4_to_7_years,from_20_to_25_percent,female_single,Guarantor,from_4_to_7_years,not_available_or_no_assets,from_26_to_39,at_other_banks,rented_flat,one,unskilled_with_permanent_residence,three_or_more,no,yes
1291,bad,no_running_account,from_06_to_12,no_previous_credit_or_paid_back_all_previous_credits,other,from_0.5K_to_1K,not_available_or_no_savings,from_1_to_4_years,less_than_20_percent,male_married_or_widowed,none,from_4_to_7_years,saving_contract_or_life_insurance,from_26_to_39,no_further_running_credits,rented_flat,one,unskilled_with_permanent_residence,three_or_more,no,yes
1292,bad,0_to_200_DM,from_06_to_12,no_previous_credit_or_paid_back_all_previous_credits,furniture,from_0.5K_to_1K,not_available_or_no_savings,from_1_to_4_years,from_20_to_25_percent,female_not_single_or_male_single,none,from_1_to_4_years,not_available_or_no_assets,from_26_to_39,no_further_running_credits,rented_flat,one,unskilled_with_permanent_residence,three_or_more,no,yes
1293,good,more_than_200_DM,from_06_to_12,no_previous_credit_or_paid_back_all_previous_credits,furniture,from_0.5K_to_1K,not_available_or_no_savings,from_1_to_4_years,less_than_20_percent,female_single,none,from_1_to_4_years,not_available_or_no_assets,from_26_to_39,no_further_running_credits,rented_flat,one,skilled_worker,three_or_more,no,yes
1294,bad,0_to_200_DM,from_06_to_12,paid_back_previous_credits_at_this_bank,other,from_0.5K_to_1K,from_100_to_500_DM,from_4_to_7_years,less_than_20_percent,female_single,none,from_1_to_4_years,not_available_or_no_assets,from_26_to_39,no_further_running_credits,rented_flat,four_or_five,skilled_worker,three_or_more,yes,yes
1295,good,no_balance_or_debit,<06,no_previous_credit_or_paid_back_all_previous_credits,furniture,from_1K_to_1.5K,not_available_or_no_savings,more_than_7_years,less_than_20_percent,male_married_or_widowed,none,more_than_7_years,saving_contract_or_life_insurance,from_26_to_39,no_further_running_credits,rented_flat,one,skilled_worker,up_to_two,no,yes
1296,bad,no_running_account,from_06_to_12,hesitant_pmt_of_previous_credit,household_appliances,from_1K_to_1.5K,not_available_or_no_savings,from_4_to_7_years,less_than_20_percent,male_married_or_widowed,none,from_4_to_7_years,not_available_or_no_assets,from_26_to_39,no_further_running_credits,rented_flat,two_or_three,skilled_worker,three_or_more,no,yes
1297,good,more_than_200_DM,from_18_to_24,no_previous_credit_or_paid_back_all_previous_credits,other,from_1K_to_1.5K,not_available_or_no_savings,less_than_1_year,less_than_20_percent,female_single,none,from_1_to_4_years,not_available_or_no_assets,from_26_to_39,no_further_running_credits,rented_flat,one,skilled_worker,three_or_more,no,yes
1298,good,0_to_200_DM,<06,paid_back_previous_credits_at_this_bank,other,from_1K_to_1.5K,less_than_100_DM,more_than_7_years,from_20_to_35_percent,male_divorced_or_separated,none,more_than_7_years,saving_contract_or_life_insurance,from_26_to_39,no_further_running_credits,rented_flat,two_or_three,skilled_worker,up_to_two,yes,yes
1299,good,more_than_200_DM,from_18_to_24,no_previous_credit_or_paid_back_all_previous_credits,furniture,from_1K_to_1.5K,from_100_to_500_DM,from_4_to_7_years,less_than_20_percent,female_not_single_or_male_single,none,less_than_1_year,saving_contract_or_life_insurance,from_26_to_39,no_further_running_credits,rented_flat,one,skilled_worker,three_or_more,no,yes
1300,good,more_than_200_DM,<06,paid_back_previous_credits_at_this_bank,furniture,from_1K_to_1.5K,not_available_or_no_savings,from_1_to_4_years,more_than_35_percent,female_not_single_or_male_single,none,less_than_1_year,saving_contract_or_life_insurance,from_26_to_39,no_further_running_credits,rented_flat,two_or_three,skilled_worker,three_or_more,yes,yes
1301,good,no_running_account,from_12_to_18,no_previous_credit_or_paid_back_all_previous_credits,other,from_1K_to_1.5K,not_available_or_no_savings,from_1_to_4_years,from_20_to_35_percent,female_not_single_or_male_single,none,more_than_7_years,saving_contract_or_life_insurance,from_26_to_39,no_further_running_credits,free_apartment,one,skilled_worker,three_or_more,no,yes
1302,good,more_than_200_DM,from_18_to_24,no_previous_credit_or_paid_back_all_previous_credits,furniture,from_1K_to_1.5K,not_available_or_no_savings,from_1_to_4_years,less_than_20_percent,female_single,none,from_1_to_4_years,car_or_other,from_26_to_39,no_further_running_credits,rented_flat,one,skilled_worker,three_or_more,no,yes
1303,good,no_running_account,from_12_to_18,paid_back_previous_credits_at_this_bank,retraining,from_1.5K_to_2.5K,not_available_or_no_savings,less_than_1_year,from_20_to_25_percent,male_married_or_widowed,none,less_than_1_year,car_or_other,from_26_to_39,at_other_banks,rented_flat,two_or_three,unskilled_with_permanent_residence,three_or_more,no,yes
1304,good,more_than_200_DM,from_12_to_18,paid_back_previous_credits_at_this_bank,used_car,from_1.5K_to_2.5K,not_available_or_no_savings,from_1_to_4_years,less_than_20_percent,female_not_single_or_male_single,none,from_1_to_4_years,house_or_land,from_26_to_39,no_further_running_credits,rented_flat,two_or_three,skilled_worker,three_or_more,no,yes
1305,good,no_balance_or_debit,from_12_to_18,paid_back_previous_credits_at_this_bank,retraining,from_1.5K_to_2.5K,more_than_1000_DM,from_1_to_4_years,less_than_20_percent,female_single,none,more_than_7_years,not_available_or_no_assets,from_26_to_39,at_other_banks,rented_flat,two_or_three,skilled_worker,three_or_more,no,yes
1306,good,more_than_200_DM,from_06_to_12,no_previous_credit_or_paid_back_all_previous_credits,furniture,from_1.5K_to_2.5K,less_than_100_DM,from_1_to_4_years,less_than_20_percent,female_not_single_or_male_single,Co-Applicant,from_1_to_4_years,not_available_or_no_assets,from_26_to_39,no_further_running_credits,rented_flat,one,skilled_worker,three_or_more,no,yes
1307,good,more_than_200_DM,from_06_to_12,no_previous_credit_or_paid_back_all_previous_credits,retraining,from_1.5K_to_2.5K,from_500_to_1000_DM,more_than_7_years,more_than_35_percent,male_divorced_or_separated,none,from_1_to_4_years,not_available_or_no_assets,from_26_to_39,no_further_running_credits,rented_flat,one,skilled_worker,three_or_more,yes,yes
1308,bad,more_than_200_DM,from_12_to_18,no_problems_current_credit_at_bank,retraining,from_1.5K_to_2.5K,not_available_or_no_savings,from_1_to_4_years,less_than_20_percent,female_single,none,from_1_to_4_years,saving_contract_or_life_insurance,from_26_to_39,no_further_running_credits,rented_flat,one,skilled_worker,three_or_more,yes,yes
1309,bad,no_balance_or_debit,from_12_to_18,hesitant_pmt_of_previous_credit,other,from_1.5K_to_2.5K,less_than_100_DM,less_than_1_year,from_20_to_25_percent,female_not_single_or_male_single,none,from_4_to_7_years,saving_contract_or_life_insurance,from_26_to_39,no_further_running_credits,rented_flat,two_or_three,skilled_worker,three_or_more,no,yes
1310,good,more_than_200_DM,from_18_to_24,no_previous_credit_or_paid_back_all_previous_credits,furniture,from_1.5K_to_2.5K,not_available_or_no_savings,from_4_to_7_years,less_than_20_percent,male_married_or_widowed,none,from_1_to_4_years,saving_contract_or_life_insurance,from_26_to_39,no_further_running_credits,rented_flat,one,skilled_worker,three_or_more,yes,yes
1311,good,more_than_200_DM,from_18_to_24,no_previous_credit_or_paid_back_all_previous_credits,new_car,from_2.5K_to_5K,from_500_to_1000_DM,from_1_to_4_years,from_20_to_35_percent,female_not_single_or_male_single,none,more_than_7_years,saving_contract_or_life_insurance,from_26_to_39,no_further_running_credits,free_apartment,one,skilled_worker,three_or_more,yes,yes
1312,good,no_running_account,from_18_to_24,no_previous_credit_or_paid_back_all_previous_credits,furniture,from_2.5K_to_5K,not_available_or_no_savings,less_than_1_year,less_than_20_percent,female_not_single_or_male_single,none,more_than_7_years,car_or_other,from_26_to_39,no_further_running_credits,free_apartment,one,executive,three_or_more,yes,yes
1313,bad,no_balance_or_debit,from_12_to_18,no_previous_credit_or_paid_back_all_previous_credits,other,from_2.5K_to_5K,less_than_100_DM,from_1_to_4_years,from_20_to_35_percent,female_not_single_or_male_single,none,more_than_7_years,saving_contract_or_life_insurance,from_26_to_39,no_further_running_credits,free_apartment,two_or_three,skilled_worker,three_or_more,yes,yes
1314,good,no_running_account,from_12_to_18,no_previous_credit_or_paid_back_all_previous_credits,used_car,from_2.5K_to_5K,from_500_to_1000_DM,from_1_to_4_years,less_than_20_percent,male_married_or_widowed,none,from_1_to_4_years,saving_contract_or_life_insurance,from_26_to_39,no_further_running_credits,rented_flat,one,skilled_worker,three_or_more,no,yes
1315,good,0_to_200_DM,from_18_to_24,no_previous_credit_or_paid_back_all_previous_credits,other,from_2.5K_to_5K,less_than_100_DM,from_1_to_4_years,more_than_35_percent,female_not_single_or_male_single,none,less_than_1_year,saving_contract_or_life_insurance,from_26_to_39,at_other_banks,rented_flat,one,executive,three_or_more,yes,yes
1316,good,more_than_200_DM,from_18_to_24,no_problems_current_credit_at_bank,new_car,from_2.5K_to_5K,not_available_or_no_savings,from_1_to_4_years,from_20_to_25_percent,male_married_or_widowed,none,from_1_to_4_years,not_available_or_no_assets,from_26_to_39,at_department_stores,rented_flat,two_or_three,unskilled_with_permanent_residence,three_or_more,no,yes
1317,bad,no_balance_or_debit,from_42_to_48,no_previous_credit_or_paid_back_all_previous_credits,furniture,from_2.5K_to_5K,not_available_or_no_savings,from_4_to_7_years,less_than_20_percent,male_married_or_widowed,none,more_than_7_years,not_available_or_no_assets,from_26_to_39,no_further_running_credits,rented_flat,two_or_three,skilled_worker,three_or_more,no,yes
1318,good,more_than_200_DM,from_12_to_18,paid_back_previous_credits_at_this_bank,used_car,from_2.5K_to_5K,not_available_or_no_savings,from_1_to_4_years,less_than_20_percent,male_married_or_widowed,none,from_1_to_4_years,house_or_land,from_26_to_39,no_further_running_credits,owner_occupied_flat,one,skilled_worker,three_or_more,yes,yes
1319,bad,more_than_200_DM,from_30_to_36,no_previous_credit_or_paid_back_all_previous_credits,used_car,from_2.5K_to_5K,not_available_or_no_savings,from_1_to_4_years,less_than_20_percent,female_not_single_or_male_single,none,from_1_to_4_years,saving_contract_or_life_insurance,from_26_to_39,no_further_running_credits,rented_flat,one,executive,three_or_more,yes,yes
1320,good,more_than_200_DM,from_30_to_36,no_previous_credit_or_paid_back_all_previous_credits,furniture,from_2.5K_to_5K,not_available_or_no_savings,more_than_7_years,less_than_20_percent,male_married_or_widowed,none,from_1_to_4_years,saving_contract_or_life_insurance,from_26_to_39,no_further_running_credits,rented_flat,one,skilled_worker,three_or_more,no,yes
1321,good,no_balance_or_debit,from_06_to_12,paid_back_previous_credits_at_this_bank,used_car,from_2.5K_to_5K,not_available_or_no_savings,more_than_7_years,more_than_35_percent,male_married_or_widowed,none,more_than_7_years,saving_contract_or_life_insurance,from_26_to_39,no_further_running_credits,free_apartment,four_or_five,skilled_worker,three_or_more,yes,yes
1322,good,no_running_account,from_18_to_24,no_previous_credit_or_paid_back_all_previous_credits,furniture,from_2.5K_to_5K,not_available_or_no_savings,from_1_to_4_years,from_20_to_35_percent,female_not_single_or_male_single,none,more_than_7_years,saving_contract_or_life_insurance,from_26_to_39,no_further_running_credits,rented_flat,one,skilled_worker,three_or_more,no,yes
1323,bad,no_balance_or_debit,from_18_to_24,no_previous_credit_or_paid_back_all_previous_credits,new_car,from_2.5K_to_5K,from_100_to_500_DM,less_than_1_year,from_20_to_25_percent,female_not_single_or_male_single,none,more_than_7_years,saving_contract_or_life_insurance,from_26_to_39,no_further_running_credits,free_apartment,one,skilled_worker,three_or_more,no,yes
1324,good,no_running_account,from_18_to_24,no_previous_credit_or_paid_back_all_previous_credits,used_car,from_2.5K_to_5K,not_available_or_no_savings,from_1_to_4_years,less_than_20_percent,male_married_or_widowed,none,more_than_7_years,car_or_other,from_26_to_39,no_further_running_credits,rented_flat,one,skilled_worker,three_or_more,no,yes
1325,good,no_balance_or_debit,from_24_to_30,hesitant_pmt_of_previous_credit,retraining,from_2.5K_to_5K,not_available_or_no_savings,from_1_to_4_years,from_20_to_35_percent,female_not_single_or_male_single,none,less_than_1_year,saving_contract_or_life_insurance,from_26_to_39,no_further_running_credits,rented_flat,two_or_three,skilled_worker,three_or_more,no,yes
1326,bad,no_balance_or_debit,from_24_to_30,paid_back_previous_credits_at_this_bank,other,from_2.5K_to_5K,not_available_or_no_savings,unemployed,less_than_20_percent,female_single,none,from_1_to_4_years,saving_contract_or_life_insurance,from_26_to_39,no_further_running_credits,rented_flat,two_or_three,executive,three_or_more,no,yes
1327,bad,no_balance_or_debit,from_24_to_30,paid_back_previous_credits_at_this_bank,other,from_5K_to_7.5K,not_available_or_no_savings,unemployed,less_than_20_percent,female_single,none,from_1_to_4_years,saving_contract_or_life_insurance,from_26_to_39,no_further_running_credits,rented_flat,two_or_three,executive,three_or_more,no,yes
1328,good,no_running_account,from_30_to_36,paid_back_previous_credits_at_this_bank,used_car,from_5K_to_7.5K,not_available_or_no_savings,from_1_to_4_years,from_20_to_25_percent,male_married_or_widowed,Guarantor,from_1_to_4_years,car_or_other,from_26_to_39,no_further_running_credits,rented_flat,two_or_three,skilled_worker,three_or_more,no,yes
1329,bad,no_running_account,from_06_to_12,hesitant_pmt_of_previous_credit,furniture,from_5K_to_7.5K,not_available_or_no_savings,from_1_to_4_years,less_than_20_percent,male_married_or_widowed,none,from_1_to_4_years,car_or_other,from_26_to_39,no_further_running_credits,free_apartment,two_or_three,skilled_worker,three_or_more,yes,yes
1330,good,no_balance_or_debit,from_12_to_18,no_previous_credit_or_paid_back_all_previous_credits,other,from_5K_to_7.5K,not_available_or_no_savings,from_4_to_7_years,from_20_to_25_percent,male_married_or_widowed,none,from_4_to_7_years,not_available_or_no_assets,from_26_to_39,no_further_running_credits,free_apartment,one,unskilled_with_permanent_residence,three_or_more,no,yes
1331,bad,no_balance_or_debit,from_30_to_36,no_previous_credit_or_paid_back_all_previous_credits,new_car,from_7.5K_to_10K,not_available_or_no_savings,less_than_1_year,more_than_35_percent,female_single,none,more_than_7_years,saving_contract_or_life_insurance,from_26_to_39,no_further_running_credits,free_apartment,one,executive,three_or_more,yes,yes
1332,bad,more_than_200_DM,from_30_to_36,no_problems_current_credit_at_bank,retraining,from_7.5K_to_10K,not_available_or_no_savings,less_than_1_year,more_than_35_percent,male_divorced_or_separated,none,less_than_1_year,saving_contract_or_life_insurance,from_26_to_39,no_further_running_credits,rented_flat,two_or_three,skilled_worker,three_or_more,no,yes
1333,good,more_than_200_DM,<06,no_previous_credit_or_paid_back_all_previous_credits,furniture,from_0.5K_to_1K,not_available_or_no_savings,from_1_to_4_years,from_20_to_25_percent,female_not_single_or_male_single,none,less_than_1_year,not_available_or_no_assets,from_26_to_39,no_further_running_credits,rented_flat,one,skilled_worker,three_or_more,no,yes
1334,good,0_to_200_DM,<06,no_problems_current_credit_at_bank,furniture,from_0.5K_to_1K,not_available_or_no_savings,less_than_1_year,from_20_to_35_percent,female_not_single_or_male_single,none,less_than_1_year,car_or_other,from_26_to_39,at_other_banks,rented_flat,one,skilled_worker,three_or_more,no,yes
1335,bad,no_running_account,from_18_to_24,no_previous_credit_or_paid_back_all_previous_credits,other,from_0.5K_to_1K,more_than_1000_DM,more_than_7_years,less_than_20_percent,female_not_single_or_male_single,none,from_1_to_4_years,saving_contract_or_life_insurance,from_26_to_39,at_other_banks,rented_flat,one,skilled_worker,three_or_more,no,yes
1336,bad,no_balance_or_debit,from_06_to_12,no_previous_credit_or_paid_back_all_previous_credits,used_car,from_0.5K_to_1K,not_available_or_no_savings,from_1_to_4_years,more_than_35_percent,female_not_single_or_male_single,none,from_1_to_4_years,saving_contract_or_life_insurance,from_26_to_39,at_other_banks,rented_flat,one,skilled_worker,three_or_more,no,yes
1337,good,no_balance_or_debit,from_06_to_12,no_previous_credit_or_paid_back_all_previous_credits,furniture,from_1K_to_1.5K,not_available_or_no_savings,from_4_to_7_years,less_than_20_percent,male_married_or_widowed,Guarantor,from_4_to_7_years,not_available_or_no_assets,from_26_to_39,no_further_running_credits,rented_flat,two_or_three,skilled_worker,three_or_more,no,yes
1338,bad,more_than_200_DM,from_06_to_12,no_previous_credit_or_paid_back_all_previous_credits,used_car,from_1K_to_1.5K,from_100_to_500_DM,from_1_to_4_years,less_than_20_percent,female_not_single_or_male_single,none,more_than_7_years,saving_contract_or_life_insurance,from_26_to_39,no_further_running_credits,free_apartment,one,unskilled_with_permanent_residence,three_or_more,no,yes
1339,good,more_than_200_DM,from_12_to_18,paid_back_previous_credits_at_this_bank,furniture,from_1K_to_1.5K,more_than_1000_DM,from_1_to_4_years,less_than_20_percent,male_married_or_widowed,none,from_4_to_7_years,car_or_other,from_26_to_39,no_further_running_credits,rented_flat,two_or_three,skilled_worker,three_or_more,yes,yes
1340,bad,no_running_account,from_18_to_24,problematic_running_account,other,from_1K_to_1.5K,not_available_or_no_savings,unemployed,more_than_35_percent,female_not_single_or_male_single,Co-Applicant,more_than_7_years,house_or_land,from_26_to_39,no_further_running_credits,free_apartment,two_or_three,unemployed_or_unskilled_with_no_permanent_residence,three_or_more,no,yes
1341,good,more_than_200_DM,from_06_to_12,paid_back_previous_credits_at_this_bank,retraining,from_1K_to_1.5K,not_available_or_no_savings,from_1_to_4_years,less_than_20_percent,female_not_single_or_male_single,Guarantor,from_1_to_4_years,not_available_or_no_assets,from_26_to_39,no_further_running_credits,rented_flat,two_or_three,executive,three_or_more,yes,yes
1342,bad,no_balance_or_debit,from_06_to_12,problematic_running_account,other,from_1K_to_1.5K,less_than_100_DM,from_4_to_7_years,from_20_to_35_percent,male_married_or_widowed,none,from_4_to_7_years,house_or_land,from_26_to_39,no_further_running_credits,rented_flat,one,skilled_worker,three_or_more,no,yes
1343,good,0_to_200_DM,<06,no_previous_credit_or_paid_back_all_previous_credits,other,from_1K_to_1.5K,more_than_1000_DM,less_than_1_year,more_than_35_percent,male_married_or_widowed,none,from_1_to_4_years,not_available_or_no_assets,from_26_to_39,no_further_running_credits,rented_flat,one,unskilled_with_permanent_residence,up_to_two,no,no
1344,bad,no_running_account,from_18_to_24,no_problems_current_credit_at_bank,furniture,from_1.5K_to_2.5K,not_available_or_no_savings,less_than_1_year,less_than_20_percent,female_not_single_or_male_single,none,from_1_to_4_years,saving_contract_or_life_insurance,from_26_to_39,no_further_running_credits,free_apartment,one,unskilled_with_permanent_residence,three_or_more,yes,yes
1345,good,no_running_account,from_06_to_12,no_previous_credit_or_paid_back_all_previous_credits,other,from_1.5K_to_2.5K,not_available_or_no_savings,from_1_to_4_years,less_than_20_percent,female_not_single_or_male_single,Guarantor,more_than_7_years,car_or_other,from_26_to_39,no_further_running_credits,rented_flat,one,skilled_worker,three_or_more,yes,yes
1346,good,more_than_200_DM,from_18_to_24,no_previous_credit_or_paid_back_all_previous_credits,furniture,from_1.5K_to_2.5K,less_than_100_DM,from_1_to_4_years,less_than_20_percent,male_married_or_widowed,none,more_than_7_years,saving_contract_or_life_insurance,from_26_to_39,no_further_running_credits,free_apartment,one,executive,three_or_more,yes,yes
1347,good,more_than_200_DM,<06,no_previous_credit_or_paid_back_all_previous_credits,furniture,from_1.5K_to_2.5K,not_available_or_no_savings,from_4_to_7_years,from_20_to_35_percent,female_single,none,from_1_to_4_years,not_available_or_no_assets,from_26_to_39,no_further_running_credits,free_apartment,one,skilled_worker,three_or_more,no,yes
1348,bad,no_running_account,from_06_to_12,problematic_running_account,furniture,from_1.5K_to_2.5K,not_available_or_no_savings,from_1_to_4_years,less_than_20_percent,male_divorced_or_separated,none,less_than_1_year,house_or_land,from_26_to_39,no_further_running_credits,owner_occupied_flat,one,skilled_worker,three_or_more,no,yes
1349,good,more_than_200_DM,from_06_to_12,no_previous_credit_or_paid_back_all_previous_credits,furniture,from_1.5K_to_2.5K,not_available_or_no_savings,less_than_1_year,from_20_to_35_percent,female_not_single_or_male_single,none,from_1_to_4_years,saving_contract_or_life_insurance,from_26_to_39,at_other_banks,rented_flat,one,skilled_worker,three_or_more,no,yes
1350,good,no_balance_or_debit,from_18_to_24,no_problems_current_credit_at_bank,used_car,from_1.5K_to_2.5K,more_than_1000_DM,less_than_1_year,less_than_20_percent,male_married_or_widowed,none,from_1_to_4_years,car_or_other,from_26_to_39,at_other_banks,rented_flat,one,unskilled_with_permanent_residence,three_or_more,no,yes
1351,good,no_balance_or_debit,from_18_to_24,no_problems_current_credit_at_bank,business,from_2.5K_to_5K,not_available_or_no_savings,from_1_to_4_years,from_20_to_35_percent,male_married_or_widowed,none,from_4_to_7_years,saving_contract_or_life_insurance,from_26_to_39,at_other_banks,rented_flat,two_or_three,skilled_worker,three_or_more,yes,yes
1352,good,more_than_200_DM,from_18_to_24,no_previous_credit_or_paid_back_all_previous_credits,new_car,from_2.5K_to_5K,not_available_or_no_savings,less_than_1_year,less_than_20_percent,female_not_single_or_male_single,none,less_than_1_year,house_or_land,from_26_to_39,no_further_running_credits,rented_flat,one,executive,three_or_more,yes,yes
1353,good,more_than_200_DM,from_24_to_30,paid_back_previous_credits_at_this_bank,furniture,from_2.5K_to_5K,not_available_or_no_savings,more_than_7_years,less_than_20_percent,male_married_or_widowed,none,from_1_to_4_years,saving_contract_or_life_insurance,from_26_to_39,no_further_running_credits,rented_flat,two_or_three,skilled_worker,three_or_more,no,yes
1354,good,no_balance_or_debit,from_18_to_24,no_previous_credit_or_paid_back_all_previous_credits,furniture,from_2.5K_to_5K,less_than_100_DM,less_than_1_year,from_20_to_35_percent,male_married_or_widowed,none,less_than_1_year,saving_contract_or_life_insurance,from_26_to_39,no_further_running_credits,rented_flat,one,skilled_worker,three_or_more,no,yes
1355,good,no_running_account,from_18_to_24,no_previous_credit_or_paid_back_all_previous_credits,furniture,from_2.5K_to_5K,from_500_to_1000_DM,less_than_1_year,less_than_20_percent,female_not_single_or_male_single,none,from_1_to_4_years,saving_contract_or_life_insurance,from_26_to_39,at_other_banks,rented_flat,one,skilled_worker,three_or_more,no,yes
1356,bad,no_running_account,from_06_to_12,paid_back_previous_credits_at_this_bank,other,from_2.5K_to_5K,not_available_or_no_savings,from_1_to_4_years,from_20_to_25_percent,female_not_single_or_male_single,Co-Applicant,from_1_to_4_years,not_available_or_no_assets,from_26_to_39,no_further_running_credits,rented_flat,two_or_three,skilled_worker,three_or_more,no,yes
1357,good,more_than_200_DM,from_12_to_18,no_previous_credit_or_paid_back_all_previous_credits,other,from_2.5K_to_5K,more_than_1000_DM,from_1_to_4_years,from_20_to_25_percent,male_married_or_widowed,none,from_1_to_4_years,house_or_land,from_26_to_39,no_further_running_credits,rented_flat,one,skilled_worker,three_or_more,no,yes
1358,good,no_running_account,from_06_to_12,no_previous_credit_or_paid_back_all_previous_credits,used_car,from_2.5K_to_5K,not_available_or_no_savings,from_1_to_4_years,from_20_to_35_percent,male_married_or_widowed,Co-Applicant,from_1_to_4_years,car_or_other,from_26_to_39,no_further_running_credits,rented_flat,one,unskilled_with_permanent_residence,up_to_two,no,yes
1359,bad,no_running_account,from_12_to_18,no_previous_credit_or_paid_back_all_previous_credits,other,from_2.5K_to_5K,not_available_or_no_savings,from_1_to_4_years,from_20_to_25_percent,female_not_single_or_male_single,none,from_1_to_4_years,car_or_other,from_26_to_39,no_further_running_credits,rented_flat,one,skilled_worker,three_or_more,yes,yes
1360,good,no_balance_or_debit,from_30_to_36,problematic_running_account,radio_television,from_2.5K_to_5K,more_than_1000_DM,less_than_1_year,from_20_to_25_percent,female_not_single_or_male_single,none,from_1_to_4_years,house_or_land,from_26_to_39,at_other_banks,rented_flat,one,unemployed_or_unskilled_with_no_permanent_residence,three_or_more,no,yes
1361,bad,more_than_200_DM,from_18_to_24,hesitant_pmt_of_previous_credit,other,from_5K_to_7.5K,more_than_1000_DM,from_1_to_4_years,more_than_35_percent,female_not_single_or_male_single,none,more_than_7_years,car_or_other,from_26_to_39,at_other_banks,rented_flat,two_or_three,skilled_worker,three_or_more,yes,yes
1362,bad,no_running_account,from_30_to_36,no_previous_credit_or_paid_back_all_previous_credits,used_car,from_5K_to_7.5K,not_available_or_no_savings,from_4_to_7_years,less_than_20_percent,male_married_or_widowed,none,from_1_to_4_years,car_or_other,from_26_to_39,no_further_running_credits,rented_flat,one,skilled_worker,three_or_more,no,yes
1363,good,no_running_account,from_18_to_24,no_previous_credit_or_paid_back_all_previous_credits,new_car,from_5K_to_7.5K,not_available_or_no_savings,unemployed,less_than_20_percent,male_married_or_widowed,none,from_1_to_4_years,house_or_land,from_26_to_39,no_further_running_credits,owner_occupied_flat,one,executive,three_or_more,yes,yes
1364,bad,no_running_account,from_30_to_36,no_problems_current_credit_at_bank,repair,from_5K_to_7.5K,not_available_or_no_savings,from_1_to_4_years,less_than_20_percent,male_married_or_widowed,none,from_4_to_7_years,car_or_other,from_26_to_39,at_department_stores,rented_flat,one,skilled_worker,three_or_more,yes,yes
1365,good,more_than_200_DM,from_36_to_42,no_previous_credit_or_paid_back_all_previous_credits,furniture,from_5K_to_7.5K,more_than_1000_DM,from_4_to_7_years,from_20_to_35_percent,female_single,none,more_than_7_years,car_or_other,from_26_to_39,no_further_running_credits,free_apartment,one,skilled_worker,three_or_more,yes,yes
1366,good,no_balance_or_debit,from_18_to_24,paid_back_previous_credits_at_this_bank,new_car,from_7.5K_to_10K,from_500_to_1000_DM,more_than_7_years,from_20_to_35_percent,female_not_single_or_male_single,none,more_than_7_years,house_or_land,from_26_to_39,no_further_running_credits,free_apartment,one,skilled_worker,three_or_more,no,yes
1367,bad,no_balance_or_debit,from_30_to_36,no_previous_credit_or_paid_back_all_previous_credits,used_car,from_7.5K_to_10K,less_than_100_DM,less_than_1_year,less_than_20_percent,male_married_or_widowed,Co-Applicant,less_than_1_year,house_or_land,from_26_to_39,no_further_running_credits,free_apartment,one,executive,three_or_more,yes,yes
1368,bad,no_balance_or_debit,from_18_to_24,no_previous_credit_or_paid_back_all_previous_credits,business,from_10K_to_15K,not_available_or_no_savings,from_1_to_4_years,from_20_to_35_percent,male_married_or_widowed,Co-Applicant,from_4_to_7_years,saving_contract_or_life_insurance,from_26_to_39,at_other_banks,rented_flat,two_or_three,executive,three_or_more,yes,yes
1369,bad,no_running_account,from_42_to_48,hesitant_pmt_of_previous_credit,retraining,from_10K_to_15K,not_available_or_no_savings,more_than_7_years,from_20_to_35_percent,male_married_or_widowed,none,more_than_7_years,saving_contract_or_life_insurance,from_26_to_39,no_further_running_credits,free_apartment,two_or_three,skilled_worker,three_or_more,no,yes
1370,bad,no_balance_or_debit,from_06_to_12,no_previous_credit_or_paid_back_all_previous_credits,household_appliances,from_0.5K_to_1K,not_available_or_no_savings,from_1_to_4_years,less_than_20_percent,male_married_or_widowed,none,from_1_to_4_years,saving_contract_or_life_insurance,from_26_to_39,no_further_running_credits,rented_flat,one,skilled_worker,three_or_more,no,yes
1371,good,more_than_200_DM,from_06_to_12,no_previous_credit_or_paid_back_all_previous_credits,furniture,from_0.5K_to_1K,not_available_or_no_savings,from_1_to_4_years,less_than_20_percent,male_married_or_widowed,none,from_1_to_4_years,not_available_or_no_assets,from_26_to_39,at_other_banks,rented_flat,two_or_three,skilled_worker,three_or_more,no,yes
1372,bad,no_balance_or_debit,from_06_to_12,no_previous_credit_or_paid_back_all_previous_credits,used_car,from_0.5K_to_1K,not_available_or_no_savings,from_1_to_4_years,less_than_20_percent,female_not_single_or_male_single,none,less_than_1_year,car_or_other,from_26_to_39,no_further_running_credits,rented_flat,one,skilled_worker,three_or_more,no,yes
1373,good,more_than_200_DM,from_12_to_18,no_problems_current_credit_at_bank,used_car,from_0.5K_to_1K,from_500_to_1000_DM,from_4_to_7_years,from_20_to_25_percent,female_not_single_or_male_single,none,from_1_to_4_years,car_or_other,from_26_to_39,no_further_running_credits,rented_flat,two_or_three,skilled_worker,three_or_more,no,yes
1374,good,more_than_200_DM,from_12_to_18,paid_back_previous_credits_at_this_bank,other,from_1K_to_1.5K,not_available_or_no_savings,less_than_1_year,less_than_20_percent,female_not_single_or_male_single,none,less_than_1_year,car_or_other,from_26_to_39,no_further_running_credits,rented_flat,two_or_three,skilled_worker,three_or_more,no,yes
1375,bad,no_balance_or_debit,from_12_to_18,paid_back_previous_credits_at_this_bank,other,from_1K_to_1.5K,not_available_or_no_savings,more_than_7_years,from_20_to_25_percent,male_married_or_widowed,Guarantor,from_4_to_7_years,not_available_or_no_assets,from_26_to_39,no_further_running_credits,rented_flat,two_or_three,skilled_worker,three_or_more,no,yes
1376,good,more_than_200_DM,from_06_to_12,paid_back_previous_credits_at_this_bank,other,from_1K_to_1.5K,not_available_or_no_savings,from_1_to_4_years,from_20_to_25_percent,male_married_or_widowed,none,less_than_1_year,not_available_or_no_assets,from_26_to_39,no_further_running_credits,rented_flat,two_or_three,skilled_worker,three_or_more,no,yes
1377,good,no_running_account,from_18_to_24,paid_back_previous_credits_at_this_bank,other,from_1.5K_to_2.5K,not_available_or_no_savings,more_than_7_years,less_than_20_percent,female_single,none,from_4_to_7_years,saving_contract_or_life_insurance,from_26_to_39,no_further_running_credits,rented_flat,two_or_three,skilled_worker,three_or_more,yes,yes
1378,good,no_running_account,from_06_to_12,no_previous_credit_or_paid_back_all_previous_credits,used_car,from_1.5K_to_2.5K,not_available_or_no_savings,from_1_to_4_years,from_20_to_35_percent,female_not_single_or_male_single,Co-Applicant,from_4_to_7_years,car_or_other,from_26_to_39,no_further_running_credits,rented_flat,one,skilled_worker,three_or_more,no,yes
1379,good,more_than_200_DM,<06,paid_back_previous_credits_at_this_bank,furniture,from_1.5K_to_2.5K,not_available_or_no_savings,more_than_7_years,from_20_to_35_percent,female_single,none,from_1_to_4_years,not_available_or_no_assets,from_26_to_39,no_further_running_credits,free_apartment,two_or_three,skilled_worker,three_or_more,no,yes
1380,good,more_than_200_DM,from_12_to_18,no_previous_credit_or_paid_back_all_previous_credits,other,from_1.5K_to_2.5K,not_available_or_no_savings,from_1_to_4_years,from_20_to_35_percent,female_single,none,from_1_to_4_years,car_or_other,from_26_to_39,no_further_running_credits,rented_flat,one,executive,three_or_more,yes,yes
1381,bad,no_running_account,from_18_to_24,no_previous_credit_or_paid_back_all_previous_credits,furniture,from_1.5K_to_2.5K,not_available_or_no_savings,unemployed,less_than_20_percent,male_married_or_widowed,none,from_1_to_4_years,saving_contract_or_life_insurance,from_26_to_39,at_department_stores,rented_flat,one,executive,up_to_two,no,yes
1382,bad,more_than_200_DM,from_12_to_18,paid_back_previous_credits_at_this_bank,repair,from_1.5K_to_2.5K,less_than_100_DM,from_1_to_4_years,less_than_20_percent,female_not_single_or_male_single,none,from_1_to_4_years,not_available_or_no_assets,from_26_to_39,no_further_running_credits,rented_flat,two_or_three,skilled_worker,three_or_more,no,yes
1383,bad,no_balance_or_debit,from_24_to_30,no_problems_current_credit_at_bank,furniture,from_1.5K_to_2.5K,less_than_100_DM,less_than_1_year,less_than_20_percent,male_married_or_widowed,none,from_4_to_7_years,house_or_land,from_26_to_39,at_department_stores,rented_flat,two_or_three,executive,three_or_more,no,yes
1384,good,no_balance_or_debit,from_06_to_12,no_previous_credit_or_paid_back_all_previous_credits,other,from_1.5K_to_2.5K,not_available_or_no_savings,from_4_to_7_years,from_20_to_25_percent,male_married_or_widowed,none,more_than_7_years,car_or_other,from_26_to_39,no_further_running_credits,free_apartment,one,skilled_worker,up_to_two,yes,yes
1385,good,no_balance_or_debit,from_06_to_12,no_previous_credit_or_paid_back_all_previous_credits,new_car,from_1.5K_to_2.5K,more_than_1000_DM,from_1_to_4_years,less_than_20_percent,male_married_or_widowed,none,from_1_to_4_years,saving_contract_or_life_insurance,from_26_to_39,no_further_running_credits,rented_flat,one,skilled_worker,three_or_more,no,yes
1386,good,more_than_200_DM,from_18_to_24,paid_back_previous_credits_at_this_bank,used_car,from_1.5K_to_2.5K,not_available_or_no_savings,from_4_to_7_years,from_20_to_35_percent,male_married_or_widowed,none,from_1_to_4_years,car_or_other,from_26_to_39,no_further_running_credits,rented_flat,two_or_three,unskilled_with_permanent_residence,three_or_more,no,yes
1387,good,no_balance_or_debit,<06,no_previous_credit_or_paid_back_all_previous_credits,furniture,from_1.5K_to_2.5K,not_available_or_no_savings,less_than_1_year,less_than_20_percent,female_single,none,from_4_to_7_years,saving_contract_or_life_insurance,from_26_to_39,no_further_running_credits,free_apartment,one,executive,three_or_more,yes,yes
1388,good,no_running_account,from_06_to_12,paid_back_previous_credits_at_this_bank,other,from_1.5K_to_2.5K,not_available_or_no_savings,from_1_to_4_years,less_than_20_percent,male_married_or_widowed,none,from_1_to_4_years,car_or_other,from_26_to_39,no_further_running_credits,rented_flat,two_or_three,skilled_worker,three_or_more,no,yes
1389,good,no_running_account,from_12_to_18,no_previous_credit_or_paid_back_all_previous_credits,other,from_1.5K_to_2.5K,less_than_100_DM,from_4_to_7_years,less_than_20_percent,male_married_or_widowed,none,from_4_to_7_years,saving_contract_or_life_insurance,from_26_to_39,no_further_running_credits,rented_flat,one,executive,up_to_two,yes,yes
1390,good,more_than_200_DM,from_24_to_30,no_previous_credit_or_paid_back_all_previous_credits,furniture,from_1.5K_to_2.5K,from_100_to_500_DM,more_than_7_years,less_than_20_percent,male_married_or_widowed,none,from_1_to_4_years,saving_contract_or_life_insurance,from_26_to_39,at_other_banks,rented_flat,one,executive,three_or_more,no,yes
1391,good,no_balance_or_debit,from_30_to_36,no_problems_current_credit_at_bank,other,from_2.5K_to_5K,less_than_100_DM,more_than_7_years,less_than_20_percent,male_married_or_widowed,none,from_4_to_7_years,house_or_land,from_26_to_39,no_further_running_credits,owner_occupied_flat,one,skilled_worker,three_or_more,no,yes
1392,good,no_balance_or_debit,from_18_to_24,no_previous_credit_or_paid_back_all_previous_credits,used_car,from_2.5K_to_5K,less_than_100_DM,more_than_7_years,less_than_20_percent,male_married_or_widowed,none,more_than_7_years,house_or_land,from_26_to_39,no_further_running_credits,owner_occupied_flat,one,skilled_worker,three_or_more,no,yes
1393,bad,no_running_account,from_18_to_24,problematic_running_account,used_car,from_2.5K_to_5K,from_100_to_500_DM,less_than_1_year,less_than_20_percent,male_married_or_widowed,none,more_than_7_years,house_or_land,from_26_to_39,no_further_running_credits,owner_occupied_flat,one,skilled_worker,up_to_two,yes,yes
1394,good,no_balance_or_debit,from_42_to_48,problematic_running_account,retraining,from_2.5K_to_5K,less_than_100_DM,from_4_to_7_years,less_than_20_percent,male_married_or_widowed,none,from_1_to_4_years,saving_contract_or_life_insurance,from_26_to_39,no_further_running_credits,rented_flat,one,skilled_worker,three_or_more,no,yes
1395,good,no_running_account,from_30_to_36,no_previous_credit_or_paid_back_all_previous_credits,used_car,from_2.5K_to_5K,not_available_or_no_savings,unemployed,less_than_20_percent,male_married_or_widowed,none,from_4_to_7_years,car_or_other,from_26_to_39,no_further_running_credits,rented_flat,one,executive,three_or_more,yes,yes
1396,bad,no_balance_or_debit,from_30_to_36,no_problems_current_credit_at_bank,retraining,from_2.5K_to_5K,not_available_or_no_savings,from_1_to_4_years,from_20_to_35_percent,male_divorced_or_separated,none,from_1_to_4_years,not_available_or_no_assets,from_26_to_39,at_department_stores,rented_flat,two_or_three,executive,three_or_more,yes,yes
1397,good,more_than_200_DM,from_12_to_18,no_previous_credit_or_paid_back_all_previous_credits,new_car,from_2.5K_to_5K,not_available_or_no_savings,from_1_to_4_years,from_20_to_25_percent,male_married_or_widowed,none,from_1_to_4_years,saving_contract_or_life_insurance,from_26_to_39,no_further_running_credits,rented_flat,one,skilled_worker,three_or_more,yes,yes
1398,good,no_balance_or_debit,from_30_to_36,no_previous_credit_or_paid_back_all_previous_credits,furniture,from_2.5K_to_5K,not_available_or_no_savings,less_than_1_year,less_than_20_percent,female_not_single_or_male_single,none,less_than_1_year,house_or_land,from_26_to_39,no_further_running_credits,rented_flat,one,executive,three_or_more,yes,yes
1399,bad,no_balance_or_debit,from_42_to_48,paid_back_previous_credits_at_this_bank,used_car,from_5K_to_7.5K,not_available_or_no_savings,from_1_to_4_years,from_20_to_35_percent,female_not_single_or_male_single,none,from_4_to_7_years,saving_contract_or_life_insurance,from_26_to_39,no_further_running_credits,rented_flat,one,executive,three_or_more,yes,yes
1400,good,no_balance_or_debit,from_12_to_18,no_previous_credit_or_paid_back_all_previous_credits,other,from_5K_to_7.5K,less_than_100_DM,from_1_to_4_years,from_20_to_35_percent,male_married_or_widowed,none,from_1_to_4_years,saving_contract_or_life_insurance,from_26_to_39,no_further_running_credits,rented_flat,two_or_three,skilled_worker,three_or_more,yes,yes
1401,good,no_balance_or_debit,from_24_to_30,no_problems_current_credit_at_bank,new_car,from_5K_to_7.5K,not_available_or_no_savings,more_than_7_years,more_than_35_percent,male_married_or_widowed,none,from_1_to_4_years,saving_contract_or_life_insurance,from_26_to_39,no_further_running_credits,rented_flat,two_or_three,executive,three_or_more,yes,yes
1402,bad,no_running_account,from_36_to_42,no_previous_credit_or_paid_back_all_previous_credits,furniture,from_5K_to_7.5K,more_than_1000_DM,from_4_to_7_years,less_than_20_percent,female_not_single_or_male_single,none,from_4_to_7_years,saving_contract_or_life_insurance,from_26_to_39,no_further_running_credits,rented_flat,one,executive,three_or_more,yes,yes
1403,good,no_running_account,from_18_to_24,no_previous_credit_or_paid_back_all_previous_credits,used_car,from_7.5K_to_10K,more_than_1000_DM,less_than_1_year,more_than_35_percent,female_not_single_or_male_single,none,from_1_to_4_years,car_or_other,from_26_to_39,no_further_running_credits,rented_flat,one,skilled_worker,three_or_more,yes,no
1404,good,no_balance_or_debit,from_24_to_30,no_previous_credit_or_paid_back_all_previous_credits,new_car,from_7.5K_to_10K,not_available_or_no_savings,less_than_1_year,from_20_to_35_percent,male_married_or_widowed,none,from_4_to_7_years,saving_contract_or_life_insurance,from_26_to_39,no_further_running_credits,rented_flat,two_or_three,skilled_worker,three_or_more,no,yes
1405,good,more_than_200_DM,from_30_to_36,no_previous_credit_or_paid_back_all_previous_credits,new_car,from_7.5K_to_10K,not_available_or_no_savings,from_1_to_4_years,more_than_35_percent,female_not_single_or_male_single,none,from_1_to_4_years,car_or_other,from_26_to_39,at_other_banks,rented_flat,one,skilled_worker,three_or_more,no,yes
1406,good,no_balance_or_debit,from_42_to_48,hesitant_pmt_of_previous_credit,other,from_7.5K_to_10K,from_100_to_500_DM,less_than_1_year,more_than_35_percent,female_not_single_or_male_single,none,less_than_1_year,saving_contract_or_life_insurance,from_26_to_39,no_further_running_credits,rented_flat,two_or_three,skilled_worker,three_or_more,no,yes
1407,good,more_than_200_DM,from_30_to_36,paid_back_previous_credits_at_this_bank,new_car,from_10K_to_15K,more_than_1000_DM,from_1_to_4_years,less_than_20_percent,male_married_or_widowed,none,from_1_to_4_years,saving_contract_or_life_insurance,from_26_to_39,no_further_running_credits,rented_flat,one,executive,three_or_more,yes,yes
1408,bad,more_than_200_DM,from_18_to_24,paid_back_previous_credits_at_this_bank,other,from_10K_to_15K,more_than_1000_DM,more_than_7_years,less_than_20_percent,male_married_or_widowed,none,more_than_7_years,house_or_land,from_26_to_39,no_further_running_credits,owner_occupied_flat,one,executive,three_or_more,yes,yes
1409,good,no_running_account,from_36_to_42,paid_back_previous_credits_at_this_bank,used_car,from_10K_to_15K,more_than_1000_DM,from_4_to_7_years,less_than_20_percent,male_married_or_widowed,none,more_than_7_years,car_or_other,from_26_to_39,no_further_running_credits,rented_flat,two_or_three,executive,three_or_more,yes,yes
1410,good,more_than_200_DM,from_18_to_24,no_previous_credit_or_paid_back_all_previous_credits,used_car,from_0.5K_to_1K,more_than_1000_DM,from_4_to_7_years,less_than_20_percent,male_married_or_widowed,none,from_1_to_4_years,saving_contract_or_life_insurance,from_26_to_39,at_department_stores,rented_flat,one,skilled_worker,three_or_more,yes,yes
1411,good,more_than_200_DM,from_12_to_18,paid_back_previous_credits_at_this_bank,furniture,from_1K_to_1.5K,not_available_or_no_savings,from_1_to_4_years,less_than_20_percent,male_married_or_widowed,none,from_1_to_4_years,car_or_other,from_26_to_39,no_further_running_credits,rented_flat,two_or_three,skilled_worker,three_or_more,no,yes
1412,good,more_than_200_DM,from_18_to_24,no_previous_credit_or_paid_back_all_previous_credits,other,from_1K_to_1.5K,not_available_or_no_savings,from_1_to_4_years,from_20_to_35_percent,male_married_or_widowed,Guarantor,from_1_to_4_years,not_available_or_no_assets,from_26_to_39,no_further_running_credits,rented_flat,one,skilled_worker,three_or_more,yes,yes
1413,good,no_balance_or_debit,from_06_to_12,hesitant_pmt_of_previous_credit,vacation,from_1K_to_1.5K,not_available_or_no_savings,from_1_to_4_years,from_20_to_35_percent,male_married_or_widowed,none,from_1_to_4_years,not_available_or_no_assets,from_26_to_39,no_further_running_credits,rented_flat,one,unskilled_with_permanent_residence,three_or_more,yes,yes
1414,good,no_balance_or_debit,<06,no_problems_current_credit_at_bank,retraining,from_1K_to_1.5K,less_than_100_DM,more_than_7_years,more_than_35_percent,male_divorced_or_separated,none,from_1_to_4_years,saving_contract_or_life_insurance,from_26_to_39,at_other_banks,rented_flat,two_or_three,skilled_worker,up_to_two,no,yes
1415,good,no_balance_or_debit,from_06_to_12,no_previous_credit_or_paid_back_all_previous_credits,used_car,from_1.5K_to_2.5K,not_available_or_no_savings,from_1_to_4_years,less_than_20_percent,male_divorced_or_separated,none,from_1_to_4_years,saving_contract_or_life_insurance,from_26_to_39,no_further_running_credits,rented_flat,one,unskilled_with_permanent_residence,three_or_more,no,yes
1416,good,more_than_200_DM,from_12_to_18,paid_back_previous_credits_at_this_bank,repair,from_1.5K_to_2.5K,less_than_100_DM,from_1_to_4_years,less_than_20_percent,female_not_single_or_male_single,none,from_4_to_7_years,saving_contract_or_life_insurance,from_26_to_39,no_further_running_credits,rented_flat,one,skilled_worker,three_or_more,no,yes
1417,good,more_than_200_DM,from_06_to_12,no_previous_credit_or_paid_back_all_previous_credits,other,from_1.5K_to_2.5K,not_available_or_no_savings,from_1_to_4_years,from_20_to_25_percent,male_married_or_widowed,none,from_1_to_4_years,not_available_or_no_assets,from_26_to_39,no_further_running_credits,rented_flat,one,unskilled_with_permanent_residence,up_to_two,no,no
1418,good,more_than_200_DM,from_06_to_12,no_previous_credit_or_paid_back_all_previous_credits,used_car,from_1.5K_to_2.5K,not_available_or_no_savings,from_4_to_7_years,from_20_to_25_percent,female_not_single_or_male_single,none,more_than_7_years,not_available_or_no_assets,from_26_to_39,no_further_running_credits,rented_flat,one,unskilled_with_permanent_residence,three_or_more,no,yes
1419,bad,no_balance_or_debit,from_12_to_18,paid_back_previous_credits_at_this_bank,used_car,from_1.5K_to_2.5K,not_available_or_no_savings,less_than_1_year,from_20_to_35_percent,male_married_or_widowed,none,from_1_to_4_years,not_available_or_no_assets,from_26_to_39,no_further_running_credits,rented_flat,two_or_three,unskilled_with_permanent_residence,three_or_more,no,yes
1420,bad,no_balance_or_debit,from_18_to_24,paid_back_previous_credits_at_this_bank,retraining,from_1.5K_to_2.5K,not_available_or_no_savings,more_than_7_years,less_than_20_percent,male_divorced_or_separated,none,more_than_7_years,not_available_or_no_assets,from_26_to_39,no_further_running_credits,rented_flat,two_or_three,skilled_worker,three_or_more,yes,yes
1421,good,no_running_account,<06,paid_back_previous_credits_at_this_bank,furniture,from_1.5K_to_2.5K,not_available_or_no_savings,from_4_to_7_years,more_than_35_percent,female_not_single_or_male_single,none,more_than_7_years,saving_contract_or_life_insurance,from_26_to_39,no_further_running_credits,rented_flat,one,skilled_worker,three_or_more,no,yes
1422,good,more_than_200_DM,from_06_to_12,no_previous_credit_or_paid_back_all_previous_credits,furniture,from_1.5K_to_2.5K,not_available_or_no_savings,from_4_to_7_years,less_than_20_percent,male_married_or_widowed,none,from_1_to_4_years,saving_contract_or_life_insurance,from_26_to_39,no_further_running_credits,free_apartment,two_or_three,executive,up_to_two,yes,yes
1423,bad,no_running_account,from_30_to_36,no_previous_credit_or_paid_back_all_previous_credits,furniture,from_1.5K_to_2.5K,not_available_or_no_savings,from_1_to_4_years,less_than_20_percent,male_divorced_or_separated,none,more_than_7_years,saving_contract_or_life_insurance,from_26_to_39,no_further_running_credits,free_apartment,one,skilled_worker,three_or_more,no,yes
1424,good,more_than_200_DM,from_06_to_12,paid_back_previous_credits_at_this_bank,used_car,from_1.5K_to_2.5K,not_available_or_no_savings,unemployed,from_20_to_35_percent,male_married_or_widowed,none,from_4_to_7_years,saving_contract_or_life_insurance,from_26_to_39,no_further_running_credits,rented_flat,one,executive,three_or_more,no,yes
1425,bad,no_running_account,from_30_to_36,problematic_running_account,used_car,from_2.5K_to_5K,not_available_or_no_savings,more_than_7_years,less_than_20_percent,male_married_or_widowed,none,more_than_7_years,saving_contract_or_life_insurance,from_26_to_39,at_other_banks,rented_flat,one,skilled_worker,three_or_more,no,yes
1426,bad,more_than_200_DM,from_12_to_18,paid_back_previous_credits_at_this_bank,other,from_2.5K_to_5K,not_available_or_no_savings,from_4_to_7_years,from_20_to_35_percent,male_married_or_widowed,none,from_1_to_4_years,car_or_other,from_26_to_39,at_other_banks,rented_flat,two_or_three,skilled_worker,three_or_more,no,yes
1427,good,more_than_200_DM,from_18_to_24,no_previous_credit_or_paid_back_all_previous_credits,other,from_2.5K_to_5K,from_100_to_500_DM,from_4_to_7_years,more_than_35_percent,female_not_single_or_male_single,none,from_1_to_4_years,saving_contract_or_life_insurance,from_26_to_39,at_other_banks,rented_flat,one,executive,three_or_more,no,yes
1428,good,more_than_200_DM,from_06_to_12,no_previous_credit_or_paid_back_all_previous_credits,new_car,from_2.5K_to_5K,more_than_1000_DM,less_than_1_year,more_than_35_percent,female_not_single_or_male_single,none,more_than_7_years,not_available_or_no_assets,from_26_to_39,no_further_running_credits,free_apartment,one,skilled_worker,three_or_more,no,yes
1429,good,no_running_account,from_12_to_18,hesitant_pmt_of_previous_credit,retraining,from_2.5K_to_5K,not_available_or_no_savings,from_4_to_7_years,from_20_to_25_percent,male_married_or_widowed,none,less_than_1_year,car_or_other,from_26_to_39,at_other_banks,rented_flat,one,skilled_worker,three_or_more,yes,yes
1430,bad,no_running_account,from_24_to_30,no_previous_credit_or_paid_back_all_previous_credits,used_car,from_2.5K_to_5K,not_available_or_no_savings,less_than_1_year,from_20_to_35_percent,male_divorced_or_separated,none,more_than_7_years,car_or_other,from_26_to_39,no_further_running_credits,rented_flat,one,unskilled_with_permanent_residence,three_or_more,no,yes
1431,good,0_to_200_DM,from_18_to_24,paid_back_previous_credits_at_this_bank,furniture,from_2.5K_to_5K,more_than_1000_DM,from_1_to_4_years,from_20_to_25_percent,male_married_or_widowed,none,from_1_to_4_years,saving_contract_or_life_insurance,from_26_to_39,no_further_running_credits,rented_flat,two_or_three,skilled_worker,three_or_more,yes,yes
1432,bad,no_running_account,from_18_to_24,problematic_running_account,retraining,from_2.5K_to_5K,not_available_or_no_savings,from_1_to_4_years,less_than_20_percent,male_married_or_widowed,none,from_1_to_4_years,car_or_other,from_26_to_39,at_other_banks,free_apartment,one,skilled_worker,three_or_more,yes,yes
1433,good,more_than_200_DM,from_12_to_18,no_previous_credit_or_paid_back_all_previous_credits,new_car,from_2.5K_to_5K,more_than_1000_DM,from_1_to_4_years,from_20_to_35_percent,male_married_or_widowed,none,less_than_1_year,car_or_other,from_26_to_39,no_further_running_credits,rented_flat,one,skilled_worker,three_or_more,yes,yes
1434,good,more_than_200_DM,from_18_to_24,no_previous_credit_or_paid_back_all_previous_credits,furniture,from_2.5K_to_5K,from_100_to_500_DM,more_than_7_years,from_20_to_25_percent,male_married_or_widowed,none,from_1_to_4_years,saving_contract_or_life_insurance,from_26_to_39,no_further_running_credits,rented_flat,one,skilled_worker,up_to_two,yes,yes
1435,bad,more_than_200_DM,from_18_to_24,no_previous_credit_or_paid_back_all_previous_credits,furniture,from_2.5K_to_5K,less_than_100_DM,more_than_7_years,from_20_to_35_percent,male_married_or_widowed,none,more_than_7_years,saving_contract_or_life_insurance,from_26_to_39,no_further_running_credits,rented_flat,two_or_three,skilled_worker,three_or_more,no,yes
1436,good,no_running_account,from_06_to_12,no_previous_credit_or_paid_back_all_previous_credits,other,from_2.5K_to_5K,from_500_to_1000_DM,from_1_to_4_years,more_than_35_percent,male_married_or_widowed,none,from_4_to_7_years,car_or_other,from_26_to_39,no_further_running_credits,rented_flat,one,skilled_worker,up_to_two,no,yes
1437,good,0_to_200_DM,from_30_to_36,no_previous_credit_or_paid_back_all_previous_credits,furniture,from_2.5K_to_5K,not_available_or_no_savings,more_than_7_years,less_than_20_percent,male_married_or_widowed,none,from_1_to_4_years,saving_contract_or_life_insurance,from_26_to_39,no_further_running_credits,rented_flat,one,skilled_worker,three_or_more,no,yes
1438,bad,no_running_account,from_18_to_24,no_previous_credit_or_paid_back_all_previous_credits,other,from_2.5K_to_5K,not_available_or_no_savings,from_4_to_7_years,from_20_to_35_percent,male_married_or_widowed,Co-Applicant,from_4_to_7_years,car_or_other,from_26_to_39,no_further_running_credits,rented_flat,one,skilled_worker,three_or_more,yes,yes
1439,good,more_than_200_DM,from_30_to_36,no_previous_credit_or_paid_back_all_previous_credits,retraining,from_5K_to_7.5K,less_than_100_DM,from_4_to_7_years,from_20_to_35_percent,male_married_or_widowed,none,from_1_to_4_years,saving_contract_or_life_insurance,from_26_to_39,no_further_running_credits,rented_flat,two_or_three,skilled_worker,three_or_more,yes,yes
1440,good,more_than_200_DM,from_42_to_48,paid_back_previous_credits_at_this_bank,repair,from_5K_to_7.5K,not_available_or_no_savings,from_1_to_4_years,more_than_35_percent,male_married_or_widowed,none,from_4_to_7_years,house_or_land,from_26_to_39,at_other_banks,owner_occupied_flat,one,skilled_worker,three_or_more,yes,yes
1441,good,no_balance_or_debit,from_18_to_24,hesitant_pmt_of_previous_credit,new_car,from_5K_to_7.5K,less_than_100_DM,more_than_7_years,from_20_to_25_percent,female_single,none,more_than_7_years,saving_contract_or_life_insurance,from_26_to_39,at_other_banks,rented_flat,two_or_three,skilled_worker,three_or_more,yes,yes
1442,bad,no_running_account,from_24_to_30,no_previous_credit_or_paid_back_all_previous_credits,used_car,from_5K_to_7.5K,more_than_1000_DM,more_than_7_years,less_than_20_percent,male_married_or_widowed,none,more_than_7_years,car_or_other,from_26_to_39,no_further_running_credits,rented_flat,one,skilled_worker,three_or_more,no,yes
1443,bad,no_running_account,from_42_to_48,no_previous_credit_or_paid_back_all_previous_credits,furniture,from_5K_to_7.5K,not_available_or_no_savings,from_1_to_4_years,from_20_to_25_percent,female_not_single_or_male_single,none,from_1_to_4_years,saving_contract_or_life_insurance,from_26_to_39,no_further_running_credits,rented_flat,one,skilled_worker,three_or_more,yes,yes
1444,good,no_balance_or_debit,from_42_to_48,no_problems_current_credit_at_bank,business,from_7.5K_to_10K,less_than_100_DM,unemployed,from_20_to_35_percent,male_married_or_widowed,none,more_than_7_years,house_or_land,from_26_to_39,no_further_running_credits,rented_flat,one,executive,three_or_more,yes,yes
1445,good,more_than_200_DM,from_30_to_36,no_problems_current_credit_at_bank,new_car,from_7.5K_to_10K,more_than_1000_DM,from_4_to_7_years,from_20_to_25_percent,male_married_or_widowed,none,from_1_to_4_years,saving_contract_or_life_insurance,from_26_to_39,at_department_stores,rented_flat,one,executive,up_to_two,yes,yes
1446,good,more_than_200_DM,from_30_to_36,paid_back_previous_credits_at_this_bank,furniture,from_7.5K_to_10K,not_available_or_no_savings,from_1_to_4_years,from_20_to_35_percent,female_not_single_or_male_single,none,from_1_to_4_years,saving_contract_or_life_insurance,from_26_to_39,at_department_stores,rented_flat,two_or_three,skilled_worker,three_or_more,no,yes
1447,good,no_balance_or_debit,from_30_to_36,no_problems_current_credit_at_bank,retraining,from_7.5K_to_10K,less_than_100_DM,from_4_to_7_years,more_than_35_percent,male_married_or_widowed,none,from_4_to_7_years,car_or_other,from_26_to_39,no_further_running_credits,rented_flat,two_or_three,unskilled_with_permanent_residence,up_to_two,yes,yes
1448,good,more_than_200_DM,from_12_to_18,paid_back_previous_credits_at_this_bank,furniture,from_0.5K_to_1K,from_100_to_500_DM,more_than_7_years,less_than_20_percent,male_married_or_widowed,none,from_4_to_7_years,car_or_other,from_26_to_39,at_other_banks,rented_flat,two_or_three,executive,three_or_more,yes,yes
1449,good,more_than_200_DM,from_06_to_12,paid_back_previous_credits_at_this_bank,repair,from_0.5K_to_1K,not_available_or_no_savings,from_1_to_4_years,less_than_20_percent,male_married_or_widowed,none,from_1_to_4_years,saving_contract_or_life_insurance,from_26_to_39,no_further_running_credits,rented_flat,two_or_three,skilled_worker,three_or_more,no,yes
1450,bad,no_balance_or_debit,<06,problematic_running_account,other,from_0.5K_to_1K,less_than_100_DM,less_than_1_year,more_than_35_percent,female_not_single_or_male_single,none,less_than_1_year,car_or_other,from_26_to_39,at_department_stores,rented_flat,one,unskilled_with_permanent_residence,three_or_more,no,yes
1451,bad,no_balance_or_debit,from_06_to_12,paid_back_previous_credits_at_this_bank,repair,from_1K_to_1.5K,from_500_to_1000_DM,more_than_7_years,less_than_20_percent,male_married_or_widowed,none,from_4_to_7_years,house_or_land,from_26_to_39,no_further_running_credits,owner_occupied_flat,two_or_three,skilled_worker,up_to_two,no,yes
1452,good,more_than_200_DM,from_06_to_12,paid_back_previous_credits_at_this_bank,other,from_1K_to_1.5K,not_available_or_no_savings,more_than_7_years,from_20_to_25_percent,male_married_or_widowed,none,more_than_7_years,not_available_or_no_assets,from_26_to_39,no_further_running_credits,rented_flat,two_or_three,unskilled_with_permanent_residence,up_to_two,no,no
1453,bad,no_running_account,from_18_to_24,no_previous_credit_or_paid_back_all_previous_credits,furniture,from_1K_to_1.5K,less_than_100_DM,from_1_to_4_years,less_than_20_percent,female_not_single_or_male_single,none,from_1_to_4_years,saving_contract_or_life_insurance,from_26_to_39,no_further_running_credits,rented_flat,one,unskilled_with_permanent_residence,three_or_more,no,yes
1454,bad,no_running_account,from_18_to_24,no_previous_credit_or_paid_back_all_previous_credits,other,from_1K_to_1.5K,more_than_1000_DM,from_4_to_7_years,less_than_20_percent,female_not_single_or_male_single,none,more_than_7_years,house_or_land,from_26_to_39,no_further_running_credits,free_apartment,one,skilled_worker,three_or_more,no,yes
1455,good,no_balance_or_debit,from_12_to_18,no_previous_credit_or_paid_back_all_previous_credits,furniture,from_1K_to_1.5K,not_available_or_no_savings,more_than_7_years,less_than_20_percent,female_single,Guarantor,from_1_to_4_years,not_available_or_no_assets,from_26_to_39,no_further_running_credits,rented_flat,one,unskilled_with_permanent_residence,three_or_more,no,yes
1456,bad,no_running_account,from_12_to_18,problematic_running_account,other,from_1K_to_1.5K,not_available_or_no_savings,from_4_to_7_years,less_than_20_percent,male_married_or_widowed,none,more_than_7_years,house_or_land,from_26_to_39,at_other_banks,owner_occupied_flat,two_or_three,unskilled_with_permanent_residence,up_to_two,no,yes
1457,good,more_than_200_DM,from_12_to_18,no_previous_credit_or_paid_back_all_previous_credits,furniture,from_1.5K_to_2.5K,not_available_or_no_savings,from_1_to_4_years,less_than_20_percent,male_married_or_widowed,none,from_1_to_4_years,house_or_land,from_26_to_39,no_further_running_credits,owner_occupied_flat,one,executive,three_or_more,yes,yes
1458,bad,more_than_200_DM,from_12_to_18,paid_back_previous_credits_at_this_bank,other,from_1.5K_to_2.5K,not_available_or_no_savings,from_1_to_4_years,from_20_to_25_percent,male_married_or_widowed,none,from_1_to_4_years,car_or_other,from_26_to_39,at_other_banks,rented_flat,two_or_three,skilled_worker,three_or_more,no,yes
1459,good,more_than_200_DM,from_18_to_24,no_previous_credit_or_paid_back_all_previous_credits,furniture,from_1.5K_to_2.5K,not_available_or_no_savings,from_4_to_7_years,from_20_to_25_percent,male_married_or_widowed,none,less_than_1_year,saving_contract_or_life_insurance,from_26_to_39,at_other_banks,rented_flat,one,skilled_worker,up_to_two,no,yes
1460,good,no_running_account,from_12_to_18,paid_back_previous_credits_at_this_bank,furniture,from_1.5K_to_2.5K,not_available_or_no_savings,from_4_to_7_years,less_than_20_percent,female_single,none,less_than_1_year,car_or_other,from_26_to_39,no_further_running_credits,rented_flat,two_or_three,executive,three_or_more,yes,yes
1461,bad,no_running_account,from_18_to_24,no_previous_credit_or_paid_back_all_previous_credits,furniture,from_1.5K_to_2.5K,not_available_or_no_savings,less_than_1_year,less_than_20_percent,male_divorced_or_separated,none,from_4_to_7_years,car_or_other,from_26_to_39,no_further_running_credits,rented_flat,one,skilled_worker,three_or_more,no,yes
1462,good,no_balance_or_debit,from_30_to_36,no_previous_credit_or_paid_back_all_previous_credits,repair,from_1.5K_to_2.5K,not_available_or_no_savings,from_4_to_7_years,from_20_to_25_percent,male_married_or_widowed,none,less_than_1_year,saving_contract_or_life_insurance,from_26_to_39,no_further_running_credits,rented_flat,two_or_three,skilled_worker,up_to_two,no,yes
1463,good,no_running_account,from_18_to_24,problematic_running_account,other,from_1.5K_to_2.5K,less_than_100_DM,from_4_to_7_years,from_20_to_35_percent,male_married_or_widowed,none,from_4_to_7_years,saving_contract_or_life_insurance,from_26_to_39,at_other_banks,rented_flat,one,skilled_worker,three_or_more,no,yes
1464,good,no_balance_or_debit,from_24_to_30,no_previous_credit_or_paid_back_all_previous_credits,retraining,from_2.5K_to_5K,not_available_or_no_savings,less_than_1_year,less_than_20_percent,female_not_single_or_male_single,none,less_than_1_year,car_or_other,from_26_to_39,no_further_running_credits,rented_flat,one,skilled_worker,up_to_two,yes,yes
1465,good,more_than_200_DM,from_12_to_18,no_previous_credit_or_paid_back_all_previous_credits,other,from_2.5K_to_5K,more_than_1000_DM,from_4_to_7_years,less_than_20_percent,male_married_or_widowed,none,from_4_to_7_years,car_or_other,from_26_to_39,no_further_running_credits,rented_flat,one,skilled_worker,three_or_more,no,no
1466,good,more_than_200_DM,from_06_to_12,no_previous_credit_or_paid_back_all_previous_credits,furniture,from_2.5K_to_5K,not_available_or_no_savings,from_1_to_4_years,more_than_35_percent,male_married_or_widowed,none,from_1_to_4_years,not_available_or_no_assets,from_26_to_39,no_further_running_credits,rented_flat,one,skilled_worker,up_to_two,no,yes
1467,good,no_balance_or_debit,from_18_to_24,paid_back_previous_credits_at_this_bank,used_car,from_2.5K_to_5K,from_500_to_1000_DM,from_4_to_7_years,from_20_to_25_percent,male_married_or_widowed,none,from_1_to_4_years,saving_contract_or_life_insurance,from_26_to_39,no_further_running_credits,rented_flat,two_or_three,skilled_worker,three_or_more,yes,yes
1468,good,more_than_200_DM,from_06_to_12,no_previous_credit_or_paid_back_all_previous_credits,new_car,from_2.5K_to_5K,less_than_100_DM,from_1_to_4_years,more_than_35_percent,male_married_or_widowed,Co-Applicant,from_1_to_4_years,not_available_or_no_assets,from_26_to_39,no_further_running_credits,rented_flat,one,skilled_worker,up_to_two,no,yes
1469,good,more_than_200_DM,<06,no_previous_credit_or_paid_back_all_previous_credits,used_car,from_2.5K_to_5K,from_100_to_500_DM,from_1_to_4_years,more_than_35_percent,male_married_or_widowed,none,from_1_to_4_years,saving_contract_or_life_insurance,from_26_to_39,no_further_running_credits,rented_flat,one,skilled_worker,three_or_more,yes,yes
1470,good,more_than_200_DM,from_18_to_24,no_problems_current_credit_at_bank,retraining,from_2.5K_to_5K,more_than_1000_DM,from_1_to_4_years,less_than_20_percent,male_married_or_widowed,none,more_than_7_years,not_available_or_no_assets,from_26_to_39,no_further_running_credits,rented_flat,two_or_three,skilled_worker,up_to_two,yes,yes
1471,good,more_than_200_DM,from_18_to_24,no_previous_credit_or_paid_back_all_previous_credits,used_car,from_2.5K_to_5K,from_100_to_500_DM,more_than_7_years,less_than_20_percent,male_married_or_widowed,none,from_4_to_7_years,house_or_land,from_26_to_39,no_further_running_credits,free_apartment,one,skilled_worker,three_or_more,yes,yes
1472,good,more_than_200_DM,from_18_to_24,no_problems_current_credit_at_bank,retraining,from_2.5K_to_5K,not_available_or_no_savings,from_1_to_4_years,more_than_35_percent,male_married_or_widowed,none,from_1_to_4_years,house_or_land,from_26_to_39,no_further_running_credits,owner_occupied_flat,one,skilled_worker,three_or_more,no,yes
1473,good,more_than_200_DM,from_24_to_30,paid_back_previous_credits_at_this_bank,used_car,from_2.5K_to_5K,from_500_to_1000_DM,less_than_1_year,less_than_20_percent,male_married_or_widowed,none,from_1_to_4_years,not_available_or_no_assets,from_26_to_39,at_department_stores,rented_flat,two_or_three,unskilled_with_permanent_residence,up_to_two,yes,yes
1474,good,no_running_account,from_24_to_30,hesitant_pmt_of_previous_credit,used_car,from_2.5K_to_5K,not_available_or_no_savings,from_1_to_4_years,from_20_to_35_percent,male_divorced_or_separated,Guarantor,from_1_to_4_years,not_available_or_no_assets,from_26_to_39,no_further_running_credits,rented_flat,two_or_three,skilled_worker,three_or_more,no,yes
1475,good,more_than_200_DM,from_12_to_18,no_previous_credit_or_paid_back_all_previous_credits,furniture,from_2.5K_to_5K,not_available_or_no_savings,less_than_1_year,from_20_to_25_percent,male_married_or_widowed,none,from_1_to_4_years,saving_contract_or_life_insurance,from_26_to_39,no_further_running_credits,rented_flat,one,skilled_worker,three_or_more,yes,yes
1476,bad,more_than_200_DM,<06,no_previous_credit_or_paid_back_all_previous_credits,used_car,from_2.5K_to_5K,not_available_or_no_savings,less_than_1_year,more_than_35_percent,female_not_single_or_male_single,none,more_than_7_years,car_or_other,from_26_to_39,no_further_running_credits,rented_flat,one,skilled_worker,three_or_more,no,yes
1477,good,more_than_200_DM,from_30_to_36,no_previous_credit_or_paid_back_all_previous_credits,new_car,from_2.5K_to_5K,not_available_or_no_savings,from_1_to_4_years,from_20_to_35_percent,male_married_or_widowed,none,from_1_to_4_years,house_or_land,from_26_to_39,no_further_running_credits,owner_occupied_flat,one,executive,three_or_more,yes,yes
1478,good,no_balance_or_debit,from_06_to_12,no_previous_credit_or_paid_back_all_previous_credits,other,from_5K_to_7.5K,not_available_or_no_savings,from_4_to_7_years,from_20_to_35_percent,male_married_or_widowed,none,from_1_to_4_years,saving_contract_or_life_insurance,from_26_to_39,no_further_running_credits,rented_flat,one,skilled_worker,three_or_more,no,yes
1479,good,more_than_200_DM,from_42_to_48,no_problems_current_credit_at_bank,furniture,from_5K_to_7.5K,more_than_1000_DM,more_than_7_years,from_20_to_25_percent,male_married_or_widowed,none,from_4_to_7_years,saving_contract_or_life_insurance,from_26_to_39,at_other_banks,rented_flat,two_or_three,skilled_worker,up_to_two,no,yes
1480,good,no_balance_or_debit,from_36_to_42,no_problems_current_credit_at_bank,repair,from_10K_to_15K,less_than_100_DM,from_4_to_7_years,from_20_to_35_percent,male_married_or_widowed,none,from_4_to_7_years,house_or_land,from_26_to_39,no_further_running_credits,free_apartment,one,skilled_worker,three_or_more,yes,yes
1481,bad,no_balance_or_debit,from_42_to_48,hesitant_pmt_of_previous_credit,business,from_15K_to_20K,not_available_or_no_savings,from_1_to_4_years,more_than_35_percent,female_not_single_or_male_single,none,from_1_to_4_years,car_or_other,from_26_to_39,at_other_banks,rented_flat,one,executive,three_or_more,yes,no
1482,bad,no_running_account,from_06_to_12,no_previous_credit_or_paid_back_all_previous_credits,furniture,from_0.5K_to_1K,less_than_100_DM,less_than_1_year,less_than_20_percent,female_single,none,from_4_to_7_years,house_or_land,from_26_to_39,no_further_running_credits,rented_flat,one,unskilled_with_permanent_residence,three_or_more,yes,yes
1483,bad,more_than_200_DM,from_06_to_12,paid_back_previous_credits_at_this_bank,furniture,from_0.5K_to_1K,more_than_1000_DM,more_than_7_years,less_than_20_percent,female_not_single_or_male_single,none,from_4_to_7_years,car_or_other,from_26_to_39,no_further_running_credits,rented_flat,one,unskilled_with_permanent_residence,up_to_two,no,yes
1484,bad,no_running_account,from_12_to_18,hesitant_pmt_of_previous_credit,other,from_0.5K_to_1K,not_available_or_no_savings,more_than_7_years,less_than_20_percent,male_married_or_widowed,none,from_4_to_7_years,saving_contract_or_life_insurance,from_26_to_39,no_further_running_credits,free_apartment,two_or_three,skilled_worker,up_to_two,no,yes
1485,bad,no_balance_or_debit,from_12_to_18,no_previous_credit_or_paid_back_all_previous_credits,other,from_1K_to_1.5K,more_than_1000_DM,from_1_to_4_years,less_than_20_percent,female_not_single_or_male_single,none,from_1_to_4_years,car_or_other,from_26_to_39,no_further_running_credits,rented_flat,one,skilled_worker,three_or_more,no,yes
1486,bad,no_running_account,from_12_to_18,no_previous_credit_or_paid_back_all_previous_credits,used_car,from_1K_to_1.5K,not_available_or_no_savings,unemployed,less_than_20_percent,female_not_single_or_male_single,none,from_1_to_4_years,saving_contract_or_life_insurance,from_26_to_39,no_further_running_credits,rented_flat,one,skilled_worker,three_or_more,no,yes
1487,bad,no_balance_or_debit,from_12_to_18,paid_back_previous_credits_at_this_bank,furniture,from_1K_to_1.5K,not_available_or_no_savings,from_1_to_4_years,less_than_20_percent,female_single,none,from_1_to_4_years,saving_contract_or_life_insurance,from_26_to_39,no_further_running_credits,rented_flat,one,skilled_worker,three_or_more,no,yes
1488,good,no_balance_or_debit,from_06_to_12,no_previous_credit_or_paid_back_all_previous_credits,furniture,from_1K_to_1.5K,not_available_or_no_savings,from_1_to_4_years,less_than_20_percent,male_married_or_widowed,Guarantor,from_1_to_4_years,not_available_or_no_assets,from_26_to_39,no_further_running_credits,rented_flat,one,skilled_worker,three_or_more,no,no
1489,good,0_to_200_DM,from_06_to_12,no_previous_credit_or_paid_back_all_previous_credits,used_car,from_1K_to_1.5K,not_available_or_no_savings,less_than_1_year,less_than_20_percent,female_not_single_or_male_single,none,less_than_1_year,car_or_other,from_26_to_39,at_other_banks,rented_flat,one,executive,three_or_more,yes,yes
1490,good,more_than_200_DM,from_18_to_24,no_previous_credit_or_paid_back_all_previous_credits,other,from_1K_to_1.5K,less_than_100_DM,less_than_1_year,less_than_20_percent,female_single,none,from_4_to_7_years,not_available_or_no_assets,from_26_to_39,no_further_running_credits,rented_flat,one,skilled_worker,three_or_more,yes,yes
1491,good,more_than_200_DM,from_12_to_18,no_problems_current_credit_at_bank,furniture,from_1K_to_1.5K,not_available_or_no_savings,from_1_to_4_years,less_than_20_percent,female_single,none,from_4_to_7_years,not_available_or_no_assets,from_26_to_39,at_other_banks,rented_flat,two_or_three,skilled_worker,three_or_more,no,yes
1492,good,more_than_200_DM,<06,no_previous_credit_or_paid_back_all_previous_credits,used_car,from_1.5K_to_2.5K,from_500_to_1000_DM,from_1_to_4_years,less_than_20_percent,male_divorced_or_separated,none,from_1_to_4_years,not_available_or_no_assets,from_26_to_39,no_further_running_credits,rented_flat,one,skilled_worker,three_or_more,no,yes
1493,good,more_than_200_DM,from_18_to_24,paid_back_previous_credits_at_this_bank,furniture,from_1.5K_to_2.5K,not_available_or_no_savings,from_4_to_7_years,less_than_20_percent,female_single,Guarantor,from_1_to_4_years,saving_contract_or_life_insurance,from_26_to_39,no_further_running_credits,rented_flat,two_or_three,skilled_worker,three_or_more,yes,yes
1494,good,more_than_200_DM,from_18_to_24,paid_back_previous_credits_at_this_bank,repair,from_1.5K_to_2.5K,more_than_1000_DM,from_1_to_4_years,from_20_to_25_percent,female_not_single_or_male_single,none,from_1_to_4_years,saving_contract_or_life_insurance,from_26_to_39,no_further_running_credits,rented_flat,two_or_three,skilled_worker,three_or_more,yes,yes
1495,good,more_than_200_DM,from_12_to_18,no_previous_credit_or_paid_back_all_previous_credits,furniture,from_1.5K_to_2.5K,not_available_or_no_savings,less_than_1_year,less_than_20_percent,male_married_or_widowed,none,less_than_1_year,not_available_or_no_assets,from_26_to_39,no_further_running_credits,rented_flat,one,skilled_worker,three_or_more,no,yes
1496,good,more_than_200_DM,from_18_to_24,paid_back_previous_credits_at_this_bank,household_appliances,from_1.5K_to_2.5K,not_available_or_no_savings,from_1_to_4_years,less_than_20_percent,male_divorced_or_separated,none,from_1_to_4_years,not_available_or_no_assets,from_26_to_39,no_further_running_credits,rented_flat,two_or_three,skilled_worker,three_or_more,yes,yes
1497,good,more_than_200_DM,from_12_to_18,no_previous_credit_or_paid_back_all_previous_credits,used_car,from_1.5K_to_2.5K,more_than_1000_DM,from_4_to_7_years,more_than_35_percent,female_not_single_or_male_single,none,more_than_7_years,not_available_or_no_assets,from_26_to_39,at_other_banks,free_apartment,one,unskilled_with_permanent_residence,three_or_more,no,yes
1498,bad,no_running_account,from_18_to_24,paid_back_previous_credits_at_this_bank,other,from_1.5K_to_2.5K,not_available_or_no_savings,from_1_to_4_years,less_than_20_percent,female_single,Guarantor,from_1_to_4_years,car_or_other,from_26_to_39,at_other_banks,free_apartment,two_or_three,skilled_worker,three_or_more,no,no
1499,bad,0_to_200_DM,from_18_to_24,paid_back_previous_credits_at_this_bank,repair,from_1.5K_to_2.5K,not_available_or_no_savings,less_than_1_year,from_20_to_35_percent,male_divorced_or_separated,none,less_than_1_year,saving_contract_or_life_insurance,from_26_to_39,no_further_running_credits,free_apartment,one,skilled_worker,three_or_more,no,yes
1500,bad,no_running_account,from_18_to_24,no_previous_credit_or_paid_back_all_previous_credits,used_car,from_1.5K_to_2.5K,less_than_100_DM,unemployed,more_than_35_percent,male_divorced_or_separated,none,less_than_1_year,car_or_other,from_26_to_39,no_further_running_credits,rented_flat,one,skilled_worker,three_or_more,no,yes
1501,bad,no_balance_or_debit,from_30_to_36,no_previous_credit_or_paid_back_all_previous_credits,household_appliances,from_1.5K_to_2.5K,not_available_or_no_savings,less_than_1_year,less_than_20_percent,male_married_or_widowed,none,less_than_1_year,house_or_land,from_26_to_39,no_further_running_credits,free_apartment,one,unskilled_with_permanent_residence,three_or_more,no,yes
1502,bad,no_running_account,from_06_to_12,no_previous_credit_or_paid_back_all_previous_credits,other,from_2.5K_to_5K,not_available_or_no_savings,less_than_1_year,less_than_20_percent,male_married_or_widowed,none,less_than_1_year,not_available_or_no_assets,from_26_to_39,no_further_running_credits,rented_flat,one,unskilled_with_permanent_residence,up_to_two,no,yes
1503,good,more_than_200_DM,from_24_to_30,paid_back_previous_credits_at_this_bank,furniture,from_2.5K_to_5K,not_available_or_no_savings,from_1_to_4_years,less_than_20_percent,female_not_single_or_male_single,none,from_1_to_4_years,saving_contract_or_life_insurance,from_26_to_39,no_further_running_credits,rented_flat,one,skilled_worker,three_or_more,yes,yes
1504,good,more_than_200_DM,from_12_to_18,no_previous_credit_or_paid_back_all_previous_credits,new_car,from_2.5K_to_5K,not_available_or_no_savings,from_4_to_7_years,from_20_to_35_percent,male_married_or_widowed,none,from_1_to_4_years,saving_contract_or_life_insurance,from_26_to_39,no_further_running_credits,rented_flat,one,skilled_worker,three_or_more,no,yes
1505,good,more_than_200_DM,from_06_to_12,paid_back_previous_credits_at_this_bank,furniture,from_2.5K_to_5K,more_than_1000_DM,from_1_to_4_years,more_than_35_percent,male_married_or_widowed,none,from_1_to_4_years,not_available_or_no_assets,from_26_to_39,no_further_running_credits,rented_flat,two_or_three,skilled_worker,up_to_two,no,yes
1506,good,no_balance_or_debit,from_06_to_12,no_previous_credit_or_paid_back_all_previous_credits,other,from_2.5K_to_5K,more_than_1000_DM,from_1_to_4_years,more_than_35_percent,female_not_single_or_male_single,none,from_1_to_4_years,not_available_or_no_assets,from_26_to_39,no_further_running_credits,rented_flat,one,unskilled_with_permanent_residence,three_or_more,no,yes
1507,good,no_balance_or_debit,from_12_to_18,hesitant_pmt_of_previous_credit,used_car,from_2.5K_to_5K,not_available_or_no_savings,from_1_to_4_years,more_than_35_percent,female_not_single_or_male_single,none,more_than_7_years,saving_contract_or_life_insurance,from_26_to_39,at_other_banks,rented_flat,two_or_three,skilled_worker,three_or_more,yes,yes
1508,bad,no_running_account,from_12_to_18,paid_back_previous_credits_at_this_bank,other,from_2.5K_to_5K,not_available_or_no_savings,more_than_7_years,more_than_35_percent,female_not_single_or_male_single,none,more_than_7_years,not_available_or_no_assets,from_26_to_39,at_other_banks,free_apartment,four_or_five,skilled_worker,three_or_more,yes,yes
1509,good,no_balance_or_debit,from_12_to_18,no_previous_credit_or_paid_back_all_previous_credits,retraining,from_2.5K_to_5K,not_available_or_no_savings,more_than_7_years,more_than_35_percent,male_married_or_widowed,Co-Applicant,less_than_1_year,not_available_or_no_assets,from_26_to_39,at_other_banks,rented_flat,one,executive,three_or_more,yes,yes
1510,bad,more_than_200_DM,from_42_to_48,no_previous_credit_or_paid_back_all_previous_credits,retraining,from_2.5K_to_5K,not_available_or_no_savings,unemployed,from_20_to_25_percent,male_married_or_widowed,none,from_1_to_4_years,saving_contract_or_life_insurance,from_26_to_39,no_further_running_credits,free_apartment,one,executive,three_or_more,yes,yes
1511,good,more_than_200_DM,from_18_to_24,paid_back_previous_credits_at_this_bank,used_car,from_5K_to_7.5K,not_available_or_no_savings,more_than_7_years,less_than_20_percent,male_married_or_widowed,none,more_than_7_years,saving_contract_or_life_insurance,from_26_to_39,no_further_running_credits,rented_flat,one,skilled_worker,three_or_more,yes,yes
1512,good,more_than_200_DM,from_12_to_18,paid_back_previous_credits_at_this_bank,furniture,from_5K_to_7.5K,not_available_or_no_savings,more_than_7_years,from_20_to_25_percent,male_married_or_widowed,none,more_than_7_years,saving_contract_or_life_insurance,from_26_to_39,no_further_running_credits,rented_flat,two_or_three,skilled_worker,three_or_more,yes,yes
1513,good,0_to_200_DM,from_36_to_42,hesitant_pmt_of_previous_credit,retraining,from_5K_to_7.5K,not_available_or_no_savings,less_than_1_year,from_20_to_35_percent,male_divorced_or_separated,none,less_than_1_year,car_or_other,from_26_to_39,no_further_running_credits,rented_flat,two_or_three,skilled_worker,three_or_more,no,yes
1514,good,no_balance_or_debit,from_18_to_24,no_problems_current_credit_at_bank,furniture,from_5K_to_7.5K,not_available_or_no_savings,less_than_1_year,more_than_35_percent,male_married_or_widowed,none,from_1_to_4_years,saving_contract_or_life_insurance,from_26_to_39,no_further_running_credits,rented_flat,one,skilled_worker,three_or_more,no,yes
1515,bad,0_to_200_DM,from_06_to_12,hesitant_pmt_of_previous_credit,furniture,from_1K_to_1.5K,not_available_or_no_savings,less_than_1_year,less_than_20_percent,male_married_or_widowed,none,from_1_to_4_years,saving_contract_or_life_insurance,from_26_to_39,no_further_running_credits,rented_flat,two_or_three,executive,three_or_more,yes,yes
1516,good,more_than_200_DM,from_06_to_12,no_previous_credit_or_paid_back_all_previous_credits,furniture,from_1K_to_1.5K,not_available_or_no_savings,less_than_1_year,less_than_20_percent,female_not_single_or_male_single,none,from_4_to_7_years,saving_contract_or_life_insurance,from_26_to_39,no_further_running_credits,rented_flat,one,skilled_worker,up_to_two,no,yes
1517,bad,no_balance_or_debit,from_06_to_12,paid_back_previous_credits_at_this_bank,repair,from_1.5K_to_2.5K,not_available_or_no_savings,more_than_7_years,from_20_to_35_percent,female_not_single_or_male_single,none,from_4_to_7_years,saving_contract_or_life_insurance,from_26_to_39,no_further_running_credits,rented_flat,two_or_three,executive,three_or_more,yes,yes
1518,good,more_than_200_DM,from_18_to_24,no_previous_credit_or_paid_back_all_previous_credits,other,from_1.5K_to_2.5K,from_500_to_1000_DM,from_4_to_7_years,less_than_20_percent,female_not_single_or_male_single,none,from_4_to_7_years,saving_contract_or_life_insurance,from_26_to_39,no_further_running_credits,rented_flat,one,skilled_worker,up_to_two,yes,yes
1519,good,more_than_200_DM,from_12_to_18,problematic_running_account,furniture,from_1.5K_to_2.5K,less_than_100_DM,more_than_7_years,less_than_20_percent,male_married_or_widowed,none,more_than_7_years,saving_contract_or_life_insurance,from_26_to_39,at_other_banks,rented_flat,one,unskilled_with_permanent_residence,up_to_two,no,yes
1520,good,more_than_200_DM,from_18_to_24,no_problems_current_credit_at_bank,used_car,from_1.5K_to_2.5K,less_than_100_DM,from_4_to_7_years,less_than_20_percent,male_married_or_widowed,none,from_4_to_7_years,not_available_or_no_assets,from_26_to_39,no_further_running_credits,rented_flat,two_or_three,executive,three_or_more,no,yes
1521,good,more_than_200_DM,<06,no_problems_current_credit_at_bank,retraining,from_1.5K_to_2.5K,less_than_100_DM,from_1_to_4_years,more_than_35_percent,male_married_or_widowed,none,from_1_to_4_years,not_available_or_no_assets,from_26_to_39,no_further_running_credits,rented_flat,two_or_three,unskilled_with_permanent_residence,three_or_more,no,yes
1522,bad,no_balance_or_debit,from_18_to_24,problematic_running_account,repair,from_1.5K_to_2.5K,not_available_or_no_savings,from_4_to_7_years,less_than_20_percent,female_not_single_or_male_single,none,more_than_7_years,house_or_land,from_26_to_39,at_other_banks,owner_occupied_flat,one,unskilled_with_permanent_residence,three_or_more,no,yes
1523,bad,no_running_account,from_30_to_36,no_previous_credit_or_paid_back_all_previous_credits,other,from_1.5K_to_2.5K,not_available_or_no_savings,less_than_1_year,less_than_20_percent,female_not_single_or_male_single,none,more_than_7_years,saving_contract_or_life_insurance,from_26_to_39,no_further_running_credits,rented_flat,one,skilled_worker,three_or_more,yes,yes
1524,good,no_balance_or_debit,from_06_to_12,paid_back_previous_credits_at_this_bank,new_car,from_1.5K_to_2.5K,not_available_or_no_savings,unemployed,less_than_20_percent,male_married_or_widowed,none,from_1_to_4_years,saving_contract_or_life_insurance,from_26_to_39,no_further_running_credits,rented_flat,two_or_three,executive,three_or_more,yes,yes
1525,good,more_than_200_DM,<06,paid_back_previous_credits_at_this_bank,furniture,from_1.5K_to_2.5K,more_than_1000_DM,from_1_to_4_years,more_than_35_percent,male_married_or_widowed,none,from_1_to_4_years,not_available_or_no_assets,from_26_to_39,no_further_running_credits,rented_flat,two_or_three,unskilled_with_permanent_residence,up_to_two,no,yes
1526,good,more_than_200_DM,from_12_to_18,no_previous_credit_or_paid_back_all_previous_credits,retraining,from_1.5K_to_2.5K,not_available_or_no_savings,from_4_to_7_years,less_than_20_percent,male_married_or_widowed,none,less_than_1_year,saving_contract_or_life_insurance,from_26_to_39,at_department_stores,rented_flat,two_or_three,skilled_worker,three_or_more,yes,yes
1527,bad,no_balance_or_debit,from_18_to_24,no_problems_current_credit_at_bank,used_car,from_1.5K_to_2.5K,not_available_or_no_savings,unemployed,from_20_to_25_percent,female_not_single_or_male_single,none,from_1_to_4_years,car_or_other,from_26_to_39,no_further_running_credits,rented_flat,one,executive,three_or_more,yes,yes
1528,good,more_than_200_DM,from_12_to_18,no_problems_current_credit_at_bank,furniture,from_1.5K_to_2.5K,not_available_or_no_savings,unemployed,from_20_to_35_percent,female_single,none,from_4_to_7_years,not_available_or_no_assets,from_26_to_39,no_further_running_credits,rented_flat,two_or_three,skilled_worker,three_or_more,no,yes
1529,good,no_balance_or_debit,from_06_to_12,no_previous_credit_or_paid_back_all_previous_credits,furniture,from_1.5K_to_2.5K,not_available_or_no_savings,from_1_to_4_years,from_20_to_25_percent,male_married_or_widowed,Guarantor,from_1_to_4_years,not_available_or_no_assets,from_26_to_39,no_further_running_credits,rented_flat,one,skilled_worker,three_or_more,no,yes
1530,good,more_than_200_DM,from_18_to_24,paid_back_previous_credits_at_this_bank,furniture,from_2.5K_to_5K,from_500_to_1000_DM,more_than_7_years,from_20_to_35_percent,male_married_or_widowed,none,from_1_to_4_years,saving_contract_or_life_insurance,from_26_to_39,no_further_running_credits,rented_flat,one,skilled_worker,three_or_more,no,yes
1531,good,no_balance_or_debit,from_12_to_18,no_previous_credit_or_paid_back_all_previous_credits,retraining,from_2.5K_to_5K,less_than_100_DM,from_1_to_4_years,less_than_20_percent,male_married_or_widowed,none,more_than_7_years,saving_contract_or_life_insurance,from_26_to_39,no_further_running_credits,rented_flat,one,skilled_worker,three_or_more,no,yes
1532,good,more_than_200_DM,from_06_to_12,hesitant_pmt_of_previous_credit,used_car,from_2.5K_to_5K,not_available_or_no_savings,more_than_7_years,from_20_to_35_percent,male_married_or_widowed,none,more_than_7_years,car_or_other,from_26_to_39,no_further_running_credits,rented_flat,two_or_three,skilled_worker,three_or_more,no,yes
1533,good,no_balance_or_debit,from_18_to_24,paid_back_previous_credits_at_this_bank,retraining,from_2.5K_to_5K,more_than_1000_DM,from_4_to_7_years,less_than_20_percent,male_married_or_widowed,none,from_4_to_7_years,house_or_land,from_26_to_39,no_further_running_credits,rented_flat,two_or_three,skilled_worker,up_to_two,yes,yes
1534,bad,0_to_200_DM,from_12_to_18,no_previous_credit_or_paid_back_all_previous_credits,used_car,from_2.5K_to_5K,not_available_or_no_savings,from_1_to_4_years,from_20_to_35_percent,male_married_or_widowed,none,less_than_1_year,not_available_or_no_assets,from_26_to_39,no_further_running_credits,rented_flat,one,unskilled_with_permanent_residence,up_to_two,no,yes
1535,good,no_running_account,from_18_to_24,no_previous_credit_or_paid_back_all_previous_credits,new_car,from_2.5K_to_5K,not_available_or_no_savings,from_4_to_7_years,from_20_to_35_percent,male_married_or_widowed,none,less_than_1_year,house_or_land,from_26_to_39,no_further_running_credits,owner_occupied_flat,one,executive,three_or_more,yes,yes
1536,good,no_balance_or_debit,from_06_to_12,no_previous_credit_or_paid_back_all_previous_credits,used_car,from_2.5K_to_5K,not_available_or_no_savings,less_than_1_year,from_20_to_25_percent,female_not_single_or_male_single,none,less_than_1_year,not_available_or_no_assets,from_26_to_39,no_further_running_credits,free_apartment,one,executive,three_or_more,no,yes
1537,good,no_balance_or_debit,from_24_to_30,problematic_running_account,used_car,from_2.5K_to_5K,from_500_to_1000_DM,from_1_to_4_years,less_than_20_percent,male_married_or_widowed,none,from_1_to_4_years,saving_contract_or_life_insurance,from_26_to_39,at_department_stores,rented_flat,one,skilled_worker,up_to_two,yes,yes
1538,bad,no_balance_or_debit,from_42_to_48,hesitant_pmt_of_previous_credit,retraining,from_2.5K_to_5K,less_than_100_DM,from_4_to_7_years,less_than_20_percent,male_married_or_widowed,none,more_than_7_years,house_or_land,from_26_to_39,no_further_running_credits,owner_occupied_flat,one,unskilled_with_permanent_residence,up_to_two,no,yes
1539,bad,no_running_account,from_36_to_42,no_previous_credit_or_paid_back_all_previous_credits,furniture,from_2.5K_to_5K,not_available_or_no_savings,less_than_1_year,less_than_20_percent,male_married_or_widowed,none,from_4_to_7_years,saving_contract_or_life_insurance,from_26_to_39,no_further_running_credits,rented_flat,one,skilled_worker,three_or_more,no,yes
1540,good,more_than_200_DM,from_30_to_36,no_problems_current_credit_at_bank,furniture,from_2.5K_to_5K,not_available_or_no_savings,from_1_to_4_years,less_than_20_percent,female_not_single_or_male_single,none,more_than_7_years,not_available_or_no_assets,from_26_to_39,no_further_running_credits,rented_flat,two_or_three,skilled_worker,three_or_more,no,yes
1541,good,no_balance_or_debit,from_18_to_24,no_problems_current_credit_at_bank,retraining,from_2.5K_to_5K,more_than_1000_DM,from_1_to_4_years,less_than_20_percent,male_married_or_widowed,none,from_1_to_4_years,car_or_other,from_26_to_39,at_other_banks,rented_flat,two_or_three,executive,three_or_more,yes,yes
1542,good,no_balance_or_debit,from_30_to_36,paid_back_previous_credits_at_this_bank,new_car,from_5K_to_7.5K,not_available_or_no_savings,from_1_to_4_years,from_20_to_25_percent,male_married_or_widowed,none,more_than_7_years,saving_contract_or_life_insurance,from_26_to_39,no_further_running_credits,rented_flat,two_or_three,skilled_worker,three_or_more,yes,yes
1543,good,more_than_200_DM,>54,no_previous_credit_or_paid_back_all_previous_credits,other,from_5K_to_7.5K,more_than_1000_DM,from_1_to_4_years,less_than_20_percent,male_married_or_widowed,none,more_than_7_years,house_or_land,from_26_to_39,no_further_running_credits,owner_occupied_flat,one,skilled_worker,up_to_two,yes,yes
1544,good,more_than_200_DM,from_30_to_36,paid_back_previous_credits_at_this_bank,other,from_5K_to_7.5K,not_available_or_no_savings,more_than_7_years,less_than_20_percent,male_married_or_widowed,none,more_than_7_years,saving_contract_or_life_insurance,from_26_to_39,no_further_running_credits,rented_flat,two_or_three,executive,three_or_more,yes,yes
1545,bad,no_balance_or_debit,from_12_to_18,problematic_running_account,other,from_5K_to_7.5K,less_than_100_DM,unemployed,more_than_35_percent,male_married_or_widowed,none,from_1_to_4_years,car_or_other,from_26_to_39,at_department_stores,rented_flat,one,executive,up_to_two,yes,yes
1546,bad,no_running_account,from_42_to_48,no_previous_credit_or_paid_back_all_previous_credits,furniture,from_5K_to_7.5K,not_available_or_no_savings,from_4_to_7_years,more_than_35_percent,female_single,Guarantor,less_than_1_year,not_available_or_no_assets,from_26_to_39,no_further_running_credits,rented_flat,two_or_three,skilled_worker,three_or_more,yes,yes
1547,bad,no_running_account,from_24_to_30,no_previous_credit_or_paid_back_all_previous_credits,household_appliances,from_10K_to_15K,not_available_or_no_savings,less_than_1_year,more_than_35_percent,male_divorced_or_separated,none,less_than_1_year,house_or_land,from_26_to_39,at_other_banks,rented_flat,one,unskilled_with_permanent_residence,three_or_more,yes,yes
1548,bad,no_running_account,from_06_to_12,paid_back_previous_credits_at_this_bank,other,from_0.5K_to_1K,not_available_or_no_savings,more_than_7_years,less_than_20_percent,male_married_or_widowed,none,from_4_to_7_years,car_or_other,from_26_to_39,no_further_running_credits,rented_flat,two_or_three,skilled_worker,three_or_more,no,yes
1549,good,more_than_200_DM,from_06_to_12,paid_back_previous_credits_at_this_bank,furniture,from_0.5K_to_1K,more_than_1000_DM,more_than_7_years,less_than_20_percent,male_married_or_widowed,none,more_than_7_years,saving_contract_or_life_insurance,from_26_to_39,no_further_running_credits,rented_flat,two_or_three,skilled_worker,three_or_more,no,yes
1550,good,no_balance_or_debit,<06,no_problems_current_credit_at_bank,used_car,from_1K_to_1.5K,not_available_or_no_savings,unemployed,less_than_20_percent,male_married_or_widowed,none,less_than_1_year,car_or_other,from_26_to_39,at_department_stores,rented_flat,two_or_three,executive,three_or_more,yes,no
1551,bad,no_running_account,<06,problematic_running_account,repair,from_1K_to_1.5K,not_available_or_no_savings,more_than_7_years,less_than_20_percent,female_not_single_or_male_single,none,more_than_7_years,house_or_land,from_26_to_39,no_further_running_credits,owner_occupied_flat,one,skilled_worker,three_or_more,no,yes
1552,good,more_than_200_DM,<06,hesitant_pmt_of_previous_credit,other,from_1K_to_1.5K,less_than_100_DM,from_1_to_4_years,less_than_20_percent,male_married_or_widowed,none,less_than_1_year,house_or_land,from_26_to_39,at_other_banks,free_apartment,one,skilled_worker,three_or_more,no,no
1553,good,more_than_200_DM,from_06_to_12,paid_back_previous_credits_at_this_bank,furniture,from_1K_to_1.5K,not_available_or_no_savings,from_1_to_4_years,less_than_20_percent,female_not_single_or_male_single,none,from_1_to_4_years,car_or_other,from_26_to_39,no_further_running_credits,rented_flat,two_or_three,skilled_worker,three_or_more,no,yes
1554,bad,no_running_account,from_18_to_24,no_previous_credit_or_paid_back_all_previous_credits,other,from_1K_to_1.5K,more_than_1000_DM,from_1_to_4_years,less_than_20_percent,female_not_single_or_male_single,none,from_1_to_4_years,car_or_other,from_26_to_39,no_further_running_credits,rented_flat,one,skilled_worker,three_or_more,no,yes
1555,good,more_than_200_DM,from_06_to_12,paid_back_previous_credits_at_this_bank,other,from_1K_to_1.5K,not_available_or_no_savings,less_than_1_year,less_than_20_percent,female_not_single_or_male_single,none,more_than_7_years,saving_contract_or_life_insurance,from_26_to_39,no_further_running_credits,rented_flat,two_or_three,executive,three_or_more,no,yes
1556,good,no_balance_or_debit,from_12_to_18,no_previous_credit_or_paid_back_all_previous_credits,retraining,from_1K_to_1.5K,from_100_to_500_DM,more_than_7_years,more_than_35_percent,female_single,none,from_1_to_4_years,not_available_or_no_assets,from_26_to_39,no_further_running_credits,rented_flat,one,skilled_worker,three_or_more,yes,yes
1557,good,more_than_200_DM,from_06_to_12,no_previous_credit_or_paid_back_all_previous_credits,other,from_1K_to_1.5K,less_than_100_DM,from_1_to_4_years,from_20_to_25_percent,male_married_or_widowed,none,from_1_to_4_years,not_available_or_no_assets,from_26_to_39,no_further_running_credits,free_apartment,one,unskilled_with_permanent_residence,three_or_more,no,no
1558,good,more_than_200_DM,from_12_to_18,paid_back_previous_credits_at_this_bank,furniture,from_1K_to_1.5K,not_available_or_no_savings,from_1_to_4_years,less_than_20_percent,male_married_or_widowed,none,more_than_7_years,house_or_land,from_26_to_39,no_further_running_credits,owner_occupied_flat,two_or_three,skilled_worker,three_or_more,yes,yes
1559,good,no_balance_or_debit,from_06_to_12,no_previous_credit_or_paid_back_all_previous_credits,other,from_1.5K_to_2.5K,more_than_1000_DM,less_than_1_year,less_than_20_percent,male_married_or_widowed,none,from_1_to_4_years,not_available_or_no_assets,from_26_to_39,no_further_running_credits,rented_flat,one,unemployed_or_unskilled_with_no_permanent_residence,three_or_more,no,yes
1560,good,more_than_200_DM,from_06_to_12,paid_back_previous_credits_at_this_bank,used_car,from_1.5K_to_2.5K,from_500_to_1000_DM,from_4_to_7_years,from_20_to_25_percent,female_not_single_or_male_single,none,from_1_to_4_years,car_or_other,from_26_to_39,no_further_running_credits,rented_flat,one,skilled_worker,three_or_more,no,yes
1561,good,no_running_account,from_06_to_12,no_previous_credit_or_paid_back_all_previous_credits,furniture,from_1.5K_to_2.5K,from_100_to_500_DM,more_than_7_years,from_20_to_25_percent,female_single,none,less_than_1_year,not_available_or_no_assets,from_26_to_39,no_further_running_credits,rented_flat,one,skilled_worker,three_or_more,no,yes
1562,good,no_balance_or_debit,from_06_to_12,paid_back_previous_credits_at_this_bank,used_car,from_1.5K_to_2.5K,not_available_or_no_savings,from_4_to_7_years,less_than_20_percent,male_married_or_widowed,none,from_4_to_7_years,saving_contract_or_life_insurance,from_26_to_39,no_further_running_credits,free_apartment,one,skilled_worker,three_or_more,yes,yes
1563,good,no_balance_or_debit,from_12_to_18,no_previous_credit_or_paid_back_all_previous_credits,retraining,from_1.5K_to_2.5K,from_500_to_1000_DM,from_1_to_4_years,less_than_20_percent,male_married_or_widowed,none,from_1_to_4_years,car_or_other,from_26_to_39,no_further_running_credits,rented_flat,one,unskilled_with_permanent_residence,three_or_more,yes,yes
1564,good,more_than_200_DM,from_12_to_18,no_previous_credit_or_paid_back_all_previous_credits,furniture,from_1.5K_to_2.5K,more_than_1000_DM,more_than_7_years,less_than_20_percent,male_married_or_widowed,none,from_1_to_4_years,saving_contract_or_life_insurance,from_26_to_39,no_further_running_credits,rented_flat,one,skilled_worker,three_or_more,no,yes
1565,good,more_than_200_DM,from_06_to_12,no_previous_credit_or_paid_back_all_previous_credits,furniture,from_1.5K_to_2.5K,less_than_100_DM,from_4_to_7_years,from_20_to_25_percent,male_married_or_widowed,none,less_than_1_year,house_or_land,from_26_to_39,no_further_running_credits,rented_flat,one,skilled_worker,three_or_more,no,yes
1566,good,more_than_200_DM,from_18_to_24,paid_back_previous_credits_at_this_bank,new_car,from_1.5K_to_2.5K,not_available_or_no_savings,from_4_to_7_years,less_than_20_percent,male_married_or_widowed,none,from_4_to_7_years,saving_contract_or_life_insurance,from_26_to_39,no_further_running_credits,rented_flat,two_or_three,skilled_worker,three_or_more,yes,yes
1567,bad,more_than_200_DM,from_18_to_24,no_previous_credit_or_paid_back_all_previous_credits,furniture,from_1.5K_to_2.5K,from_100_to_500_DM,more_than_7_years,from_20_to_25_percent,male_married_or_widowed,none,from_1_to_4_years,saving_contract_or_life_insurance,from_26_to_39,at_other_banks,rented_flat,two_or_three,skilled_worker,three_or_more,yes,yes
1568,bad,no_running_account,from_18_to_24,no_previous_credit_or_paid_back_all_previous_credits,furniture,from_1.5K_to_2.5K,not_available_or_no_savings,less_than_1_year,less_than_20_percent,female_not_single_or_male_single,none,more_than_7_years,not_available_or_no_assets,from_26_to_39,no_further_running_credits,rented_flat,one,skilled_worker,three_or_more,yes,yes
1569,good,no_balance_or_debit,from_06_to_12,no_previous_credit_or_paid_back_all_previous_credits,furniture,from_2.5K_to_5K,not_available_or_no_savings,from_1_to_4_years,from_20_to_35_percent,male_married_or_widowed,Guarantor,from_1_to_4_years,not_available_or_no_assets,from_26_to_39,no_further_running_credits,rented_flat,one,skilled_worker,three_or_more,no,no
1570,good,more_than_200_DM,from_18_to_24,no_previous_credit_or_paid_back_all_previous_credits,new_car,from_2.5K_to_5K,not_available_or_no_savings,more_than_7_years,less_than_20_percent,male_married_or_widowed,none,more_than_7_years,saving_contract_or_life_insurance,from_26_to_39,no_further_running_credits,rented_flat,one,executive,three_or_more,yes,yes
1571,good,more_than_200_DM,from_18_to_24,paid_back_previous_credits_at_this_bank,furniture,from_2.5K_to_5K,not_available_or_no_savings,from_1_to_4_years,less_than_20_percent,male_married_or_widowed,none,from_1_to_4_years,not_available_or_no_assets,from_26_to_39,no_further_running_credits,rented_flat,two_or_three,unskilled_with_permanent_residence,three_or_more,no,yes
1572,good,no_balance_or_debit,from_12_to_18,paid_back_previous_credits_at_this_bank,furniture,from_2.5K_to_5K,more_than_1000_DM,from_4_to_7_years,less_than_20_percent,male_married_or_widowed,Guarantor,from_1_to_4_years,not_available_or_no_assets,from_26_to_39,at_other_banks,rented_flat,four_or_five,skilled_worker,three_or_more,yes,yes
1573,good,more_than_200_DM,from_06_to_12,no_previous_credit_or_paid_back_all_previous_credits,furniture,from_2.5K_to_5K,less_than_100_DM,more_than_7_years,from_20_to_25_percent,male_married_or_widowed,Co-Applicant,more_than_7_years,saving_contract_or_life_insurance,from_26_to_39,no_further_running_credits,rented_flat,one,skilled_worker,three_or_more,yes,yes
1574,bad,no_running_account,from_06_to_12,no_previous_credit_or_paid_back_all_previous_credits,new_car,from_2.5K_to_5K,not_available_or_no_savings,more_than_7_years,from_20_to_25_percent,male_married_or_widowed,none,more_than_7_years,house_or_land,from_26_to_39,no_further_running_credits,owner_occupied_flat,one,skilled_worker,three_or_more,yes,yes
1575,good,more_than_200_DM,from_06_to_12,problematic_running_account,vacation,from_2.5K_to_5K,from_100_to_500_DM,from_1_to_4_years,less_than_20_percent,female_not_single_or_male_single,none,from_4_to_7_years,not_available_or_no_assets,from_26_to_39,no_further_running_credits,rented_flat,one,unskilled_with_permanent_residence,up_to_two,no,yes
1576,good,more_than_200_DM,from_12_to_18,paid_back_previous_credits_at_this_bank,used_car,from_2.5K_to_5K,not_available_or_no_savings,less_than_1_year,from_20_to_25_percent,male_divorced_or_separated,none,from_1_to_4_years,saving_contract_or_life_insurance,from_26_to_39,no_further_running_credits,rented_flat,two_or_three,executive,three_or_more,yes,yes
1577,good,no_balance_or_debit,from_18_to_24,no_previous_credit_or_paid_back_all_previous_credits,used_car,from_2.5K_to_5K,more_than_1000_DM,from_4_to_7_years,from_20_to_35_percent,male_married_or_widowed,none,from_4_to_7_years,saving_contract_or_life_insurance,from_26_to_39,no_further_running_credits,rented_flat,one,skilled_worker,three_or_more,yes,yes
1578,good,more_than_200_DM,from_18_to_24,no_problems_current_credit_at_bank,used_car,from_2.5K_to_5K,less_than_100_DM,from_1_to_4_years,from_20_to_35_percent,male_married_or_widowed,none,from_4_to_7_years,car_or_other,from_26_to_39,no_further_running_credits,rented_flat,two_or_three,skilled_worker,three_or_more,no,yes
1579,good,no_running_account,from_12_to_18,no_previous_credit_or_paid_back_all_previous_credits,other,from_2.5K_to_5K,less_than_100_DM,from_1_to_4_years,from_20_to_25_percent,male_married_or_widowed,none,more_than_7_years,saving_contract_or_life_insurance,from_26_to_39,no_further_running_credits,rented_flat,one,unskilled_with_permanent_residence,up_to_two,yes,yes
1580,good,more_than_200_DM,from_18_to_24,no_problems_current_credit_at_bank,new_car,from_2.5K_to_5K,not_available_or_no_savings,from_4_to_7_years,from_20_to_25_percent,male_married_or_widowed,none,from_4_to_7_years,saving_contract_or_life_insurance,from_26_to_39,no_further_running_credits,rented_flat,two_or_three,unskilled_with_permanent_residence,three_or_more,yes,yes
1581,good,more_than_200_DM,from_12_to_18,no_previous_credit_or_paid_back_all_previous_credits,other,from_5K_to_7.5K,from_100_to_500_DM,more_than_7_years,more_than_35_percent,female_not_single_or_male_single,none,more_than_7_years,house_or_land,from_26_to_39,no_further_running_credits,owner_occupied_flat,one,skilled_worker,three_or_more,no,yes
1582,good,more_than_200_DM,from_30_to_36,paid_back_previous_credits_at_this_bank,new_car,from_5K_to_7.5K,not_available_or_no_savings,more_than_7_years,from_20_to_35_percent,male_married_or_widowed,none,from_1_to_4_years,car_or_other,from_26_to_39,no_further_running_credits,rented_flat,two_or_three,skilled_worker,up_to_two,yes,yes
1583,good,no_balance_or_debit,from_30_to_36,no_previous_credit_or_paid_back_all_previous_credits,new_car,from_5K_to_7.5K,not_available_or_no_savings,from_1_to_4_years,from_20_to_35_percent,male_married_or_widowed,none,from_1_to_4_years,saving_contract_or_life_insurance,from_26_to_39,no_further_running_credits,free_apartment,one,executive,three_or_more,yes,yes
1584,good,more_than_200_DM,from_30_to_36,paid_back_previous_credits_at_this_bank,new_car,from_5K_to_7.5K,not_available_or_no_savings,from_4_to_7_years,from_20_to_25_percent,male_married_or_widowed,none,from_1_to_4_years,saving_contract_or_life_insurance,from_26_to_39,no_further_running_credits,rented_flat,two_or_three,executive,three_or_more,yes,yes
1585,good,more_than_200_DM,from_42_to_48,paid_back_previous_credits_at_this_bank,new_car,from_7.5K_to_10K,more_than_1000_DM,from_4_to_7_years,from_20_to_35_percent,male_married_or_widowed,none,less_than_1_year,house_or_land,from_26_to_39,no_further_running_credits,owner_occupied_flat,two_or_three,skilled_worker,three_or_more,yes,yes
1586,good,more_than_200_DM,from_30_to_36,no_previous_credit_or_paid_back_all_previous_credits,repair,from_7.5K_to_10K,more_than_1000_DM,from_1_to_4_years,from_20_to_35_percent,male_married_or_widowed,none,more_than_7_years,house_or_land,from_26_to_39,no_further_running_credits,owner_occupied_flat,one,unskilled_with_permanent_residence,up_to_two,yes,yes
1587,good,no_running_account,from_42_to_48,no_previous_credit_or_paid_back_all_previous_credits,other,from_10K_to_15K,not_available_or_no_savings,less_than_1_year,more_than_35_percent,female_not_single_or_male_single,none,less_than_1_year,not_available_or_no_assets,from_26_to_39,no_further_running_credits,rented_flat,one,unskilled_with_permanent_residence,three_or_more,yes,yes
1588,good,more_than_200_DM,<06,paid_back_previous_credits_at_this_bank,furniture,from_0.5K_to_1K,more_than_1000_DM,more_than_7_years,less_than_20_percent,male_married_or_widowed,none,more_than_7_years,house_or_land,from_26_to_39,no_further_running_credits,owner_occupied_flat,two_or_three,skilled_worker,three_or_more,no,yes
1589,good,more_than_200_DM,from_06_to_12,no_problems_current_credit_at_bank,furniture,from_0.5K_to_1K,more_than_1000_DM,more_than_7_years,from_20_to_25_percent,male_married_or_widowed,none,more_than_7_years,house_or_land,from_26_to_39,no_further_running_credits,owner_occupied_flat,one,skilled_worker,three_or_more,no,yes
1590,bad,no_balance_or_debit,from_12_to_18,paid_back_previous_credits_at_this_bank,other,from_0.5K_to_1K,not_available_or_no_savings,more_than_7_years,less_than_20_percent,male_married_or_widowed,none,more_than_7_years,saving_contract_or_life_insurance,from_26_to_39,no_further_running_credits,rented_flat,one,skilled_worker,up_to_two,yes,yes
1591,good,more_than_200_DM,from_30_to_36,no_previous_credit_or_paid_back_all_previous_credits,other,from_0.5K_to_1K,from_100_to_500_DM,more_than_7_years,less_than_20_percent,male_married_or_widowed,none,more_than_7_years,car_or_other,from_26_to_39,no_further_running_credits,rented_flat,one,skilled_worker,three_or_more,no,yes
1592,good,more_than_200_DM,from_12_to_18,paid_back_previous_credits_at_this_bank,other,from_1K_to_1.5K,not_available_or_no_savings,from_1_to_4_years,less_than_20_percent,female_not_single_or_male_single,none,from_4_to_7_years,not_available_or_no_assets,from_26_to_39,no_further_running_credits,rented_flat,two_or_three,skilled_worker,three_or_more,no,yes
1593,good,more_than_200_DM,<06,no_previous_credit_or_paid_back_all_previous_credits,vacation,from_1K_to_1.5K,more_than_1000_DM,unemployed,less_than_20_percent,male_married_or_widowed,none,more_than_7_years,car_or_other,from_26_to_39,no_further_running_credits,rented_flat,one,executive,up_to_two,yes,yes
1594,good,more_than_200_DM,from_12_to_18,no_previous_credit_or_paid_back_all_previous_credits,radio_television,from_1K_to_1.5K,from_100_to_500_DM,from_4_to_7_years,less_than_20_percent,male_married_or_widowed,none,from_4_to_7_years,car_or_other,from_26_to_39,no_further_running_credits,rented_flat,two_or_three,skilled_worker,three_or_more,yes,yes
1595,good,0_to_200_DM,from_18_to_24,paid_back_previous_credits_at_this_bank,retraining,from_1K_to_1.5K,from_500_to_1000_DM,from_1_to_4_years,from_20_to_35_percent,male_divorced_or_separated,none,more_than_7_years,not_available_or_no_assets,from_26_to_39,no_further_running_credits,rented_flat,two_or_three,skilled_worker,three_or_more,yes,yes
1596,good,more_than_200_DM,from_18_to_24,no_previous_credit_or_paid_back_all_previous_credits,furniture,from_1K_to_1.5K,not_available_or_no_savings,more_than_7_years,less_than_20_percent,male_married_or_widowed,none,less_than_1_year,not_available_or_no_assets,from_26_to_39,no_further_running_credits,rented_flat,one,executive,three_or_more,yes,yes
1597,bad,no_running_account,from_06_to_12,no_previous_credit_or_paid_back_all_previous_credits,other,from_1K_to_1.5K,not_available_or_no_savings,from_4_to_7_years,from_20_to_35_percent,male_divorced_or_separated,none,from_4_to_7_years,saving_contract_or_life_insurance,from_26_to_39,no_further_running_credits,rented_flat,one,skilled_worker,three_or_more,no,yes
1598,good,no_running_account,<06,no_previous_credit_or_paid_back_all_previous_credits,used_car,from_1K_to_1.5K,not_available_or_no_savings,from_1_to_4_years,more_than_35_percent,male_married_or_widowed,none,from_1_to_4_years,not_available_or_no_assets,from_26_to_39,at_other_banks,rented_flat,one,unskilled_with_permanent_residence,three_or_more,yes,yes
1599,good,more_than_200_DM,from_06_to_12,no_previous_credit_or_paid_back_all_previous_credits,retraining,from_1.5K_to_2.5K,not_available_or_no_savings,from_4_to_7_years,from_20_to_35_percent,male_married_or_widowed,none,more_than_7_years,saving_contract_or_life_insurance,from_26_to_39,no_further_running_credits,rented_flat,one,skilled_worker,three_or_more,yes,yes
1600,good,more_than_200_DM,from_18_to_24,no_previous_credit_or_paid_back_all_previous_credits,retraining,from_1.5K_to_2.5K,from_500_to_1000_DM,more_than_7_years,less_than_20_percent,female_not_single_or_male_single,none,more_than_7_years,not_available_or_no_assets,from_26_to_39,at_other_banks,rented_flat,one,unskilled_with_permanent_residence,three_or_more,no,yes
1601,good,no_running_account,from_12_to_18,no_previous_credit_or_paid_back_all_previous_credits,other,from_1.5K_to_2.5K,not_available_or_no_savings,less_than_1_year,from_20_to_35_percent,male_married_or_widowed,none,from_4_to_7_years,not_available_or_no_assets,from_26_to_39,no_further_running_credits,rented_flat,one,skilled_worker,three_or_more,no,yes
1602,good,no_running_account,<06,paid_back_previous_credits_at_this_bank,used_car,from_1.5K_to_2.5K,not_available_or_no_savings,unemployed,less_than_20_percent,male_married_or_widowed,none,more_than_7_years,house_or_land,from_26_to_39,no_further_running_credits,owner_occupied_flat,four_or_five,executive,three_or_more,yes,yes
1603,good,no_balance_or_debit,from_12_to_18,no_previous_credit_or_paid_back_all_previous_credits,retraining,from_1.5K_to_2.5K,from_500_to_1000_DM,less_than_1_year,from_20_to_25_percent,female_single,none,from_4_to_7_years,not_available_or_no_assets,from_26_to_39,at_other_banks,rented_flat,one,skilled_worker,three_or_more,yes,yes
1604,good,no_running_account,from_12_to_18,problematic_running_account,furniture,from_1.5K_to_2.5K,not_available_or_no_savings,less_than_1_year,from_20_to_25_percent,male_married_or_widowed,Co-Applicant,more_than_7_years,house_or_land,from_26_to_39,at_other_banks,owner_occupied_flat,one,executive,three_or_more,yes,yes
1605,good,no_balance_or_debit,from_24_to_30,paid_back_previous_credits_at_this_bank,other,from_1.5K_to_2.5K,more_than_1000_DM,more_than_7_years,less_than_20_percent,male_married_or_widowed,none,more_than_7_years,not_available_or_no_assets,from_26_to_39,no_further_running_credits,rented_flat,two_or_three,skilled_worker,three_or_more,no,yes
1606,good,0_to_200_DM,from_06_to_12,no_problems_current_credit_at_bank,other,from_1.5K_to_2.5K,not_available_or_no_savings,from_1_to_4_years,from_20_to_35_percent,female_not_single_or_male_single,none,from_1_to_4_years,saving_contract_or_life_insurance,from_26_to_39,at_department_stores,rented_flat,two_or_three,skilled_worker,three_or_more,yes,yes
1607,good,no_balance_or_debit,from_30_to_36,paid_back_previous_credits_at_this_bank,furniture,from_1.5K_to_2.5K,not_available_or_no_savings,more_than_7_years,less_than_20_percent,male_married_or_widowed,none,more_than_7_years,not_available_or_no_assets,from_26_to_39,no_further_running_credits,rented_flat,one,skilled_worker,three_or_more,no,yes
1608,good,0_to_200_DM,from_12_to_18,paid_back_previous_credits_at_this_bank,new_car,from_1.5K_to_2.5K,from_100_to_500_DM,from_1_to_4_years,from_20_to_35_percent,male_married_or_widowed,none,from_1_to_4_years,saving_contract_or_life_insurance,from_26_to_39,no_further_running_credits,rented_flat,one,skilled_worker,three_or_more,yes,yes
1609,good,no_balance_or_debit,from_06_to_12,paid_back_previous_credits_at_this_bank,other,from_1.5K_to_2.5K,from_100_to_500_DM,from_4_to_7_years,from_20_to_25_percent,male_divorced_or_separated,none,from_4_to_7_years,saving_contract_or_life_insurance,from_26_to_39,no_further_running_credits,rented_flat,one,executive,three_or_more,yes,yes
1610,good,no_balance_or_debit,from_18_to_24,no_previous_credit_or_paid_back_all_previous_credits,new_car,from_2.5K_to_5K,more_than_1000_DM,more_than_7_years,less_than_20_percent,male_married_or_widowed,none,more_than_7_years,house_or_land,from_26_to_39,at_other_banks,owner_occupied_flat,one,skilled_worker,three_or_more,yes,yes
1611,good,no_running_account,from_06_to_12,paid_back_previous_credits_at_this_bank,other,from_2.5K_to_5K,not_available_or_no_savings,from_1_to_4_years,from_20_to_35_percent,male_married_or_widowed,none,from_1_to_4_years,not_available_or_no_assets,from_26_to_39,no_further_running_credits,free_apartment,two_or_three,skilled_worker,up_to_two,no,yes
1612,good,more_than_200_DM,from_18_to_24,paid_back_previous_credits_at_this_bank,furniture,from_2.5K_to_5K,less_than_100_DM,more_than_7_years,from_20_to_25_percent,male_married_or_widowed,none,more_than_7_years,not_available_or_no_assets,from_26_to_39,no_further_running_credits,rented_flat,one,skilled_worker,up_to_two,yes,yes
1613,good,more_than_200_DM,from_30_to_36,no_previous_credit_or_paid_back_all_previous_credits,other,from_2.5K_to_5K,more_than_1000_DM,from_1_to_4_years,less_than_20_percent,male_married_or_widowed,none,more_than_7_years,not_available_or_no_assets,from_26_to_39,no_further_running_credits,rented_flat,one,skilled_worker,three_or_more,no,yes
1614,good,more_than_200_DM,from_18_to_24,no_previous_credit_or_paid_back_all_previous_credits,furniture,from_2.5K_to_5K,from_100_to_500_DM,more_than_7_years,from_20_to_25_percent,male_divorced_or_separated,none,from_1_to_4_years,saving_contract_or_life_insurance,from_26_to_39,no_further_running_credits,rented_flat,one,executive,three_or_more,yes,yes
1615,good,more_than_200_DM,from_18_to_24,paid_back_previous_credits_at_this_bank,new_car,from_2.5K_to_5K,not_available_or_no_savings,more_than_7_years,more_than_35_percent,male_married_or_widowed,none,more_than_7_years,saving_contract_or_life_insurance,from_26_to_39,no_further_running_credits,rented_flat,one,executive,three_or_more,yes,yes
1616,good,no_running_account,from_06_to_12,paid_back_previous_credits_at_this_bank,other,from_2.5K_to_5K,not_available_or_no_savings,from_1_to_4_years,from_20_to_35_percent,male_married_or_widowed,none,from_1_to_4_years,not_available_or_no_assets,from_26_to_39,no_further_running_credits,free_apartment,two_or_three,skilled_worker,up_to_two,no,yes
1617,bad,no_balance_or_debit,from_24_to_30,no_previous_credit_or_paid_back_all_previous_credits,retraining,from_2.5K_to_5K,not_available_or_no_savings,from_1_to_4_years,less_than_20_percent,male_married_or_widowed,none,from_1_to_4_years,saving_contract_or_life_insurance,from_26_to_39,no_further_running_credits,rented_flat,one,skilled_worker,up_to_two,yes,yes
1618,good,more_than_200_DM,from_36_to_42,paid_back_previous_credits_at_this_bank,used_car,from_2.5K_to_5K,from_100_to_500_DM,from_1_to_4_years,less_than_20_percent,male_married_or_widowed,none,more_than_7_years,not_available_or_no_assets,from_26_to_39,no_further_running_credits,rented_flat,two_or_three,skilled_worker,three_or_more,yes,yes
1619,bad,more_than_200_DM,from_12_to_18,hesitant_pmt_of_previous_credit,retraining,from_2.5K_to_5K,not_available_or_no_savings,from_1_to_4_years,from_20_to_35_percent,male_married_or_widowed,none,from_1_to_4_years,saving_contract_or_life_insurance,from_26_to_39,at_department_stores,rented_flat,two_or_three,skilled_worker,up_to_two,no,yes
1620,bad,no_balance_or_debit,from_18_to_24,hesitant_pmt_of_previous_credit,retraining,from_2.5K_to_5K,not_available_or_no_savings,from_1_to_4_years,more_than_35_percent,male_married_or_widowed,none,more_than_7_years,not_available_or_no_assets,from_26_to_39,no_further_running_credits,rented_flat,four_or_five,unskilled_with_permanent_residence,three_or_more,yes,yes
1621,good,no_running_account,from_12_to_18,paid_back_previous_credits_at_this_bank,other,from_5K_to_7.5K,not_available_or_no_savings,more_than_7_years,from_20_to_35_percent,male_married_or_widowed,none,more_than_7_years,house_or_land,from_26_to_39,no_further_running_credits,owner_occupied_flat,four_or_five,executive,three_or_more,yes,yes
1622,good,more_than_200_DM,from_30_to_36,paid_back_previous_credits_at_this_bank,retraining,from_5K_to_7.5K,more_than_1000_DM,more_than_7_years,less_than_20_percent,male_married_or_widowed,none,more_than_7_years,not_available_or_no_assets,from_26_to_39,no_further_running_credits,rented_flat,two_or_three,skilled_worker,three_or_more,no,yes
1623,good,more_than_200_DM,from_24_to_30,paid_back_previous_credits_at_this_bank,furniture,from_5K_to_7.5K,more_than_1000_DM,from_4_to_7_years,from_20_to_35_percent,male_married_or_widowed,none,from_4_to_7_years,car_or_other,from_26_to_39,no_further_running_credits,rented_flat,two_or_three,skilled_worker,three_or_more,no,yes
1624,good,no_balance_or_debit,from_18_to_24,no_problems_current_credit_at_bank,retraining,from_5K_to_7.5K,less_than_100_DM,from_4_to_7_years,less_than_20_percent,male_married_or_widowed,none,more_than_7_years,saving_contract_or_life_insurance,from_26_to_39,no_further_running_credits,free_apartment,one,executive,three_or_more,yes,yes
1625,good,no_balance_or_debit,from_18_to_24,no_problems_current_credit_at_bank,new_car,from_5K_to_7.5K,more_than_1000_DM,from_4_to_7_years,from_20_to_25_percent,male_married_or_widowed,none,more_than_7_years,car_or_other,from_26_to_39,at_other_banks,free_apartment,two_or_three,executive,up_to_two,yes,yes
1626,bad,no_running_account,>54,no_previous_credit_or_paid_back_all_previous_credits,retraining,from_5K_to_7.5K,not_available_or_no_savings,more_than_7_years,less_than_20_percent,male_married_or_widowed,Co-Applicant,more_than_7_years,house_or_land,from_26_to_39,no_further_running_credits,free_apartment,one,skilled_worker,three_or_more,no,yes
1627,good,no_balance_or_debit,from_42_to_48,problematic_running_account,other,from_10K_to_15K,more_than_1000_DM,unemployed,less_than_20_percent,male_married_or_widowed,Co-Applicant,more_than_7_years,house_or_land,from_26_to_39,no_further_running_credits,owner_occupied_flat,one,executive,three_or_more,yes,yes
1628,good,no_running_account,<06,paid_back_previous_credits_at_this_bank,other,from_0.5K_to_1K,not_available_or_no_savings,from_4_to_7_years,less_than_20_percent,female_not_single_or_male_single,none,from_4_to_7_years,car_or_other,from_26_to_39,no_further_running_credits,rented_flat,two_or_three,skilled_worker,three_or_more,no,yes
1629,bad,no_balance_or_debit,from_12_to_18,no_previous_credit_or_paid_back_all_previous_credits,furniture,from_0.5K_to_1K,not_available_or_no_savings,more_than_7_years,less_than_20_percent,male_married_or_widowed,none,from_4_to_7_years,saving_contract_or_life_insurance,from_26_to_39,no_further_running_credits,rented_flat,one,skilled_worker,up_to_two,no,yes
1630,good,no_balance_or_debit,from_06_to_12,no_previous_credit_or_paid_back_all_previous_credits,furniture,from_1K_to_1.5K,not_available_or_no_savings,more_than_7_years,less_than_20_percent,male_married_or_widowed,none,more_than_7_years,saving_contract_or_life_insurance,from_26_to_39,no_further_running_credits,rented_flat,two_or_three,unskilled_with_permanent_residence,three_or_more,no,yes
1631,good,no_balance_or_debit,from_06_to_12,paid_back_previous_credits_at_this_bank,furniture,from_1K_to_1.5K,not_available_or_no_savings,more_than_7_years,from_20_to_35_percent,male_married_or_widowed,none,more_than_7_years,not_available_or_no_assets,from_26_to_39,no_further_running_credits,rented_flat,four_or_five,unskilled_with_permanent_residence,three_or_more,no,yes
1632,good,0_to_200_DM,from_06_to_12,no_previous_credit_or_paid_back_all_previous_credits,radio_television,from_1K_to_1.5K,not_available_or_no_savings,from_1_to_4_years,from_20_to_35_percent,male_married_or_widowed,none,from_1_to_4_years,saving_contract_or_life_insurance,from_26_to_39,no_further_running_credits,rented_flat,one,skilled_worker,three_or_more,yes,yes
1633,bad,no_running_account,from_06_to_12,no_previous_credit_or_paid_back_all_previous_credits,other,from_1K_to_1.5K,not_available_or_no_savings,less_than_1_year,from_20_to_25_percent,female_not_single_or_male_single,none,less_than_1_year,not_available_or_no_assets,from_26_to_39,at_other_banks,rented_flat,one,unskilled_with_permanent_residence,three_or_more,no,yes
1634,good,more_than_200_DM,from_18_to_24,paid_back_previous_credits_at_this_bank,other,from_1K_to_1.5K,from_500_to_1000_DM,more_than_7_years,less_than_20_percent,female_not_single_or_male_single,none,more_than_7_years,not_available_or_no_assets,from_26_to_39,no_further_running_credits,rented_flat,two_or_three,skilled_worker,three_or_more,yes,yes
1635,bad,0_to_200_DM,from_18_to_24,paid_back_previous_credits_at_this_bank,other,from_1K_to_1.5K,more_than_1000_DM,from_4_to_7_years,less_than_20_percent,male_married_or_widowed,none,from_1_to_4_years,not_available_or_no_assets,from_26_to_39,at_other_banks,rented_flat,two_or_three,unskilled_with_permanent_residence,up_to_two,no,yes
1636,good,more_than_200_DM,from_06_to_12,paid_back_previous_credits_at_this_bank,used_car,from_1K_to_1.5K,from_100_to_500_DM,from_4_to_7_years,from_20_to_25_percent,female_not_single_or_male_single,none,more_than_7_years,saving_contract_or_life_insurance,from_26_to_39,no_further_running_credits,free_apartment,one,skilled_worker,three_or_more,yes,yes
1637,bad,more_than_200_DM,from_30_to_36,no_previous_credit_or_paid_back_all_previous_credits,repair,from_1.5K_to_2.5K,not_available_or_no_savings,from_1_to_4_years,less_than_20_percent,male_married_or_widowed,none,more_than_7_years,house_or_land,from_26_to_39,at_department_stores,owner_occupied_flat,one,skilled_worker,three_or_more,yes,yes
1638,bad,no_balance_or_debit,from_06_to_12,no_previous_credit_or_paid_back_all_previous_credits,used_car,from_1.5K_to_2.5K,not_available_or_no_savings,from_1_to_4_years,less_than_20_percent,male_married_or_widowed,none,from_1_to_4_years,car_or_other,from_26_to_39,no_further_running_credits,rented_flat,one,unskilled_with_permanent_residence,three_or_more,no,yes
1639,good,more_than_200_DM,from_18_to_24,paid_back_previous_credits_at_this_bank,other,from_1.5K_to_2.5K,not_available_or_no_savings,from_1_to_4_years,less_than_20_percent,female_not_single_or_male_single,none,more_than_7_years,saving_contract_or_life_insurance,from_26_to_39,no_further_running_credits,rented_flat,one,skilled_worker,three_or_more,yes,yes
1640,bad,0_to_200_DM,from_12_to_18,no_previous_credit_or_paid_back_all_previous_credits,furniture,from_1.5K_to_2.5K,not_available_or_no_savings,from_1_to_4_years,less_than_20_percent,male_married_or_widowed,Co-Applicant,from_1_to_4_years,not_available_or_no_assets,from_26_to_39,no_further_running_credits,rented_flat,one,skilled_worker,three_or_more,no,yes
1641,good,no_balance_or_debit,from_06_to_12,no_previous_credit_or_paid_back_all_previous_credits,furniture,from_1.5K_to_2.5K,not_available_or_no_savings,from_1_to_4_years,from_20_to_35_percent,male_married_or_widowed,none,from_1_to_4_years,not_available_or_no_assets,from_26_to_39,no_further_running_credits,rented_flat,one,unskilled_with_permanent_residence,up_to_two,no,yes
1642,good,more_than_200_DM,from_06_to_12,no_previous_credit_or_paid_back_all_previous_credits,furniture,from_1.5K_to_2.5K,more_than_1000_DM,from_1_to_4_years,less_than_20_percent,male_married_or_widowed,none,more_than_7_years,house_or_land,from_26_to_39,no_further_running_credits,owner_occupied_flat,one,skilled_worker,three_or_more,yes,yes
1643,good,more_than_200_DM,<06,paid_back_previous_credits_at_this_bank,other,from_2.5K_to_5K,not_available_or_no_savings,from_4_to_7_years,more_than_35_percent,female_not_single_or_male_single,none,less_than_1_year,not_available_or_no_assets,from_26_to_39,no_further_running_credits,rented_flat,one,skilled_worker,up_to_two,no,yes
1644,good,0_to_200_DM,from_06_to_12,no_previous_credit_or_paid_back_all_previous_credits,furniture,from_2.5K_to_5K,more_than_1000_DM,more_than_7_years,from_20_to_35_percent,male_married_or_widowed,none,from_4_to_7_years,saving_contract_or_life_insurance,from_26_to_39,no_further_running_credits,rented_flat,one,executive,three_or_more,no,yes
1645,good,more_than_200_DM,from_30_to_36,paid_back_previous_credits_at_this_bank,other,from_2.5K_to_5K,not_available_or_no_savings,from_4_to_7_years,less_than_20_percent,male_married_or_widowed,none,more_than_7_years,saving_contract_or_life_insurance,from_26_to_39,no_further_running_credits,rented_flat,two_or_three,skilled_worker,three_or_more,yes,yes
1646,good,more_than_200_DM,from_06_to_12,paid_back_previous_credits_at_this_bank,repair,from_2.5K_to_5K,more_than_1000_DM,less_than_1_year,from_20_to_35_percent,male_married_or_widowed,none,less_than_1_year,car_or_other,from_26_to_39,no_further_running_credits,rented_flat,two_or_three,unskilled_with_permanent_residence,up_to_two,no,yes
1647,good,no_balance_or_debit,from_12_to_18,paid_back_previous_credits_at_this_bank,used_car,from_2.5K_to_5K,not_available_or_no_savings,more_than_7_years,from_20_to_25_percent,female_not_single_or_male_single,none,more_than_7_years,car_or_other,from_26_to_39,no_further_running_credits,rented_flat,one,skilled_worker,three_or_more,yes,no
1648,good,no_running_account,from_30_to_36,no_previous_credit_or_paid_back_all_previous_credits,used_car,from_2.5K_to_5K,not_available_or_no_savings,from_1_to_4_years,more_than_35_percent,male_married_or_widowed,Guarantor,from_1_to_4_years,car_or_other,from_26_to_39,no_further_running_credits,rented_flat,one,skilled_worker,up_to_two,no,yes
1649,good,no_running_account,<06,paid_back_previous_credits_at_this_bank,other,from_2.5K_to_5K,not_available_or_no_savings,from_1_to_4_years,more_than_35_percent,male_married_or_widowed,none,from_4_to_7_years,not_available_or_no_assets,from_26_to_39,no_further_running_credits,free_apartment,four_or_five,skilled_worker,up_to_two,no,yes
1650,good,no_balance_or_debit,from_18_to_24,paid_back_previous_credits_at_this_bank,other,from_2.5K_to_5K,less_than_100_DM,less_than_1_year,less_than_20_percent,male_divorced_or_separated,none,from_1_to_4_years,saving_contract_or_life_insurance,from_26_to_39,no_further_running_credits,rented_flat,one,skilled_worker,three_or_more,yes,yes
1651,good,0_to_200_DM,from_06_to_12,no_previous_credit_or_paid_back_all_previous_credits,other,from_2.5K_to_5K,not_available_or_no_savings,less_than_1_year,more_than_35_percent,male_married_or_widowed,Guarantor,less_than_1_year,car_or_other,from_26_to_39,no_further_running_credits,rented_flat,one,unskilled_with_permanent_residence,up_to_two,no,yes
1652,good,more_than_200_DM,from_30_to_36,no_previous_credit_or_paid_back_all_previous_credits,retraining,from_5K_to_7.5K,more_than_1000_DM,more_than_7_years,from_20_to_25_percent,male_married_or_widowed,none,from_1_to_4_years,car_or_other,from_26_to_39,no_further_running_credits,rented_flat,two_or_three,skilled_worker,three_or_more,no,yes
1653,bad,no_running_account,from_42_to_48,problematic_running_account,retraining,from_7.5K_to_10K,not_available_or_no_savings,from_4_to_7_years,from_20_to_35_percent,female_not_single_or_male_single,Guarantor,more_than_7_years,saving_contract_or_life_insurance,from_26_to_39,no_further_running_credits,free_apartment,one,skilled_worker,three_or_more,no,yes
1654,good,more_than_200_DM,from_42_to_48,no_previous_credit_or_paid_back_all_previous_credits,furniture,from_10K_to_15K,more_than_1000_DM,from_4_to_7_years,less_than_20_percent,male_married_or_widowed,none,from_4_to_7_years,saving_contract_or_life_insurance,from_26_to_39,at_department_stores,rented_flat,one,skilled_worker,three_or_more,yes,yes
1655,bad,no_balance_or_debit,from_30_to_36,no_previous_credit_or_paid_back_all_previous_credits,other,from_10K_to_15K,more_than_1000_DM,from_1_to_4_years,more_than_35_percent,male_married_or_widowed,none,more_than_7_years,house_or_land,from_26_to_39,at_other_banks,owner_occupied_flat,one,skilled_worker,three_or_more,yes,yes
1656,good,more_than_200_DM,from_42_to_48,no_problems_current_credit_at_bank,furniture,from_10K_to_15K,from_100_to_500_DM,from_4_to_7_years,less_than_20_percent,male_married_or_widowed,none,less_than_1_year,saving_contract_or_life_insurance,from_26_to_39,no_further_running_credits,rented_flat,one,executive,three_or_more,yes,yes
1657,good,no_balance_or_debit,<06,no_previous_credit_or_paid_back_all_previous_credits,furniture,less_than_0.5K,more_than_1000_DM,more_than_7_years,less_than_20_percent,male_married_or_widowed,none,more_than_7_years,car_or_other,from_26_to_39,no_further_running_credits,rented_flat,one,skilled_worker,three_or_more,no,yes
1658,good,no_running_account,from_06_to_12,no_previous_credit_or_paid_back_all_previous_credits,used_car,from_0.5K_to_1K,not_available_or_no_savings,from_1_to_4_years,from_20_to_35_percent,male_married_or_widowed,Guarantor,from_4_to_7_years,car_or_other,from_26_to_39,no_further_running_credits,rented_flat,one,unskilled_with_permanent_residence,up_to_two,no,yes
1659,good,no_balance_or_debit,from_06_to_12,no_previous_credit_or_paid_back_all_previous_credits,vacation,from_0.5K_to_1K,more_than_1000_DM,more_than_7_years,less_than_20_percent,male_married_or_widowed,none,more_than_7_years,car_or_other,from_26_to_39,no_further_running_credits,rented_flat,two_or_three,skilled_worker,three_or_more,no,yes
1660,good,more_than_200_DM,from_06_to_12,no_previous_credit_or_paid_back_all_previous_credits,furniture,from_0.5K_to_1K,not_available_or_no_savings,more_than_7_years,less_than_20_percent,male_married_or_widowed,none,more_than_7_years,saving_contract_or_life_insurance,from_26_to_39,no_further_running_credits,rented_flat,one,skilled_worker,three_or_more,no,yes
1661,good,more_than_200_DM,from_06_to_12,paid_back_previous_credits_at_this_bank,other,from_0.5K_to_1K,not_available_or_no_savings,unemployed,more_than_35_percent,female_not_single_or_male_single,none,from_1_to_4_years,car_or_other,from_26_to_39,no_further_running_credits,rented_flat,one,unemployed_or_unskilled_with_no_permanent_residence,three_or_more,no,yes
1662,bad,0_to_200_DM,from_18_to_24,no_previous_credit_or_paid_back_all_previous_credits,other,from_0.5K_to_1K,not_available_or_no_savings,from_4_to_7_years,less_than_20_percent,male_married_or_widowed,none,from_4_to_7_years,house_or_land,from_26_to_39,at_other_banks,owner_occupied_flat,one,skilled_worker,up_to_two,no,yes
1663,bad,no_balance_or_debit,from_18_to_24,paid_back_previous_credits_at_this_bank,furniture,from_1K_to_1.5K,less_than_100_DM,less_than_1_year,less_than_20_percent,male_married_or_widowed,none,more_than_7_years,house_or_land,from_26_to_39,at_other_banks,rented_flat,two_or_three,skilled_worker,up_to_two,no,yes
1664,good,more_than_200_DM,from_06_to_12,paid_back_previous_credits_at_this_bank,furniture,from_1K_to_1.5K,more_than_1000_DM,more_than_7_years,less_than_20_percent,female_not_single_or_male_single,none,from_1_to_4_years,not_available_or_no_assets,from_26_to_39,no_further_running_credits,rented_flat,two_or_three,skilled_worker,three_or_more,yes,yes
1665,good,no_balance_or_debit,from_12_to_18,no_previous_credit_or_paid_back_all_previous_credits,household_appliances,from_1K_to_1.5K,not_available_or_no_savings,more_than_7_years,less_than_20_percent,male_married_or_widowed,none,more_than_7_years,saving_contract_or_life_insurance,from_26_to_39,no_further_running_credits,rented_flat,two_or_three,unskilled_with_permanent_residence,three_or_more,no,yes
1666,good,more_than_200_DM,from_06_to_12,paid_back_previous_credits_at_this_bank,other,from_1K_to_1.5K,not_available_or_no_savings,more_than_7_years,less_than_20_percent,male_married_or_widowed,none,less_than_1_year,not_available_or_no_assets,from_26_to_39,no_further_running_credits,rented_flat,two_or_three,unskilled_with_permanent_residence,up_to_two,no,yes
1667,good,more_than_200_DM,from_18_to_24,no_previous_credit_or_paid_back_all_previous_credits,furniture,from_1.5K_to_2.5K,not_available_or_no_savings,less_than_1_year,less_than_20_percent,female_not_single_or_male_single,none,from_4_to_7_years,saving_contract_or_life_insurance,from_26_to_39,at_department_stores,rented_flat,one,skilled_worker,three_or_more,yes,yes
1668,good,more_than_200_DM,from_06_to_12,no_previous_credit_or_paid_back_all_previous_credits,furniture,from_1.5K_to_2.5K,not_available_or_no_savings,from_1_to_4_years,more_than_35_percent,male_married_or_widowed,none,more_than_7_years,car_or_other,from_26_to_39,no_further_running_credits,rented_flat,one,skilled_worker,three_or_more,yes,no
1669,good,no_running_account,from_06_to_12,paid_back_previous_credits_at_this_bank,other,from_1.5K_to_2.5K,not_available_or_no_savings,from_1_to_4_years,less_than_20_percent,male_married_or_widowed,none,more_than_7_years,car_or_other,from_26_to_39,at_other_banks,rented_flat,two_or_three,unskilled_with_permanent_residence,three_or_more,no,no
1670,good,more_than_200_DM,from_42_to_48,paid_back_previous_credits_at_this_bank,new_car,from_2.5K_to_5K,more_than_1000_DM,more_than_7_years,less_than_20_percent,male_married_or_widowed,none,from_4_to_7_years,saving_contract_or_life_insurance,from_26_to_39,no_further_running_credits,rented_flat,two_or_three,skilled_worker,up_to_two,yes,yes
1671,good,more_than_200_DM,from_06_to_12,no_previous_credit_or_paid_back_all_previous_credits,other,from_2.5K_to_5K,more_than_1000_DM,unemployed,less_than_20_percent,male_married_or_widowed,none,more_than_7_years,house_or_land,from_26_to_39,no_further_running_credits,rented_flat,one,executive,three_or_more,yes,yes
1672,good,more_than_200_DM,from_12_to_18,paid_back_previous_credits_at_this_bank,new_car,from_2.5K_to_5K,more_than_1000_DM,unemployed,from_20_to_35_percent,male_married_or_widowed,none,more_than_7_years,house_or_land,from_26_to_39,no_further_running_credits,rented_flat,one,executive,three_or_more,yes,yes
1673,good,no_balance_or_debit,from_18_to_24,no_previous_credit_or_paid_back_all_previous_credits,other,from_2.5K_to_5K,less_than_100_DM,from_4_to_7_years,from_20_to_35_percent,male_married_or_widowed,none,from_4_to_7_years,saving_contract_or_life_insurance,from_26_to_39,at_other_banks,rented_flat,two_or_three,skilled_worker,three_or_more,yes,yes
1674,bad,more_than_200_DM,from_42_to_48,no_previous_credit_or_paid_back_all_previous_credits,retraining,from_2.5K_to_5K,more_than_1000_DM,from_1_to_4_years,less_than_20_percent,male_divorced_or_separated,none,from_1_to_4_years,not_available_or_no_assets,from_26_to_39,at_other_banks,rented_flat,one,skilled_worker,three_or_more,no,yes
1675,good,more_than_200_DM,from_30_to_36,paid_back_previous_credits_at_this_bank,new_car,from_5K_to_7.5K,from_500_to_1000_DM,more_than_7_years,less_than_20_percent,male_married_or_widowed,none,from_1_to_4_years,saving_contract_or_life_insurance,from_26_to_39,no_further_running_credits,rented_flat,two_or_three,executive,three_or_more,yes,yes
1676,good,more_than_200_DM,from_24_to_30,paid_back_previous_credits_at_this_bank,furniture,from_5K_to_7.5K,not_available_or_no_savings,from_4_to_7_years,from_20_to_25_percent,male_married_or_widowed,Co-Applicant,from_1_to_4_years,saving_contract_or_life_insurance,from_26_to_39,no_further_running_credits,rented_flat,one,skilled_worker,three_or_more,no,yes
1677,good,no_balance_or_debit,from_42_to_48,no_problems_current_credit_at_bank,retraining,from_5K_to_7.5K,more_than_1000_DM,from_1_to_4_years,less_than_20_percent,male_married_or_widowed,none,more_than_7_years,house_or_land,from_26_to_39,no_further_running_credits,owner_occupied_flat,one,skilled_worker,up_to_two,yes,yes
1678,good,more_than_200_DM,from_18_to_24,no_previous_credit_or_paid_back_all_previous_credits,new_car,from_7.5K_to_10K,not_available_or_no_savings,from_4_to_7_years,from_20_to_25_percent,male_married_or_widowed,none,from_4_to_7_years,saving_contract_or_life_insurance,from_26_to_39,no_further_running_credits,rented_flat,one,executive,three_or_more,yes,yes
1679,good,no_running_account,from_24_to_30,paid_back_previous_credits_at_this_bank,new_car,from_10K_to_15K,not_available_or_no_savings,more_than_7_years,from_20_to_25_percent,male_married_or_widowed,none,more_than_7_years,house_or_land,from_26_to_39,no_further_running_credits,owner_occupied_flat,four_or_five,executive,up_to_two,yes,yes
1680,bad,no_balance_or_debit,from_12_to_18,no_previous_credit_or_paid_back_all_previous_credits,new_car,from_10K_to_15K,not_available_or_no_savings,unemployed,from_20_to_25_percent,female_not_single_or_male_single,none,more_than_7_years,house_or_land,from_26_to_39,no_further_running_credits,owner_occupied_flat,one,executive,three_or_more,yes,yes
1681,good,more_than_200_DM,<06,hesitant_pmt_of_previous_credit,furniture,less_than_0.5K,not_available_or_no_savings,more_than_7_years,less_than_20_percent,female_single,none,more_than_7_years,saving_contract_or_life_insurance,from_26_to_39,no_further_running_credits,rented_flat,one,unskilled_with_permanent_residence,three_or_more,no,yes
1682,good,no_running_account,<06,paid_back_previous_credits_at_this_bank,other,from_0.5K_to_1K,from_500_to_1000_DM,from_4_to_7_years,from_20_to_25_percent,female_not_single_or_male_single,none,more_than_7_years,not_available_or_no_assets,from_26_to_39,no_further_running_credits,rented_flat,two_or_three,unskilled_with_permanent_residence,three_or_more,yes,yes
1683,good,no_running_account,<06,paid_back_previous_credits_at_this_bank,other,from_0.5K_to_1K,not_available_or_no_savings,more_than_7_years,more_than_35_percent,female_not_single_or_male_single,none,more_than_7_years,house_or_land,from_26_to_39,no_further_running_credits,rented_flat,two_or_three,skilled_worker,three_or_more,yes,yes
1684,good,no_balance_or_debit,<06,paid_back_previous_credits_at_this_bank,vacation,from_0.5K_to_1K,more_than_1000_DM,from_4_to_7_years,more_than_35_percent,female_not_single_or_male_single,none,from_4_to_7_years,car_or_other,from_26_to_39,no_further_running_credits,rented_flat,two_or_three,unskilled_with_permanent_residence,three_or_more,no,yes
1685,good,no_balance_or_debit,from_06_to_12,no_previous_credit_or_paid_back_all_previous_credits,retraining,from_1K_to_1.5K,less_than_100_DM,from_4_to_7_years,from_20_to_25_percent,male_married_or_widowed,none,more_than_7_years,not_available_or_no_assets,from_26_to_39,no_further_running_credits,rented_flat,one,unskilled_with_permanent_residence,three_or_more,no,yes
1686,bad,no_balance_or_debit,from_18_to_24,no_previous_credit_or_paid_back_all_previous_credits,retraining,from_1K_to_1.5K,not_available_or_no_savings,more_than_7_years,from_20_to_35_percent,female_not_single_or_male_single,none,more_than_7_years,car_or_other,from_26_to_39,no_further_running_credits,rented_flat,one,skilled_worker,up_to_two,no,yes
1687,bad,0_to_200_DM,from_12_to_18,paid_back_previous_credits_at_this_bank,furniture,from_1K_to_1.5K,more_than_1000_DM,from_1_to_4_years,from_20_to_25_percent,male_married_or_widowed,none,more_than_7_years,house_or_land,from_26_to_39,no_further_running_credits,owner_occupied_flat,two_or_three,skilled_worker,three_or_more,yes,yes
1688,good,more_than_200_DM,from_12_to_18,no_previous_credit_or_paid_back_all_previous_credits,furniture,from_1K_to_1.5K,not_available_or_no_savings,less_than_1_year,from_20_to_25_percent,female_single,none,more_than_7_years,not_available_or_no_assets,from_26_to_39,no_further_running_credits,rented_flat,one,skilled_worker,three_or_more,yes,yes
1689,good,more_than_200_DM,from_06_to_12,no_previous_credit_or_paid_back_all_previous_credits,other,from_1.5K_to_2.5K,not_available_or_no_savings,more_than_7_years,less_than_20_percent,male_married_or_widowed,none,more_than_7_years,saving_contract_or_life_insurance,from_26_to_39,no_further_running_credits,rented_flat,one,executive,three_or_more,yes,yes
1690,good,no_running_account,from_06_to_12,paid_back_previous_credits_at_this_bank,other,from_1.5K_to_2.5K,not_available_or_no_savings,from_1_to_4_years,from_20_to_25_percent,male_married_or_widowed,none,from_1_to_4_years,not_available_or_no_assets,from_26_to_39,no_further_running_credits,free_apartment,two_or_three,unskilled_with_permanent_residence,up_to_two,no,no
1691,good,no_running_account,from_18_to_24,no_previous_credit_or_paid_back_all_previous_credits,used_car,from_1.5K_to_2.5K,more_than_1000_DM,from_4_to_7_years,less_than_20_percent,male_married_or_widowed,none,more_than_7_years,saving_contract_or_life_insurance,from_26_to_39,no_further_running_credits,rented_flat,one,skilled_worker,three_or_more,yes,yes
1692,good,more_than_200_DM,from_30_to_36,no_previous_credit_or_paid_back_all_previous_credits,furniture,from_1.5K_to_2.5K,from_100_to_500_DM,more_than_7_years,less_than_20_percent,male_married_or_widowed,none,more_than_7_years,saving_contract_or_life_insurance,from_26_to_39,no_further_running_credits,rented_flat,one,skilled_worker,three_or_more,no,yes
1693,good,no_running_account,from_24_to_30,no_previous_credit_or_paid_back_all_previous_credits,furniture,from_2.5K_to_5K,not_available_or_no_savings,more_than_7_years,more_than_35_percent,male_married_or_widowed,Guarantor,from_4_to_7_years,car_or_other,from_26_to_39,no_further_running_credits,rented_flat,one,skilled_worker,up_to_two,no,yes
1694,good,no_running_account,from_30_to_36,no_previous_credit_or_paid_back_all_previous_credits,other,from_2.5K_to_5K,not_available_or_no_savings,from_4_to_7_years,from_20_to_35_percent,male_married_or_widowed,none,more_than_7_years,house_or_land,from_26_to_39,at_other_banks,owner_occupied_flat,one,executive,up_to_two,yes,yes
1695,bad,no_running_account,from_18_to_24,no_previous_credit_or_paid_back_all_previous_credits,used_car,from_2.5K_to_5K,not_available_or_no_savings,more_than_7_years,less_than_20_percent,male_married_or_widowed,none,from_1_to_4_years,car_or_other,from_26_to_39,no_further_running_credits,free_apartment,one,executive,three_or_more,yes,yes
1696,good,no_running_account,from_06_to_12,paid_back_previous_credits_at_this_bank,other,from_2.5K_to_5K,not_available_or_no_savings,from_4_to_7_years,more_than_35_percent,male_married_or_widowed,none,more_than_7_years,not_available_or_no_assets,from_26_to_39,no_further_running_credits,rented_flat,two_or_three,unskilled_with_permanent_residence,three_or_more,no,no
1697,bad,more_than_200_DM,from_12_to_18,problematic_running_account,other,from_5K_to_7.5K,not_available_or_no_savings,more_than_7_years,from_20_to_35_percent,male_married_or_widowed,none,more_than_7_years,house_or_land,from_26_to_39,at_other_banks,rented_flat,two_or_three,executive,up_to_two,yes,yes
1698,good,more_than_200_DM,from_06_to_12,paid_back_previous_credits_at_this_bank,other,from_5K_to_7.5K,not_available_or_no_savings,from_1_to_4_years,more_than_35_percent,male_married_or_widowed,none,more_than_7_years,car_or_other,from_26_to_39,no_further_running_credits,rented_flat,two_or_three,unskilled_with_permanent_residence,three_or_more,no,yes
1699,good,more_than_200_DM,from_48_to_54,hesitant_pmt_of_previous_credit,new_car,from_7.5K_to_10K,more_than_1000_DM,from_1_to_4_years,from_20_to_35_percent,male_married_or_widowed,none,from_1_to_4_years,car_or_other,from_26_to_39,no_further_running_credits,rented_flat,one,unskilled_with_permanent_residence,up_to_two,no,yes
1700,bad,no_running_account,from_42_to_48,no_previous_credit_or_paid_back_all_previous_credits,new_car,from_10K_to_15K,not_available_or_no_savings,from_4_to_7_years,less_than_20_percent,male_married_or_widowed,none,more_than_7_years,house_or_land,from_26_to_39,no_further_running_credits,owner_occupied_flat,four_or_five,skilled_worker,up_to_two,yes,yes
1701,bad,no_balance_or_debit,from_18_to_24,paid_back_previous_credits_at_this_bank,business,from_10K_to_15K,not_available_or_no_savings,from_1_to_4_years,from_20_to_35_percent,male_married_or_widowed,Co-Applicant,from_4_to_7_years,saving_contract_or_life_insurance,from_26_to_39,no_further_running_credits,rented_flat,two_or_three,executive,up_to_two,yes,yes
1702,bad,no_running_account,from_06_to_12,no_previous_credit_or_paid_back_all_previous_credits,repair,from_0.5K_to_1K,not_available_or_no_savings,from_1_to_4_years,less_than_20_percent,male_married_or_widowed,none,more_than_7_years,saving_contract_or_life_insurance,from_40_to_59,no_further_running_credits,free_apartment,one,unskilled_with_permanent_residence,up_to_two,no,yes
1703,good,no_running_account,from_06_to_12,no_previous_credit_or_paid_back_all_previous_credits,furniture,from_0.5K_to_1K,not_available_or_no_savings,from_1_to_4_years,less_than_20_percent,female_single,none,from_1_to_4_years,not_available_or_no_assets,from_40_to_59,no_further_running_credits,rented_flat,one,unskilled_with_permanent_residence,three_or_more,no,yes
1704,good,more_than_200_DM,from_06_to_12,no_previous_credit_or_paid_back_all_previous_credits,vacation,from_0.5K_to_1K,more_than_1000_DM,from_4_to_7_years,less_than_20_percent,female_not_single_or_male_single,none,from_4_to_7_years,car_or_other,from_40_to_59,no_further_running_credits,rented_flat,one,skilled_worker,three_or_more,yes,yes
1705,good,no_balance_or_debit,from_06_to_12,no_previous_credit_or_paid_back_all_previous_credits,furniture,from_1K_to_1.5K,not_available_or_no_savings,more_than_7_years,from_20_to_25_percent,female_single,Guarantor,from_4_to_7_years,not_available_or_no_assets,from_40_to_59,at_other_banks,rented_flat,two_or_three,unskilled_with_permanent_residence,three_or_more,no,yes
1706,good,no_balance_or_debit,from_06_to_12,paid_back_previous_credits_at_this_bank,other,from_1K_to_1.5K,from_500_to_1000_DM,from_1_to_4_years,less_than_20_percent,female_not_single_or_male_single,none,more_than_7_years,saving_contract_or_life_insurance,from_40_to_59,no_further_running_credits,rented_flat,two_or_three,skilled_worker,three_or_more,no,yes
1707,bad,no_running_account,from_18_to_24,problematic_running_account,business,from_1K_to_1.5K,more_than_1000_DM,more_than_7_years,less_than_20_percent,male_married_or_widowed,none,from_4_to_7_years,saving_contract_or_life_insurance,from_40_to_59,at_department_stores,rented_flat,one,executive,three_or_more,yes,yes
1708,good,no_running_account,<06,paid_back_previous_credits_at_this_bank,other,from_1K_to_1.5K,not_available_or_no_savings,less_than_1_year,from_20_to_35_percent,male_married_or_widowed,none,more_than_7_years,not_available_or_no_assets,from_40_to_59,no_further_running_credits,rented_flat,one,unskilled_with_permanent_residence,up_to_two,no,no
1709,good,more_than_200_DM,from_12_to_18,no_previous_credit_or_paid_back_all_previous_credits,furniture,from_1K_to_1.5K,more_than_1000_DM,from_1_to_4_years,less_than_20_percent,female_single,none,from_1_to_4_years,not_available_or_no_assets,from_40_to_59,no_further_running_credits,free_apartment,one,skilled_worker,three_or_more,yes,yes
1710,good,more_than_200_DM,from_18_to_24,problematic_running_account,retraining,from_1.5K_to_2.5K,not_available_or_no_savings,from_4_to_7_years,less_than_20_percent,male_married_or_widowed,none,more_than_7_years,saving_contract_or_life_insurance,from_40_to_59,at_other_banks,rented_flat,one,skilled_worker,three_or_more,yes,yes
1711,good,more_than_200_DM,from_18_to_24,paid_back_previous_credits_at_this_bank,used_car,from_1.5K_to_2.5K,not_available_or_no_savings,from_4_to_7_years,less_than_20_percent,male_married_or_widowed,none,from_4_to_7_years,car_or_other,from_40_to_59,no_further_running_credits,rented_flat,two_or_three,skilled_worker,three_or_more,no,yes
1712,good,more_than_200_DM,from_06_to_12,no_previous_credit_or_paid_back_all_previous_credits,other,from_1.5K_to_2.5K,from_100_to_500_DM,from_1_to_4_years,from_20_to_25_percent,male_married_or_widowed,none,from_1_to_4_years,house_or_land,from_40_to_59,no_further_running_credits,free_apartment,one,unskilled_with_permanent_residence,up_to_two,no,no
1713,bad,no_running_account,from_18_to_24,problematic_running_account,other,from_1.5K_to_2.5K,more_than_1000_DM,from_1_to_4_years,less_than_20_percent,male_married_or_widowed,none,from_1_to_4_years,car_or_other,from_40_to_59,at_other_banks,rented_flat,two_or_three,unskilled_with_permanent_residence,up_to_two,no,yes
1714,good,0_to_200_DM,from_12_to_18,no_previous_credit_or_paid_back_all_previous_credits,repair,from_1.5K_to_2.5K,not_available_or_no_savings,more_than_7_years,less_than_20_percent,male_married_or_widowed,none,more_than_7_years,saving_contract_or_life_insurance,from_40_to_59,no_further_running_credits,free_apartment,one,executive,three_or_more,yes,yes
1715,bad,no_running_account,from_30_to_36,no_previous_credit_or_paid_back_all_previous_credits,repair,from_1.5K_to_2.5K,more_than_1000_DM,more_than_7_years,less_than_20_percent,male_married_or_widowed,none,more_than_7_years,house_or_land,from_40_to_59,no_further_running_credits,rented_flat,one,executive,three_or_more,yes,yes
1716,good,more_than_200_DM,from_18_to_24,no_previous_credit_or_paid_back_all_previous_credits,furniture,from_2.5K_to_5K,from_100_to_500_DM,more_than_7_years,from_20_to_25_percent,male_married_or_widowed,none,more_than_7_years,saving_contract_or_life_insurance,from_40_to_59,no_further_running_credits,rented_flat,one,skilled_worker,three_or_more,no,yes
1717,good,no_balance_or_debit,from_12_to_18,no_previous_credit_or_paid_back_all_previous_credits,used_car,from_2.5K_to_5K,not_available_or_no_savings,from_4_to_7_years,from_20_to_35_percent,female_not_single_or_male_single,none,more_than_7_years,not_available_or_no_assets,from_40_to_59,no_further_running_credits,free_apartment,one,skilled_worker,three_or_more,no,yes
1718,good,more_than_200_DM,from_24_to_30,paid_back_previous_credits_at_this_bank,furniture,from_2.5K_to_5K,more_than_1000_DM,more_than_7_years,from_20_to_25_percent,male_married_or_widowed,none,from_1_to_4_years,saving_contract_or_life_insurance,from_40_to_59,no_further_running_credits,rented_flat,two_or_three,skilled_worker,up_to_two,yes,yes
1719,good,no_balance_or_debit,from_12_to_18,paid_back_previous_credits_at_this_bank,retraining,from_2.5K_to_5K,not_available_or_no_savings,unemployed,from_20_to_25_percent,female_single,none,from_4_to_7_years,saving_contract_or_life_insurance,from_40_to_59,no_further_running_credits,rented_flat,four_or_five,unemployed_or_unskilled_with_no_permanent_residence,up_to_two,yes,yes
1720,good,more_than_200_DM,from_18_to_24,paid_back_previous_credits_at_this_bank,used_car,from_2.5K_to_5K,from_500_to_1000_DM,from_1_to_4_years,less_than_20_percent,male_married_or_widowed,none,more_than_7_years,not_available_or_no_assets,from_40_to_59,no_further_running_credits,rented_flat,one,skilled_worker,three_or_more,yes,yes
1721,good,no_running_account,from_24_to_30,no_previous_credit_or_paid_back_all_previous_credits,new_car,from_2.5K_to_5K,not_available_or_no_savings,from_1_to_4_years,less_than_20_percent,male_divorced_or_separated,none,more_than_7_years,car_or_other,from_40_to_59,no_further_running_credits,rented_flat,one,executive,three_or_more,yes,yes
1722,good,no_running_account,from_06_to_12,paid_back_previous_credits_at_this_bank,other,from_2.5K_to_5K,not_available_or_no_savings,from_1_to_4_years,more_than_35_percent,male_married_or_widowed,none,from_1_to_4_years,not_available_or_no_assets,from_40_to_59,no_further_running_credits,rented_flat,two_or_three,unskilled_with_permanent_residence,up_to_two,no,yes
1723,bad,no_balance_or_debit,from_12_to_18,no_problems_current_credit_at_bank,used_car,from_2.5K_to_5K,not_available_or_no_savings,more_than_7_years,less_than_20_percent,male_divorced_or_separated,none,from_4_to_7_years,house_or_land,from_40_to_59,no_further_running_credits,rented_flat,one,executive,three_or_more,yes,yes
1724,bad,more_than_200_DM,from_12_to_18,no_previous_credit_or_paid_back_all_previous_credits,repair,from_2.5K_to_5K,less_than_100_DM,from_1_to_4_years,from_20_to_25_percent,male_married_or_widowed,none,from_1_to_4_years,car_or_other,from_40_to_59,no_further_running_credits,rented_flat,one,executive,three_or_more,yes,yes
1725,good,no_balance_or_debit,from_42_to_48,no_previous_credit_or_paid_back_all_previous_credits,business,from_5K_to_7.5K,more_than_1000_DM,unemployed,from_20_to_25_percent,male_married_or_widowed,none,more_than_7_years,house_or_land,from_40_to_59,at_other_banks,owner_occupied_flat,one,unemployed_or_unskilled_with_no_permanent_residence,three_or_more,yes,yes
1726,good,no_balance_or_debit,from_12_to_18,paid_back_previous_credits_at_this_bank,used_car,from_5K_to_7.5K,not_available_or_no_savings,unemployed,less_than_20_percent,male_married_or_widowed,none,more_than_7_years,car_or_other,from_40_to_59,at_department_stores,rented_flat,two_or_three,executive,three_or_more,yes,yes
1727,good,more_than_200_DM,from_30_to_36,no_problems_current_credit_at_bank,used_car,from_7.5K_to_10K,from_100_to_500_DM,from_4_to_7_years,from_20_to_35_percent,female_not_single_or_male_single,none,more_than_7_years,saving_contract_or_life_insurance,from_40_to_59,no_further_running_credits,rented_flat,two_or_three,skilled_worker,three_or_more,yes,yes
1728,good,more_than_200_DM,from_24_to_30,problematic_running_account,new_car,from_7.5K_to_10K,more_than_1000_DM,less_than_1_year,from_20_to_25_percent,male_married_or_widowed,Guarantor,more_than_7_years,not_available_or_no_assets,from_40_to_59,at_other_banks,free_apartment,two_or_three,skilled_worker,up_to_two,yes,yes
1729,good,more_than_200_DM,<06,paid_back_previous_credits_at_this_bank,other,less_than_0.5K,from_500_to_1000_DM,from_1_to_4_years,from_20_to_35_percent,female_not_single_or_male_single,none,from_1_to_4_years,not_available_or_no_assets,from_40_to_59,at_other_banks,rented_flat,two_or_three,unskilled_with_permanent_residence,three_or_more,no,yes
1730,good,no_running_account,<06,no_previous_credit_or_paid_back_all_previous_credits,other,from_0.5K_to_1K,not_available_or_no_savings,less_than_1_year,from_20_to_25_percent,male_married_or_widowed,none,more_than_7_years,not_available_or_no_assets,from_40_to_59,no_further_running_credits,rented_flat,one,unskilled_with_permanent_residence,up_to_two,yes,yes
1731,bad,more_than_200_DM,from_06_to_12,no_previous_credit_or_paid_back_all_previous_credits,repair,from_0.5K_to_1K,not_available_or_no_savings,more_than_7_years,less_than_20_percent,male_married_or_widowed,none,more_than_7_years,saving_contract_or_life_insurance,from_40_to_59,at_other_banks,rented_flat,one,unskilled_with_permanent_residence,up_to_two,no,yes
1732,bad,no_balance_or_debit,from_06_to_12,no_previous_credit_or_paid_back_all_previous_credits,other,from_0.5K_to_1K,not_available_or_no_savings,more_than_7_years,less_than_20_percent,male_married_or_widowed,none,more_than_7_years,saving_contract_or_life_insurance,from_40_to_59,at_other_banks,rented_flat,one,unskilled_with_permanent_residence,up_to_two,no,yes
1733,good,more_than_200_DM,from_06_to_12,paid_back_previous_credits_at_this_bank,repair,from_1K_to_1.5K,more_than_1000_DM,more_than_7_years,less_than_20_percent,female_not_single_or_male_single,none,more_than_7_years,car_or_other,from_40_to_59,no_further_running_credits,free_apartment,two_or_three,unskilled_with_permanent_residence,three_or_more,no,yes
1734,good,more_than_200_DM,from_18_to_24,no_previous_credit_or_paid_back_all_previous_credits,other,from_1K_to_1.5K,less_than_100_DM,more_than_7_years,less_than_20_percent,female_single,none,more_than_7_years,not_available_or_no_assets,from_40_to_59,no_further_running_credits,free_apartment,one,unskilled_with_permanent_residence,three_or_more,no,yes
1735,good,more_than_200_DM,from_06_to_12,no_problems_current_credit_at_bank,new_car,from_1.5K_to_2.5K,not_available_or_no_savings,from_1_to_4_years,less_than_20_percent,female_single,none,more_than_7_years,not_available_or_no_assets,from_40_to_59,no_further_running_credits,free_apartment,one,skilled_worker,three_or_more,no,yes
1736,good,0_to_200_DM,<06,no_previous_credit_or_paid_back_all_previous_credits,used_car,from_1.5K_to_2.5K,not_available_or_no_savings,from_1_to_4_years,from_20_to_35_percent,male_married_or_widowed,none,from_1_to_4_years,not_available_or_no_assets,from_40_to_59,no_further_running_credits,rented_flat,one,skilled_worker,three_or_more,yes,yes
1737,good,no_balance_or_debit,from_24_to_30,no_problems_current_credit_at_bank,retraining,from_2.5K_to_5K,less_than_100_DM,more_than_7_years,less_than_20_percent,male_married_or_widowed,none,from_1_to_4_years,car_or_other,from_40_to_59,at_department_stores,rented_flat,two_or_three,skilled_worker,three_or_more,no,yes
1738,bad,more_than_200_DM,from_18_to_24,no_problems_current_credit_at_bank,retraining,from_2.5K_to_5K,from_100_to_500_DM,less_than_1_year,less_than_20_percent,male_married_or_widowed,none,from_1_to_4_years,not_available_or_no_assets,from_40_to_59,at_other_banks,rented_flat,one,unskilled_with_permanent_residence,up_to_two,no,yes
1739,bad,no_running_account,from_30_to_36,no_previous_credit_or_paid_back_all_previous_credits,used_car,from_2.5K_to_5K,not_available_or_no_savings,more_than_7_years,from_20_to_35_percent,male_married_or_widowed,none,from_1_to_4_years,car_or_other,from_40_to_59,at_other_banks,rented_flat,one,skilled_worker,up_to_two,no,yes
1740,good,more_than_200_DM,from_18_to_24,no_previous_credit_or_paid_back_all_previous_credits,furniture,from_2.5K_to_5K,more_than_1000_DM,more_than_7_years,less_than_20_percent,male_married_or_widowed,none,from_4_to_7_years,car_or_other,from_40_to_59,no_further_running_credits,rented_flat,one,skilled_worker,three_or_more,yes,yes
1741,good,more_than_200_DM,from_18_to_24,paid_back_previous_credits_at_this_bank,new_car,from_2.5K_to_5K,not_available_or_no_savings,more_than_7_years,less_than_20_percent,female_not_single_or_male_single,none,from_1_to_4_years,saving_contract_or_life_insurance,from_40_to_59,no_further_running_credits,free_apartment,two_or_three,executive,three_or_more,yes,yes
1742,good,no_balance_or_debit,from_42_to_48,no_previous_credit_or_paid_back_all_previous_credits,furniture,from_2.5K_to_5K,more_than_1000_DM,from_4_to_7_years,less_than_20_percent,male_married_or_widowed,none,less_than_1_year,saving_contract_or_life_insurance,from_40_to_59,no_further_running_credits,rented_flat,two_or_three,skilled_worker,up_to_two,yes,yes
1743,good,no_balance_or_debit,from_36_to_42,paid_back_previous_credits_at_this_bank,retraining,from_5K_to_7.5K,not_available_or_no_savings,from_4_to_7_years,from_20_to_35_percent,female_not_single_or_male_single,none,less_than_1_year,not_available_or_no_assets,from_40_to_59,at_other_banks,rented_flat,two_or_three,unskilled_with_permanent_residence,three_or_more,no,yes
1744,good,more_than_200_DM,from_18_to_24,no_previous_credit_or_paid_back_all_previous_credits,new_car,from_5K_to_7.5K,more_than_1000_DM,more_than_7_years,from_20_to_25_percent,male_married_or_widowed,none,more_than_7_years,saving_contract_or_life_insurance,from_40_to_59,no_further_running_credits,rented_flat,one,executive,up_to_two,yes,yes
1745,good,no_balance_or_debit,from_12_to_18,paid_back_previous_credits_at_this_bank,used_car,from_5K_to_7.5K,not_available_or_no_savings,more_than_7_years,from_20_to_35_percent,male_married_or_widowed,none,less_than_1_year,house_or_land,from_40_to_59,no_further_running_credits,rented_flat,one,skilled_worker,three_or_more,yes,yes
1746,good,0_to_200_DM,from_06_to_12,problematic_running_account,furniture,less_than_0.5K,from_500_to_1000_DM,from_1_to_4_years,from_20_to_25_percent,female_not_single_or_male_single,none,from_4_to_7_years,not_available_or_no_assets,from_40_to_59,no_further_running_credits,free_apartment,two_or_three,skilled_worker,three_or_more,no,yes
1747,good,more_than_200_DM,from_06_to_12,paid_back_previous_credits_at_this_bank,furniture,from_0.5K_to_1K,from_100_to_500_DM,more_than_7_years,less_than_20_percent,male_married_or_widowed,none,more_than_7_years,car_or_other,from_40_to_59,no_further_running_credits,rented_flat,two_or_three,skilled_worker,up_to_two,yes,yes
1748,good,more_than_200_DM,<06,no_previous_credit_or_paid_back_all_previous_credits,furniture,from_1K_to_1.5K,less_than_100_DM,more_than_7_years,from_20_to_35_percent,male_married_or_widowed,none,more_than_7_years,house_or_land,from_40_to_59,at_other_banks,owner_occupied_flat,one,skilled_worker,up_to_two,yes,yes
1749,good,more_than_200_DM,<06,paid_back_previous_credits_at_this_bank,other,from_1K_to_1.5K,not_available_or_no_savings,from_4_to_7_years,from_20_to_35_percent,male_married_or_widowed,none,less_than_1_year,not_available_or_no_assets,from_40_to_59,no_further_running_credits,rented_flat,four_or_five,unskilled_with_permanent_residence,up_to_two,no,yes
1750,good,more_than_200_DM,<06,paid_back_previous_credits_at_this_bank,furniture,from_1.5K_to_2.5K,not_available_or_no_savings,from_4_to_7_years,from_20_to_35_percent,male_married_or_widowed,none,less_than_1_year,not_available_or_no_assets,from_40_to_59,no_further_running_credits,rented_flat,two_or_three,unskilled_with_permanent_residence,up_to_two,no,yes
1751,good,more_than_200_DM,<06,paid_back_previous_credits_at_this_bank,furniture,from_1.5K_to_2.5K,not_available_or_no_savings,from_4_to_7_years,from_20_to_35_percent,male_married_or_widowed,none,less_than_1_year,not_available_or_no_assets,from_40_to_59,no_further_running_credits,rented_flat,four_or_five,unskilled_with_permanent_residence,up_to_two,no,yes
1752,good,no_balance_or_debit,from_18_to_24,no_problems_current_credit_at_bank,other,from_1.5K_to_2.5K,more_than_1000_DM,from_1_to_4_years,less_than_20_percent,female_not_single_or_male_single,none,more_than_7_years,saving_contract_or_life_insurance,from_40_to_59,no_further_running_credits,free_apartment,two_or_three,skilled_worker,three_or_more,yes,yes
1753,bad,more_than_200_DM,from_06_to_12,paid_back_previous_credits_at_this_bank,retraining,from_1.5K_to_2.5K,not_available_or_no_savings,unemployed,less_than_20_percent,male_married_or_widowed,none,from_1_to_4_years,saving_contract_or_life_insurance,from_40_to_59,at_department_stores,rented_flat,two_or_three,executive,three_or_more,yes,yes
1754,good,no_balance_or_debit,from_12_to_18,no_problems_current_credit_at_bank,retraining,from_1.5K_to_2.5K,more_than_1000_DM,more_than_7_years,less_than_20_percent,male_married_or_widowed,none,from_1_to_4_years,car_or_other,from_40_to_59,no_further_running_credits,rented_flat,two_or_three,skilled_worker,three_or_more,no,yes
1755,good,no_running_account,from_06_to_12,no_previous_credit_or_paid_back_all_previous_credits,used_car,from_2.5K_to_5K,not_available_or_no_savings,from_1_to_4_years,from_20_to_35_percent,male_divorced_or_separated,none,less_than_1_year,saving_contract_or_life_insurance,from_40_to_59,no_further_running_credits,rented_flat,one,skilled_worker,three_or_more,no,yes
1756,good,more_than_200_DM,from_06_to_12,paid_back_previous_credits_at_this_bank,used_car,from_2.5K_to_5K,not_available_or_no_savings,more_than_7_years,from_20_to_35_percent,male_married_or_widowed,none,more_than_7_years,car_or_other,from_40_to_59,at_department_stores,rented_flat,one,skilled_worker,three_or_more,no,yes
1757,bad,no_running_account,from_30_to_36,no_previous_credit_or_paid_back_all_previous_credits,used_car,from_2.5K_to_5K,not_available_or_no_savings,more_than_7_years,less_than_20_percent,male_married_or_widowed,none,from_1_to_4_years,saving_contract_or_life_insurance,from_40_to_59,no_further_running_credits,rented_flat,one,skilled_worker,up_to_two,no,yes
1758,bad,no_balance_or_debit,from_30_to_36,hesitant_pmt_of_previous_credit,furniture,from_2.5K_to_5K,not_available_or_no_savings,from_1_to_4_years,less_than_20_percent,female_not_single_or_male_single,none,less_than_1_year,saving_contract_or_life_insurance,from_40_to_59,no_further_running_credits,rented_flat,one,skilled_worker,three_or_more,yes,yes
1759,bad,no_running_account,from_12_to_18,no_previous_credit_or_paid_back_all_previous_credits,used_car,from_2.5K_to_5K,not_available_or_no_savings,from_1_to_4_years,from_20_to_35_percent,male_married_or_widowed,Co-Applicant,from_4_to_7_years,saving_contract_or_life_insurance,from_40_to_59,no_further_running_credits,rented_flat,one,skilled_worker,three_or_more,no,yes
1760,good,no_balance_or_debit,from_18_to_24,no_previous_credit_or_paid_back_all_previous_credits,furniture,from_5K_to_7.5K,more_than_1000_DM,more_than_7_years,from_20_to_35_percent,female_not_single_or_male_single,none,more_than_7_years,saving_contract_or_life_insurance,from_40_to_59,no_further_running_credits,rented_flat,one,skilled_worker,three_or_more,yes,yes
1761,good,no_running_account,from_30_to_36,no_previous_credit_or_paid_back_all_previous_credits,new_car,from_5K_to_7.5K,not_available_or_no_savings,more_than_7_years,from_20_to_35_percent,male_married_or_widowed,none,more_than_7_years,house_or_land,from_40_to_59,no_further_running_credits,owner_occupied_flat,one,skilled_worker,up_to_two,no,yes
1762,bad,no_balance_or_debit,>54,no_previous_credit_or_paid_back_all_previous_credits,repair,from_5K_to_7.5K,not_available_or_no_savings,from_1_to_4_years,less_than_20_percent,male_married_or_widowed,none,more_than_7_years,house_or_land,from_40_to_59,no_further_running_credits,owner_occupied_flat,one,skilled_worker,three_or_more,no,yes
1763,bad,no_running_account,from_42_to_48,no_previous_credit_or_paid_back_all_previous_credits,other,from_7.5K_to_10K,not_available_or_no_savings,more_than_7_years,less_than_20_percent,male_married_or_widowed,none,more_than_7_years,house_or_land,from_40_to_59,at_other_banks,owner_occupied_flat,one,executive,three_or_more,no,yes
1764,bad,no_balance_or_debit,from_30_to_36,no_problems_current_credit_at_bank,other,from_7.5K_to_10K,less_than_100_DM,more_than_7_years,from_20_to_35_percent,male_married_or_widowed,none,more_than_7_years,saving_contract_or_life_insurance,from_40_to_59,at_department_stores,rented_flat,six_or_more,executive,three_or_more,yes,yes
1765,bad,no_balance_or_debit,from_24_to_30,hesitant_pmt_of_previous_credit,retraining,from_7.5K_to_10K,not_available_or_no_savings,more_than_7_years,from_20_to_35_percent,female_not_single_or_male_single,none,more_than_7_years,house_or_land,from_40_to_59,at_department_stores,owner_occupied_flat,two_or_three,executive,three_or_more,yes,yes
1766,good,more_than_200_DM,>54,no_previous_credit_or_paid_back_all_previous_credits,other,from_10K_to_15K,not_available_or_no_savings,more_than_7_years,from_20_to_35_percent,male_married_or_widowed,none,more_than_7_years,car_or_other,from_40_to_59,no_further_running_credits,rented_flat,one,executive,three_or_more,yes,yes
1767,good,more_than_200_DM,from_30_to_36,paid_back_previous_credits_at_this_bank,new_car,from_10K_to_15K,more_than_1000_DM,more_than_7_years,from_20_to_35_percent,male_married_or_widowed,none,more_than_7_years,house_or_land,from_40_to_59,no_further_running_credits,owner_occupied_flat,two_or_three,skilled_worker,three_or_more,no,yes
1768,good,no_running_account,<06,no_previous_credit_or_paid_back_all_previous_credits,other,from_1K_to_1.5K,less_than_100_DM,more_than_7_years,from_20_to_25_percent,male_married_or_widowed,none,from_1_to_4_years,car_or_other,from_40_to_59,no_further_running_credits,rented_flat,one,skilled_worker,three_or_more,yes,yes
1769,bad,no_running_account,from_18_to_24,no_problems_current_credit_at_bank,other,from_1K_to_1.5K,not_available_or_no_savings,unemployed,less_than_20_percent,male_married_or_widowed,none,from_1_to_4_years,not_available_or_no_assets,from_40_to_59,no_further_running_credits,owner_occupied_flat,two_or_three,skilled_worker,up_to_two,no,yes
1770,good,no_running_account,from_06_to_12,no_problems_current_credit_at_bank,other,from_1K_to_1.5K,not_available_or_no_savings,from_1_to_4_years,less_than_20_percent,male_married_or_widowed,none,from_1_to_4_years,not_available_or_no_assets,from_40_to_59,no_further_running_credits,rented_flat,two_or_three,unskilled_with_permanent_residence,up_to_two,no,yes
1771,good,more_than_200_DM,from_12_to_18,paid_back_previous_credits_at_this_bank,furniture,from_1K_to_1.5K,not_available_or_no_savings,from_1_to_4_years,less_than_20_percent,female_not_single_or_male_single,none,from_1_to_4_years,saving_contract_or_life_insurance,from_40_to_59,no_further_running_credits,rented_flat,one,unskilled_with_permanent_residence,three_or_more,no,yes
1772,good,more_than_200_DM,from_18_to_24,paid_back_previous_credits_at_this_bank,furniture,from_1.5K_to_2.5K,from_500_to_1000_DM,from_1_to_4_years,less_than_20_percent,female_not_single_or_male_single,none,less_than_1_year,not_available_or_no_assets,from_40_to_59,no_further_running_credits,rented_flat,two_or_three,unskilled_with_permanent_residence,three_or_more,no,yes
1773,bad,more_than_200_DM,from_12_to_18,no_previous_credit_or_paid_back_all_previous_credits,used_car,from_1.5K_to_2.5K,not_available_or_no_savings,less_than_1_year,less_than_20_percent,female_single,Co-Applicant,less_than_1_year,car_or_other,from_40_to_59,no_further_running_credits,rented_flat,one,unskilled_with_permanent_residence,up_to_two,no,yes
1774,good,more_than_200_DM,from_06_to_12,paid_back_previous_credits_at_this_bank,used_car,from_1.5K_to_2.5K,not_available_or_no_savings,more_than_7_years,less_than_20_percent,male_married_or_widowed,none,more_than_7_years,not_available_or_no_assets,from_40_to_59,no_further_running_credits,rented_flat,four_or_five,skilled_worker,three_or_more,yes,yes
1775,good,more_than_200_DM,from_18_to_24,paid_back_previous_credits_at_this_bank,new_car,from_1.5K_to_2.5K,more_than_1000_DM,from_4_to_7_years,less_than_20_percent,male_married_or_widowed,none,more_than_7_years,saving_contract_or_life_insurance,from_40_to_59,no_further_running_credits,rented_flat,two_or_three,skilled_worker,up_to_two,yes,yes
1776,good,no_running_account,from_24_to_30,paid_back_previous_credits_at_this_bank,retraining,from_1.5K_to_2.5K,not_available_or_no_savings,more_than_7_years,less_than_20_percent,male_married_or_widowed,none,more_than_7_years,saving_contract_or_life_insurance,from_40_to_59,at_department_stores,rented_flat,six_or_more,executive,up_to_two,yes,yes
1777,good,more_than_200_DM,from_12_to_18,no_previous_credit_or_paid_back_all_previous_credits,used_car,from_2.5K_to_5K,not_available_or_no_savings,from_1_to_4_years,from_20_to_25_percent,male_married_or_widowed,none,more_than_7_years,not_available_or_no_assets,from_40_to_59,no_further_running_credits,rented_flat,one,skilled_worker,three_or_more,yes,yes
1778,bad,no_running_account,from_12_to_18,paid_back_previous_credits_at_this_bank,other,from_2.5K_to_5K,not_available_or_no_savings,more_than_7_years,from_20_to_35_percent,male_married_or_widowed,Guarantor,more_than_7_years,car_or_other,from_40_to_59,no_further_running_credits,free_apartment,one,skilled_worker,three_or_more,yes,no
1779,good,no_balance_or_debit,from_12_to_18,no_problems_current_credit_at_bank,other,from_2.5K_to_5K,more_than_1000_DM,more_than_7_years,less_than_20_percent,male_married_or_widowed,none,more_than_7_years,saving_contract_or_life_insurance,from_40_to_59,no_further_running_credits,rented_flat,one,skilled_worker,up_to_two,no,yes
1780,good,more_than_200_DM,from_18_to_24,paid_back_previous_credits_at_this_bank,new_car,from_2.5K_to_5K,more_than_1000_DM,from_4_to_7_years,from_20_to_25_percent,male_married_or_widowed,none,more_than_7_years,car_or_other,from_40_to_59,no_further_running_credits,rented_flat,two_or_three,skilled_worker,three_or_more,yes,yes
1781,bad,no_balance_or_debit,from_18_to_24,no_previous_credit_or_paid_back_all_previous_credits,used_car,from_2.5K_to_5K,not_available_or_no_savings,from_4_to_7_years,from_20_to_25_percent,male_divorced_or_separated,none,from_4_to_7_years,saving_contract_or_life_insurance,from_40_to_59,no_further_running_credits,rented_flat,one,skilled_worker,three_or_more,yes,yes
1782,bad,no_running_account,from_06_to_12,paid_back_previous_credits_at_this_bank,other,from_2.5K_to_5K,not_available_or_no_savings,more_than_7_years,from_20_to_25_percent,male_married_or_widowed,Co-Applicant,more_than_7_years,car_or_other,from_40_to_59,no_further_running_credits,free_apartment,two_or_three,skilled_worker,three_or_more,yes,yes
1783,good,more_than_200_DM,from_18_to_24,no_previous_credit_or_paid_back_all_previous_credits,other,from_5K_to_7.5K,not_available_or_no_savings,from_1_to_4_years,more_than_35_percent,male_married_or_widowed,none,more_than_7_years,car_or_other,from_40_to_59,no_further_running_credits,rented_flat,one,unskilled_with_permanent_residence,up_to_two,no,yes
1784,good,no_running_account,from_30_to_36,no_previous_credit_or_paid_back_all_previous_credits,business,from_15K_to_20K,not_available_or_no_savings,unemployed,from_20_to_35_percent,male_divorced_or_separated,Co-Applicant,from_4_to_7_years,saving_contract_or_life_insurance,from_40_to_59,no_further_running_credits,rented_flat,one,executive,three_or_more,no,yes
1785,good,no_balance_or_debit,from_06_to_12,no_previous_credit_or_paid_back_all_previous_credits,furniture,from_0.5K_to_1K,not_available_or_no_savings,from_4_to_7_years,less_than_20_percent,female_not_single_or_male_single,Guarantor,from_1_to_4_years,not_available_or_no_assets,from_40_to_59,no_further_running_credits,rented_flat,one,unskilled_with_permanent_residence,three_or_more,no,yes
1786,good,more_than_200_DM,from_06_to_12,paid_back_previous_credits_at_this_bank,other,from_1K_to_1.5K,from_100_to_500_DM,from_1_to_4_years,less_than_20_percent,male_married_or_widowed,none,more_than_7_years,not_available_or_no_assets,from_40_to_59,no_further_running_credits,rented_flat,one,skilled_worker,three_or_more,yes,yes
1787,good,no_running_account,from_12_to_18,paid_back_previous_credits_at_this_bank,used_car,from_1K_to_1.5K,not_available_or_no_savings,more_than_7_years,less_than_20_percent,male_married_or_widowed,none,more_than_7_years,saving_contract_or_life_insurance,from_40_to_59,no_further_running_credits,rented_flat,two_or_three,skilled_worker,up_to_two,yes,yes
1788,bad,no_running_account,from_12_to_18,problematic_running_account,used_car,from_1.5K_to_2.5K,not_available_or_no_savings,from_1_to_4_years,less_than_20_percent,male_married_or_widowed,none,from_4_to_7_years,saving_contract_or_life_insurance,from_40_to_59,at_other_banks,rented_flat,one,skilled_worker,three_or_more,no,yes
1789,good,no_balance_or_debit,from_06_to_12,paid_back_previous_credits_at_this_bank,new_car,from_1.5K_to_2.5K,less_than_100_DM,less_than_1_year,from_20_to_25_percent,male_married_or_widowed,none,more_than_7_years,car_or_other,from_40_to_59,no_further_running_credits,rented_flat,one,skilled_worker,three_or_more,no,yes
1790,good,0_to_200_DM,from_06_to_12,no_previous_credit_or_paid_back_all_previous_credits,furniture,from_1.5K_to_2.5K,not_available_or_no_savings,from_1_to_4_years,from_20_to_35_percent,female_not_single_or_male_single,none,from_1_to_4_years,saving_contract_or_life_insurance,from_40_to_59,no_further_running_credits,free_apartment,one,unskilled_with_permanent_residence,three_or_more,yes,yes
1791,good,more_than_200_DM,from_18_to_24,no_problems_current_credit_at_bank,retraining,from_1.5K_to_2.5K,from_100_to_500_DM,from_1_to_4_years,less_than_20_percent,male_married_or_widowed,none,from_1_to_4_years,saving_contract_or_life_insurance,from_40_to_59,no_further_running_credits,rented_flat,two_or_three,skilled_worker,up_to_two,yes,yes
1792,good,no_running_account,<06,no_previous_credit_or_paid_back_all_previous_credits,furniture,from_2.5K_to_5K,from_100_to_500_DM,from_1_to_4_years,from_20_to_35_percent,male_married_or_widowed,none,from_4_to_7_years,not_available_or_no_assets,from_40_to_59,no_further_running_credits,free_apartment,one,skilled_worker,up_to_two,no,yes
1793,bad,no_running_account,<06,paid_back_previous_credits_at_this_bank,used_car,from_2.5K_to_5K,not_available_or_no_savings,from_1_to_4_years,more_than_35_percent,male_divorced_or_separated,none,more_than_7_years,not_available_or_no_assets,from_40_to_59,no_further_running_credits,free_apartment,one,executive,three_or_more,yes,yes
1794,good,more_than_200_DM,from_18_to_24,paid_back_previous_credits_at_this_bank,other,from_2.5K_to_5K,more_than_1000_DM,less_than_1_year,from_20_to_35_percent,male_divorced_or_separated,none,more_than_7_years,not_available_or_no_assets,from_40_to_59,no_further_running_credits,rented_flat,two_or_three,skilled_worker,three_or_more,yes,yes
1795,good,no_running_account,<06,paid_back_previous_credits_at_this_bank,other,from_2.5K_to_5K,more_than_1000_DM,less_than_1_year,more_than_35_percent,male_married_or_widowed,none,from_4_to_7_years,not_available_or_no_assets,from_40_to_59,no_further_running_credits,rented_flat,two_or_three,unskilled_with_permanent_residence,up_to_two,no,yes
1796,good,more_than_200_DM,from_18_to_24,paid_back_previous_credits_at_this_bank,household_appliances,from_5K_to_7.5K,not_available_or_no_savings,more_than_7_years,from_20_to_25_percent,male_married_or_widowed,none,more_than_7_years,house_or_land,from_40_to_59,no_further_running_credits,owner_occupied_flat,two_or_three,skilled_worker,three_or_more,no,yes
1797,bad,more_than_200_DM,from_18_to_24,no_previous_credit_or_paid_back_all_previous_credits,furniture,from_5K_to_7.5K,more_than_1000_DM,less_than_1_year,more_than_35_percent,female_not_single_or_male_single,none,less_than_1_year,saving_contract_or_life_insurance,from_40_to_59,no_further_running_credits,rented_flat,two_or_three,skilled_worker,three_or_more,yes,yes
1798,good,no_balance_or_debit,from_12_to_18,no_problems_current_credit_at_bank,household_appliances,from_5K_to_7.5K,not_available_or_no_savings,from_1_to_4_years,from_20_to_35_percent,male_married_or_widowed,none,more_than_7_years,not_available_or_no_assets,from_40_to_59,no_further_running_credits,rented_flat,one,unskilled_with_permanent_residence,up_to_two,yes,yes
1799,good,no_running_account,from_18_to_24,paid_back_previous_credits_at_this_bank,new_car,from_5K_to_7.5K,not_available_or_no_savings,more_than_7_years,from_20_to_35_percent,female_not_single_or_male_single,none,more_than_7_years,house_or_land,from_40_to_59,no_further_running_credits,owner_occupied_flat,two_or_three,executive,up_to_two,yes,yes
1800,bad,more_than_200_DM,from_42_to_48,paid_back_previous_credits_at_this_bank,other,from_10K_to_15K,from_100_to_500_DM,from_1_to_4_years,from_20_to_35_percent,male_married_or_widowed,none,from_1_to_4_years,house_or_land,from_40_to_59,no_further_running_credits,owner_occupied_flat,one,skilled_worker,three_or_more,no,yes
1801,bad,no_balance_or_debit,from_18_to_24,no_previous_credit_or_paid_back_all_previous_credits,new_car,from_10K_to_15K,not_available_or_no_savings,more_than_7_years,less_than_20_percent,female_not_single_or_male_single,none,from_1_to_4_years,house_or_land,from_40_to_59,no_further_running_credits,owner_occupied_flat,one,executive,three_or_more,yes,yes
1802,good,no_running_account,from_06_to_12,problematic_running_account,vacation,less_than_0.5K,not_available_or_no_savings,more_than_7_years,less_than_20_percent,female_single,none,less_than_1_year,saving_contract_or_life_insurance,from_40_to_59,at_other_banks,rented_flat,one,unskilled_with_permanent_residence,three_or_more,no,yes
1803,good,more_than_200_DM,from_06_to_12,no_previous_credit_or_paid_back_all_previous_credits,other,from_1K_to_1.5K,more_than_1000_DM,more_than_7_years,less_than_20_percent,male_married_or_widowed,Co-Applicant,from_1_to_4_years,car_or_other,from_40_to_59,no_further_running_credits,rented_flat,one,unskilled_with_permanent_residence,three_or_more,no,no
1804,good,more_than_200_DM,from_12_to_18,no_previous_credit_or_paid_back_all_previous_credits,new_car,from_1K_to_1.5K,more_than_1000_DM,more_than_7_years,less_than_20_percent,male_married_or_widowed,none,more_than_7_years,house_or_land,from_40_to_59,at_other_banks,owner_occupied_flat,one,skilled_worker,up_to_two,no,yes
1805,good,more_than_200_DM,<06,problematic_running_account,furniture,from_1.5K_to_2.5K,from_100_to_500_DM,more_than_7_years,from_20_to_35_percent,male_married_or_widowed,none,more_than_7_years,car_or_other,from_40_to_59,at_other_banks,rented_flat,one,unskilled_with_permanent_residence,up_to_two,no,yes
1806,bad,no_running_account,from_18_to_24,no_previous_credit_or_paid_back_all_previous_credits,other,from_1.5K_to_2.5K,not_available_or_no_savings,more_than_7_years,less_than_20_percent,male_married_or_widowed,Co-Applicant,less_than_1_year,not_available_or_no_assets,from_40_to_59,no_further_running_credits,rented_flat,one,skilled_worker,three_or_more,no,yes
1807,good,no_balance_or_debit,from_06_to_12,no_previous_credit_or_paid_back_all_previous_credits,furniture,from_1.5K_to_2.5K,not_available_or_no_savings,less_than_1_year,more_than_35_percent,female_not_single_or_male_single,Guarantor,less_than_1_year,not_available_or_no_assets,from_40_to_59,no_further_running_credits,rented_flat,one,skilled_worker,three_or_more,no,yes
1808,good,0_to_200_DM,from_12_to_18,no_previous_credit_or_paid_back_all_previous_credits,used_car,from_2.5K_to_5K,not_available_or_no_savings,less_than_1_year,more_than_35_percent,female_not_single_or_male_single,none,less_than_1_year,car_or_other,from_40_to_59,at_department_stores,rented_flat,one,unskilled_with_permanent_residence,three_or_more,no,yes
1809,good,more_than_200_DM,from_06_to_12,no_previous_credit_or_paid_back_all_previous_credits,other,from_2.5K_to_5K,more_than_1000_DM,less_than_1_year,from_20_to_35_percent,male_married_or_widowed,none,from_4_to_7_years,car_or_other,from_40_to_59,no_further_running_credits,rented_flat,one,executive,up_to_two,yes,yes
1810,good,more_than_200_DM,from_30_to_36,no_previous_credit_or_paid_back_all_previous_credits,furniture,from_2.5K_to_5K,more_than_1000_DM,more_than_7_years,from_20_to_35_percent,female_not_single_or_male_single,none,more_than_7_years,not_available_or_no_assets,from_40_to_59,no_further_running_credits,rented_flat,one,unskilled_with_permanent_residence,three_or_more,yes,yes
1811,bad,no_running_account,from_24_to_30,no_previous_credit_or_paid_back_all_previous_credits,other,from_2.5K_to_5K,not_available_or_no_savings,from_1_to_4_years,from_20_to_25_percent,male_married_or_widowed,none,from_1_to_4_years,saving_contract_or_life_insurance,from_40_to_59,no_further_running_credits,rented_flat,one,unskilled_with_permanent_residence,three_or_more,no,yes
1812,good,more_than_200_DM,<06,paid_back_previous_credits_at_this_bank,other,from_5K_to_7.5K,not_available_or_no_savings,from_4_to_7_years,more_than_35_percent,male_married_or_widowed,none,from_4_to_7_years,house_or_land,from_40_to_59,no_further_running_credits,rented_flat,two_or_three,executive,up_to_two,yes,yes
1813,good,no_running_account,from_36_to_42,no_previous_credit_or_paid_back_all_previous_credits,used_car,from_7.5K_to_10K,not_available_or_no_savings,from_4_to_7_years,from_20_to_35_percent,male_married_or_widowed,Guarantor,more_than_7_years,car_or_other,from_40_to_59,no_further_running_credits,owner_occupied_flat,one,skilled_worker,up_to_two,no,yes
1814,good,more_than_200_DM,from_36_to_42,no_previous_credit_or_paid_back_all_previous_credits,new_car,from_7.5K_to_10K,less_than_100_DM,more_than_7_years,less_than_20_percent,male_married_or_widowed,none,from_1_to_4_years,saving_contract_or_life_insurance,from_40_to_59,no_further_running_credits,rented_flat,one,executive,three_or_more,yes,yes
1815,bad,no_running_account,from_12_to_18,no_previous_credit_or_paid_back_all_previous_credits,other,from_7.5K_to_10K,not_available_or_no_savings,more_than_7_years,more_than_35_percent,male_divorced_or_separated,none,more_than_7_years,car_or_other,from_40_to_59,no_further_running_credits,rented_flat,one,executive,three_or_more,yes,no
1816,good,more_than_200_DM,from_30_to_36,no_problems_current_credit_at_bank,other,from_10K_to_15K,not_available_or_no_savings,more_than_7_years,from_20_to_35_percent,male_married_or_widowed,none,from_1_to_4_years,saving_contract_or_life_insurance,from_40_to_59,no_further_running_credits,rented_flat,two_or_three,skilled_worker,up_to_two,yes,yes
1817,bad,no_running_account,from_06_to_12,problematic_running_account,other,from_0.5K_to_1K,not_available_or_no_savings,less_than_1_year,less_than_20_percent,male_married_or_widowed,none,from_1_to_4_years,saving_contract_or_life_insurance,from_40_to_59,at_other_banks,rented_flat,two_or_three,skilled_worker,three_or_more,yes,yes
1818,good,more_than_200_DM,from_06_to_12,no_previous_credit_or_paid_back_all_previous_credits,repair,from_0.5K_to_1K,from_100_to_500_DM,more_than_7_years,less_than_20_percent,male_married_or_widowed,none,more_than_7_years,house_or_land,from_40_to_59,no_further_running_credits,owner_occupied_flat,one,skilled_worker,three_or_more,yes,yes
1819,good,more_than_200_DM,from_06_to_12,paid_back_previous_credits_at_this_bank,furniture,from_0.5K_to_1K,more_than_1000_DM,more_than_7_years,less_than_20_percent,male_married_or_widowed,none,from_1_to_4_years,car_or_other,from_40_to_59,no_further_running_credits,free_apartment,two_or_three,unskilled_with_permanent_residence,three_or_more,yes,yes
1820,good,more_than_200_DM,from_12_to_18,paid_back_previous_credits_at_this_bank,furniture,from_1K_to_1.5K,from_500_to_1000_DM,from_1_to_4_years,less_than_20_percent,male_married_or_widowed,none,from_4_to_7_years,not_available_or_no_assets,from_40_to_59,no_further_running_credits,rented_flat,two_or_three,skilled_worker,three_or_more,no,yes
1821,bad,no_balance_or_debit,from_06_to_12,no_previous_credit_or_paid_back_all_previous_credits,other,from_1K_to_1.5K,not_available_or_no_savings,more_than_7_years,more_than_35_percent,male_divorced_or_separated,none,less_than_1_year,not_available_or_no_assets,from_40_to_59,no_further_running_credits,free_apartment,two_or_three,skilled_worker,three_or_more,no,yes
1822,good,0_to_200_DM,<06,paid_back_previous_credits_at_this_bank,other,from_1K_to_1.5K,not_available_or_no_savings,more_than_7_years,more_than_35_percent,male_married_or_widowed,none,more_than_7_years,not_available_or_no_assets,from_40_to_59,no_further_running_credits,rented_flat,two_or_three,skilled_worker,up_to_two,no,no
1823,good,more_than_200_DM,from_12_to_18,paid_back_previous_credits_at_this_bank,furniture,from_1.5K_to_2.5K,from_500_to_1000_DM,more_than_7_years,less_than_20_percent,male_married_or_widowed,none,more_than_7_years,saving_contract_or_life_insurance,from_40_to_59,no_further_running_credits,rented_flat,two_or_three,skilled_worker,three_or_more,no,yes
1824,good,more_than_200_DM,from_12_to_18,paid_back_previous_credits_at_this_bank,furniture,from_1.5K_to_2.5K,not_available_or_no_savings,more_than_7_years,less_than_20_percent,male_married_or_widowed,none,more_than_7_years,saving_contract_or_life_insurance,from_40_to_59,no_further_running_credits,rented_flat,two_or_three,skilled_worker,three_or_more,yes,yes
1825,good,no_running_account,from_12_to_18,no_previous_credit_or_paid_back_all_previous_credits,used_car,from_1.5K_to_2.5K,not_available_or_no_savings,less_than_1_year,less_than_20_percent,female_not_single_or_male_single,Guarantor,less_than_1_year,car_or_other,from_40_to_59,no_further_running_credits,free_apartment,one,skilled_worker,three_or_more,no,yes
1826,good,0_to_200_DM,from_06_to_12,no_previous_credit_or_paid_back_all_previous_credits,used_car,from_1.5K_to_2.5K,not_available_or_no_savings,from_1_to_4_years,more_than_35_percent,female_not_single_or_male_single,none,from_1_to_4_years,saving_contract_or_life_insurance,from_40_to_59,no_further_running_credits,rented_flat,one,unskilled_with_permanent_residence,three_or_more,no,yes
1827,good,no_running_account,from_30_to_36,paid_back_previous_credits_at_this_bank,used_car,from_1.5K_to_2.5K,not_available_or_no_savings,from_1_to_4_years,from_20_to_25_percent,female_single,none,from_1_to_4_years,car_or_other,from_40_to_59,no_further_running_credits,rented_flat,two_or_three,skilled_worker,three_or_more,yes,yes
1828,good,more_than_200_DM,from_18_to_24,no_previous_credit_or_paid_back_all_previous_credits,new_car,from_1.5K_to_2.5K,more_than_1000_DM,more_than_7_years,less_than_20_percent,male_married_or_widowed,none,more_than_7_years,not_available_or_no_assets,from_40_to_59,no_further_running_credits,rented_flat,one,executive,three_or_more,yes,yes
1829,good,more_than_200_DM,from_18_to_24,paid_back_previous_credits_at_this_bank,furniture,from_2.5K_to_5K,not_available_or_no_savings,more_than_7_years,less_than_20_percent,female_single,Co-Applicant,from_4_to_7_years,not_available_or_no_assets,from_40_to_59,no_further_running_credits,rented_flat,two_or_three,skilled_worker,three_or_more,no,yes
1830,good,more_than_200_DM,from_12_to_18,no_problems_current_credit_at_bank,new_car,from_2.5K_to_5K,not_available_or_no_savings,less_than_1_year,more_than_35_percent,female_not_single_or_male_single,none,from_1_to_4_years,car_or_other,from_40_to_59,no_further_running_credits,rented_flat,two_or_three,unskilled_with_permanent_residence,three_or_more,no,yes
1831,bad,no_running_account,from_42_to_48,no_previous_credit_or_paid_back_all_previous_credits,other,from_2.5K_to_5K,not_available_or_no_savings,from_4_to_7_years,less_than_20_percent,male_married_or_widowed,none,more_than_7_years,house_or_land,from_40_to_59,no_further_running_credits,owner_occupied_flat,one,skilled_worker,up_to_two,no,yes
1832,bad,no_running_account,from_42_to_48,paid_back_previous_credits_at_this_bank,new_car,from_5K_to_7.5K,not_available_or_no_savings,more_than_7_years,less_than_20_percent,male_married_or_widowed,none,more_than_7_years,house_or_land,from_40_to_59,no_further_running_credits,owner_occupied_flat,two_or_three,skilled_worker,three_or_more,yes,yes
1833,good,more_than_200_DM,from_18_to_24,paid_back_previous_credits_at_this_bank,new_car,from_5K_to_7.5K,more_than_1000_DM,from_1_to_4_years,from_20_to_35_percent,male_married_or_widowed,none,more_than_7_years,car_or_other,from_40_to_59,no_further_running_credits,rented_flat,two_or_three,executive,up_to_two,yes,yes
1834,good,more_than_200_DM,from_42_to_48,paid_back_previous_credits_at_this_bank,retraining,from_7.5K_to_10K,more_than_1000_DM,more_than_7_years,less_than_20_percent,male_divorced_or_separated,none,from_1_to_4_years,saving_contract_or_life_insurance,from_40_to_59,at_other_banks,rented_flat,two_or_three,executive,up_to_two,no,yes
1835,good,no_running_account,from_06_to_12,paid_back_previous_credits_at_this_bank,other,from_0.5K_to_1K,not_available_or_no_savings,more_than_7_years,less_than_20_percent,male_married_or_widowed,none,more_than_7_years,not_available_or_no_assets,from_40_to_59,no_further_running_credits,rented_flat,two_or_three,unskilled_with_permanent_residence,three_or_more,no,yes
1836,good,no_balance_or_debit,from_06_to_12,paid_back_previous_credits_at_this_bank,other,from_0.5K_to_1K,not_available_or_no_savings,from_4_to_7_years,from_20_to_35_percent,male_married_or_widowed,none,from_4_to_7_years,not_available_or_no_assets,from_40_to_59,no_further_running_credits,rented_flat,two_or_three,unskilled_with_permanent_residence,up_to_two,no,yes
1837,bad,no_balance_or_debit,<06,no_problems_current_credit_at_bank,other,from_1K_to_1.5K,not_available_or_no_savings,unemployed,less_than_20_percent,male_married_or_widowed,none,more_than_7_years,car_or_other,from_40_to_59,no_further_running_credits,rented_flat,one,executive,three_or_more,yes,yes
1838,good,more_than_200_DM,from_12_to_18,no_previous_credit_or_paid_back_all_previous_credits,furniture,from_1K_to_1.5K,from_100_to_500_DM,more_than_7_years,less_than_20_percent,male_married_or_widowed,none,from_4_to_7_years,car_or_other,from_40_to_59,at_department_stores,rented_flat,one,skilled_worker,three_or_more,yes,yes
1839,bad,no_running_account,from_12_to_18,no_previous_credit_or_paid_back_all_previous_credits,radio_television,from_1K_to_1.5K,not_available_or_no_savings,from_1_to_4_years,less_than_20_percent,female_single,none,from_4_to_7_years,not_available_or_no_assets,from_40_to_59,no_further_running_credits,rented_flat,one,unskilled_with_permanent_residence,three_or_more,yes,yes
1840,good,more_than_200_DM,from_12_to_18,paid_back_previous_credits_at_this_bank,furniture,from_1K_to_1.5K,from_100_to_500_DM,from_1_to_4_years,from_20_to_35_percent,female_single,none,from_1_to_4_years,car_or_other,from_40_to_59,no_further_running_credits,rented_flat,two_or_three,unskilled_with_permanent_residence,three_or_more,no,yes
1841,good,0_to_200_DM,from_18_to_24,no_previous_credit_or_paid_back_all_previous_credits,furniture,from_1K_to_1.5K,less_than_100_DM,more_than_7_years,less_than_20_percent,female_not_single_or_male_single,none,from_1_to_4_years,house_or_land,from_40_to_59,no_further_running_credits,owner_occupied_flat,one,skilled_worker,three_or_more,yes,yes
1842,good,more_than_200_DM,from_06_to_12,no_previous_credit_or_paid_back_all_previous_credits,repair,from_1K_to_1.5K,not_available_or_no_savings,more_than_7_years,less_than_20_percent,male_married_or_widowed,none,more_than_7_years,car_or_other,from_40_to_59,at_other_banks,rented_flat,four_or_five,skilled_worker,up_to_two,yes,yes
1843,good,more_than_200_DM,from_12_to_18,no_previous_credit_or_paid_back_all_previous_credits,used_car,from_1.5K_to_2.5K,not_available_or_no_savings,from_1_to_4_years,less_than_20_percent,male_married_or_widowed,none,more_than_7_years,house_or_land,from_40_to_59,at_other_banks,owner_occupied_flat,two_or_three,skilled_worker,three_or_more,no,yes
1844,good,no_balance_or_debit,from_18_to_24,no_problems_current_credit_at_bank,other,from_1.5K_to_2.5K,not_available_or_no_savings,from_1_to_4_years,more_than_35_percent,male_divorced_or_separated,none,more_than_7_years,car_or_other,from_40_to_59,no_further_running_credits,rented_flat,two_or_three,skilled_worker,three_or_more,no,yes
1845,bad,more_than_200_DM,from_18_to_24,no_problems_current_credit_at_bank,other,from_2.5K_to_5K,not_available_or_no_savings,more_than_7_years,less_than_20_percent,male_married_or_widowed,none,more_than_7_years,saving_contract_or_life_insurance,from_40_to_59,no_further_running_credits,rented_flat,two_or_three,unskilled_with_permanent_residence,up_to_two,no,yes
1846,good,0_to_200_DM,from_24_to_30,paid_back_previous_credits_at_this_bank,furniture,from_2.5K_to_5K,not_available_or_no_savings,more_than_7_years,less_than_20_percent,male_married_or_widowed,none,more_than_7_years,car_or_other,from_40_to_59,no_further_running_credits,rented_flat,one,skilled_worker,three_or_more,no,yes
1847,good,more_than_200_DM,from_12_to_18,no_previous_credit_or_paid_back_all_previous_credits,used_car,from_2.5K_to_5K,not_available_or_no_savings,more_than_7_years,less_than_20_percent,male_married_or_widowed,none,more_than_7_years,car_or_other,from_40_to_59,at_other_banks,rented_flat,four_or_five,skilled_worker,up_to_two,yes,yes
1848,good,more_than_200_DM,from_42_to_48,paid_back_previous_credits_at_this_bank,furniture,from_2.5K_to_5K,more_than_1000_DM,more_than_7_years,less_than_20_percent,male_married_or_widowed,none,less_than_1_year,not_available_or_no_assets,from_40_to_59,no_further_running_credits,rented_flat,one,skilled_worker,three_or_more,yes,yes
1849,good,more_than_200_DM,from_18_to_24,paid_back_previous_credits_at_this_bank,furniture,from_5K_to_7.5K,not_available_or_no_savings,less_than_1_year,from_20_to_25_percent,female_single,none,from_4_to_7_years,house_or_land,from_40_to_59,no_further_running_credits,owner_occupied_flat,four_or_five,skilled_worker,three_or_more,yes,yes
1850,bad,no_running_account,from_30_to_36,no_previous_credit_or_paid_back_all_previous_credits,new_car,from_7.5K_to_10K,more_than_1000_DM,more_than_7_years,from_20_to_25_percent,male_married_or_widowed,none,more_than_7_years,house_or_land,from_40_to_59,no_further_running_credits,owner_occupied_flat,one,skilled_worker,three_or_more,no,yes
1851,bad,no_balance_or_debit,from_30_to_36,no_previous_credit_or_paid_back_all_previous_credits,repair,from_10K_to_15K,less_than_100_DM,from_1_to_4_years,more_than_35_percent,male_married_or_widowed,none,more_than_7_years,house_or_land,from_40_to_59,no_further_running_credits,owner_occupied_flat,one,skilled_worker,up_to_two,yes,yes
1852,bad,no_running_account,from_18_to_24,no_problems_current_credit_at_bank,furniture,from_1K_to_1.5K,not_available_or_no_savings,less_than_1_year,less_than_20_percent,female_single,none,more_than_7_years,not_available_or_no_assets,from_40_to_59,at_department_stores,rented_flat,one,skilled_worker,three_or_more,no,yes
1853,bad,no_running_account,from_06_to_12,hesitant_pmt_of_previous_credit,other,from_1K_to_1.5K,not_available_or_no_savings,from_1_to_4_years,less_than_20_percent,male_married_or_widowed,none,more_than_7_years,saving_contract_or_life_insurance,from_40_to_59,at_other_banks,rented_flat,two_or_three,skilled_worker,three_or_more,no,yes
1854,bad,0_to_200_DM,from_06_to_12,no_previous_credit_or_paid_back_all_previous_credits,other,from_1K_to_1.5K,less_than_100_DM,more_than_7_years,more_than_35_percent,female_not_single_or_male_single,none,more_than_7_years,house_or_land,from_40_to_59,no_further_running_credits,owner_occupied_flat,one,unskilled_with_permanent_residence,up_to_two,no,yes
1855,good,no_running_account,from_06_to_12,paid_back_previous_credits_at_this_bank,household_appliances,from_1K_to_1.5K,less_than_100_DM,more_than_7_years,from_20_to_25_percent,male_married_or_widowed,Guarantor,more_than_7_years,not_available_or_no_assets,from_40_to_59,no_further_running_credits,rented_flat,two_or_three,skilled_worker,up_to_two,no,no
1856,good,no_balance_or_debit,from_18_to_24,paid_back_previous_credits_at_this_bank,furniture,from_1.5K_to_2.5K,not_available_or_no_savings,more_than_7_years,less_than_20_percent,male_married_or_widowed,none,from_1_to_4_years,car_or_other,from_40_to_59,no_further_running_credits,rented_flat,two_or_three,unskilled_with_permanent_residence,three_or_more,no,yes
1857,good,no_balance_or_debit,from_12_to_18,paid_back_previous_credits_at_this_bank,furniture,from_1.5K_to_2.5K,not_available_or_no_savings,more_than_7_years,from_20_to_25_percent,female_not_single_or_male_single,Guarantor,more_than_7_years,not_available_or_no_assets,from_40_to_59,at_other_banks,free_apartment,two_or_three,unskilled_with_permanent_residence,three_or_more,yes,yes
1858,good,more_than_200_DM,from_06_to_12,paid_back_previous_credits_at_this_bank,other,from_1.5K_to_2.5K,not_available_or_no_savings,from_1_to_4_years,less_than_20_percent,male_married_or_widowed,none,more_than_7_years,saving_contract_or_life_insurance,from_40_to_59,no_further_running_credits,rented_flat,four_or_five,skilled_worker,three_or_more,yes,yes
1859,good,no_running_account,from_06_to_12,paid_back_previous_credits_at_this_bank,other,from_1.5K_to_2.5K,not_available_or_no_savings,less_than_1_year,more_than_35_percent,male_married_or_widowed,none,from_4_to_7_years,not_available_or_no_assets,from_40_to_59,no_further_running_credits,free_apartment,two_or_three,unskilled_with_permanent_residence,up_to_two,no,no
1860,good,no_balance_or_debit,from_18_to_24,no_previous_credit_or_paid_back_all_previous_credits,used_car,from_2.5K_to_5K,more_than_1000_DM,from_1_to_4_years,more_than_35_percent,female_not_single_or_male_single,none,more_than_7_years,car_or_other,from_40_to_59,no_further_running_credits,rented_flat,one,unskilled_with_permanent_residence,three_or_more,yes,yes
1861,good,more_than_200_DM,from_24_to_30,no_previous_credit_or_paid_back_all_previous_credits,household_appliances,from_5K_to_7.5K,more_than_1000_DM,more_than_7_years,less_than_20_percent,male_married_or_widowed,none,more_than_7_years,car_or_other,from_40_to_59,no_further_running_credits,rented_flat,six_or_more,skilled_worker,up_to_two,yes,yes
1862,good,more_than_200_DM,from_18_to_24,no_previous_credit_or_paid_back_all_previous_credits,new_car,from_7.5K_to_10K,more_than_1000_DM,from_1_to_4_years,from_20_to_35_percent,male_divorced_or_separated,none,more_than_7_years,house_or_land,from_40_to_59,no_further_running_credits,owner_occupied_flat,one,skilled_worker,three_or_more,yes,yes
1863,good,no_balance_or_debit,from_42_to_48,hesitant_pmt_of_previous_credit,retraining,from_10K_to_15K,more_than_1000_DM,from_1_to_4_years,from_20_to_35_percent,male_married_or_widowed,none,from_1_to_4_years,saving_contract_or_life_insurance,from_40_to_59,at_other_banks,rented_flat,one,executive,three_or_more,yes,yes
1864,good,no_running_account,<06,no_previous_credit_or_paid_back_all_previous_credits,used_car,less_than_0.5K,not_available_or_no_savings,more_than_7_years,from_20_to_35_percent,female_not_single_or_male_single,none,less_than_1_year,car_or_other,from_40_to_59,at_other_banks,rented_flat,one,skilled_worker,three_or_more,yes,yes
1865,good,more_than_200_DM,from_06_to_12,no_previous_credit_or_paid_back_all_previous_credits,other,from_0.5K_to_1K,not_available_or_no_savings,from_1_to_4_years,less_than_20_percent,male_divorced_or_separated,none,from_1_to_4_years,not_available_or_no_assets,from_40_to_59,no_further_running_credits,rented_flat,one,unskilled_with_permanent_residence,three_or_more,no,yes
1866,good,no_running_account,from_06_to_12,paid_back_previous_credits_at_this_bank,other,from_1K_to_1.5K,not_available_or_no_savings,from_4_to_7_years,less_than_20_percent,male_married_or_widowed,Co-Applicant,from_4_to_7_years,car_or_other,from_40_to_59,no_further_running_credits,rented_flat,two_or_three,skilled_worker,three_or_more,yes,yes
1867,good,no_balance_or_debit,from_06_to_12,no_previous_credit_or_paid_back_all_previous_credits,furniture,from_1K_to_1.5K,not_available_or_no_savings,from_1_to_4_years,less_than_20_percent,female_not_single_or_male_single,Guarantor,more_than_7_years,not_available_or_no_assets,from_40_to_59,no_further_running_credits,rented_flat,two_or_three,skilled_worker,three_or_more,yes,yes
1868,good,0_to_200_DM,from_06_to_12,no_previous_credit_or_paid_back_all_previous_credits,furniture,from_1K_to_1.5K,less_than_100_DM,more_than_7_years,from_20_to_35_percent,male_divorced_or_separated,none,more_than_7_years,not_available_or_no_assets,from_40_to_59,no_further_running_credits,rented_flat,one,skilled_worker,three_or_more,no,yes
1869,good,no_running_account,from_06_to_12,no_previous_credit_or_paid_back_all_previous_credits,used_car,from_1K_to_1.5K,more_than_1000_DM,more_than_7_years,from_20_to_35_percent,male_divorced_or_separated,none,more_than_7_years,car_or_other,from_40_to_59,no_further_running_credits,rented_flat,one,unskilled_with_permanent_residence,three_or_more,yes,yes
1870,good,0_to_200_DM,from_12_to_18,problematic_running_account,furniture,from_1K_to_1.5K,more_than_1000_DM,from_4_to_7_years,less_than_20_percent,male_married_or_widowed,none,more_than_7_years,saving_contract_or_life_insurance,from_40_to_59,at_other_banks,rented_flat,one,unskilled_with_permanent_residence,three_or_more,no,yes
1871,good,more_than_200_DM,from_06_to_12,paid_back_previous_credits_at_this_bank,repair,from_1.5K_to_2.5K,not_available_or_no_savings,from_4_to_7_years,from_20_to_35_percent,male_married_or_widowed,none,from_4_to_7_years,not_available_or_no_assets,from_40_to_59,no_further_running_credits,rented_flat,one,unskilled_with_permanent_residence,up_to_two,no,yes
1872,good,more_than_200_DM,from_06_to_12,paid_back_previous_credits_at_this_bank,furniture,from_1.5K_to_2.5K,more_than_1000_DM,more_than_7_years,more_than_35_percent,male_married_or_widowed,Co-Applicant,more_than_7_years,not_available_or_no_assets,from_40_to_59,no_further_running_credits,rented_flat,one,skilled_worker,three_or_more,yes,yes
1873,good,no_running_account,from_18_to_24,no_previous_credit_or_paid_back_all_previous_credits,new_car,from_2.5K_to_5K,more_than_1000_DM,more_than_7_years,less_than_20_percent,male_married_or_widowed,none,more_than_7_years,house_or_land,from_40_to_59,at_other_banks,owner_occupied_flat,one,skilled_worker,up_to_two,yes,yes
1874,good,no_balance_or_debit,from_06_to_12,paid_back_previous_credits_at_this_bank,other,from_2.5K_to_5K,not_available_or_no_savings,less_than_1_year,more_than_35_percent,male_married_or_widowed,none,from_4_to_7_years,not_available_or_no_assets,from_40_to_59,at_other_banks,rented_flat,two_or_three,unskilled_with_permanent_residence,up_to_two,no,yes
1875,good,0_to_200_DM,from_24_to_30,paid_back_previous_credits_at_this_bank,furniture,from_2.5K_to_5K,more_than_1000_DM,more_than_7_years,less_than_20_percent,male_married_or_widowed,none,more_than_7_years,car_or_other,from_40_to_59,at_department_stores,rented_flat,two_or_three,unskilled_with_permanent_residence,three_or_more,no,yes
1876,good,more_than_200_DM,from_06_to_12,paid_back_previous_credits_at_this_bank,used_car,from_5K_to_7.5K,more_than_1000_DM,more_than_7_years,from_20_to_35_percent,male_married_or_widowed,none,more_than_7_years,car_or_other,from_40_to_59,no_further_running_credits,free_apartment,one,skilled_worker,three_or_more,yes,no
1877,bad,no_balance_or_debit,from_24_to_30,paid_back_previous_credits_at_this_bank,used_car,from_7.5K_to_10K,not_available_or_no_savings,from_4_to_7_years,from_20_to_35_percent,male_married_or_widowed,none,from_1_to_4_years,car_or_other,from_40_to_59,no_further_running_credits,rented_flat,one,skilled_worker,three_or_more,no,yes
1878,good,0_to_200_DM,<06,paid_back_previous_credits_at_this_bank,repair,from_1K_to_1.5K,not_available_or_no_savings,from_1_to_4_years,from_20_to_35_percent,female_not_single_or_male_single,none,more_than_7_years,car_or_other,from_40_to_59,no_further_running_credits,rented_flat,one,unskilled_with_permanent_residence,three_or_more,no,yes
1879,good,more_than_200_DM,<06,no_previous_credit_or_paid_back_all_previous_credits,new_car,from_1K_to_1.5K,from_100_to_500_DM,from_1_to_4_years,from_20_to_35_percent,male_married_or_widowed,none,more_than_7_years,car_or_other,from_40_to_59,no_further_running_credits,free_apartment,one,skilled_worker,three_or_more,no,yes
1880,good,no_balance_or_debit,from_12_to_18,paid_back_previous_credits_at_this_bank,furniture,from_1.5K_to_2.5K,more_than_1000_DM,more_than_7_years,less_than_20_percent,male_married_or_widowed,Guarantor,more_than_7_years,not_available_or_no_assets,from_40_to_59,no_further_running_credits,rented_flat,two_or_three,skilled_worker,three_or_more,yes,yes
1881,good,more_than_200_DM,from_06_to_12,no_previous_credit_or_paid_back_all_previous_credits,used_car,from_1.5K_to_2.5K,not_available_or_no_savings,from_1_to_4_years,less_than_20_percent,male_married_or_widowed,none,from_1_to_4_years,not_available_or_no_assets,from_40_to_59,no_further_running_credits,rented_flat,one,skilled_worker,three_or_more,no,yes
1882,good,more_than_200_DM,from_18_to_24,no_previous_credit_or_paid_back_all_previous_credits,used_car,from_1.5K_to_2.5K,not_available_or_no_savings,more_than_7_years,less_than_20_percent,male_married_or_widowed,none,from_1_to_4_years,not_available_or_no_assets,from_40_to_59,no_further_running_credits,rented_flat,two_or_three,skilled_worker,three_or_more,no,yes
1883,good,more_than_200_DM,from_06_to_12,no_previous_credit_or_paid_back_all_previous_credits,other,from_1.5K_to_2.5K,more_than_1000_DM,more_than_7_years,less_than_20_percent,male_married_or_widowed,none,from_4_to_7_years,saving_contract_or_life_insurance,from_40_to_59,no_further_running_credits,rented_flat,one,skilled_worker,three_or_more,yes,yes
1884,bad,no_balance_or_debit,from_30_to_36,no_previous_credit_or_paid_back_all_previous_credits,furniture,from_2.5K_to_5K,less_than_100_DM,from_1_to_4_years,less_than_20_percent,female_not_single_or_male_single,Co-Applicant,more_than_7_years,house_or_land,from_40_to_59,no_further_running_credits,owner_occupied_flat,one,skilled_worker,three_or_more,no,yes
1885,bad,no_running_account,from_24_to_30,hesitant_pmt_of_previous_credit,retraining,from_5K_to_7.5K,not_available_or_no_savings,unemployed,from_20_to_35_percent,male_married_or_widowed,none,more_than_7_years,car_or_other,from_40_to_59,no_further_running_credits,rented_flat,two_or_three,skilled_worker,three_or_more,yes,yes
1886,bad,no_balance_or_debit,from_42_to_48,no_problems_current_credit_at_bank,repair,from_5K_to_7.5K,not_available_or_no_savings,more_than_7_years,less_than_20_percent,male_married_or_widowed,none,more_than_7_years,house_or_land,from_40_to_59,no_further_running_credits,owner_occupied_flat,one,skilled_worker,three_or_more,no,yes
1887,good,no_running_account,from_42_to_48,no_previous_credit_or_paid_back_all_previous_credits,repair,from_5K_to_7.5K,not_available_or_no_savings,from_4_to_7_years,less_than_20_percent,male_married_or_widowed,none,less_than_1_year,house_or_land,from_40_to_59,no_further_running_credits,owner_occupied_flat,one,executive,three_or_more,yes,yes
1888,good,more_than_200_DM,from_06_to_12,paid_back_previous_credits_at_this_bank,other,from_0.5K_to_1K,less_than_100_DM,from_4_to_7_years,less_than_20_percent,female_not_single_or_male_single,none,from_4_to_7_years,saving_contract_or_life_insurance,from_40_to_59,no_further_running_credits,rented_flat,two_or_three,skilled_worker,three_or_more,yes,yes
1889,good,no_running_account,from_06_to_12,paid_back_previous_credits_at_this_bank,business,from_1K_to_1.5K,not_available_or_no_savings,more_than_7_years,from_20_to_25_percent,male_married_or_widowed,none,more_than_7_years,house_or_land,from_40_to_59,at_other_banks,owner_occupied_flat,two_or_three,executive,up_to_two,yes,yes
1890,good,more_than_200_DM,<06,no_previous_credit_or_paid_back_all_previous_credits,furniture,from_1.5K_to_2.5K,not_available_or_no_savings,from_4_to_7_years,from_20_to_25_percent,male_married_or_widowed,none,from_1_to_4_years,car_or_other,from_40_to_59,no_further_running_credits,rented_flat,one,skilled_worker,up_to_two,no,yes
1891,good,more_than_200_DM,from_06_to_12,no_previous_credit_or_paid_back_all_previous_credits,other,from_2.5K_to_5K,from_100_to_500_DM,more_than_7_years,from_20_to_35_percent,male_married_or_widowed,none,more_than_7_years,house_or_land,from_40_to_59,no_further_running_credits,owner_occupied_flat,one,unskilled_with_permanent_residence,three_or_more,no,yes
1892,good,0_to_200_DM,from_18_to_24,no_previous_credit_or_paid_back_all_previous_credits,used_car,from_2.5K_to_5K,not_available_or_no_savings,more_than_7_years,from_20_to_25_percent,male_divorced_or_separated,none,more_than_7_years,house_or_land,from_40_to_59,no_further_running_credits,owner_occupied_flat,one,skilled_worker,three_or_more,no,yes
1893,good,more_than_200_DM,from_30_to_36,paid_back_previous_credits_at_this_bank,furniture,from_2.5K_to_5K,more_than_1000_DM,more_than_7_years,less_than_20_percent,male_married_or_widowed,none,from_1_to_4_years,saving_contract_or_life_insurance,from_40_to_59,no_further_running_credits,rented_flat,one,skilled_worker,three_or_more,yes,yes
1894,good,no_balance_or_debit,from_06_to_12,no_problems_current_credit_at_bank,furniture,from_2.5K_to_5K,not_available_or_no_savings,from_4_to_7_years,from_20_to_35_percent,male_married_or_widowed,none,more_than_7_years,car_or_other,from_40_to_59,no_further_running_credits,rented_flat,one,skilled_worker,three_or_more,no,yes
1895,bad,no_running_account,from_12_to_18,no_previous_credit_or_paid_back_all_previous_credits,new_car,from_7.5K_to_10K,more_than_1000_DM,more_than_7_years,more_than_35_percent,male_married_or_widowed,none,more_than_7_years,car_or_other,from_40_to_59,no_further_running_credits,owner_occupied_flat,one,skilled_worker,up_to_two,yes,yes
1896,good,no_running_account,<06,paid_back_previous_credits_at_this_bank,furniture,less_than_0.5K,from_100_to_500_DM,more_than_7_years,less_than_20_percent,male_married_or_widowed,none,more_than_7_years,saving_contract_or_life_insurance,from_40_to_59,no_further_running_credits,rented_flat,two_or_three,skilled_worker,three_or_more,no,yes
1897,good,more_than_200_DM,<06,paid_back_previous_credits_at_this_bank,other,less_than_0.5K,less_than_100_DM,from_1_to_4_years,less_than_20_percent,female_not_single_or_male_single,none,more_than_7_years,saving_contract_or_life_insurance,from_40_to_59,no_further_running_credits,rented_flat,two_or_three,unskilled_with_permanent_residence,three_or_more,no,yes
1898,good,more_than_200_DM,from_06_to_12,paid_back_previous_credits_at_this_bank,furniture,from_0.5K_to_1K,not_available_or_no_savings,more_than_7_years,less_than_20_percent,male_married_or_widowed,none,more_than_7_years,not_available_or_no_assets,from_40_to_59,no_further_running_credits,rented_flat,four_or_five,skilled_worker,three_or_more,no,yes
1899,good,more_than_200_DM,from_06_to_12,paid_back_previous_credits_at_this_bank,repair,from_0.5K_to_1K,from_100_to_500_DM,more_than_7_years,less_than_20_percent,male_married_or_widowed,none,from_1_to_4_years,saving_contract_or_life_insurance,from_40_to_59,no_further_running_credits,rented_flat,two_or_three,skilled_worker,three_or_more,yes,yes
1900,good,more_than_200_DM,from_06_to_12,no_previous_credit_or_paid_back_all_previous_credits,other,from_1.5K_to_2.5K,more_than_1000_DM,more_than_7_years,less_than_20_percent,female_not_single_or_male_single,none,more_than_7_years,house_or_land,from_40_to_59,no_further_running_credits,owner_occupied_flat,one,executive,three_or_more,yes,yes
1901,good,more_than_200_DM,from_18_to_24,paid_back_previous_credits_at_this_bank,furniture,from_1.5K_to_2.5K,less_than_100_DM,more_than_7_years,less_than_20_percent,male_married_or_widowed,none,more_than_7_years,car_or_other,from_40_to_59,at_other_banks,rented_flat,two_or_three,skilled_worker,three_or_more,no,yes
1902,good,no_running_account,from_06_to_12,no_previous_credit_or_paid_back_all_previous_credits,furniture,from_1.5K_to_2.5K,not_available_or_no_savings,more_than_7_years,from_20_to_25_percent,male_married_or_widowed,none,more_than_7_years,not_available_or_no_assets,from_40_to_59,no_further_running_credits,rented_flat,one,unskilled_with_permanent_residence,three_or_more,no,yes
1903,good,more_than_200_DM,from_06_to_12,no_previous_credit_or_paid_back_all_previous_credits,furniture,from_2.5K_to_5K,not_available_or_no_savings,from_1_to_4_years,from_20_to_35_percent,male_married_or_widowed,none,more_than_7_years,saving_contract_or_life_insurance,from_40_to_59,no_further_running_credits,rented_flat,one,skilled_worker,three_or_more,yes,yes
1904,bad,no_balance_or_debit,from_06_to_12,no_previous_credit_or_paid_back_all_previous_credits,furniture,from_5K_to_7.5K,more_than_1000_DM,unemployed,from_20_to_35_percent,male_married_or_widowed,none,less_than_1_year,house_or_land,from_40_to_59,no_further_running_credits,rented_flat,one,executive,three_or_more,yes,yes
1905,bad,no_running_account,from_06_to_12,no_previous_credit_or_paid_back_all_previous_credits,repair,from_0.5K_to_1K,not_available_or_no_savings,less_than_1_year,less_than_20_percent,female_not_single_or_male_single,none,more_than_7_years,car_or_other,from_40_to_59,no_further_running_credits,rented_flat,one,skilled_worker,three_or_more,no,yes
1906,good,more_than_200_DM,from_18_to_24,paid_back_previous_credits_at_this_bank,furniture,from_1.5K_to_2.5K,more_than_1000_DM,more_than_7_years,less_than_20_percent,male_married_or_widowed,none,more_than_7_years,car_or_other,from_40_to_59,no_further_running_credits,rented_flat,two_or_three,skilled_worker,three_or_more,no,yes
1907,good,more_than_200_DM,from_18_to_24,no_previous_credit_or_paid_back_all_previous_credits,used_car,from_2.5K_to_5K,from_100_to_500_DM,more_than_7_years,from_20_to_25_percent,male_married_or_widowed,none,more_than_7_years,car_or_other,from_40_to_59,no_further_running_credits,rented_flat,one,skilled_worker,three_or_more,no,yes
1908,bad,no_running_account,from_18_to_24,no_problems_current_credit_at_bank,other,from_2.5K_to_5K,not_available_or_no_savings,from_1_to_4_years,from_20_to_25_percent,male_married_or_widowed,none,more_than_7_years,house_or_land,from_40_to_59,no_further_running_credits,owner_occupied_flat,two_or_three,skilled_worker,up_to_two,no,yes
1909,bad,no_running_account,from_42_to_48,hesitant_pmt_of_previous_credit,used_car,from_5K_to_7.5K,not_available_or_no_savings,from_1_to_4_years,from_20_to_25_percent,male_married_or_widowed,none,more_than_7_years,house_or_land,from_40_to_59,no_further_running_credits,owner_occupied_flat,two_or_three,skilled_worker,up_to_two,no,yes
1910,bad,more_than_200_DM,from_24_to_30,problematic_running_account,new_car,from_5K_to_7.5K,more_than_1000_DM,unemployed,less_than_20_percent,female_not_single_or_male_single,none,less_than_1_year,not_available_or_no_assets,from_40_to_59,at_other_banks,rented_flat,one,executive,three_or_more,yes,yes
1911,bad,no_running_account,from_06_to_12,no_previous_credit_or_paid_back_all_previous_credits,used_car,from_7.5K_to_10K,not_available_or_no_savings,more_than_7_years,less_than_20_percent,male_married_or_widowed,none,more_than_7_years,house_or_land,from_40_to_59,no_further_running_credits,owner_occupied_flat,one,executive,three_or_more,yes,yes
1912,good,more_than_200_DM,<06,no_previous_credit_or_paid_back_all_previous_credits,other,from_0.5K_to_1K,not_available_or_no_savings,unemployed,more_than_35_percent,female_not_single_or_male_single,none,more_than_7_years,not_available_or_no_assets,from_40_to_59,no_further_running_credits,rented_flat,one,unemployed_or_unskilled_with_no_permanent_residence,three_or_more,yes,yes
1913,good,more_than_200_DM,from_18_to_24,no_problems_current_credit_at_bank,other,from_0.5K_to_1K,more_than_1000_DM,more_than_7_years,less_than_20_percent,female_single,none,more_than_7_years,saving_contract_or_life_insurance,from_40_to_59,no_further_running_credits,rented_flat,two_or_three,skilled_worker,three_or_more,yes,yes
1914,good,no_balance_or_debit,from_06_to_12,no_previous_credit_or_paid_back_all_previous_credits,other,from_1K_to_1.5K,from_500_to_1000_DM,more_than_7_years,less_than_20_percent,male_married_or_widowed,none,more_than_7_years,not_available_or_no_assets,from_40_to_59,no_further_running_credits,rented_flat,one,skilled_worker,three_or_more,yes,yes
1915,good,no_running_account,from_06_to_12,paid_back_previous_credits_at_this_bank,new_car,from_1K_to_1.5K,not_available_or_no_savings,more_than_7_years,less_than_20_percent,male_married_or_widowed,none,from_4_to_7_years,not_available_or_no_assets,from_40_to_59,no_further_running_credits,rented_flat,one,skilled_worker,three_or_more,no,yes
1916,good,more_than_200_DM,from_18_to_24,paid_back_previous_credits_at_this_bank,repair,from_1.5K_to_2.5K,not_available_or_no_savings,more_than_7_years,less_than_20_percent,male_married_or_widowed,none,more_than_7_years,house_or_land,from_40_to_59,no_further_running_credits,owner_occupied_flat,two_or_three,skilled_worker,up_to_two,no,yes
1917,good,more_than_200_DM,from_18_to_24,no_previous_credit_or_paid_back_all_previous_credits,other,from_1.5K_to_2.5K,more_than_1000_DM,less_than_1_year,less_than_20_percent,male_married_or_widowed,none,less_than_1_year,car_or_other,from_40_to_59,no_further_running_credits,rented_flat,one,skilled_worker,three_or_more,no,yes
1918,bad,no_running_account,from_42_to_48,no_previous_credit_or_paid_back_all_previous_credits,radio_television,from_2.5K_to_5K,not_available_or_no_savings,from_1_to_4_years,from_20_to_25_percent,male_married_or_widowed,none,more_than_7_years,saving_contract_or_life_insurance,from_40_to_59,no_further_running_credits,rented_flat,one,skilled_worker,three_or_more,no,yes
1919,good,more_than_200_DM,from_12_to_18,no_previous_credit_or_paid_back_all_previous_credits,furniture,from_2.5K_to_5K,not_available_or_no_savings,more_than_7_years,less_than_20_percent,female_not_single_or_male_single,none,from_1_to_4_years,saving_contract_or_life_insurance,from_40_to_59,at_other_banks,free_apartment,one,executive,three_or_more,yes,yes
1920,bad,more_than_200_DM,from_18_to_24,no_previous_credit_or_paid_back_all_previous_credits,retraining,from_2.5K_to_5K,from_500_to_1000_DM,from_1_to_4_years,from_20_to_35_percent,male_married_or_widowed,none,from_4_to_7_years,car_or_other,from_40_to_59,no_further_running_credits,rented_flat,four_or_five,executive,three_or_more,yes,yes
1921,good,no_balance_or_debit,from_30_to_36,no_problems_current_credit_at_bank,other,from_5K_to_7.5K,not_available_or_no_savings,from_1_to_4_years,from_20_to_35_percent,female_not_single_or_male_single,none,from_1_to_4_years,car_or_other,from_40_to_59,no_further_running_credits,free_apartment,one,skilled_worker,three_or_more,no,yes
1922,bad,no_running_account,from_12_to_18,paid_back_previous_credits_at_this_bank,household_appliances,from_1K_to_1.5K,not_available_or_no_savings,unemployed,from_20_to_35_percent,female_not_single_or_male_single,none,more_than_7_years,house_or_land,from_40_to_59,no_further_running_credits,owner_occupied_flat,four_or_five,unemployed_or_unskilled_with_no_permanent_residence,up_to_two,no,yes
1923,good,more_than_200_DM,from_06_to_12,no_previous_credit_or_paid_back_all_previous_credits,new_car,from_1K_to_1.5K,from_500_to_1000_DM,from_4_to_7_years,from_20_to_25_percent,male_married_or_widowed,none,from_1_to_4_years,car_or_other,from_40_to_59,no_further_running_credits,rented_flat,one,skilled_worker,three_or_more,no,no
1924,good,0_to_200_DM,from_06_to_12,no_previous_credit_or_paid_back_all_previous_credits,used_car,from_1K_to_1.5K,more_than_1000_DM,more_than_7_years,from_20_to_25_percent,female_not_single_or_male_single,none,more_than_7_years,not_available_or_no_assets,from_40_to_59,no_further_running_credits,rented_flat,one,executive,three_or_more,yes,yes
1925,bad,more_than_200_DM,from_06_to_12,no_problems_current_credit_at_bank,household_appliances,from_1.5K_to_2.5K,from_500_to_1000_DM,more_than_7_years,less_than_20_percent,male_married_or_widowed,none,more_than_7_years,house_or_land,from_40_to_59,no_further_running_credits,owner_occupied_flat,two_or_three,skilled_worker,up_to_two,no,yes
1926,good,no_running_account,from_18_to_24,no_previous_credit_or_paid_back_all_previous_credits,furniture,from_1.5K_to_2.5K,not_available_or_no_savings,more_than_7_years,less_than_20_percent,female_not_single_or_male_single,none,more_than_7_years,saving_contract_or_life_insurance,from_40_to_59,no_further_running_credits,rented_flat,one,skilled_worker,three_or_more,no,yes
1927,good,no_running_account,from_06_to_12,no_previous_credit_or_paid_back_all_previous_credits,used_car,from_2.5K_to_5K,not_available_or_no_savings,unemployed,from_20_to_25_percent,female_not_single_or_male_single,none,more_than_7_years,house_or_land,from_40_to_59,no_further_running_credits,owner_occupied_flat,one,executive,three_or_more,no,yes
1928,bad,no_running_account,from_18_to_24,problematic_running_account,used_car,from_5K_to_7.5K,not_available_or_no_savings,less_than_1_year,from_20_to_35_percent,male_divorced_or_separated,none,less_than_1_year,car_or_other,from_40_to_59,at_other_banks,rented_flat,one,skilled_worker,three_or_more,yes,yes
1929,good,no_balance_or_debit,from_36_to_42,problematic_running_account,new_car,from_7.5K_to_10K,not_available_or_no_savings,unemployed,more_than_35_percent,male_married_or_widowed,none,from_1_to_4_years,house_or_land,from_40_to_59,at_other_banks,owner_occupied_flat,one,executive,three_or_more,yes,yes
1930,good,more_than_200_DM,from_06_to_12,paid_back_previous_credits_at_this_bank,furniture,from_0.5K_to_1K,not_available_or_no_savings,more_than_7_years,less_than_20_percent,male_married_or_widowed,none,more_than_7_years,not_available_or_no_assets,from_40_to_59,no_further_running_credits,rented_flat,one,skilled_worker,three_or_more,no,yes
1931,good,more_than_200_DM,<06,no_previous_credit_or_paid_back_all_previous_credits,repair,from_1.5K_to_2.5K,not_available_or_no_savings,less_than_1_year,more_than_35_percent,female_not_single_or_male_single,none,from_1_to_4_years,house_or_land,from_40_to_59,no_further_running_credits,rented_flat,one,skilled_worker,three_or_more,no,yes
1932,good,0_to_200_DM,from_36_to_42,paid_back_previous_credits_at_this_bank,new_car,from_2.5K_to_5K,not_available_or_no_savings,more_than_7_years,less_than_20_percent,male_married_or_widowed,none,more_than_7_years,house_or_land,from_40_to_59,no_further_running_credits,owner_occupied_flat,one,skilled_worker,three_or_more,no,yes
1933,bad,no_running_account,from_06_to_12,no_previous_credit_or_paid_back_all_previous_credits,furniture,from_0.5K_to_1K,not_available_or_no_savings,more_than_7_years,less_than_20_percent,male_married_or_widowed,none,more_than_7_years,not_available_or_no_assets,from_40_to_59,no_further_running_credits,rented_flat,one,unskilled_with_permanent_residence,three_or_more,no,yes
1934,good,more_than_200_DM,from_06_to_12,paid_back_previous_credits_at_this_bank,furniture,from_1K_to_1.5K,less_than_100_DM,unemployed,less_than_20_percent,female_not_single_or_male_single,none,more_than_7_years,not_available_or_no_assets,from_40_to_59,no_further_running_credits,rented_flat,four_or_five,unskilled_with_permanent_residence,three_or_more,no,yes
1935,good,no_running_account,from_18_to_24,paid_back_previous_credits_at_this_bank,furniture,from_1K_to_1.5K,from_500_to_1000_DM,more_than_7_years,less_than_20_percent,female_not_single_or_male_single,none,more_than_7_years,car_or_other,from_40_to_59,no_further_running_credits,free_apartment,two_or_three,executive,three_or_more,yes,yes
1936,good,0_to_200_DM,from_18_to_24,no_previous_credit_or_paid_back_all_previous_credits,furniture,from_1K_to_1.5K,from_100_to_500_DM,from_1_to_4_years,from_20_to_25_percent,female_not_single_or_male_single,none,from_4_to_7_years,saving_contract_or_life_insurance,from_40_to_59,no_further_running_credits,rented_flat,one,unskilled_with_permanent_residence,three_or_more,no,yes
1937,good,more_than_200_DM,from_06_to_12,paid_back_previous_credits_at_this_bank,retraining,from_1K_to_1.5K,more_than_1000_DM,more_than_7_years,less_than_20_percent,male_married_or_widowed,none,more_than_7_years,house_or_land,from_40_to_59,no_further_running_credits,free_apartment,one,unskilled_with_permanent_residence,three_or_more,no,yes
1938,bad,no_balance_or_debit,from_30_to_36,no_problems_current_credit_at_bank,other,from_1.5K_to_2.5K,not_available_or_no_savings,more_than_7_years,less_than_20_percent,male_married_or_widowed,none,more_than_7_years,house_or_land,from_40_to_59,at_other_banks,owner_occupied_flat,two_or_three,skilled_worker,three_or_more,yes,yes
1939,good,more_than_200_DM,from_06_to_12,paid_back_previous_credits_at_this_bank,repair,from_2.5K_to_5K,not_available_or_no_savings,more_than_7_years,from_20_to_35_percent,female_not_single_or_male_single,none,more_than_7_years,house_or_land,from_40_to_59,at_other_banks,owner_occupied_flat,four_or_five,unskilled_with_permanent_residence,three_or_more,no,yes
1940,good,no_running_account,from_24_to_30,no_previous_credit_or_paid_back_all_previous_credits,used_car,from_2.5K_to_5K,from_500_to_1000_DM,more_than_7_years,less_than_20_percent,female_not_single_or_male_single,none,more_than_7_years,car_or_other,from_40_to_59,no_further_running_credits,free_apartment,two_or_three,skilled_worker,three_or_more,yes,yes
1941,bad,no_balance_or_debit,from_30_to_36,no_previous_credit_or_paid_back_all_previous_credits,other,from_10K_to_15K,not_available_or_no_savings,more_than_7_years,less_than_20_percent,male_married_or_widowed,none,from_1_to_4_years,house_or_land,from_40_to_59,no_further_running_credits,owner_occupied_flat,one,executive,three_or_more,yes,yes
1942,good,no_running_account,from_06_to_12,paid_back_previous_credits_at_this_bank,furniture,less_than_0.5K,not_available_or_no_savings,from_4_to_7_years,less_than_20_percent,female_not_single_or_male_single,none,from_4_to_7_years,not_available_or_no_assets,from_40_to_59,no_further_running_credits,rented_flat,six_or_more,unskilled_with_permanent_residence,three_or_more,yes,yes
1943,good,no_running_account,from_18_to_24,no_previous_credit_or_paid_back_all_previous_credits,business,from_1.5K_to_2.5K,not_available_or_no_savings,more_than_7_years,less_than_20_percent,female_not_single_or_male_single,Guarantor,more_than_7_years,not_available_or_no_assets,from_40_to_59,no_further_running_credits,rented_flat,one,unskilled_with_permanent_residence,three_or_more,yes,yes
1944,good,more_than_200_DM,from_24_to_30,no_previous_credit_or_paid_back_all_previous_credits,furniture,from_1.5K_to_2.5K,more_than_1000_DM,more_than_7_years,less_than_20_percent,male_married_or_widowed,none,more_than_7_years,saving_contract_or_life_insurance,from_40_to_59,no_further_running_credits,rented_flat,one,skilled_worker,three_or_more,yes,yes
1945,bad,no_running_account,from_42_to_48,paid_back_previous_credits_at_this_bank,new_car,from_5K_to_7.5K,not_available_or_no_savings,more_than_7_years,less_than_20_percent,female_not_single_or_male_single,none,more_than_7_years,house_or_land,from_40_to_59,at_department_stores,owner_occupied_flat,two_or_three,unskilled_with_permanent_residence,three_or_more,no,yes
1946,bad,no_balance_or_debit,from_48_to_54,hesitant_pmt_of_previous_credit,retraining,from_15K_to_20K,not_available_or_no_savings,less_than_1_year,from_20_to_25_percent,male_married_or_widowed,none,more_than_7_years,house_or_land,from_40_to_59,no_further_running_credits,free_apartment,one,skilled_worker,three_or_more,yes,yes
1947,good,no_running_account,from_06_to_12,no_previous_credit_or_paid_back_all_previous_credits,furniture,from_1K_to_1.5K,not_available_or_no_savings,from_4_to_7_years,from_20_to_25_percent,male_married_or_widowed,none,more_than_7_years,not_available_or_no_assets,from_40_to_59,no_further_running_credits,rented_flat,one,skilled_worker,three_or_more,no,yes
1948,good,more_than_200_DM,from_12_to_18,paid_back_previous_credits_at_this_bank,other,from_5K_to_7.5K,more_than_1000_DM,more_than_7_years,more_than_35_percent,female_not_single_or_male_single,none,more_than_7_years,saving_contract_or_life_insurance,from_40_to_59,no_further_running_credits,rented_flat,one,skilled_worker,three_or_more,yes,yes
1949,bad,no_balance_or_debit,from_42_to_48,problematic_running_account,retraining,from_5K_to_7.5K,not_available_or_no_savings,more_than_7_years,less_than_20_percent,female_not_single_or_male_single,none,from_4_to_7_years,house_or_land,from_40_to_59,no_further_running_credits,free_apartment,one,skilled_worker,three_or_more,no,yes
1950,bad,no_running_account,from_18_to_24,paid_back_previous_credits_at_this_bank,other,from_1K_to_1.5K,not_available_or_no_savings,more_than_7_years,less_than_20_percent,male_married_or_widowed,none,more_than_7_years,saving_contract_or_life_insurance,from_60_to_64,no_further_running_credits,rented_flat,two_or_three,unskilled_with_permanent_residence,three_or_more,no,yes
1951,good,more_than_200_DM,from_18_to_24,paid_back_previous_credits_at_this_bank,other,from_1.5K_to_2.5K,from_500_to_1000_DM,more_than_7_years,less_than_20_percent,male_married_or_widowed,none,more_than_7_years,not_available_or_no_assets,from_60_to_64,no_further_running_credits,rented_flat,one,skilled_worker,three_or_more,yes,yes
1952,good,more_than_200_DM,from_18_to_24,no_problems_current_credit_at_bank,other,from_1.5K_to_2.5K,not_available_or_no_savings,more_than_7_years,less_than_20_percent,male_married_or_widowed,none,more_than_7_years,house_or_land,from_60_to_64,no_further_running_credits,owner_occupied_flat,two_or_three,skilled_worker,three_or_more,yes,yes
1953,bad,no_running_account,from_06_to_12,paid_back_previous_credits_at_this_bank,used_car,from_1.5K_to_2.5K,not_available_or_no_savings,more_than_7_years,from_20_to_25_percent,male_married_or_widowed,none,from_4_to_7_years,car_or_other,from_60_to_64,no_further_running_credits,rented_flat,two_or_three,skilled_worker,three_or_more,no,yes
1954,good,no_balance_or_debit,from_18_to_24,no_previous_credit_or_paid_back_all_previous_credits,new_car,from_5K_to_7.5K,more_than_1000_DM,unemployed,more_than_35_percent,male_divorced_or_separated,none,more_than_7_years,not_available_or_no_assets,from_60_to_64,no_further_running_credits,rented_flat,one,executive,three_or_more,yes,yes
1955,bad,no_balance_or_debit,>54,problematic_running_account,business,from_10K_to_15K,less_than_100_DM,more_than_7_years,from_20_to_25_percent,female_not_single_or_male_single,none,more_than_7_years,house_or_land,from_60_to_64,at_other_banks,owner_occupied_flat,two_or_three,executive,three_or_more,yes,yes
1956,good,no_balance_or_debit,from_12_to_18,no_previous_credit_or_paid_back_all_previous_credits,repair,from_1K_to_1.5K,more_than_1000_DM,from_1_to_4_years,less_than_20_percent,male_married_or_widowed,none,more_than_7_years,house_or_land,from_60_to_64,no_further_running_credits,owner_occupied_flat,one,skilled_worker,three_or_more,no,yes
1957,good,more_than_200_DM,from_06_to_12,paid_back_previous_credits_at_this_bank,other,from_1K_to_1.5K,not_available_or_no_savings,more_than_7_years,less_than_20_percent,male_married_or_widowed,none,more_than_7_years,not_available_or_no_assets,from_60_to_64,no_further_running_credits,rented_flat,two_or_three,unskilled_with_permanent_residence,three_or_more,no,yes
1958,bad,no_balance_or_debit,from_12_to_18,no_problems_current_credit_at_bank,household_appliances,from_1.5K_to_2.5K,from_500_to_1000_DM,from_1_to_4_years,from_20_to_25_percent,female_single,none,from_4_to_7_years,car_or_other,from_60_to_64,at_department_stores,rented_flat,two_or_three,skilled_worker,three_or_more,no,yes
1959,bad,no_balance_or_debit,from_30_to_36,hesitant_pmt_of_previous_credit,retraining,from_1.5K_to_2.5K,not_available_or_no_savings,more_than_7_years,less_than_20_percent,male_married_or_widowed,none,more_than_7_years,house_or_land,from_60_to_64,no_further_running_credits,owner_occupied_flat,one,executive,three_or_more,yes,yes
1960,good,more_than_200_DM,from_06_to_12,paid_back_previous_credits_at_this_bank,repair,from_1.5K_to_2.5K,more_than_1000_DM,from_4_to_7_years,less_than_20_percent,female_not_single_or_male_single,none,from_1_to_4_years,saving_contract_or_life_insurance,from_60_to_64,no_further_running_credits,rented_flat,one,skilled_worker,three_or_more,no,yes
1961,bad,no_balance_or_debit,from_18_to_24,no_previous_credit_or_paid_back_all_previous_credits,retraining,from_2.5K_to_5K,less_than_100_DM,more_than_7_years,less_than_20_percent,male_divorced_or_separated,none,from_1_to_4_years,saving_contract_or_life_insurance,from_60_to_64,no_further_running_credits,free_apartment,two_or_three,unskilled_with_permanent_residence,three_or_more,no,yes
1962,good,more_than_200_DM,from_06_to_12,no_previous_credit_or_paid_back_all_previous_credits,furniture,from_2.5K_to_5K,from_500_to_1000_DM,from_4_to_7_years,from_20_to_35_percent,male_divorced_or_separated,none,more_than_7_years,not_available_or_no_assets,from_60_to_64,no_further_running_credits,rented_flat,one,unskilled_with_permanent_residence,three_or_more,no,yes
1963,good,more_than_200_DM,<06,no_previous_credit_or_paid_back_all_previous_credits,radio_television,from_1K_to_1.5K,from_100_to_500_DM,from_1_to_4_years,more_than_35_percent,male_divorced_or_separated,none,more_than_7_years,not_available_or_no_assets,from_60_to_64,no_further_running_credits,rented_flat,one,skilled_worker,three_or_more,no,yes
1964,good,more_than_200_DM,from_18_to_24,no_previous_credit_or_paid_back_all_previous_credits,other,from_2.5K_to_5K,not_available_or_no_savings,more_than_7_years,less_than_20_percent,female_not_single_or_male_single,Co-Applicant,more_than_7_years,house_or_land,from_60_to_64,no_further_running_credits,owner_occupied_flat,one,skilled_worker,three_or_more,yes,yes
1965,good,0_to_200_DM,from_06_to_12,paid_back_previous_credits_at_this_bank,other,from_0.5K_to_1K,not_available_or_no_savings,more_than_7_years,less_than_20_percent,male_married_or_widowed,none,more_than_7_years,house_or_land,from_60_to_64,no_further_running_credits,owner_occupied_flat,two_or_three,skilled_worker,three_or_more,yes,yes
1966,good,more_than_200_DM,from_12_to_18,paid_back_previous_credits_at_this_bank,used_car,from_1.5K_to_2.5K,more_than_1000_DM,more_than_7_years,less_than_20_percent,male_married_or_widowed,none,more_than_7_years,car_or_other,from_60_to_64,no_further_running_credits,rented_flat,one,skilled_worker,three_or_more,no,yes
1967,good,more_than_200_DM,from_06_to_12,paid_back_previous_credits_at_this_bank,furniture,from_1.5K_to_2.5K,not_available_or_no_savings,more_than_7_years,from_20_to_35_percent,male_married_or_widowed,none,more_than_7_years,not_available_or_no_assets,from_60_to_64,no_further_running_credits,rented_flat,two_or_three,unskilled_with_permanent_residence,three_or_more,yes,yes
1968,good,no_running_account,from_18_to_24,no_previous_credit_or_paid_back_all_previous_credits,new_car,from_2.5K_to_5K,not_available_or_no_savings,from_1_to_4_years,from_20_to_25_percent,male_married_or_widowed,Guarantor,more_than_7_years,house_or_land,from_60_to_64,at_other_banks,rented_flat,one,skilled_worker,up_to_two,yes,yes
1969,good,no_running_account,from_18_to_24,paid_back_previous_credits_at_this_bank,new_car,from_2.5K_to_5K,not_available_or_no_savings,more_than_7_years,less_than_20_percent,male_married_or_widowed,none,more_than_7_years,car_or_other,from_60_to_64,no_further_running_credits,rented_flat,two_or_three,skilled_worker,three_or_more,yes,yes
1970,bad,no_running_account,>54,no_problems_current_credit_at_bank,retraining,from_5K_to_7.5K,not_available_or_no_savings,more_than_7_years,from_20_to_25_percent,male_married_or_widowed,none,more_than_7_years,house_or_land,from_60_to_64,no_further_running_credits,rented_flat,two_or_three,skilled_worker,three_or_more,yes,yes
1971,good,more_than_200_DM,from_24_to_30,paid_back_previous_credits_at_this_bank,new_car,from_7.5K_to_10K,more_than_1000_DM,more_than_7_years,more_than_35_percent,male_married_or_widowed,none,more_than_7_years,saving_contract_or_life_insurance,from_60_to_64,no_further_running_credits,rented_flat,two_or_three,skilled_worker,three_or_more,no,yes
1972,good,more_than_200_DM,>54,paid_back_previous_credits_at_this_bank,other,from_10K_to_15K,more_than_1000_DM,more_than_7_years,from_20_to_35_percent,male_married_or_widowed,none,more_than_7_years,house_or_land,from_60_to_64,at_other_banks,owner_occupied_flat,one,executive,three_or_more,yes,yes
1973,good,no_balance_or_debit,<06,no_previous_credit_or_paid_back_all_previous_credits,furniture,from_0.5K_to_1K,not_available_or_no_savings,from_1_to_4_years,from_20_to_35_percent,female_not_single_or_male_single,Guarantor,from_4_to_7_years,not_available_or_no_assets,from_60_to_64,no_further_running_credits,rented_flat,one,skilled_worker,three_or_more,no,yes
1974,good,more_than_200_DM,from_06_to_12,no_previous_credit_or_paid_back_all_previous_credits,other,from_1K_to_1.5K,not_available_or_no_savings,from_1_to_4_years,from_20_to_35_percent,female_not_single_or_male_single,none,more_than_7_years,saving_contract_or_life_insurance,from_60_to_64,no_further_running_credits,rented_flat,one,skilled_worker,three_or_more,yes,yes
1975,good,more_than_200_DM,from_12_to_18,no_previous_credit_or_paid_back_all_previous_credits,furniture,from_1K_to_1.5K,less_than_100_DM,unemployed,from_20_to_35_percent,female_not_single_or_male_single,none,more_than_7_years,not_available_or_no_assets,from_60_to_64,no_further_running_credits,rented_flat,one,skilled_worker,three_or_more,no,yes
1976,good,no_running_account,from_18_to_24,no_previous_credit_or_paid_back_all_previous_credits,furniture,from_1.5K_to_2.5K,not_available_or_no_savings,more_than_7_years,less_than_20_percent,male_married_or_widowed,none,more_than_7_years,not_available_or_no_assets,from_60_to_64,at_other_banks,free_apartment,one,unskilled_with_permanent_residence,three_or_more,no,yes
1977,good,more_than_200_DM,from_06_to_12,no_previous_credit_or_paid_back_all_previous_credits,repair,from_2.5K_to_5K,more_than_1000_DM,more_than_7_years,more_than_35_percent,male_married_or_widowed,none,more_than_7_years,not_available_or_no_assets,from_60_to_64,no_further_running_credits,rented_flat,one,unskilled_with_permanent_residence,three_or_more,no,yes
1978,good,no_running_account,from_18_to_24,paid_back_previous_credits_at_this_bank,other,from_0.5K_to_1K,not_available_or_no_savings,more_than_7_years,less_than_20_percent,male_married_or_widowed,none,more_than_7_years,not_available_or_no_assets,more_than_65,no_further_running_credits,rented_flat,two_or_three,skilled_worker,three_or_more,no,yes
1979,good,more_than_200_DM,from_06_to_12,paid_back_previous_credits_at_this_bank,furniture,from_0.5K_to_1K,more_than_1000_DM,more_than_7_years,less_than_20_percent,male_married_or_widowed,none,more_than_7_years,not_available_or_no_assets,more_than_65,no_further_running_credits,rented_flat,six_or_more,skilled_worker,three_or_more,no,yes
1980,good,more_than_200_DM,from_12_to_18,paid_back_previous_credits_at_this_bank,furniture,from_1K_to_1.5K,not_available_or_no_savings,unemployed,less_than_20_percent,female_not_single_or_male_single,none,more_than_7_years,saving_contract_or_life_insurance,more_than_65,no_further_running_credits,rented_flat,two_or_three,unemployed_or_unskilled_with_no_permanent_residence,three_or_more,no,yes
1981,bad,no_running_account,from_12_to_18,no_previous_credit_or_paid_back_all_previous_credits,furniture,from_2.5K_to_5K,not_available_or_no_savings,from_1_to_4_years,less_than_20_percent,male_married_or_widowed,none,more_than_7_years,house_or_land,more_than_65,no_further_running_credits,owner_occupied_flat,two_or_three,skilled_worker,three_or_more,no,yes
1982,good,no_running_account,from_36_to_42,paid_back_previous_credits_at_this_bank,household_appliances,from_2.5K_to_5K,not_available_or_no_savings,unemployed,less_than_20_percent,male_married_or_widowed,Co-Applicant,more_than_7_years,saving_contract_or_life_insurance,more_than_65,no_further_running_credits,rented_flat,two_or_three,unemployed_or_unskilled_with_no_permanent_residence,three_or_more,no,yes
1983,bad,no_balance_or_debit,from_06_to_12,no_previous_credit_or_paid_back_all_previous_credits,furniture,from_0.5K_to_1K,from_100_to_500_DM,from_1_to_4_years,less_than_20_percent,male_married_or_widowed,none,from_4_to_7_years,not_available_or_no_assets,more_than_65,no_further_running_credits,rented_flat,one,unskilled_with_permanent_residence,three_or_more,no,yes
1984,good,no_balance_or_debit,from_06_to_12,no_previous_credit_or_paid_back_all_previous_credits,furniture,from_0.5K_to_1K,from_100_to_500_DM,from_1_to_4_years,less_than_20_percent,female_not_single_or_male_single,none,from_4_to_7_years,not_available_or_no_assets,more_than_65,no_further_running_credits,rented_flat,one,unskilled_with_permanent_residence,three_or_more,no,yes
1985,good,0_to_200_DM,from_06_to_12,paid_back_previous_credits_at_this_bank,other,from_1K_to_1.5K,from_100_to_500_DM,unemployed,from_20_to_35_percent,male_married_or_widowed,none,more_than_7_years,house_or_land,more_than_65,at_other_banks,owner_occupied_flat,four_or_five,unemployed_or_unskilled_with_no_permanent_residence,three_or_more,no,yes
1986,good,no_running_account,from_06_to_12,paid_back_previous_credits_at_this_bank,new_car,from_1.5K_to_2.5K,not_available_or_no_savings,more_than_7_years,less_than_20_percent,male_married_or_widowed,none,more_than_7_years,house_or_land,more_than_65,no_further_running_credits,owner_occupied_flat,two_or_three,executive,three_or_more,no,yes
1987,bad,0_to_200_DM,from_24_to_30,no_problems_current_credit_at_bank,retraining,from_1.5K_to_2.5K,not_available_or_no_savings,more_than_7_years,less_than_20_percent,male_married_or_widowed,none,more_than_7_years,not_available_or_no_assets,more_than_65,no_further_running_credits,rented_flat,one,executive,three_or_more,yes,yes
1988,good,no_running_account,<06,paid_back_previous_credits_at_this_bank,furniture,from_1K_to_1.5K,more_than_1000_DM,more_than_7_years,less_than_20_percent,male_married_or_widowed,none,more_than_7_years,not_available_or_no_assets,more_than_65,no_further_running_credits,rented_flat,two_or_three,skilled_worker,three_or_more,yes,yes
1989,good,no_balance_or_debit,from_06_to_12,no_previous_credit_or_paid_back_all_previous_credits,repair,from_1K_to_1.5K,not_available_or_no_savings,from_4_to_7_years,less_than_20_percent,female_not_single_or_male_single,none,more_than_7_years,car_or_other,more_than_65,no_further_running_credits,rented_flat,two_or_three,executive,three_or_more,yes,yes
1990,good,no_balance_or_debit,from_12_to_18,no_previous_credit_or_paid_back_all_previous_credits,household_appliances,from_2.5K_to_5K,not_available_or_no_savings,unemployed,from_20_to_35_percent,female_not_single_or_male_single,none,more_than_7_years,saving_contract_or_life_insurance,more_than_65,no_further_running_credits,rented_flat,one,skilled_worker,three_or_more,yes,yes
1991,good,no_balance_or_debit,from_12_to_18,paid_back_previous_credits_at_this_bank,other,from_1K_to_1.5K,not_available_or_no_savings,unemployed,from_20_to_35_percent,male_married_or_widowed,none,from_4_to_7_years,saving_contract_or_life_insurance,more_than_65,no_further_running_credits,owner_occupied_flat,four_or_five,unemployed_or_unskilled_with_no_permanent_residence,three_or_more,yes,yes
1992,bad,more_than_200_DM,from_12_to_18,no_previous_credit_or_paid_back_all_previous_credits,other,from_5K_to_7.5K,more_than_1000_DM,from_1_to_4_years,from_20_to_35_percent,male_married_or_widowed,none,more_than_7_years,saving_contract_or_life_insurance,more_than_65,at_department_stores,free_apartment,two_or_three,skilled_worker,three_or_more,no,yes
1993,bad,no_running_account,<06,no_previous_credit_or_paid_back_all_previous_credits,other,from_10K_to_15K,not_available_or_no_savings,more_than_7_years,more_than_35_percent,male_married_or_widowed,none,more_than_7_years,house_or_land,more_than_65,at_other_banks,rented_flat,one,executive,three_or_more,yes,yes
1994,good,no_balance_or_debit,from_06_to_12,no_previous_credit_or_paid_back_all_previous_credits,other,from_5K_to_7.5K,not_available_or_no_savings,unemployed,from_20_to_35_percent,male_married_or_widowed,none,more_than_7_years,house_or_land,more_than_65,at_other_banks,owner_occupied_flat,one,executive,three_or_more,yes,yes
1995,good,0_to_200_DM,<06,paid_back_previous_credits_at_this_bank,other,from_1K_to_1.5K,not_available_or_no_savings,from_1_to_4_years,more_than_35_percent,male_married_or_widowed,none,less_than_1_year,not_available_or_no_assets,more_than_65,no_further_running_credits,rented_flat,four_or_five,unemployed_or_unskilled_with_no_permanent_residence,up_to_two,no,no
1996,good,more_than_200_DM,<06,no_previous_credit_or_paid_back_all_previous_credits,retraining,from_2.5K_to_5K,not_available_or_no_savings,from_4_to_7_years,more_than_35_percent,male_married_or_widowed,none,more_than_7_years,not_available_or_no_assets,more_than_65,no_further_running_credits,rented_flat,one,unskilled_with_permanent_residence,three_or_more,no,yes
1997,good,more_than_200_DM,from_18_to_24,paid_back_previous_credits_at_this_bank,retraining,from_2.5K_to_5K,not_available_or_no_savings,from_1_to_4_years,from_20_to_25_percent,male_married_or_widowed,none,from_1_to_4_years,not_available_or_no_assets,more_than_65,no_further_running_credits,rented_flat,one,executive,three_or_more,yes,yes
1998,bad,no_balance_or_debit,from_06_to_12,problematic_running_account,new_car,from_5K_to_7.5K,not_available_or_no_savings,more_than_7_years,from_20_to_35_percent,female_not_single_or_male_single,none,more_than_7_years,house_or_land,more_than_65,at_other_banks,owner_occupied_flat,one,executive,up_to_two,yes,yes
1999,good,no_running_account,<06,no_previous_credit_or_paid_back_all_previous_credits,other,from_1K_to_1.5K,more_than_1000_DM,unemployed,less_than_20_percent,female_not_single_or_male_single,none,from_4_to_7_years,car_or_other,more_than_65,no_further_running_credits,rented_flat,one,executive,three_or_more,yes,yes
2000,good,no_running_account,from_18_to_24,paid_back_previous_credits_at_this_bank,new_car,from_5K_to_7.5K,not_available_or_no_savings,unemployed,from_20_to_35_percent,male_married_or_widowed,none,more_than_7_years,house_or_land,more_than_65,no_further_running_credits,owner_occupied_flat,two_or_three,executive,three_or_more,yes,yes