id,temperatura,tamano,tasaocupacion,diasemana,provincia,consumoEficiente
1001,21.62847073,4000,0.340960259,Sabado,R,957314.2074
1002,24.45627054,10000,0.255722654,Viernes,I,1577566.924
1003,23.89406264,2800,0.500846708,Jueves,G,703101.2309
1004,27.60534512,4000,0.48502296,Martes,J,744662.3262
1005,27.77668836,2800,0.375466962,Jueves,I,541865.1097
1006,29.6184197,2800,0.405244185,Miercoles,C,494286.7185
1007,21.93894616,2800,0.346117377,Miercoles,E,723940.8218
1008,28.67076133,2800,0.373448342,Lunes,E,514628.2889
1009,27.94752836,10000,0.28793112,Sabado,C,1322582.197
1010,21.43130471,2800,0.495815324,Viernes,O,793282.7158
1011,34.76661118,2800,0.155576861,Lunes,R,304461.1582
1012,20.65434514,2800,0.445351285,Miercoles,Q,807041.6196
1013,35.21513206,10000,0.428835817,Miercoles,J,875157.5586
1014,35.23360193,4000,0.408403493,Viernes,H,443707.5139
1015,33.05069184,2800,0.299775294,Sabado,O,379957.8466
1016,37.66291569,2800,0.334553511,Martes,D,282675.7838
1017,39.1241876,2800,0.351595168,Miercoles,A,255639.2511
1018,32.42404311,2800,0.412610155,Viernes,G,417900.2662
1019,35.63861922,2800,0.332254878,Miercoles,E,325770.3896
1020,37.61657143,2800,0.284029795,Miercoles,B,276207.0762
1021,31.7048535,2800,0.451222971,Viernes,R,444100.598
1022,33.11771051,4000,0.412158737,Viernes,L,514119.8795
1023,34.50277535,2800,0.335604747,Viernes,S,352376.325
1024,37.47386118,10000,0.310601694,Lunes,A,689757.2569
1025,25.99564409,19000,0.373547426,Martes,C,2568252.227
1026,30.55559981,19000,0.330236071,Viernes,J,1893044.979
1027,26.57350715,10000,0.31390892,Lunes,M,1457800.662
1028,35.23115897,2800,0.361893421,Jueves,E,339819.3159
1029,39.55114718,2800,0.432370277,Miercoles,G,255645.6428
1030,24.56304961,10000,0.340636133,Lunes,C,1657848.912
1031,26.15091256,19000,0.277598048,Viernes,D,2401677.368
1032,37.07614542,10000,0.504680141,Jueves,P,779638.511
1033,24.81144582,19000,0.473245867,Sabado,S,2876963.512
1034,39.03501919,2800,0.2555064,Jueves,A,244745.8803
1035,21.20529188,2800,0.204599408,Sabado,J,680500.7643
1036,37.14570303,4000,0.281028647,Sabado,M,361789.8923
1037,36.45024179,2800,0.207899784,Miercoles,L,285117.6553
1038,30.80997175,2800,0.362658386,Miercoles,D,451428.2649
1039,23.01100664,2800,0.309578443,Miercoles,J,672711.5785
1040,23.81772407,2800,0.202641054,Sabado,F,597816.4917
1041,23.6884259,2800,0.3748587,Lunes,E,673517.3103
1042,35.35691338,4000,0.404750482,Martes,Q,439134.7967
1043,21.51147975,4000,0.280891372,Sabado,J,928254.2457
1044,22.50064009,2800,0.302505714,Martes,R,686988.2006
1045,22.41406414,2800,0.405145279,Jueves,M,728227.0765
1046,26.84484127,19000,0.304410436,Sabado,N,2348309.682
1047,28.76822036,10000,0.218576958,Jueves,K,1193784.026
1048,37.07722768,10000,0.379902299,Lunes,K,739462.3655
1049,29.24181818,4000,0.432947105,Jueves,A,662569.219
1050,23.631197,2800,0.272759178,Sabado,F,637136.4731
1051,39.65723307,2800,0.368425689,Sabado,L,247240.5767
1052,33.31689171,2800,0.314164974,Jueves,A,376552.6936
1053,27.33349426,10000,0.364675315,Jueves,E,1435484.121
1054,28.62323271,4000,0.281472933,Martes,C,635004.5252
1055,38.78835618,2800,0.402807318,Jueves,L,267964.9014
1056,22.88319182,19000,0.337628583,Lunes,C,2989747.265
1057,38.51690175,4000,0.467848114,Jueves,N,355133.7815
1058,20.87377049,4000,0.457025,Lunes,G,1049951.264
1059,29.98648501,2800,0.364034463,Sabado,O,474531.2705
1060,27.33007636,4000,0.341224611,Viernes,N,708703.218
1061,21.62813666,4000,0.380554688,Jueves,F,977415.3211
1062,21.4416702,2800,0.450089846,Viernes,M,778709.4082
1063,25.08885249,2800,0.312578057,Lunes,D,606133.7211
1064,22.85155119,2800,0.225397291,Sabado,A,639638.8198
1065,33.52343618,4000,0.454287919,Lunes,D,509100.2833
1066,39.20111132,19000,0.220343292,Miercoles,R,899882.432
1067,33.24644238,19000,0.273084211,Martes,F,1515496.296
1068,32.91884361,2800,0.483855555,Jueves,J,416315.3835
1069,20.48309647,4000,0.289416992,Sabado,E,981171.2564
1070,34.17541151,2800,0.371411106,Lunes,J,366392.5129
1071,33.64076609,10000,0.388580646,Sabado,I,964744.7634
1072,36.31848734,10000,0.420081944,Viernes,E,800517.997
1073,22.97486385,2800,0.486274427,Viernes,C,732587.848
1074,36.71237492,10000,0.226687712,Martes,P,691991.4772
1075,29.18404844,4000,0.26298482,Miercoles,H,606820.2502
1076,34.80176941,19000,0.473931112,Lunes,G,1501625.663
1077,39.26581088,2800,0.387334831,Martes,M,256805.9079
1078,38.48985646,2800,0.356245088,Sabado,T,268692.0967
1079,20.24468233,4000,0.316818424,Lunes,M,1009548.047
1080,38.23969346,2800,0.399907515,Viernes,C,278890.7641
1081,28.94504878,4000,0.269505612,Jueves,N,618201.2305
1082,37.56737749,19000,0.213860118,Martes,A,1032248.079
1083,39.98105611,19000,0.204626292,Martes,R,826052.4694
1084,34.09458735,19000,0.371194622,Viernes,B,1511055.144
1085,25.90748637,2800,0.29880383,Viernes,N,575776.601
1086,29.54834692,2800,0.355286439,Viernes,D,484816.5714
1087,34.5880685,10000,0.362453369,Jueves,G,888694.2278
1088,26.58691654,4000,0.184177584,Sabado,R,659311.9139
1089,28.66681521,2800,0.467565849,Martes,P,535963.7468
1090,32.96382367,2800,0.447137761,Lunes,I,409443.2845
1091,26.44683626,2800,0.345048986,Miercoles,A,574152.1969
1092,25.42030375,2800,0.391239824,Sabado,F,620592.2631
1093,37.76357723,2800,0.282283605,Sabado,C,273016.6476
1094,37.68778158,19000,0.299577956,Jueves,M,1089307.001
1095,21.8379248,10000,0.41278603,Sabado,M,1987022.46
1096,26.97452378,4000,0.328758807,Miercoles,B,718080.9026
1097,26.20168649,10000,0.310805114,Jueves,T,1486370.944
1098,23.742047,4000,0.384172471,Lunes,J,879956.5899
1099,39.28219623,2800,0.254136703,Sabado,N,240055.706
1100,36.89624094,4000,0.393538792,Sabado,I,390529.6935
1101,22.47861958,4000,0.272392544,Sabado,M,879737.4141
1102,25.20773787,2800,0.237837854,Miercoles,S,573167.6838
1103,29.32851487,4000,0.389046367,Miercoles,F,646320.2787
1104,26.63239608,4000,0.399953858,Jueves,I,759063.8395
1105,27.34780792,19000,0.264356997,Miercoles,M,2217276.213
1106,34.22265104,10000,0.280750594,Martes,K,870080.8501
1107,37.23297819,2800,0.271556201,Sabado,N,281852.2086
1108,21.57203123,4000,0.325790771,Martes,O,951759.9136
1109,33.86076984,10000,0.436698288,Sabado,M,970767.4025
1110,39.33314989,19000,0.23564326,Lunes,Q,900466.2221
1111,38.43137544,2800,0.327704812,Miercoles,T,266277.3048
1112,25.3174336,19000,0.260493069,Jueves,T,2487592.681
1113,22.9878517,4000,0.339068994,Miercoles,T,893456.2851
1114,36.07718475,19000,0.222501614,Lunes,A,1175495.557
1115,30.80677069,19000,0.268580307,Martes,H,1788563.666
1116,39.59154716,2800,0.569855768,Martes,K,266292.8502
1117,24.00766164,2800,0.265896974,Sabado,H,622203.8191
1118,28.15917925,19000,0.223391067,Jueves,O,2042920.023
1119,28.8912226,4000,0.364354796,Miercoles,F,655403.5321
1120,39.83825136,2800,0.335256219,Jueves,N,240241.1388
1121,20.82478275,10000,0.388570433,Martes,K,2066572.403
1122,25.7062027,10000,0.336771614,Martes,D,1552567.514
1123,21.06637358,2800,0.273339613,Jueves,G,722681.7016
1124,22.26712536,2800,0.191252925,Viernes,R,638681.3273
1125,29.63728698,2800,0.245234595,Viernes,T,451638.2125
1126,22.35877194,2800,0.221520266,Martes,D,653213.8791
1127,31.8285958,2800,0.228663422,Miercoles,N,391441.1265
1128,31.83712363,2800,0.29319923,Viernes,R,408466.7579
1129,34.88967827,2800,0.244309623,Martes,T,325516.1016
1130,34.97241857,2800,0.38053832,Martes,R,348792.7837
1131,20.91529899,2800,0.301430667,Jueves,F,741216.6721
1132,21.09950709,2800,0.237407452,Viernes,L,702967.8649
1133,33.99426644,2800,0.325149457,Jueves,A,362463.7356
1134,32.95206865,2800,0.348356809,Miercoles,C,392389.9157
1135,38.32497149,10000,0.299500196,Lunes,I,638291.8045
1136,24.83468766,4000,0.244924102,Sabado,J,763928.9938
1137,32.62965444,2800,0.376476618,Miercoles,B,405957.6564
1138,38.63625662,2800,0.595732763,Sabado,Q,288788.5118
1139,36.94345225,4000,0.279327636,Miercoles,K,366894.1432
1140,38.80913164,2800,0.401520687,Viernes,D,267407.3934
1141,35.98018294,2800,0.270911176,Viernes,D,307583.6826
1142,32.36347364,2800,0.373293441,Miercoles,L,412241.4062
1143,31.7868503,10000,0.326608955,Lunes,M,1061810.313
1144,34.27852347,19000,0.292729469,Miercoles,K,1423762.152
1145,33.23801614,2800,0.21483803,Martes,O,354663.162
1146,36.05603513,2800,0.288851816,Viernes,N,309242.0247
1147,36.09021903,10000,0.352273002,Sabado,T,788639.8285
1148,28.5316378,4000,0.191719788,Martes,A,595147.1146
1149,21.14300054,2800,0.404787502,Sabado,A,774524.7566
1150,32.78929869,2800,0.153483354,Martes,I,344586.0993
1151,34.64774983,2800,0.299267937,Sabado,M,342283.0103
1152,21.68697253,2800,0.288273406,Sabado,R,708443.6469
1153,28.13608375,2800,0.333122447,Martes,H,519727.4051
1154,38.61867996,2800,0.384968945,Martes,I,269446.3975
1155,27.48799216,19000,0.411725459,Miercoles,N,2397527.628
1156,30.12798102,2800,0.212129432,Viernes,R,427840.8926
1157,26.93950358,10000,0.298405546,Lunes,H,1413363.058
1158,26.0111574,19000,0.404999232,Sabado,I,2606913.986
1159,39.90509531,10000,0.31964128,Sabado,P,562687.4099
1160,27.18970061,2800,0.415958114,Miercoles,H,570312.7994
1161,36.01387242,2800,0.325303524,Miercoles,Q,316324.0705
1162,34.71214791,2800,0.303100778,Lunes,G,341549.3204
1163,29.1661525,2800,0.433213235,Martes,Q,513620.106
1164,21.59330074,2800,0.216424398,Sabado,H,674963.7343
1165,28.91149632,4000,0.394293092,Martes,I,664192.1545
1166,20.70914909,2800,0.39078965,Miercoles,B,785548.9566
1167,32.16546305,2800,0.348005164,Martes,K,412330.8242
1168,29.0348761,2800,0.356964287,Miercoles,O,499914.5302
1169,35.10460345,2800,0.203437701,Miercoles,I,311252.4784
1170,35.2191883,2800,0.460322771,Lunes,I,354236.4097
1171,27.34368239,2800,0.2897513,Jueves,K,529737.315
1172,25.73230003,4000,0.369499973,Martes,N,785958.6243
1173,36.6814389,2800,0.399077966,Miercoles,H,312258.8743
1174,31.75935334,10000,0.407879774,Jueves,J,1109700.446
1175,28.7808933,2800,0.249445772,Viernes,F,475866.2159
1176,21.99665152,2800,0.439141551,Viernes,P,754513.364
1177,25.69837985,2800,0.273892675,Sabado,C,573076.4911
1178,36.98192427,10000,0.33227755,Jueves,B,726890.0725
1179,35.77217087,4000,0.27588093,Lunes,C,398712.7451
1180,29.17948857,2800,0.408362492,Viernes,R,507819.1832
1181,21.04561651,4000,0.301750596,Jueves,C,962498.6168
1182,29.04102554,2800,0.448850172,Sabado,K,520667.5019
1183,27.56577085,4000,0.465343051,Jueves,C,740634.4326
1184,24.17620104,2800,0.320364199,Sabado,Q,638291.4293
1185,23.5065097,2800,0.34009848,Miercoles,B,667672.142
1186,30.82671197,4000,0.380640849,Sabado,Q,587456.0768
1187,33.66587209,10000,0.334948634,Viernes,Q,936382.0692
1188,29.08383409,19000,0.238879625,Miercoles,P,1954355.883
1189,26.97871639,4000,0.28144701,Lunes,Q,697574.1934
1190,20.8705867,2800,0.300721685,Jueves,C,742466.974
1191,32.41965012,2800,0.27756714,Lunes,S,390210.4709
1192,23.24821147,4000,0.286824232,Miercoles,P,854410.3465
1193,35.71380399,2800,0.29147072,Lunes,I,317088.4381
1194,22.16195906,10000,0.370225449,Miercoles,E,1913395.019
1195,24.69108977,2800,0.23588619,Sabado,M,587842.1258
1196,29.97161831,2800,0.351464286,Sabado,M,471995.2816
1197,22.58692839,4000,0.342799479,Sabado,R,913638.6604
1198,20.55818256,2800,0.358782157,Martes,K,778682.2367
1199,39.36419485,10000,0.201696797,Jueves,E,543218.8331
1200,26.28211826,2800,0.457341562,Sabado,H,609772.3878
1201,32.52273464,4000,0.627334809,Sabado,T,576948.847
1202,34.78679243,4000,0.238363328,Jueves,G,416606.5187
1203,22.94698836,4000,0.193531888,Viernes,J,805974.9199
1204,26.70240987,2800,0.314819369,Jueves,Q,556925.15
1205,20.75375237,2800,0.23627618,Lunes,J,713937.6299
1206,38.42289326,2800,0.186715105,Viernes,P,243757.581
1207,38.87924335,4000,0.409900737,Viernes,F,337419.9994
1208,21.40581926,2800,0.353483138,Viernes,D,745772.3346
1209,38.70808015,4000,0.288017198,Viernes,B,322363.5112
1210,24.17181993,2800,0.352308221,Martes,F,649665.3691
1211,26.2522353,2800,0.339268863,Jueves,C,578434.6449
1212,36.65275787,4000,0.191018806,Jueves,M,351315.0673
1213,28.5140647,2800,0.327270155,Sabado,T,507113.8501
1214,22.76439018,19000,0.361883406,Sabado,I,3049866.99
1215,21.210558,10000,0.346533796,Lunes,K,1982429.248
1216,24.11510227,2800,0.383157547,Sabado,M,661684.6054
1217,27.26691713,2800,0.217532944,Lunes,S,505303.5473
1218,38.72560646,19000,0.307933266,Martes,Q,1000361.79
1219,24.67064989,2800,0.352623682,Jueves,K,633276.7694
1220,39.66899962,19000,0.179846024,Viernes,J,830018.4911
1221,20.61688828,2800,0.296868425,Jueves,C,749634.8325
1222,27.65400535,10000,0.286763104,Lunes,H,1344886.459
1223,27.76378804,4000,0.384385649,Miercoles,O,706799.9701
1224,38.29589709,19000,0.34660778,Lunes,D,1062612.9
1225,37.46604547,2800,0.243605788,Lunes,J,272382.6365
1226,36.5934577,2800,0.236115044,Miercoles,G,288211.1773
1227,39.31465312,2800,0.166600114,Miercoles,J,224388.0184
1228,38.8159105,2800,0.395830645,Jueves,D,266660.289
1229,21.76272708,10000,0.373277965,Sabado,K,1955977.699
1230,26.78456144,19000,0.455873657,Jueves,K,2550425.005
1231,36.12934902,10000,0.28546417,Viernes,E,756045.4798
1232,32.625191,10000,0.278180791,Lunes,B,972767.6424
1233,27.9718156,10000,0.430202549,Martes,R,1426640.936
1234,30.36663967,2800,0.312667027,Viernes,B,451620.5299
1235,36.94859189,10000,0.1544356,Miercoles,A,632855.3892
1236,25.21914105,19000,0.351983581,Sabado,B,2653321.527
1237,32.1669642,2800,0.352006999,Miercoles,K,413114.1074
1238,24.56566786,10000,0.426934765,Martes,P,1731731.92
1239,25.51253289,10000,0.245419453,Viernes,O,1476560.041
1240,36.64257563,2800,0.396748437,Sabado,J,312818.868
1241,22.2130032,2800,0.293251694,Lunes,B,692761.5893
1242,28.80133202,19000,0.348018983,Sabado,B,2140585.423
1243,29.13623217,2800,0.387365166,Jueves,M,504308.6538
1244,39.51605082,2800,0.374027077,Jueves,H,250537.3291
1245,34.08512516,2800,0.25686483,Miercoles,B,346165.1693
1246,38.89508559,2800,0.400679486,Martes,A,265584.3773
1247,20.31130327,19000,0.231058436,Sabado,J,3165530.201
1248,30.86551659,19000,0.340332463,Martes,D,1865400.926
1249,31.18811219,4000,0.251574223,Lunes,I,532884.2234
1250,36.21839403,2800,0.312970384,Martes,G,309865.1865
1251,22.96751134,19000,0.471200673,Miercoles,O,3177945.014
1252,25.97541392,2800,0.460593904,Martes,H,620746.9335
1253,39.9691803,19000,0.477378912,Martes,P,969819.4743
1254,39.13268274,2800,0.234593424,Sabado,T,239752.8932
1255,34.97734323,19000,0.259257053,Lunes,E,1319181.906
1256,39.57847749,10000,0.447610941,Lunes,B,616036.9608
1257,37.46297879,4000,0.214485162,Jueves,R,337497.0887
1258,33.9496401,2800,0.230544703,Miercoles,H,342904.9277
1259,28.75588805,4000,0.278058714,Jueves,K,628689.3945
1260,33.95319301,2800,0.349949761,Viernes,O,368035.3233
1261,24.40204956,10000,0.386212137,Jueves,C,1713643.356
1262,21.36315309,2800,0.249487401,Martes,R,700584.5226
1263,33.26929071,10000,0.231901871,Lunes,Q,898672.1008
1264,23.79249325,4000,0.231798882,Viernes,O,798424.8286
1265,38.59780674,10000,0.23920451,Lunes,K,598577.8699
1266,35.3602053,2800,0.339205097,Lunes,I,333192.1201
1267,33.25908844,10000,0.295177671,Miercoles,F,941144.3439
1268,27.08133124,2800,0.247652582,Jueves,L,522457.2518
1269,31.35698039,2800,0.239125678,Sabado,K,406002.0699
1270,29.19209562,2800,0.292528187,Lunes,C,478131.606
1271,25.31684599,2800,0.338325667,Sabado,O,607643.3975
1272,32.81661263,2800,0.559605893,Viernes,A,429859.7667
1273,23.25419658,4000,0.28996961,Lunes,I,855898.3689
1274,29.07199815,10000,0.189872655,Sabado,A,1140651.229
1275,23.40001509,2800,0.344953352,Sabado,F,673017.9303
1276,32.21736267,2800,0.302787503,Jueves,M,401171.272
1277,31.38492409,2800,0.378538572,Martes,Q,439190.4096
1278,35.59507361,2800,0.418780842,Sabado,F,339703.7641
1279,25.44137888,4000,0.183404515,Viernes,L,701036.7832
1280,24.49390263,2800,0.23225775,Lunes,S,592156.539
1281,21.44031757,2800,0.381333841,Sabado,D,755100.3024
1282,22.7047131,10000,0.384812815,Sabado,N,1874434.706
1283,33.62722133,2800,0.434820051,Sabado,O,390288.4906
1284,24.47160564,2800,0.325952264,Lunes,O,630676.024
1285,35.69188026,2800,0.359450229,Sabado,C,328883.3114
1286,37.10099056,2800,0.45641194,Jueves,T,309818.9722
1287,34.52285517,2800,0.255330468,Lunes,R,336013.8536
1288,27.56058175,2800,0.405023679,Lunes,E,556003.151
1289,20.73210117,10000,0.468152085,Jueves,G,2152912.103
1290,35.34552805,10000,0.278718799,Miercoles,S,799381.4569
1291,34.56696779,4000,0.377717491,Lunes,N,458628.3531
1292,32.96116562,2800,0.21332706,Martes,L,360497.9051
1293,38.18982613,2800,0.248671413,Miercoles,A,259377.5986
1294,35.93689742,4000,0.236932347,Martes,S,383813.6455
1295,27.2013024,2800,0.245056442,Miercoles,N,518062.6063
1296,33.46556199,19000,0.229359037,Jueves,E,1442309.462
1297,23.48440928,2800,0.302478715,Lunes,Q,654161.4602
1298,26.69613568,2800,0.231431113,Martes,H,527039.4272
1299,35.13864125,4000,0.488519046,Miercoles,Q,461059.159
1300,22.70706515,19000,0.244003719,Sabado,T,2831253.532
1301,39.29225807,10000,0.437206811,Martes,F,629207.9897
1302,28.74360978,2800,0.402717947,Lunes,M,519468.3448
1303,32.17673935,2800,0.295527768,Sabado,Q,400499.8942
1304,30.10042954,2800,0.237029045,Martes,Q,436955.9448
1305,28.86956884,4000,0.305479326,Miercoles,G,635356.8264
1306,28.4945142,2800,0.214652754,Viernes,B,470916.3072
1307,32.57511344,2800,0.278876836,Sabado,K,386736.1154
1308,33.32374613,2800,0.270589101,Lunes,G,366878.8557
1309,24.49195183,19000,0.46612793,Viernes,F,2919770.702
1310,26.67431223,2800,0.160892622,Jueves,E,494389.698
1311,22.75107255,4000,0.383915135,Lunes,A,925647.915
1312,34.45198371,19000,0.322709062,Jueves,I,1431964.813
1313,25.85411007,2800,0.271825056,Martes,D,567586.9018
1314,34.66512218,4000,0.252633824,Jueves,I,424413.4472
1315,25.31222325,2800,0.222312123,Jueves,L,563118.7055
1316,34.93177719,19000,0.173162197,Lunes,K,1225269.026
1317,31.57598411,10000,0.130716302,Jueves,R,905621.0153
1318,23.61653843,4000,0.369435878,Viernes,R,879203.1733
1319,37.92417001,19000,0.471248649,Sabado,I,1163653.261
1320,34.69201207,2800,0.286770693,Martes,E,338827.695
1321,27.1712957,19000,0.366700603,Martes,Q,2388695.38
1322,37.72011244,10000,0.224300963,Viernes,S,636668.6485
1323,24.5164365,2800,0.318627945,Jueves,T,626607.5488
1324,22.17781652,4000,0.300936851,Jueves,P,909948.7848
1325,31.42637207,2800,0.231822318,Viernes,K,402123.7774
1326,29.54639757,2800,0.290445925,Lunes,Q,467822.098
1327,21.85193886,2800,0.374976514,Miercoles,A,737889.6218
1328,28.1921004,2800,0.517647333,Viernes,J,560929.3725
1329,35.20713164,4000,0.347384148,Jueves,I,432080.7285
1330,38.46940227,2800,0.365845674,Lunes,M,270253.2126
1331,24.57670333,19000,0.200065948,Miercoles,I,2462115.679
1332,32.75405199,2800,0.354228326,Martes,K,398526.3284
1333,29.23606383,4000,0.420439637,Lunes,Q,659233.8643
1334,25.46952175,2800,0.463328159,Miercoles,D,638440.7824
1335,36.22159622,2800,0.338225725,Jueves,B,313809.2406
1336,36.96986826,2800,0.297569991,Viernes,Q,291486.2968
1337,33.55667362,2800,0.293824671,Sabado,J,366545.4361
1338,26.84192697,4000,0.371737347,Viernes,G,740102.8155
1339,31.39146398,19000,0.37796712,Lunes,L,1837604.168
1340,24.63555603,2800,0.481503588,Lunes,F,671791.3886
1341,23.32360806,2800,0.386867071,Sabado,E,690047.0995
1342,25.7397114,19000,0.163296852,Jueves,G,2216851.459
1343,28.0233634,2800,0.301595747,Sabado,T,513784.2586
1344,28.93264642,19000,0.244123268,Martes,J,1981350.345
1345,35.4131821,2800,0.422416048,Viernes,F,344492.8672
1346,21.30611441,2800,0.46399709,Lunes,J,788279.3982
1347,39.44076047,2800,0.272837593,Miercoles,N,239838.1765
1348,26.85503851,2800,0.310541252,Lunes,K,550954.2637
1349,38.08741627,4000,0.354811864,Martes,I,350424.4138
1350,25.15673674,10000,0.339182693,Martes,S,1603207.887
1351,29.09165109,4000,0.385542959,Jueves,A,654427.3396
1352,25.53820932,10000,0.375429781,Jueves,I,1600558.579
1353,27.33122292,10000,0.641982381,Viernes,I,1601231.934
1354,30.5659644,2800,0.295306079,Lunes,B,441814.0719
1355,27.90445687,4000,0.232265635,Lunes,C,639013.8698
1356,39.90742895,4000,0.37534996,Viernes,K,305934.6118
1357,31.30133945,2800,0.1988277,Viernes,N,394540.8915
1358,25.13106728,2800,0.359074826,Jueves,G,620309.2933
1359,24.88372072,2800,0.320016745,Lunes,B,615287.8854
1360,21.48079573,19000,0.542801793,Miercoles,C,3530883.022
1361,34.73125058,4000,0.399479857,Martes,S,457916.5404
1362,29.90192396,2800,0.28064603,Viernes,S,455428.082
1363,30.43918095,2800,0.304886095,Martes,T,447679.381
1364,33.51648391,10000,0.294694735,Jueves,B,923848.233
1365,38.4261966,10000,0.322451594,Sabado,G,641462.8748
1366,29.67791549,10000,0.387592727,Martes,C,1258806.218
1367,24.75438457,10000,0.191673641,Sabado,F,1468123.993
1368,30.33439818,2800,0.30640464,Lunes,M,450875.606
1369,24.65673414,19000,0.358926167,Viernes,J,2748596.986
1370,22.99790515,10000,0.518045317,Lunes,K,1955740.612
1371,33.66268667,19000,0.372827848,Martes,F,1561394.252
1372,26.21194954,2800,0.358695501,Sabado,L,585584.761
1373,36.47588625,2800,0.253550615,Miercoles,Q,293983.7807
1374,39.14413205,2800,0.303640696,Viernes,O,249414.1028
1375,31.22466492,10000,0.445598122,Sabado,I,1169658.734
1376,22.82866613,10000,0.24682641,Martes,G,1708602.234
1377,24.47960111,2800,0.275992175,Jueves,P,611526.0548
1378,29.15704174,19000,0.425375652,Jueves,E,2176818.068
1379,22.61230321,4000,0.230892344,Martes,L,847173.3431
1380,33.98534351,4000,0.297865612,Martes,D,457705.8095
1381,27.1808746,2800,0.388465206,Sabado,G,563563.7151
1382,34.98579478,19000,0.218140854,Martes,F,1275381.714
1383,26.55791025,10000,0.277767843,Miercoles,B,1425136.38
1384,27.55006498,2800,0.241927003,Martes,A,507061.655
1385,32.61881669,4000,0.334396057,Miercoles,L,511802.9535
1386,32.46791185,2800,0.210353274,Martes,F,370917.4447
1387,30.56389518,10000,0.197564363,Jueves,L,1046126.896
1388,20.75533102,19000,0.43044233,Martes,T,3499487.467
1389,25.22307761,19000,0.220473605,Sabado,O,2420551.418
1390,31.5083226,10000,0.231403399,Miercoles,B,1013319.661
1391,36.22849291,19000,0.333268376,Lunes,R,1254599.441
1392,31.10210788,2800,0.297933787,Martes,B,428451.1732
1393,24.61021098,2800,0.256976787,Martes,A,599571.676
1394,38.30663492,2800,0.23752637,Jueves,E,255313.6782
1395,35.38837278,10000,0.392145791,Lunes,J,849338.6646
1396,33.26147473,4000,0.209773725,Sabado,I,451591.6046
1397,29.36487555,10000,0.16688014,Sabado,J,1092963.172
1398,20.85261108,4000,0.32053166,Lunes,C,982687.7425
1399,26.91954548,19000,0.397242424,Viernes,I,2462900.51
1400,35.76282469,4000,0.195013834,Jueves,P,375804.8254
1401,29.01969865,19000,0.387481017,Martes,J,2156161.221
1402,39.25301312,2800,0.176552584,Martes,O,227419.2215
1403,33.5708529,2800,0.347948608,Sabado,H,376973.5375
1404,24.69575154,19000,0.258808525,Martes,T,2572375.358
1405,37.94511477,10000,0.264645272,Martes,E,644172.6996
1406,21.88940796,4000,0.380366724,Miercoles,L,964782.7237
1407,37.47272191,2800,0.262869201,Miercoles,R,275611.9931
1408,22.29343104,4000,0.347492086,Viernes,C,929570.7194
1409,39.90758377,2800,0.308231306,Jueves,I,235861.4719
1410,32.26611326,2800,0.520563704,Lunes,D,439638.9462
1411,34.68377633,2800,0.344539544,Jueves,I,349698.0845
1412,33.75952139,4000,0.350369958,Lunes,C,478339.6425
1413,26.52401873,2800,0.257899632,Sabado,N,542430.3431
1414,32.77078434,2800,0.306528574,Jueves,I,388269.542
1415,27.3302019,2800,0.34315468,Martes,Q,546541.0379
1416,21.96902217,19000,0.379364439,Viernes,M,3208886.611
1417,28.99104935,2800,0.335920316,Jueves,E,495769.1979
1418,26.72613644,4000,0.411667387,Martes,E,759167.4297
1419,34.60603063,10000,0.272330268,Viernes,M,841150.8086
1420,34.33042901,4000,0.357753594,Viernes,L,461743.3632
1421,24.86155546,2800,0.358955985,Martes,Q,629071.2174
1422,24.12225564,19000,0.476207714,Martes,G,2992320.906
1423,39.83141336,19000,0.296792068,Sabado,H,898209.796
1424,26.47936505,2800,0.269662866,Lunes,T,548131.3486
1425,33.75696906,19000,0.301508908,Martes,P,1488362.851
1426,36.89076784,10000,0.405720098,Jueves,B,759903.4807
1427,20.16117049,2800,0.322582516,Viernes,T,777782.948
1428,27.26525015,19000,0.282510869,Jueves,N,2257317.107
1429,34.1233294,10000,0.315648096,Lunes,T,895903.7998
1430,22.72335384,4000,0.334996089,Martes,P,903450.645
1431,31.49864223,4000,0.358562502,Viernes,G,557073.3309
1432,31.39317077,2800,0.252531265,Martes,O,408970.8892
1433,33.34814721,4000,0.370678906,Sabado,H,496742.9406
1434,26.50977626,2800,0.265326359,Viernes,B,545634.6332
1435,39.97608158,2800,0.310622815,Sabado,E,234898.9859
1436,22.29781531,19000,0.297403589,Viernes,M,3007197.705
1437,35.23232909,10000,0.215863899,Sabado,P,768728.567
1438,30.03833249,2800,0.231990632,Viernes,J,436899.2589
1439,34.97896142,2800,0.305631008,Miercoles,E,335967.0466
1440,21.11495913,10000,0.322641943,Jueves,F,1964447.852
1441,27.75637171,4000,0.186271554,Sabado,H,618906.5601
1442,21.28858209,19000,0.337388533,Sabado,M,3247029.48
1443,38.89313194,4000,0.416323342,Lunes,Q,337930.2429
1444,25.12028634,4000,0.275676733,Sabado,B,769169.4012
1445,38.20344108,4000,0.365079625,Jueves,D,348968.0862
1446,33.92514434,19000,0.254801287,Sabado,K,1423128.211
1447,21.46946183,2800,0.357735495,Miercoles,T,745143.0033
1448,34.39895136,2800,0.4983632,Lunes,R,379634.7348
1449,34.63750775,2800,0.436172949,Jueves,R,365153.1403
1450,27.78681114,19000,0.257891352,Lunes,J,2149071.825
1451,39.31571529,2800,0.358081589,Jueves,I,252670.1297
1452,21.11311417,2800,0.266643632,Miercoles,I,717770.7426
1453,30.53458209,4000,0.316485945,Jueves,Q,578457.4267
1454,33.974354,2800,0.279253787,Martes,L,353654.3003
1455,23.94045763,10000,0.332679525,Viernes,L,1706891.772
1456,32.56404239,4000,0.482342505,Martes,K,548637.8145
1457,30.64000268,2800,0.427769424,Jueves,F,469604.9257
1458,26.43516401,2800,0.354674856,Martes,G,577391.2098
1459,34.36147125,19000,0.259640481,Jueves,L,1382658.143
1460,21.09980387,10000,0.437897385,Martes,P,2086424.409
1461,33.32365333,4000,0.383659848,Miercoles,P,500627.8073
1462,37.79897074,2800,0.352913579,Miercoles,P,282324.0976
1463,23.3219224,2800,0.373490712,Jueves,M,685639.3223
1464,22.85917108,19000,0.33122436,Viernes,E,2982309.182
1465,31.49722639,2800,0.327096978,Sabado,N,425142.3917
1466,34.58362778,4000,0.351171031,Miercoles,K,452239.4738
1467,28.12878044,2800,0.284287814,Jueves,S,505376.6113
1468,24.53172177,4000,0.42599587,Martes,R,860858.1261
1469,26.55264811,4000,0.275958831,Lunes,O,711710.577
1470,30.32794036,19000,0.395888947,Martes,J,1990605.66
1471,32.9272857,2800,0.39824172,Sabado,I,402229.1378
1472,21.18846686,2800,0.328744749,Viernes,D,743505.2532
1473,31.94732657,4000,0.322146526,Sabado,G,530991.1501
1474,33.27271063,2800,0.281574417,Lunes,A,370595.9786
1475,28.37121548,19000,0.39169217,Sabado,S,2249863.762
1476,28.53220555,2800,0.369724589,Martes,T,517786.3931
1477,21.4240783,2800,0.257411888,Miercoles,S,702592.8564
1478,22.58058959,10000,0.32705392,Jueves,F,1827904.592
1479,26.13953638,4000,0.423399231,Martes,R,788397.2794
1480,37.95949968,2800,0.354224396,Viernes,C,279190.5923
1481,20.60608012,19000,0.336061051,Martes,C,3358031.943
1482,23.83336801,2800,0.231167705,Lunes,T,611868.8065
1483,31.91621774,2800,0.301417532,Lunes,D,408432.6622
1484,37.89207322,2800,0.200070473,Sabado,C,256029.8484
1485,28.25395354,10000,0.345508083,Miercoles,C,1344664.198
1486,31.45669808,2800,0.27095094,Jueves,B,412414.6897
1487,39.29517655,10000,0.240181051,Miercoles,R,564033.9094
1488,30.61401342,2800,0.229797792,Jueves,P,421597.1238
1489,23.4836006,4000,0.332494354,Martes,M,867902.1642
1490,39.32110071,2800,0.5019667,Viernes,P,266497.3579
1491,22.43269522,4000,0.394903118,Miercoles,G,945647.6043
1492,26.44110133,2800,0.377672933,Miercoles,P,583831.2525
1493,37.53535653,4000,0.420418577,Lunes,I,376368.5781
1494,24.63299884,2800,0.353966461,Lunes,M,634955.7759
1495,29.45841774,2800,0.331834385,Jueves,O,481480.4461
1496,26.82689253,19000,0.447247606,Martes,O,2534565.546
1497,37.03959201,2800,0.214518108,Miercoles,B,275042.6193
1498,38.7222157,19000,0.267889738,Lunes,P,974631.2251
1499,35.56634878,4000,0.355414699,Martes,F,422867.9136
1500,31.18481042,2800,0.335258737,Jueves,C,435218.2078
1501,32.65224202,4000,0.206683671,Martes,H,468716.4484
1502,22.28599589,2800,0.217787384,Viernes,T,653492.4148
1503,25.04786928,2800,0.244220468,Jueves,A,580743.334
1504,22.73156719,10000,0.295968078,Lunes,P,1778798.651
1505,34.11354005,2800,0.201370388,Viernes,K,331635.0528
1506,20.77866687,19000,0.183203498,Jueves,G,2954812.574
1507,31.12999851,10000,0.265389939,Lunes,D,1066376.429
1508,33.98818969,2800,0.284478911,Viernes,O,354449.6948
1509,38.15947484,10000,0.282221733,Martes,O,640242.3035
1510,29.55025117,10000,0.245218556,Miercoles,I,1162608.286
1511,39.09939762,4000,0.472826932,Lunes,Q,339589.8373
1512,25.55614651,10000,0.383644828,Sabado,L,1605654.382
1513,36.57629856,19000,0.348663732,Viernes,F,1230285.007
1514,29.08755973,10000,0.332753175,Martes,T,1268555.055
1515,26.21581616,10000,0.352916083,Jueves,D,1522028.891
1516,20.62655648,2800,0.209785977,Martes,P,702598.4575
1517,25.76435577,4000,0.248866581,Sabado,I,729003.0831
1518,33.09604131,2800,0.380923571,Miercoles,M,394840.6917
1519,25.25673555,10000,0.567435038,Viernes,F,1761377.977
1520,25.62296445,2800,0.319175558,Martes,B,591589.5527
1521,28.46130443,19000,0.261636739,Sabado,H,2068025.363
1522,39.02787806,10000,0.212909095,Sabado,L,564825.8193
1523,21.40902611,4000,0.444801261,Miercoles,H,1017623.942
1524,25.18434274,19000,0.364216759,Viernes,F,2676389.658
1525,28.946859,2800,0.286519506,Jueves,I,483134.8802
1526,36.73385294,10000,0.291023799,Viernes,B,723480.63
1527,37.50805679,10000,0.326055741,Jueves,B,694018.9852
1528,27.16405841,2800,0.373186297,Martes,T,560003.5501
1529,35.92658109,2800,0.412830956,Martes,N,331177.4362
1530,33.14264914,4000,0.275060042,Sabado,S,477521.1115
1531,23.36647411,2800,0.380239471,Jueves,G,686367.5175
1532,38.60492202,10000,0.151825886,Sabado,E,550852.9516
1533,24.41920102,10000,0.372036156,Viernes,T,1699683.528
1534,32.45258751,2800,0.472440776,Miercoles,B,427135.7727
1535,21.30687797,4000,0.3622842,Jueves,L,983753.3699
1536,32.12021492,2800,0.309481374,Martes,M,405144.4565
1537,23.18225527,2800,0.313813377,Martes,K,668658.9235
1538,39.80318308,19000,0.190267312,Jueves,G,828483.6421
1539,31.46569536,4000,0.284698982,Sabado,C,535470.1496
1540,31.87154546,2800,0.307491151,Miercoles,D,410988.1598
1541,32.19810269,2800,0.454695177,Lunes,Q,431170.9591
1542,36.50544685,2800,0.304253618,Sabado,N,302296.277
1543,32.74620495,19000,0.320398152,Sabado,K,1619966.5
1544,27.62616354,2800,0.554602755,Viernes,I,586459.8148
1545,31.50622448,2800,0.230388043,Miercoles,I,399746.1037
1546,33.55816989,4000,0.284345886,Jueves,A,467234.0601
1547,22.60571334,2800,0.358071316,Jueves,S,705058.736
1548,34.06743437,2800,0.170440766,Martes,J,323463.0857
1549,30.38428296,19000,0.32503719,Viernes,G,1908618.805
1550,29.51703295,10000,0.234800031,Lunes,A,1155418.002
1551,31.52429881,10000,0.313893363,Viernes,C,1072541.643
1552,34.90462674,2800,0.283801168,Sabado,B,333465.2602
1553,29.30030638,2800,0.247128842,Sabado,S,461157.9405
1554,24.58112238,19000,0.324289149,Sabado,S,2705755.75
1555,24.04941136,10000,0.239403608,Sabado,P,1592232.335
1556,32.37519823,2800,0.451585683,Sabado,M,425859.6945
1557,28.04079527,4000,0.399785589,Lunes,B,700682.6769
1558,25.02906297,19000,0.212643764,Viernes,T,2429789.436
1559,21.38120053,10000,0.2321604,Martes,C,1818276.497
1560,38.43373892,4000,0.292336985,Viernes,G,330166.842
1561,25.56413905,10000,0.26864673,Lunes,G,1498201.911
1562,37.34216602,2800,0.385790837,Martes,T,296137.3963
1563,38.14458859,2800,0.293554811,Martes,J,267218.4614
1564,22.60519956,4000,0.409262165,Martes,H,943809.5186
1565,21.76776017,2800,0.338936876,Martes,P,727156.0607
1566,27.30047544,2800,0.294247432,Martes,C,532472.6519
1567,32.56663355,2800,0.344637117,Lunes,I,401376.5006
1568,29.03893914,2800,0.318628756,Lunes,O,489764.9945
1569,23.13460674,4000,0.339042028,Viernes,B,886793.1878
1570,36.29602951,2800,0.254229267,Lunes,K,297809.939
1571,26.3680667,2800,0.231516373,Viernes,O,536455.7048
1572,27.10037826,2800,0.480706406,Viernes,P,588394.7041
1573,33.84412892,10000,0.255164821,Viernes,B,878326.3033
1574,31.82136957,10000,0.477053253,Sabado,I,1138542.326
1575,38.50176895,2800,0.401064283,Miercoles,T,273615.2667
1576,36.7660354,2800,0.218984564,Miercoles,J,281297.4932
1577,21.76019798,2800,0.499426589,Miercoles,G,781771.6949
1578,37.07785434,10000,0.341089752,Sabado,N,724793.149
1579,32.00883303,10000,0.316700163,Lunes,E,1039903.417
1580,27.33861914,4000,0.404075167,Martes,H,730890.345
1581,29.27502946,2800,0.279484911,Miercoles,H,472009.2904
1582,20.03276901,2800,0.3455234,Viernes,A,792549.8877
1583,23.75131172,2800,0.308683471,Viernes,B,647818.6475
1584,29.86719857,2800,0.309421658,Martes,H,464303.8135
1585,20.79357591,2800,0.248068901,Martes,O,719051.7304
1586,33.85303882,10000,0.241320317,Viernes,M,868616.1905
1587,34.64650935,2800,0.373444717,Miercoles,S,355401.1241
1588,29.15704121,2800,0.214822062,Martes,R,453597.3074
1589,27.1338996,2800,0.382379524,Jueves,R,563411.9753
1590,23.81112113,2800,0.547241814,Miercoles,F,717760.8567
1591,33.7503774,2800,0.338921997,Jueves,I,370915.9237
1592,25.45506823,4000,0.246060872,Lunes,L,739709.723
1593,23.46161941,4000,0.279583984,Sabado,K,841093.9809
1594,38.16470124,2800,0.281021451,Sabado,O,264968.9723
1595,38.26433396,2800,0.329396826,Lunes,S,269812.9343
1596,23.58726108,2800,0.382649413,Viernes,M,679549.7453
1597,22.75998112,4000,0.322495491,Jueves,S,895351.1409
1598,35.78914719,2800,0.234885882,Sabado,A,304375.2102
1599,29.87335977,4000,0.519690974,Lunes,N,659549.1643
1600,22.37159226,4000,0.477765498,Lunes,I,983318.9834
1601,28.86985207,2800,0.432802659,Miercoles,R,522421.8726
1602,26.77983032,4000,0.392301122,Sabado,K,750142.2342
1603,33.71529846,4000,0.376760478,Lunes,R,486013.9785
1604,22.77313076,2800,0.335570415,Miercoles,M,690904.294
1605,29.24905145,10000,0.204419209,Sabado,N,1144225.518
1606,37.70362963,2800,0.256188188,Sabado,Q,269957.7891
1607,37.00807341,2800,0.3189577,Miercoles,P,294015.8637
1608,31.46983284,19000,0.289538117,Martes,I,1735724.661
1609,20.53086614,2800,0.272370143,Lunes,E,740735.2894
1610,26.19455557,2800,0.242122913,Sabado,R,545848.1732
1611,32.39291936,2800,0.446640184,Lunes,S,424563.0714
1612,25.65603701,19000,0.389916486,Viernes,Q,2640839.2
1613,22.39159781,19000,0.308411402,Sabado,A,3013963.502
1614,30.93931562,4000,0.299991822,Jueves,L,558687.8999
1615,36.23169368,10000,0.216765689,Martes,L,712703.2954
1616,24.56009559,2800,0.360634491,Jueves,N,639540.8398
1617,38.20876554,4000,0.38396048,Sabado,G,351819.673
1618,36.10794083,2800,0.293263721,Sabado,I,308907.2291
1619,24.83013426,19000,0.382756503,Sabado,B,2756749.208
1620,37.1735697,4000,0.231471402,Viernes,J,349323.81
1621,21.03647938,4000,0.266389309,Jueves,F,940528.3871
1622,31.11830419,4000,0.381723463,Miercoles,I,577127.6605
1623,25.23830871,10000,0.337636161,Martes,J,1594549.648
1624,29.08033216,4000,0.349990959,Lunes,H,643338.5968
1625,37.48683389,2800,0.369951841,Lunes,J,291043.1798
1626,26.0238286,10000,0.352810796,Sabado,L,1538681.308
1627,28.16607831,2800,0.47815427,Sabado,P,553752.714
1628,30.93088506,4000,0.339319941,Lunes,G,571596.3949
1629,34.91240161,2800,0.302586287,Sabado,D,336904.6806
1630,25.9260019,10000,0.407023463,Martes,A,1590574.536
1631,20.34182966,19000,0.351156864,Jueves,C,3432080.488
1632,22.52147127,2800,0.258090491,Martes,O,666495.7716
1633,24.99066893,2800,0.226986784,Lunes,L,574781.8561
1634,20.60001431,2800,0.181198012,Martes,D,684698.9348
1635,35.8130319,4000,0.42927607,Sabado,A,429381.511
1636,30.81019876,10000,0.518184786,Sabado,O,1237254.46
1637,37.55546293,4000,0.342558093,Miercoles,S,362844.8304
1638,26.99263103,2800,0.332564747,Jueves,F,553641.123
1639,34.6471054,2800,0.286265713,Miercoles,D,339741.1033
1640,24.23062479,10000,0.360088265,Sabado,N,1706354.465
1641,29.19324591,2800,0.37574844,Martes,A,499915.2739
1642,36.64369306,4000,0.274813453,Martes,D,374055.8499
1643,24.93299961,2800,0.2520897,Lunes,M,587594.9114
1644,30.86445511,2800,0.257446859,Martes,D,423667.482
1645,34.38227216,2800,0.391037712,Miercoles,J,364585.7912
1646,22.16647171,2800,0.358627134,Lunes,I,720668.641
1647,32.62604349,19000,0.291953769,Jueves,K,1604694.932
1648,22.78726232,2800,0.390405267,Miercoles,R,710003.2361
1649,33.0377349,19000,0.210255911,Lunes,S,1462734.624
1650,32.14861562,2800,0.278352774,Sabado,S,397060.3127
1651,38.12384945,2800,0.275610697,Miercoles,M,264937.2114
1652,26.75703076,19000,0.184828564,Sabado,A,2141358.141
1653,33.05845554,10000,0.257242713,Viernes,G,930060.3513
1654,38.51065906,4000,0.334796576,Jueves,E,335754.7739
1655,29.12224633,2800,0.231938225,Viernes,Q,460700.8551
1656,37.64632578,2800,0.206940911,Lunes,J,261968.1612
1657,20.11889679,2800,0.271585491,Sabado,T,754757.2435
1658,34.66841981,4000,0.439912966,Viernes,F,467849.8589
1659,20.02394444,4000,0.256951042,Lunes,M,980529.0674
1660,26.14229358,2800,0.320867709,Sabado,J,575999.2341
1661,21.81564689,2800,0.431924138,Jueves,H,758866.8572
1662,36.68622456,2800,0.383397478,Jueves,A,310085.1376
1663,31.47498075,19000,0.448190854,Martes,S,1888704.34
1664,27.74582646,19000,0.371444015,Miercoles,C,2313467.931
1665,36.96752673,2800,0.270563784,Miercoles,E,287043.1536
1666,30.88839629,2800,0.275231551,Jueves,J,428032.9191
1667,24.8558261,4000,0.395272923,Martes,L,834383.366
1668,33.51506501,2800,0.393427696,Martes,P,386428.047
1669,38.57756449,2800,0.332992004,Sabado,F,264072.9643
1670,30.95702807,4000,0.537914693,Viernes,C,620612.3821
1671,22.69355998,2800,0.235016427,Jueves,A,649601.1124
1672,23.63514476,2800,0.416788759,Martes,A,688672.2457
1673,31.37815472,2800,0.205707737,Jueves,I,395033.8045
1674,37.7375064,2800,0.248812515,Viernes,T,268041.0272
1675,20.15225624,10000,0.386165872,Sabado,J,2133707.795
1676,36.39299576,19000,0.391939891,Miercoles,J,1277084.953
1677,31.08629919,19000,0.38259666,Lunes,I,1880317.86
1678,36.54843822,10000,0.238176449,Miercoles,E,707453.2277
1679,28.96696385,10000,0.27110452,Jueves,S,1228878.148
1680,34.95014514,4000,0.362667724,Martes,I,443319.8547
1681,27.50521683,10000,0.324463718,Jueves,A,1389400.303
1682,23.86461219,2800,0.279532477,Viernes,H,632500.3754
1683,38.83013933,10000,0.354317465,Lunes,F,630418.3031
1684,36.19176047,2800,0.579698681,Jueves,F,344186.0718
1685,34.29301347,4000,0.217468438,Miercoles,J,424110.7256
1686,34.15062009,4000,0.359535216,Sabado,C,467898.197
1687,27.28410374,19000,0.252945812,Lunes,C,2206640.522
1688,36.34108667,19000,0.267233505,Jueves,K,1191832.609
1689,36.78305642,4000,0.327032969,Miercoles,M,381462.5789
1690,25.63533248,19000,0.469223904,Lunes,S,2741691.648
1691,34.17386697,4000,0.276671266,Jueves,Q,446023.2307
1692,25.66347395,10000,0.344350059,Miercoles,J,1563010.775
1693,36.48241444,4000,0.383103565,Viernes,Q,400847.5502
1694,39.96498114,2800,0.261549367,Viernes,F,228952.1697
1695,25.14773368,19000,0.445593375,Miercoles,D,2790094.576
1696,27.70414697,2800,0.274065108,Sabado,I,514117.006
1697,21.89620484,4000,0.496784376,Miercoles,T,1014443.482
1698,32.60845073,2800,0.387918288,Miercoles,B,408626.0179
1699,20.06770439,2800,0.227889332,Jueves,B,732312.185
1700,22.24488214,2800,0.452386127,Sabado,P,749507.6205
1701,24.05947397,4000,0.259472059,Sabado,O,804225.4131
1702,28.5077368,10000,0.514239109,Miercoles,R,1429304.756
1703,32.46617425,4000,0.274810074,Jueves,R,499082.8412
1704,34.41766139,4000,0.470097796,Jueves,G,481749.092
1705,26.74264767,2800,0.524128861,Martes,M,609636.8972
1706,32.93468451,2800,0.42821704,Jueves,G,407137.9434
1707,23.70869077,2800,0.195794684,Miercoles,A,597350.4752
1708,32.3947497,4000,0.401930397,Miercoles,N,536806.4407
1709,37.41136626,10000,0.374210221,Jueves,D,717593.3574
1710,38.79424721,2800,0.232458969,Viernes,G,245500.2586
1711,24.78420625,4000,0.268516773,Lunes,E,779201.6028
1712,26.82284112,4000,0.352104432,Lunes,M,733471.6671
1713,24.33480601,10000,0.330441444,Viernes,J,1668738.17
1714,33.63094073,19000,0.347836916,Lunes,C,1544198.449
1715,39.42805809,4000,0.386152684,Viernes,P,319643.9146
1716,39.71347138,4000,0.331264119,Jueves,M,304479.5327
1717,39.09427671,4000,0.292419509,Viernes,Q,313477.3597
1718,35.71414776,10000,0.185402079,Viernes,N,720547.0476
1719,26.09278398,2800,0.314611448,Lunes,J,575468.5444
1720,31.55548322,19000,0.373241026,Jueves,I,1812768.863
1721,23.77387992,2800,0.195681968,Sabado,B,595335.0287
1722,38.10602282,2800,0.294092296,Viernes,S,268052.8942
1723,37.60824095,10000,0.276209996,Viernes,J,667595.9393
1724,26.34283197,2800,0.445769397,Jueves,Q,604934.8041
1725,23.90192246,10000,0.395705874,Lunes,C,1768939.117
1726,25.84836177,19000,0.274450914,Lunes,C,2438401.591
1727,34.08810949,4000,0.372592597,Miercoles,F,472889.6138
1728,31.33359153,10000,0.188147796,Miercoles,R,985728.7525
1729,27.2345139,19000,0.294059187,Lunes,N,2279223.246
1730,24.74189891,10000,0.307849427,Sabado,A,1609864.399
1731,26.61545131,10000,0.312440578,Martes,O,1452964.757
1732,33.67019149,2800,0.397963498,Lunes,G,383292.1598
1733,28.95655534,2800,0.43278731,Sabado,N,519808.6512
1734,36.85940595,4000,0.173110867,Miercoles,P,340352.9563
1735,36.87406006,10000,0.376443367,Viernes,K,750404.0419
1736,39.51800065,2800,0.229019414,Viernes,N,232066.1432
1737,27.94459524,2800,0.300866491,Jueves,G,515831.9664
1738,34.57184034,4000,0.425492157,Viernes,P,468241.7092
1739,23.2286766,10000,0.552279306,Miercoles,B,1956284.333
1740,36.69011953,2800,0.444703317,Jueves,T,317730.9033
1741,29.58053648,2800,0.502455678,Viernes,P,514816.2268
1742,30.18228269,2800,0.358149896,Martes,L,467699.3008
1743,25.70807717,19000,0.536890739,Jueves,F,2803430.587
1744,33.29578315,10000,0.344670618,Sabado,P,966590.9645
1745,25.86291084,2800,0.15732279,Sabado,R,514060.7978
1746,23.0850567,4000,0.378662001,Viernes,I,907715.6676
1747,26.636552,4000,0.299329797,Jueves,Q,719150.5948
1748,35.96331786,2800,0.37110043,Martes,L,324486.505
1749,36.73060781,2800,0.253170339,Martes,O,288727.578
1750,39.2175674,19000,0.281772294,Lunes,R,941156.988
1751,50.0706271,2800,0.436218921,Martes,K,101043.1439
1752,52.02938884,19000,0.416770111,Miercoles,D,194476.5142
1753,47.76775857,10000,0.41332823,Jueves,A,251967.5096
1754,57.34229203,2800,0.331234058,Viernes,J,56475.66356
1755,48.41537682,2800,0.357391495,Jueves,P,115768.4149
1756,41.60996492,2800,0.272228219,Martes,J,202471.57
1757,43.92026491,2800,0.539295881,Martes,E,184046.6142
1758,58.39603003,4000,0.25051218,Lunes,K,54719.27281
1759,52.90909979,2800,0.394544121,Martes,T,77131.26984
1760,44.547338,10000,0.295796441,Lunes,B,349857.2571
1761,57.37304479,4000,0.318631587,Lunes,B,57414.33507
1762,54.33466659,10000,0.370312894,Lunes,Q,94936.7518
1763,55.64214696,10000,0.294898784,Lunes,E,76810.52299
1764,43.1722151,2800,0.406761079,Jueves,L,188643.211
1765,45.35178013,2800,0.34127776,Lunes,E,152298.425
1766,58.24011058,4000,0.34034521,Viernes,K,55135.09002
1767,54.99862761,4000,0.282023081,Jueves,T,68021.11014
1768,58.17852975,10000,0.286690092,Viernes,M,57329.68646
1769,49.848207,10000,0.475570188,Miercoles,A,194009.9387
1770,46.25136532,2800,0.376667208,Viernes,Q,142243.658
1771,45.7794077,10000,0.376759239,Sabado,E,316896.3711
1772,56.14641953,4000,0.28387619,Miercoles,T,62024.27884
1773,52.48497151,2800,0.300551692,Martes,K,78653.76454
1774,46.32379451,2800,0.336130749,Jueves,Q,139325.3085
1775,57.53444942,4000,0.428413641,Martes,D,57141.04563
1776,43.28876498,4000,0.253697117,Miercoles,D,214866.315
1777,40.88625176,4000,0.204105539,Martes,P,255680.687
1778,40.13439531,4000,0.408727228,Lunes,D,304502.6379
1779,58.03374624,2800,0.265562223,Miercoles,Q,54931.61349
1780,58.63920336,4000,0.359687144,Miercoles,M,54383.26303
1781,54.18142682,4000,0.399677422,Jueves,C,74693.66397
1782,51.88266161,2800,0.208076685,Sabado,J,80788.8728
1783,47.02542999,2800,0.246153476,Miercoles,L,126037.7194
1784,56.51893544,10000,0.209543591,Miercoles,B,67284.0876
1785,45.98143329,2800,0.409608415,Viernes,K,147337.857
1786,47.51145631,2800,0.293393854,Martes,H,123095.8727
1787,40.4175023,2800,0.188792628,Viernes,B,210508.9659
1788,44.71744776,4000,0.3494461,Martes,G,197351.1983
1789,50.80554182,4000,0.325761994,Lunes,M,104671.56
1790,42.40820324,10000,0.244998921,Lunes,B,423448.3362
1791,54.11968257,2800,0.338400433,Lunes,P,69171.27802
1792,49.68886242,2800,0.358273295,Miercoles,E,102799.8406
1793,59.37227092,2800,0.304260847,Miercoles,J,53411.79524
1794,44.1623854,4000,0.263012001,Jueves,G,199459.3424
1795,55.96361313,19000,0.366708947,Lunes,R,88540.34434
1796,51.22273295,10000,0.431160169,Viernes,Q,156426.0763
1797,53.81078911,10000,0.344776211,Miercoles,T,102299.7025
1798,53.29432099,2800,0.379969836,Sabado,R,74445.0306
1799,59.48673098,2800,0.196560186,Viernes,G,53342.92201
1800,50.89929085,19000,0.364901701,Lunes,H,232537.4015
1801,48.20475666,19000,0.230049716,Miercoles,F,327884.9027
1802,46.56311155,10000,0.395802323,Jueves,M,290968.9817
1803,51.90903733,19000,0.410358663,Jueves,D,198323.5044
1804,53.40809542,19000,0.35891655,Sabado,I,146995.253
1805,45.82006151,2800,0.192063402,Jueves,L,135983.2454
1806,46.84098642,4000,0.447274961,Sabado,T,165490.0045
1807,53.7480645,4000,0.449308236,Sabado,N,78596.13712
1808,53.23708094,10000,0.397301646,Martes,L,113502.7872
1809,49.34718747,2800,0.287247651,Sabado,E,103852.1526
1810,51.25154312,2800,0.435919176,Lunes,E,90342.25491
1811,52.32683195,2800,0.402276363,Viernes,N,81325.8763
1812,52.87965199,2800,0.309518097,Miercoles,K,76188.40691
1813,54.38460589,2800,0.258553021,Martes,S,67005.99423
1814,58.06177833,4000,0.252941532,Miercoles,T,55406.99592
1815,54.3638954,4000,0.478510888,Sabado,T,74106.97953
1816,52.02415869,4000,0.216749542,Viernes,C,88911.35417
1817,52.40921914,10000,0.295411559,Miercoles,N,124792.0348
1818,40.71448057,4000,0.418136563,Sabado,F,291122.9684
1819,58.59112412,2800,0.362667039,Jueves,P,54161.62728
1820,40.39904834,2800,0.359483517,Jueves,P,232466.4068
1821,45.12737606,4000,0.400470015,Lunes,J,193495.0829
1822,54.04393168,10000,0.243337377,Miercoles,M,95614.01504
1823,50.69977984,2800,0.212195834,Lunes,S,89546.84322
1824,46.71591938,2800,0.296880525,Miercoles,N,132466.9403
1825,42.35135704,2800,0.455613849,Jueves,E,205593.1155
1826,51.27217777,19000,0.386543789,Viernes,A,220056.4153
1827,53.95162608,2800,0.162101436,Miercoles,Q,67787.28592
1828,55.73430368,2800,0.296149755,Miercoles,G,61399.98483
1829,56.24175448,2800,0.361312025,Lunes,L,59829.88699
1830,44.19151763,4000,0.386150233,Lunes,I,210552.433
1831,47.82122017,2800,0.36004921,Jueves,G,122449.9774
1832,53.81525301,2800,0.363283655,Martes,P,71116.13923
1833,58.92298012,10000,0.196390042,Viernes,H,54561.6125
1834,44.83524919,2800,0.484410166,Martes,R,167111.9476
1835,45.70934339,4000,0.275399042,Viernes,Q,173389.8293
1836,55.37543153,4000,0.474530266,Jueves,Q,67263.53263
1837,43.18165038,2800,0.387132076,Martes,O,187160.0343
1838,51.53877262,2800,0.359724495,Lunes,F,86637.1297
1839,51.97470944,4000,0.378863711,Viernes,R,93623.28127
1840,41.39740186,2800,0.414492027,Sabado,P,219336.768
1841,58.50915356,2800,0.320329461,Viernes,O,54247.23837
1842,58.68166,2800,0.245838104,Jueves,G,53985.46909
1843,44.58216115,2800,0.416701146,Miercoles,D,167453.0038
1844,40.88379647,2800,0.344478249,Viernes,N,222263.333
1845,53.84381394,10000,0.264713399,Sabado,N,99278.5952
1846,58.75767371,10000,0.326988411,Jueves,J,55190.04042
1847,59.02119567,2800,0.419421993,Viernes,H,53694.94428
1848,40.29280018,4000,0.323599537,Jueves,D,289227.1579
1849,58.0016766,19000,0.373146853,Sabado,T,61917.81147
1850,54.0038366,4000,0.364006401,Sabado,C,75601.46241
1851,49.7515658,19000,0.403084273,Jueves,R,285185.4467
1852,54.35994893,4000,0.333583519,Lunes,F,72681.10609
1853,47.48454191,4000,0.39389366,Lunes,H,152229.919
1854,54.80515527,10000,0.191529864,Jueves,I,83966.11456
1855,46.32990459,4000,0.308622385,Sabado,F,165714.3267
1856,40.79371048,10000,0.370467889,Viernes,J,532566.6992
1857,44.25448815,19000,0.385590918,Jueves,I,595911.4881
1858,51.25055125,2800,0.409841361,Jueves,M,89895.5621
1859,57.67323202,19000,0.403410271,Jueves,F,65191.99662
1860,40.48657224,4000,0.274443377,Jueves,H,277109.0387
1861,55.89320112,10000,0.421060195,Jueves,E,75718.11025
1862,59.19757531,2800,0.348633784,Viernes,H,53532.54437
1863,51.41012777,19000,0.341168961,Viernes,E,210839.0725
1864,56.78181157,2800,0.218213812,Sabado,I,57606.45965
1865,47.71953432,2800,0.301487299,Miercoles,A,121155.9117
1866,43.72851959,10000,0.326658499,Martes,A,388718.8615
1867,46.56491694,19000,0.391732804,Miercoles,H,449586.4804
1868,46.23214801,10000,0.360100665,Miercoles,H,298150.0021
1869,54.24301866,19000,0.390008767,Martes,O,125946.2189
1870,48.88010344,4000,0.383710117,Viernes,I,130975.0027
1871,52.34440575,4000,0.316055916,Miercoles,E,88679.29478
1872,48.30284469,4000,0.420878326,Viernes,L,140861.3782
1873,58.82526057,4000,0.391704513,Jueves,Q,54105.2099
1874,44.15906172,4000,0.396603162,Lunes,P,212045.1649
1875,43.51443858,2800,0.229580401,Viernes,N,169143.9906
1876,40.50756804,10000,0.293194427,Sabado,R,524388.3401
1877,54.13797607,2800,0.292474282,Viernes,E,68616.93254
1878,57.2194651,19000,0.272844069,Sabado,R,69026.19454
1879,59.31294869,19000,0.3748586,Martes,P,54261.43587
1880,54.40795329,4000,0.284890289,Sabado,K,71757.58755
1881,53.14718587,2800,0.431096144,Viernes,S,75952.47405
1882,41.00245411,19000,0.275689532,Viernes,T,791957.5434
1883,47.12600472,2800,0.368291463,Lunes,S,130928.7094
1884,52.53082637,2800,0.260899682,Lunes,T,77643.91377
1885,55.67916726,2800,0.428066001,Miercoles,J,62253.1058
1886,43.48736631,2800,0.304356908,Viernes,O,176271.0052
1887,52.00808604,2800,0.406128365,Lunes,T,83766.3821
1888,53.4408829,4000,0.384101753,Viernes,P,80287.7841
1889,44.29713621,2800,0.283705528,Sabado,S,162946.9043
1890,41.74751265,2800,0.33904648,Viernes,T,206845.0243
1891,49.7857326,4000,0.364280888,Lunes,M,118149.6958
1892,51.05525204,19000,0.444644061,Viernes,B,233428.5269
1893,54.70731519,2800,0.344481415,Martes,E,66191.21447
1894,55.43566175,2800,0.300575803,Sabado,G,62611.19336
1895,50.78320413,2800,0.333681409,Jueves,R,92277.86163
1896,52.76458406,2800,0.376234442,Martes,Q,77879.92595
1897,57.79828816,4000,0.360585062,Jueves,I,56244.02773
1898,43.75713462,19000,0.361121787,Lunes,N,623213.0707
1899,47.49146361,2800,0.267391184,Martes,T,122030.8945
1900,56.13460155,19000,0.533341914,Viernes,M,88131.35896
1901,43.37197547,4000,0.435608039,Jueves,D,231532.8259
1902,44.27244104,2800,0.245555982,Miercoles,T,160158.9787
1903,57.21628484,2800,0.302569469,Sabado,D,56726.53715
1904,48.7817387,2800,0.270254515,Lunes,F,108687.9032
1905,50.38123004,10000,0.370078801,Sabado,I,173432.1875
1906,50.1574095,10000,0.333059402,Viernes,M,176465.9082
1907,49.49701159,10000,0.193506236,Miercoles,Q,179116.3279
1908,54.21318833,2800,0.356713877,Viernes,B,68832.00745
1909,50.01522027,2800,0.337572588,Sabado,H,99161.92624
1910,47.68280704,2800,0.200023924,Miercoles,J,116179.7343
1911,42.08376625,4000,0.471075263,Miercoles,B,263495.3715
1912,53.17293046,2800,0.217333147,Lunes,G,72895.66411
1913,52.79240836,2800,0.361076249,Jueves,N,77490.41171
1914,49.43018683,4000,0.224585342,Jueves,G,116338.2917
1915,44.74128481,2800,0.434833596,Sabado,G,166064.6206
1916,42.20412942,2800,0.31153168,Miercoles,B,196804.544
1917,54.45396568,2800,0.459489316,Sabado,D,68305.15771
1918,55.61764021,19000,0.352510918,Viernes,T,94524.81504
1919,40.03154248,10000,0.215081509,Martes,L,517973.5706
1920,52.36719968,2800,0.384505143,Miercoles,Q,80781.02214
1921,53.32437269,4000,0.386172425,Viernes,M,81287.58773
1922,45.71893678,10000,0.315726733,Jueves,E,309908.8724
1923,59.5461037,10000,0.424748115,Miercoles,A,53509.13103
1924,49.95612978,19000,0.37964263,Sabado,K,273364.4188
1925,48.48882934,2800,0.316343749,Miercoles,B,113489.5787
1926,43.39380796,4000,0.307973212,Viernes,E,219150.9263
1927,44.98147686,19000,0.320939356,Sabado,E,529162.7407
1928,47.93966978,4000,0.291033654,Lunes,P,139761.6749
1929,49.00274393,2800,0.314228956,Miercoles,I,108155.7467
1930,46.70125362,10000,0.258313085,Sabado,R,267055.1637
1931,43.3109739,19000,0.238626257,Miercoles,L,607104.8569
1932,46.36167684,2800,0.387308001,Martes,O,141310.4238
1933,50.70494561,2800,0.259575378,Sabado,I,90998.43524
1934,54.24375812,2800,0.4373237,Jueves,K,69309.52253
1935,52.51124575,2800,0.319018628,Viernes,F,78779.16967
1936,47.72897422,2800,0.325594413,Miercoles,M,122102.9641
1937,48.88749742,4000,0.257311249,Martes,M,124908.3061
1938,43.20863283,2800,0.518864147,Viernes,I,194783.8046
1939,55.80463092,2800,0.325783557,Martes,M,61285.05148
1940,55.78116074,10000,0.26744333,Sabado,D,74902.67283
1941,57.91110277,4000,0.248050909,Martes,D,55748.14492
1942,41.72431895,2800,0.26714781,Sabado,I,200067.0733
1943,45.56082035,2800,0.310325285,Jueves,F,147678.1141
1944,48.50910634,2800,0.443153908,Sabado,A,117465.0398
1945,51.49168506,2800,0.27909577,Jueves,K,85338.37286
1946,47.06139143,10000,0.261667156,Viernes,F,256154.0644
1947,57.70353077,19000,0.357656277,Miercoles,F,64605.48844
1948,53.11349336,4000,0.320674724,Viernes,J,81998.63586
1949,41.61319708,2800,0.433569238,Jueves,J,216972.4064
1950,43.14338269,2800,0.396170839,Sabado,M,188392.63
1951,47.01710437,4000,0.432436662,Martes,F,161770.4533
1952,48.32591325,10000,0.30880313,Sabado,L,223992.4371
1953,50.87412578,2800,0.363206151,Martes,Q,92165.93789
1954,49.96955264,19000,0.243280762,Martes,P,254080.8572
1955,46.31525524,2800,0.438024793,Viernes,B,144120.5392
1956,42.72898938,2800,0.105476006,Viernes,I,162125.1696
1957,45.24964905,4000,0.412919529,Lunes,H,192045.6078
1958,44.43352602,10000,0.373168414,Jueves,P,368561.2298
1959,40.39480264,4000,0.353820351,Viernes,T,290998.4893
1960,59.55785022,10000,0.286159164,Martes,C,53475.24613
1961,40.50819878,19000,0.520548346,Jueves,F,936311.9536
1962,57.15336522,19000,0.319746287,Jueves,M,70319.49183
1963,59.87985402,2800,0.331230195,Viernes,J,53240.62477
1964,47.50387487,10000,0.333770001,Lunes,S,251953.3651
1965,59.87951434,2800,0.18507483,Sabado,B,53239.93016
1966,53.69573758,2800,0.371372485,Viernes,J,71895.94632
1967,41.7586991,2800,0.33457767,Martes,S,206250.2063
1968,45.1555868,2800,0.358686878,Lunes,H,155987.2559
1969,51.85508097,2800,0.309542564,Jueves,C,83270.1347
1970,51.16176154,2800,0.237349429,Sabado,I,86771.87123
1971,47.96722953,2800,0.334095478,Viernes,P,119796.8348
1972,41.47116412,4000,0.309446941,Martes,M,259991.6087
1973,42.04312274,4000,0.314701009,Sabado,P,248078.9923
1974,46.76531592,4000,0.339602476,Lunes,B,160699.5636
1975,42.4628185,4000,0.356129511,Viernes,D,243731.4556
1976,41.52536581,19000,0.311107297,Sabado,B,768943.2263
1977,58.65125051,4000,0.364585766,Sabado,N,54366.0628
1978,48.2186137,2800,0.289020098,Lunes,T,115221.6007
1979,45.49875696,2800,0.341356029,Martes,R,150324.8724
1980,50.11887535,4000,0.256308976,Viernes,F,109859.6907
1981,43.95636533,4000,0.337254417,Miercoles,G,210938.8502
1982,57.30842533,2800,0.19380966,Jueves,L,56220.85662
1983,42.34807936,2800,0.437570368,Lunes,C,204422.9109
1984,45.14496915,2800,0.205126062,Lunes,F,145253.0424
1985,57.58231026,10000,0.392363848,Jueves,H,60917.1433
1986,50.99818686,2800,0.282046996,Sabado,R,89246.28744
1987,55.89585145,2800,0.264075776,Sabado,K,60621.85363
1988,48.78316814,4000,0.340227952,Sabado,C,130456.2428
1989,59.83544148,4000,0.448942984,Miercoles,I,53251.56819
1990,45.96986893,2800,0.609475627,Lunes,T,155290.6128
1991,51.24626158,2800,0.380751198,Lunes,B,89395.11475
1992,45.47104601,4000,0.353083046,Miercoles,N,183758.5074
1993,45.46907404,4000,0.400918517,Jueves,Q,187154.1096
1994,53.30926253,2800,0.220404345,Lunes,K,72171.31638
1995,55.58241184,19000,0.3076239,Martes,K,94063.80872
1996,43.99408055,2800,0.308234844,Viernes,B,169128.8201
1997,48.70632065,19000,0.358351831,Miercoles,C,328362.5839
1998,41.20503777,10000,0.210146238,Viernes,N,463048.4228
1999,59.86575931,10000,0.217270586,Sabado,K,53255.04595
2000,41.20733693,2800,0.385732204,Martes,K,220327.7708
2001,59.63837944,2800,0.202065089,Lunes,E,53288.36644
2002,41.31010553,10000,0.448928493,Viernes,C,524915.8143
2003,48.06556623,2800,0.316355986,Viernes,C,118002.714
2004,44.53800519,2800,0.237109486,Lunes,D,155857.6028
2005,41.89659904,2800,0.319975707,Miercoles,M,202606.3341
2006,42.52100377,2800,0.403687681,Martes,T,199104.8461
2007,53.43006583,2800,0.317632718,Jueves,C,72878.16201
2008,42.68710323,10000,0.265165642,Martes,R,417520.3758
2009,52.75179235,4000,0.324646072,Sabado,B,85178.14559
2010,50.90308656,10000,0.516620475,Jueves,I,168161.0997
2011,46.29340908,2800,0.328775128,Viernes,R,139326.4601
2012,51.2676988,10000,0.28106315,Sabado,Q,146994.129
2013,57.33349798,2800,0.312810466,Jueves,M,56460.01598
2014,44.54419519,2800,0.325078864,Viernes,S,162455.3199
2015,40.3410292,4000,0.326064163,Miercoles,M,288430.1249
2016,56.52355438,2800,0.186103632,Miercoles,C,58176.51818
2017,52.09238079,19000,0.313891748,Miercoles,I,184590.1332
2018,54.43495474,4000,0.311908314,Miercoles,B,71914.59844
2019,44.10353374,2800,0.23272246,Lunes,H,161301.5411
2020,51.65215086,19000,0.21091703,Sabado,H,188433.2849
2021,57.16316832,2800,0.39480024,Viernes,C,57059.33121
2022,56.41638094,2800,0.335817507,Martes,G,59144.04473
2023,48.82901458,2800,0.300882461,Martes,I,109414.9101
2024,49.43715977,2800,0.241402095,Lunes,T,101299.7866
2025,46.58472012,10000,0.385664216,Miercoles,I,288978.3778
2026,50.30401368,4000,0.182965182,Lunes,G,104202.9482
2027,50.73709591,19000,0.335264716,Sabado,P,235865.1213
2028,58.35688988,2800,0.449278201,Jueves,I,54550.93044
2029,46.94230505,2800,0.477624654,Sabado,P,137427.1598
2030,58.23574675,2800,0.156953684,Viernes,R,54464.27608
2031,48.80495364,2800,0.337637199,Martes,T,110972.8694
2032,42.89172278,2800,0.424885978,Jueves,N,194420.5944
2033,40.95930967,19000,0.441278863,Sabado,L,868521.6918
2034,46.41105089,2800,0.394075828,Viernes,M,140977.3333
2035,51.79645586,2800,0.441149787,Lunes,C,85941.44938
2036,46.4524893,4000,0.236382091,Martes,B,157968.5359
2037,41.90147357,2800,0.47518142,Miercoles,C,214812.9376
2038,46.26969911,2800,0.274580868,Lunes,K,136567.6855
2039,56.43747107,2800,0.229109561,Viernes,M,58644.68023
2040,51.8483232,2800,0.25097517,Miercoles,R,82084.04407
2041,40.67330201,2800,0.287856392,Miercoles,D,219911.4782
2042,55.74090207,2800,0.17121676,Martes,I,60529.76661
2043,42.42464113,2800,0.358361412,Jueves,K,197246.1308
2044,48.53141862,2800,0.382530842,Lunes,K,115360.819
2045,42.03590535,4000,0.504342377,Jueves,D,267524.9126
2046,44.17892092,2800,0.395784558,Miercoles,K,172273.3089
2047,54.95970891,10000,0.355350784,Sabado,I,85971.28758
2048,45.09925154,2800,0.410777785,Martes,T,159614.9787
2049,40.59793661,2800,0.419078814,Lunes,L,234318.5526
2050,48.56517193,2800,0.262979436,Sabado,R,110536.037
2051,41.29214353,2800,0.355289427,Miercoles,Q,216122.6937
2052,55.05262407,10000,0.353767994,Martes,O,84747.27437
2053,49.38370963,4000,0.501822615,Jueves,Q,127999.9087
2054,49.75583686,2800,0.373330909,Sabado,H,102562.5315
2055,46.53004345,2800,0.144828718,Miercoles,E,123805.5655
2056,54.30732215,2800,0.294068499,Sabado,M,67756.76606
2057,57.6863188,4000,0.298238879,Lunes,K,56434.13192
2058,43.29457888,4000,0.308384467,Martes,E,221184.5182
2059,55.2113689,4000,0.374286955,Jueves,A,67579.36803
2060,43.99292384,2800,0.342071137,Martes,M,171585.4911
2061,58.38606851,2800,0.340138371,Martes,P,54435.78766
2062,53.1879104,4000,0.300276311,Jueves,D,81012.76354
2063,51.22882675,2800,0.181198532,Sabado,C,84528.84021
2064,56.51932301,4000,0.379213002,Martes,E,60832.92366
2065,53.93134288,4000,0.413703775,Martes,S,76739.5864
2066,53.84936128,2800,0.285077288,Martes,T,70082.42794
2067,47.82614626,2800,0.344071474,Martes,N,121768.9843
2068,55.54106283,4000,0.255332906,Sabado,C,64756.11104
2069,54.9842434,2800,0.354211,Lunes,P,64935.77492
2070,59.81321449,2800,0.196804885,Miercoles,N,53248.42846
2071,48.42751138,2800,0.285208482,Sabado,I,112884.2732
2072,40.7559754,19000,0.384254202,Miercoles,R,863296.2848
2073,47.94223865,2800,0.45339687,Lunes,G,124282.5953
2074,54.75806845,2800,0.290866475,Miercoles,A,65521.05635
2075,46.73730356,10000,0.339956625,Lunes,B,277905.6944
2076,44.91704115,4000,0.195235511,Jueves,C,178183.0183
2077,46.39038543,2800,0.328905675,Viernes,F,138119.2731
2078,59.00556095,4000,0.264528183,Martes,G,53811.16332
2079,40.42165081,2800,0.367026026,Viernes,C,232797.4486
2080,59.43805427,2800,0.42190673,Miercoles,G,53386.11024
2081,50.48973465,2800,0.157772396,Miercoles,Q,89020.39061
2082,58.80825926,2800,0.365750262,Jueves,P,53898.85498
2083,47.57703901,4000,0.314956643,Viernes,G,146505.3775
2084,58.25911257,10000,0.27658538,Sabado,K,56948.55866
2085,45.90817967,2800,0.26311437,Viernes,I,140268.1181
2086,59.69335665,4000,0.387775119,Viernes,K,53293.24219
2087,50.30289713,2800,0.22659812,Lunes,S,93234.15653
2088,44.50628542,2800,0.401447526,Sabado,B,167722.8742
2089,46.1978389,4000,0.395534356,Lunes,P,173731.7729
2090,41.42878724,4000,0.43960478,Martes,Q,276047.2458
2091,51.5737263,2800,0.438660053,Martes,S,87702.56206
2092,45.00550259,2800,0.16031702,Miercoles,M,142479.4695
2093,54.03088451,19000,0.383275704,Miercoles,P,131131.7837
2094,47.92940094,19000,0.4192671,Lunes,N,377542.7652
2095,56.65835899,2800,0.326214662,Sabado,I,58343.12707
2096,54.60000158,4000,0.508872461,Miercoles,H,72632.00418
2097,57.77296685,2800,0.411619122,Viernes,H,55611.27213
2098,40.91294804,4000,0.289627702,Jueves,H,269751.8592
2099,49.48959586,2800,0.285321609,Lunes,G,102441.6006
2100,57.95231654,2800,0.322940194,Viernes,B,55148.5931
2101,40.05310704,2800,0.109915128,Lunes,C,199683.682
2102,43.84930468,19000,0.400269305,Martes,M,628482.8869
2103,44.85817006,19000,0.375452685,Martes,P,552429.4892
2104,50.06048762,2800,0.289163354,Jueves,H,97359.05233
2105,49.38718311,2800,0.351121888,Sabado,M,105531.3097
2106,45.74505366,10000,0.297382556,Miercoles,D,305927.6168
2107,50.48157535,2800,0.227871196,Viernes,P,91816.86421
2108,56.73583447,10000,0.232215628,Miercoles,K,65844.21921
2109,43.69253095,10000,0.169492597,Lunes,Q,348765.156
2110,43.80231516,2800,0.311231047,Viernes,A,172152.3561
2111,47.33891961,2800,0.212248547,Martes,N,120537.3843
2112,50.34148676,2800,0.271514001,Martes,D,94377.89753
2113,46.61128996,2800,0.231786687,Martes,J,129832.7345
2114,53.02428109,4000,0.386888628,Jueves,N,83877.83609
2115,52.95150012,2800,0.275781868,Martes,B,75214.26684
2116,46.41561332,19000,0.327767266,Viernes,I,444251.3854
2117,59.49761186,2800,0.296662917,Jueves,Q,53347.30729
2118,52.72524983,4000,0.3647209,Miercoles,Q,86170.41229
2119,55.75644516,10000,0.335469768,Martes,S,76173.83632
2120,48.01642492,4000,0.410495855,Viernes,A,144746.9489
2121,50.50034607,4000,0.355187421,Martes,P,109100.9647
2122,54.15854299,4000,0.384305837,Martes,E,74693.80443
2123,43.67399162,2800,0.369264224,Martes,D,178246.6328
2124,44.15519278,2800,0.297003366,Sabado,R,165967.4033
2125,57.06034676,4000,0.419570375,Viernes,N,58764.96824
2126,42.67056653,10000,0.389754878,Sabado,T,447443.46
2127,46.97837767,4000,0.338482476,Martes,T,157198.5843
2128,52.64249042,4000,0.228568061,Sabado,C,83918.05657
2129,43.94089564,2800,0.119225836,Miercoles,S,149715.2988
2130,46.08802364,19000,0.358983788,Miercoles,P,470867.6751
2131,47.3423572,2800,0.252688896,Miercoles,I,122888.5239
2132,49.94563408,2800,0.581371787,Miercoles,B,105153.0324
2133,41.30453456,2800,0.242888275,Sabado,A,203991.9761
2134,42.00489461,2800,0.296148941,Miercoles,G,198557.969
2135,40.28923361,19000,0.320590588,Viernes,C,872830.4263
2136,53.29202679,10000,0.254664562,Viernes,K,107481.0771
2137,48.04987097,2800,0.394429755,Lunes,A,121102.0777
2138,59.29911347,2800,0.21848861,Sabado,T,53441.44722
2139,52.33578555,4000,0.308470918,Miercoles,D,88586.98868
2140,51.67336247,2800,0.38753471,Lunes,O,86068.30785
2141,58.62319773,4000,0.270645601,Sabado,T,54345.40242
2142,58.55279781,2800,0.404348638,Jueves,H,54234.3133
2143,40.6941917,2800,0.402410932,Lunes,C,231076.829
2144,56.25011919,2800,0.172501495,Martes,I,58897.95673
2145,43.99632767,2800,0.382819736,Martes,N,174228.2106
2146,50.32982493,2800,0.30306513,Martes,R,95394.16409
2147,50.2650487,2800,0.201605784,Martes,J,92615.71177
2148,48.51456108,4000,0.229435347,Jueves,H,128063.915
2149,56.31089383,4000,0.310583577,Lunes,O,61436.11774
2150,49.14808953,4000,0.249693713,Sabado,M,121176.562
2151,50.05493262,2800,0.256575565,Miercoles,S,96364.54475
2152,51.73830709,2800,0.241848972,Miercoles,J,82649.30599
2153,49.88331237,2800,0.357856428,Sabado,H,100936.9098
2154,50.12809666,10000,0.406409685,Miercoles,Q,182235.452
2155,53.46563748,2800,0.223467769,Jueves,K,71346.39387
2156,58.63260624,2800,0.507587459,Miercoles,J,54168.5785
2157,49.90421577,19000,0.294058126,Jueves,J,264568.1288
2158,41.33260121,10000,0.322779857,Miercoles,H,493737.0256
2159,53.29750981,2800,0.235927066,Jueves,K,72498.34968
2160,50.03740179,2800,0.359530383,Martes,P,99538.02838
2161,50.2089802,2800,0.187781021,Lunes,T,92508.67696
2162,50.3211286,2800,0.428237544,Miercoles,F,98493.81897
2163,49.5171016,2800,0.270477284,Lunes,T,101664.0968
2164,57.86360763,2800,0.395071409,Viernes,N,55403.81936
2165,50.92612323,10000,0.269294556,Lunes,I,153610.3197
2166,43.53169558,4000,0.420400757,Viernes,M,226885.4699
2167,57.18791097,2800,0.131529639,Jueves,S,56251.09706
2168,45.13672698,2800,0.284595297,Viernes,D,151590.0048
2169,57.77748504,10000,0.374565218,Jueves,K,59666.72338
2170,45.79788502,4000,0.444829685,Lunes,Q,183848.9215
2171,45.71573275,2800,0.359560332,Miercoles,B,148425.1808
2172,57.17478904,2800,0.325851217,Sabado,B,56885.17003
2173,47.61167157,19000,0.275958604,Viernes,I,367427.4227
2174,54.99102663,2800,0.326815581,Miercoles,C,64717.76831
2175,53.13012497,4000,0.32662938,Miercoles,C,81965.39521
2176,43.37927956,19000,0.363242933,Jueves,P,650739.6346
2177,59.48947246,2800,0.287411948,Viernes,E,53350.26948
2178,45.25697074,2800,0.357115462,Viernes,T,154499.5231
2179,52.55012549,2800,0.359443769,Martes,D,79125.10172
2180,47.30545265,2800,0.420143713,Lunes,F,130794.4711
2181,55.06687172,19000,0.321303689,Viernes,C,104594.689
2182,58.65596334,10000,0.288323273,Lunes,E,55466.53447
2183,45.46101714,2800,0.423353772,Jueves,Q,155124.8442
2184,47.00411184,4000,0.502147908,Miercoles,H,165287.7138
2185,52.53491049,2800,0.289489206,Viernes,S,78129.61956
2186,57.47328617,2800,0.309751041,Sabado,L,56124.95342
2187,55.36994498,4000,0.386916369,Jueves,H,66734.30928
2188,58.5859169,2800,0.470861572,Sabado,S,54218.5889
2189,41.39296564,2800,0.435142201,Viernes,H,221039.8067
2190,56.25753979,10000,0.16866386,Jueves,N,68783.58458
2191,47.6075894,2800,0.369805773,Jueves,K,125283.7953
2192,56.97310634,4000,0.411735153,Sabado,A,59076.0586
2193,51.87021606,2800,0.330405231,Viernes,C,83551.52996
2194,57.07854218,2800,0.410164253,Viernes,A,57322.05968
2195,54.2375448,2800,0.275323572,Martes,D,67920.2267
2196,59.22972827,2800,0.338427901,Martes,S,53507.46867
2197,45.1916235,10000,0.294084934,Lunes,N,325322.0389
2198,50.45317865,10000,0.373387282,Jueves,T,171851.6992
2199,46.92693263,2800,0.361632578,Lunes,R,133058.2658
2200,46.46242402,2800,0.327227449,Lunes,N,137137.1343
2201,54.91848512,2800,0.362357314,Viernes,O,65299.35863
2202,40.57919147,2800,0.347776079,Viernes,Q,228025.7698
2203,50.71078741,4000,0.104127177,Miercoles,L,95028.45016
2204,48.51354715,2800,0.391350436,Miercoles,S,115839.3514
2205,45.63862063,2800,0.347450599,Sabado,D,148798.6663
2206,45.34802318,2800,0.28143603,Miercoles,P,148600.273
2207,49.23810331,2800,0.215280514,Jueves,A,101998.6383
2208,56.06581279,2800,0.376274451,Viernes,N,60520.80949
2209,45.13929804,19000,0.306521354,Jueves,I,514948.6726
2210,47.89098751,19000,0.494119392,Lunes,P,390510.9909
2211,52.86114541,4000,0.375540209,Sabado,L,85137.35477
2212,55.54642149,19000,0.18272747,Miercoles,G,90626.27371
2213,56.3781069,10000,0.243175787,Lunes,D,68903.50662
2214,45.23991731,4000,0.317108734,Lunes,I,185080.0778
2215,40.14789472,19000,0.436246721,Martes,L,937458.3187
2216,49.89925854,2800,0.370551643,Sabado,D,101119.3519
2217,53.99007935,2800,0.403939631,Miercoles,F,70481.54131
2218,41.66763458,4000,0.26839703,Viernes,S,249950.3896
2219,58.8414021,10000,0.285210946,Sabado,F,54889.38384
2220,55.28210302,2800,0.393593909,Martes,M,63807.84659
2221,58.09594807,4000,0.3518528,Sabado,A,55474.15347
2222,46.67190821,2800,0.249471332,Miercoles,S,130265.1718
2223,46.65639304,2800,0.37694066,Miercoles,N,137088.7184
2224,49.0484215,2800,0.213246937,Sabado,P,103637.0046
2225,40.98493985,19000,0.359189986,Sabado,R,833536.7395
2226,54.37182967,4000,0.31999703,Lunes,E,72438.88218
2227,41.88551514,19000,0.480686142,Miercoles,J,803866.1773
2228,57.43201011,2800,0.211485458,Viernes,T,56000.74507
2229,45.90258904,19000,0.44378529,Martes,E,500654.8123
2230,44.25537043,2800,0.273871443,Jueves,H,162755.8244
2231,45.78133183,2800,0.311254083,Lunes,R,144870.2428
2232,57.11017007,4000,0.32214973,Martes,P,58303.95516
2233,55.11014367,2800,0.382746552,Jueves,D,64529.38093
2234,43.06871018,19000,0.229740091,Jueves,P,618991.5077
2235,43.20789707,2800,0.398510422,Martes,P,187518.0828
2236,59.8697694,2800,0.256617115,Martes,L,53241.39622
2237,42.47954354,4000,0.389886796,Jueves,K,246843.4413
2238,42.61261843,4000,0.37433537,Martes,Q,242367.5333
2239,47.64339282,4000,0.366374894,Sabado,B,148345.19
2240,49.79790142,19000,0.29293864,Martes,J,268877.933
2241,56.99057579,4000,0.246470956,Sabado,H,58445.56267
2242,46.00719474,2800,0.411906838,Sabado,N,147097.2971
2243,42.03661791,10000,0.349047273,Martes,I,467570.378
2244,40.78566055,19000,0.37914335,Martes,K,858639.3076
2245,54.9146979,2800,0.290195614,Sabado,H,64792.41038
2246,56.61697875,19000,0.211948326,Viernes,P,75459.84749
2247,54.39798336,2800,0.358780796,Sabado,F,67868.60655
2248,48.22543935,2800,0.290451372,Lunes,R,115210.9976
2249,44.01990362,2800,0.244958199,Martes,B,163566.5383
2250,47.57883027,4000,0.273703578,Jueves,E,143896.7902
2251,53.90610327,2800,0.278175631,Jueves,D,69692.12747
2252,52.64661727,2800,0.390590392,Sabado,O,78881.50233
2253,48.49856735,2800,0.142724661,Martes,E,104535.5056
2254,55.89638868,2800,0.405266387,Viernes,O,61280.49933
2255,58.66195043,4000,0.347203431,Sabado,K,54337.33959
2256,53.05922698,19000,0.288095817,Martes,T,152711.7505
2257,48.25146273,10000,0.202089807,Sabado,J,212116.6519
2258,54.6362284,2800,0.437307039,Sabado,O,67192.03463
2259,49.7730617,19000,0.363686537,Miercoles,R,279510.5755
2260,49.3414667,19000,0.331685461,Viernes,K,294526.0765
2261,46.80233925,4000,0.375376306,Lunes,A,162261.3071
2262,46.47621546,10000,0.256303366,Lunes,O,274007.7059
2263,43.9706563,4000,0.231964708,Sabado,K,199304.9514
2264,42.28101586,4000,0.142487406,Miercoles,F,215146.7049
2265,51.46283693,2800,0.316897889,Miercoles,H,86388.11566
2266,53.53415387,4000,0.130001238,Jueves,Q,74402.40916
2267,55.35351575,19000,0.178446329,Martes,S,93743.16987
2268,44.58876403,2800,0.271311198,Miercoles,Q,157969.741
2269,52.0390022,2800,0.343833154,Viernes,M,82538.2751
2270,41.53827728,4000,0.306522023,Miercoles,C,258107.0238
2271,58.52261975,2800,0.373067903,Jueves,B,54259.8139
2272,46.18219757,4000,0.308991935,Sabado,P,168185.695
2273,59.78138379,2800,0.203505955,Miercoles,A,53253.89787
2274,45.57231211,2800,0.449663677,Miercoles,E,154788.1005
2275,51.82215265,19000,0.239759173,Lunes,C,186351.7372
2276,49.33435201,2800,0.276917175,Sabado,C,103603.8777
2277,47.5906046,4000,0.350751081,Martes,N,148327.108
2278,56.42139087,2800,0.365038591,Sabado,N,59226.70242
2279,52.29616581,4000,0.353855822,Sabado,B,89947.61217
2280,45.89848347,2800,0.419059746,Lunes,B,148890.2289
2281,44.14655823,2800,0.320220696,Sabado,F,167802.0254
2282,48.12263923,4000,0.365292563,Viernes,G,141058.5748
2283,51.00026665,19000,0.396611181,Lunes,E,231527.3544
2284,50.71860665,2800,0.427626635,Miercoles,H,94840.93572
2285,44.14207483,2800,0.381958029,Viernes,O,171980.9004
2286,44.51912651,10000,0.351807461,Lunes,N,361447.6951
2287,52.09651921,4000,0.33920002,Viernes,C,91549.63002
2288,53.14719589,2800,0.406694542,Sabado,J,75689.18974
2289,43.89728468,10000,0.393842902,Viernes,L,394319.1682
2290,47.85003927,2800,0.346359327,Viernes,O,121590.7728
2291,50.63294362,4000,0.305214856,Sabado,J,105929.7264
2292,44.40556143,2800,0.274322231,Sabado,G,160711.638
2293,58.51451193,4000,0.442501756,Lunes,R,54661.47769
2294,42.91051297,19000,0.192549419,Lunes,D,609611.2677
2295,57.03083725,2800,0.330820505,Viernes,I,57278.94776
2296,58.28987105,2800,0.367898422,Lunes,B,54604.65996
2297,58.28677697,19000,0.359878266,Miercoles,A,59570.68056
2298,41.79485635,19000,0.26316985,Lunes,G,725340.8593
2299,45.41811333,2800,0.438153446,Martes,E,156433.8601
2300,41.72126721,10000,0.400790014,Lunes,R,494271.5296
2301,46.04185791,19000,0.361498651,Viernes,A,474231.4323
2302,45.33519437,10000,0.420185149,Jueves,E,339810.6239
2303,57.81126727,2800,0.349052892,Lunes,F,55455.72416
2304,47.13088203,19000,0.407132154,Lunes,R,419711.6768
2305,59.44737201,2800,0.432258986,Sabado,O,53381.82265
2306,49.36898738,2800,0.351499675,Martes,J,105722.0789
2307,48.3419376,4000,0.421295184,Viernes,B,140293.8757
2308,44.29358168,2800,0.301070386,Miercoles,I,164308.4965
2309,51.79745359,2800,0.362924574,Viernes,N,84681.57
2310,59.98896918,4000,0.142932952,Jueves,I,53234.06279
2311,40.01462493,2800,0.387478215,Lunes,A,242381.4496
2312,40.24963075,2800,0.298492868,Viernes,Q,228566.9968
2313,40.52932629,2800,0.229169983,Martes,R,214863.2395
2314,57.14685791,2800,0.386246667,Martes,H,57086.53129
2315,59.59099058,2800,0.322518447,Jueves,I,53310.36669
2316,59.45263808,2800,0.445047822,Viernes,O,53379.86696
2317,50.85089895,10000,0.360522574,Viernes,L,161413.0943
2318,56.69181279,2800,0.375997307,Viernes,L,58385.61654
2319,52.75100082,2800,0.283049872,Viernes,I,76603.80662
2320,59.21978213,4000,0.130818476,Jueves,L,53542.61256
2321,53.16437072,2800,0.296705834,Martes,J,74211.25441
2322,55.33537996,10000,0.240821254,Martes,J,79174.09188
2323,42.72168939,2800,0.412924921,Viernes,O,196420.8706
2324,49.80741881,2800,0.353316139,Jueves,T,101531.8145
2325,47.73076133,19000,0.316239524,Martes,E,369929.0968
2326,41.86935081,10000,0.204878237,Jueves,E,432658.9408
2327,44.45891202,2800,0.499591932,Miercoles,Q,173574.6481
2328,59.81344528,2800,0.380171854,Viernes,O,53250.41855
2329,46.5804214,2800,0.324044082,Miercoles,E,135519.8199
2330,42.35196754,2800,0.284454896,Jueves,H,191884.5815
2331,59.59270954,4000,0.192833797,Jueves,E,53324.88519
2332,58.31923687,2800,0.336406958,Sabado,Q,54534.50625
2333,56.24526558,2800,0.265773785,Miercoles,T,59425.37772
2334,59.01052008,2800,0.245766658,Miercoles,O,53657.2968
2335,51.2508293,2800,0.366695573,Jueves,S,89086.65633
2336,41.79622987,2800,0.394689159,Miercoles,Q,210741.1054
2337,41.99015705,2800,0.120859192,Sabado,A,174909.2406
2338,55.94393694,19000,0.177816339,Martes,C,84080.55093
2339,51.20394578,2800,0.348144075,Martes,N,89097.6116
2340,57.76588452,2800,0.372052539,Miercoles,T,55578.5447
2341,58.72015471,10000,0.475622108,Jueves,P,55471.52221
2342,57.96716114,19000,0.373248552,Martes,O,62220.86908
2343,47.22188931,10000,0.240056083,Miercoles,J,247768.1424
2344,55.09877683,2800,0.358612802,Sabado,O,64435.09649
2345,44.8036274,2800,0.295796387,Miercoles,R,156844.7613
2346,49.46299907,19000,0.292972589,Miercoles,B,283273.4472
2347,48.45992713,19000,0.371231022,Sabado,J,342534.2674
2348,58.57427749,2800,0.315306203,Miercoles,F,54157.72551
2349,52.71762238,4000,0.450310279,Martes,G,87660.80784
2350,59.07370999,4000,0.356735951,Sabado,D,53765.63226
2351,53.52659302,2800,0.291811109,Miercoles,A,71984.48964
2352,46.60525714,4000,0.429525128,Lunes,S,168609.7321
2353,51.52289816,2800,0.269660202,Jueves,Q,84884.79316
2354,50.95828182,4000,0.356315793,Martes,E,103876.7103
2355,45.44317459,2800,0.342950208,Sabado,O,151161.7973
2356,43.36929832,2800,0.292461371,Miercoles,N,177045.5824
2357,44.50220302,10000,0.434317913,Sabado,H,375416.1559
2358,44.64447705,4000,0.125592065,Viernes,I,171802.5902
2359,47.14085418,2800,0.344099501,Lunes,M,129703.3636
2360,43.23814949,2800,0.316945808,Viernes,D,181044.7413
2361,46.75772159,2800,0.355280916,Viernes,C,134848.2943
2362,44.38899177,4000,0.238138963,Martes,A,192509.9053
2363,43.9571284,2800,0.382872249,Sabado,A,174824.9966
2364,55.23865086,10000,0.250881526,Sabado,A,80483.20237
2365,43.74891859,10000,0.251100005,Martes,T,370726.7966
2366,45.4467882,10000,0.448939053,Sabado,N,339226.851
2367,43.90286167,10000,0.337269239,Jueves,G,383674.0651
2368,46.51413904,4000,0.401736379,Lunes,R,168630.7508
2369,50.97338306,2800,0.305416638,Viernes,G,90026.1349
2370,49.30748665,2800,0.230956804,Sabado,G,102053.371
2371,45.38571153,19000,0.320518908,Sabado,A,503769.4439
2372,58.63059788,19000,0.418935447,Viernes,K,57407.44118
2373,46.12829675,4000,0.253911462,Jueves,A,164623.4433
2374,41.2305014,2800,0.34370907,Miercoles,T,216114.8271
2375,50.35388582,2800,0.410557136,Viernes,A,97810.49757
2376,41.23074711,19000,0.547918585,Martes,D,880490.2532
2377,45.50820633,19000,0.350845128,Miercoles,M,504331.328
2378,57.33205602,2800,0.339881718,Jueves,B,56517.56335
2379,40.87782511,2800,0.346090662,Martes,E,222526.9891
2380,44.74068028,2800,0.428463614,Martes,T,165741.0039
2381,45.28572274,2800,0.234811493,Lunes,T,145991.3143
2382,42.36502992,10000,0.28339601,Sabado,S,436259.9517
2383,57.44702277,19000,0.398678206,Lunes,T,67596.20969
2384,41.53854028,4000,0.492858841,Lunes,O,278515.0063
2385,44.72767546,2800,0.393859795,Sabado,M,164050.6567
2386,59.14616531,2800,0.369711118,Miercoles,B,53576.01608
2387,49.95183323,2800,0.43160333,Viernes,L,102089.9038
2388,57.16240537,2800,0.346367122,Miercoles,D,56962.50271
2389,46.62588363,2800,0.288274431,Miercoles,Q,133073.5068
2390,47.22997754,4000,0.248855859,Sabado,D,147254.139
2391,59.44554714,2800,0.41811034,Sabado,D,53381.81342
2392,52.36226814,19000,0.382525665,Viernes,T,180720.3865
2393,54.3142087,2800,0.272432034,Viernes,E,67501.89448
2394,46.81496255,10000,0.398839719,Martes,M,282490.9
2395,48.59893286,4000,0.2513735,Lunes,A,128327.5953
2396,50.0896991,2800,0.457606887,Sabado,J,101317.7817
2397,49.11706555,10000,0.423745176,Sabado,E,211327.1235
2398,55.91094568,2800,0.304503364,Sabado,M,60779.54482
2399,46.38917744,19000,0.349152355,Sabado,T,450768.3128
2400,48.68116762,10000,0.284410475,Jueves,A,211137.7246
2401,45.68524105,2800,0.445150378,Lunes,B,153003.0537
2402,44.32584887,4000,0.431955941,Miercoles,L,211396.6537
2403,57.63906758,2800,0.463871428,Jueves,K,55970.35891
2404,41.2503473,2800,0.249273848,Jueves,L,205656.1994
2405,57.68214721,2800,0.408215876,Martes,D,55804.84624
2406,54.00648266,2800,0.283854597,Miercoles,O,69218.87132
2407,48.66079461,10000,0.333273894,Jueves,P,216812.2292
2408,47.38619049,2800,0.335527302,Sabado,P,126443.0101
2409,47.01056131,2800,0.272310392,Viernes,M,127693.4865
2410,45.75079844,4000,0.401105833,Miercoles,G,182023.6159
2411,44.7730559,10000,0.238474185,Miercoles,M,329109.9117
2412,59.77325847,2800,0.245158231,Miercoles,A,53256.21661
2413,43.26022343,4000,0.466093953,Jueves,L,236398.7935
2414,58.62547419,2800,0.288497909,Lunes,O,54077.45275
2415,53.88856757,10000,0.170790589,Lunes,E,94803.88432
2416,47.49863463,2800,0.554857889,Martes,F,132754.2387
2417,47.29343334,2800,0.41265774,Lunes,P,130662.5029
2418,53.33547426,2800,0.444074298,Viernes,Q,74849.04039
2419,46.24778523,2800,0.182346824,Lunes,T,130262.4853
2420,41.30806058,19000,0.287235085,Miercoles,I,774273.5845
2421,48.17855395,2800,0.368451111,Miercoles,Q,118749.4319
2422,48.88320401,19000,0.421592682,Martes,N,328619.3069
2423,46.09796336,2800,0.283699592,Sabado,F,139225.401
2424,45.33313964,10000,0.478003403,Sabado,J,347378.3509
2425,53.2049471,4000,0.238020317,Viernes,R,79618.96259
2426,57.44838145,2800,0.499676739,Jueves,H,56478.11136
2427,58.57590921,10000,0.335570736,Lunes,F,55817.64102
2428,55.20714933,10000,0.507314196,Miercoles,F,85020.53574
2429,59.58701154,19000,0.360329873,Miercoles,C,53602.31445
2430,45.11458449,4000,0.244003495,Martes,L,180481.4614
2431,59.1289198,4000,0.207550769,Sabado,F,53655.8802
2432,40.02966756,2800,0.340411396,Jueves,Q,237267.9009
2433,55.94785444,2800,0.418935521,Miercoles,G,61132.1602
2434,46.22139772,2800,0.313319701,Miercoles,G,139399.675
2435,54.79268302,2800,0.395693698,Jueves,E,66129.14652
2436,44.28503083,4000,0.171620409,Martes,G,185421.0304
2437,44.25583125,19000,0.446832754,Lunes,O,612053.2434
2438,40.20018861,4000,0.309610328,Miercoles,Q,289354.2246
2439,43.08065144,4000,0.539129668,Sabado,R,245877.3023
2440,42.54621324,2800,0.46767889,Martes,G,203028.3076
2441,56.12616699,19000,0.542061178,Martes,M,88397.68115
2442,41.0985708,4000,0.404119246,Martes,E,280188.7035
2443,41.36818512,19000,0.270625745,Sabado,F,761158.6316
2444,47.61650284,2800,0.254710997,Viernes,J,120010.3355
2445,55.62272303,4000,0.334524347,Martes,F,64954.37734
2446,53.51124222,10000,0.370842723,Miercoles,T,107955.8886
2447,48.19336508,10000,0.335382441,Miercoles,S,230800.2131
2448,53.74499743,2800,0.466769507,Lunes,R,72465.00167
2449,44.05340182,19000,0.391103724,Martes,C,611443.6924
2450,46.887134,10000,0.366386791,Viernes,E,276171.5419
2451,47.65844792,2800,0.478957515,Lunes,T,128487.2713
2452,51.15046412,2800,0.330661819,Lunes,D,89162.92505
2453,51.42033894,2800,0.242269129,Lunes,B,84968.10862
2454,53.13453309,2800,0.19231349,Miercoles,T,72636.98426
2455,49.04024763,4000,0.36378641,Jueves,P,127950.8872
2456,40.37815998,10000,0.366970703,Martes,P,552584.7883
2457,49.49337685,10000,0.420478331,Jueves,H,200355.1241
2458,50.64994419,4000,0.500867978,Sabado,E,111206.3696
2459,53.21015954,10000,0.336287275,Viernes,R,111991.2182
2460,57.09982475,10000,0.419999392,Jueves,P,64441.22821
2461,58.23443124,2800,0.488003873,Lunes,E,54779.89628
2462,50.66686685,10000,0.300823987,Sabado,T,161805.8945
2463,53.09519553,19000,0.378662177,Martes,A,157215.49
2464,56.69416621,2800,0.304221584,Miercoles,N,58164.903
2465,41.27824266,4000,0.290012398,Sabado,J,261598.8846
2466,41.74127579,2800,0.364898134,Martes,I,209225.7432
2467,50.95647901,2800,0.386995239,Jueves,F,91954.65106
2468,44.42164899,2800,0.315938186,Miercoles,H,163563.0349
2469,58.45622224,4000,0.132067236,Lunes,B,54444.53283
2470,59.38884252,2800,0.227471351,Miercoles,O,53393.00766
2471,47.44560686,2800,0.185106464,Viernes,T,117621.5931
2472,42.16097842,4000,0.548779331,Miercoles,L,268150.423
2473,44.41718932,10000,0.27058313,Viernes,G,349547.7004
2474,57.16832077,10000,0.250594726,Viernes,M,62869.68282
2475,57.20428837,2800,0.468262447,Sabado,Q,57078.22712
2476,55.490509,2800,0.454626839,Martes,N,63176.88664
2477,46.86884004,2800,0.340170619,Lunes,G,132789.8222
2478,57.8855916,2800,0.28624882,Sabado,R,55226.75046
2479,40.64693341,2800,0.342805923,Sabado,T,226309.5302
2480,50.55097474,2800,0.359838834,Miercoles,O,94894.26723
2481,51.33653906,2800,0.201681938,Miercoles,T,84425.96033
2482,49.78239067,4000,0.22407172,Miercoles,T,112175.8808
2483,55.1403929,2800,0.369309837,Viernes,E,64310.61132
2484,54.05435133,4000,0.282043891,Jueves,I,74132.24509
2485,56.10708489,2800,0.498620542,Lunes,H,60781.97279
2486,59.87981583,19000,0.384842827,Jueves,R,53265.60488
2487,49.494199,2800,0.509207853,Sabado,F,108437.1403
2488,47.55841323,2800,0.200993155,Viernes,H,117519.6773
2489,57.48721844,2800,0.326478407,Sabado,N,56123.39416
2490,41.19103362,4000,0.225885473,Martes,A,253291.8116
2491,49.69825615,4000,0.345544352,Viernes,N,118572.6636
2492,52.83964184,4000,0.372756257,Viernes,B,85282.11378
2493,57.54311518,4000,0.214381228,Sabado,R,56611.96338
2494,50.3069393,10000,0.274018963,Jueves,M,168175.7985
2495,45.2481414,10000,0.298060159,Viernes,F,323975.1491
2496,47.25292501,4000,0.471365557,Lunes,S,159682.769
2497,49.6574325,4000,0.373975551,Viernes,N,120141.2783
2498,48.57979816,2800,0.26340182,Lunes,H,110407.8896
2499,55.23861025,2800,0.46762392,Miercoles,N,64381.39101
2500,51.03298402,4000,0.426387155,Miercoles,S,104864.3064
2501,63.71326939,19000,0.428339264,Viernes,S,84056.89115
2502,67.35452245,10000,0.305133978,Sabado,J,120843.3981
2503,74.01627915,2800,0.277602999,Miercoles,I,140265.5528
2504,65.60555183,10000,0.37925851,Miercoles,J,94256.65952
2505,72.6550848,2800,0.381563484,Martes,B,128842.3752
2506,73.85409842,19000,0.339384689,Sabado,C,462775.4532
2507,62.94583866,2800,0.453155792,Sabado,A,57474.27329
2508,77.55346143,2800,0.304500047,Miercoles,Q,192283.5016
2509,76.32893799,19000,0.280993051,Jueves,M,601079.2194
2510,63.19438768,10000,0.360095613,Miercoles,E,66418.35261
2511,76.23444159,19000,0.249711152,Miercoles,D,582123.7842
2512,72.80078312,2800,0.396735766,Lunes,M,131199.0165
2513,72.00762586,2800,0.392638206,Martes,C,121694.3683
2514,68.12960376,2800,0.356379194,Sabado,O,84012.51419
2515,61.79737195,2800,0.395019752,Sabado,F,54769.76975
2516,79.01773707,2800,0.283001749,Miercoles,B,214076.9117
2517,73.17872074,2800,0.25080542,Viernes,J,128628.6134
2518,66.51479169,4000,0.401320294,Martes,I,80158.47757
2519,63.32604294,2800,0.283578636,Viernes,M,58155.71919
2520,75.19433267,2800,0.393533849,Viernes,G,162903.561
2521,79.8186004,4000,0.239017219,Viernes,B,277870.2255
2522,64.9391557,10000,0.460946151,Sabado,C,86349.81694
2523,60.44540203,2800,0.448332213,Viernes,C,53330.72769
2524,71.18934657,2800,0.446465184,Lunes,T,114228.8821
2525,66.20928943,19000,0.280759248,Sabado,N,132439.1648
2526,71.24890773,2800,0.403005895,Lunes,D,113630.1721
2527,61.0894236,10000,0.295457707,Lunes,S,54707.98349
2528,77.01899946,10000,0.336237427,Lunes,M,422379.2289
2529,67.61184632,19000,0.367475234,Jueves,S,178845.2447
2530,63.70324899,2800,0.380347553,Miercoles,J,59704.35897
2531,64.36974937,2800,0.38140505,Miercoles,Q,62247.98373
2532,68.16326853,2800,0.286263657,Martes,I,82937.51421
2533,75.92264875,2800,0.382572911,Lunes,H,172990.7214
2534,70.90475274,19000,0.261731472,Martes,S,294116.7581
2535,75.94283314,10000,0.657519657,Martes,C,423669.6278
2536,67.58532745,19000,0.277095456,Martes,N,171124.1251
2537,66.47910147,4000,0.198478218,Miercoles,L,76366.36984
2538,64.12753147,2800,0.460184072,Sabado,S,61584.1356
2539,71.13306461,19000,0.376668191,Sabado,C,323271.5312
2540,66.652704,4000,0.366215361,Miercoles,O,80801.13961
2541,75.08217994,10000,0.352143421,Lunes,J,345832.5378
2542,65.25576326,2800,0.331264961,Jueves,A,65911.48526
2543,66.72695749,2800,0.340151699,Viernes,J,74112.45317
2544,68.57296313,2800,0.293150084,Viernes,H,86149.94605
2545,78.37731133,2800,0.397217971,Sabado,K,213963.7053
2546,69.03472894,2800,0.381040284,Miercoles,G,91759.72841
2547,64.36619993,4000,0.441994681,Martes,C,65563.30621
2548,78.88896955,2800,0.420747443,Miercoles,K,225003.9761
2549,64.62137742,2800,0.306421646,Viernes,R,62884.13058
2550,69.29319195,10000,0.3261165,Sabado,D,162630.7373
2551,72.69541033,2800,0.20418782,Jueves,I,120380.8859
2552,63.41398731,2800,0.42495326,Lunes,E,58856.35758
2553,78.44105889,2800,0.234655,Jueves,C,198908.6881
2554,74.24359652,2800,0.480430071,Martes,M,153531.8878
2555,64.92250553,2800,0.430885355,Jueves,R,64955.17626
2556,76.27284365,19000,0.391310159,Sabado,E,634579.0903
2557,70.36606001,2800,0.232192416,Martes,M,99166.85796
2558,79.45607549,4000,0.423284175,Jueves,R,295942.4434
2559,69.67013777,2800,0.336833068,Viernes,B,96294.06608
2560,79.33067226,2800,0.350229925,Miercoles,Q,226650.7292
2561,62.25200888,4000,0.375849171,Miercoles,J,56409.34494
2562,66.81137175,19000,0.313048642,Martes,N,150641.9522
2563,78.84447794,2800,0.317410095,Miercoles,N,214825.6044
2564,77.08195278,4000,0.283530647,Jueves,M,225914.3932
2565,61.15329718,2800,0.215145645,Viernes,T,53793.95793
2566,72.42023252,2800,0.161833531,Viernes,L,114581.883
2567,66.70537595,2800,0.35278677,Martes,K,74130.57681
2568,61.58630925,19000,0.188549989,Jueves,K,58007.79643
2569,73.71261154,2800,0.386240911,Miercoles,N,142223.4303
2570,78.12966392,19000,0.350913516,Jueves,Q,759262.7835
2571,71.26303331,10000,0.532159896,Lunes,J,230456.6251
2572,76.33407217,4000,0.394051501,Sabado,J,221868.9277
2573,74.16700646,19000,0.405244173,Miercoles,Q,496947.2734
2574,78.43411512,2800,0.278289109,Martes,M,203849.7045
2575,73.18357007,2800,0.183354964,Sabado,D,124102.1382
2576,77.64023021,10000,0.366501233,Lunes,T,456715.4613
2577,77.88419375,4000,0.473702548,Jueves,G,262977.1902
2578,79.44575495,10000,0.41346628,Miercoles,C,555504.4597
2579,76.35320959,2800,0.390903637,Martes,B,180100.3289
2580,70.91641236,2800,0.351375368,Lunes,M,108574.1781
2581,72.20655065,4000,0.213363688,Viernes,J,136536.4952
2582,73.61804743,19000,0.366837708,Jueves,Q,455142.6559
2583,63.27101057,19000,0.231968196,Sabado,N,74390.92106
2584,77.76122153,2800,0.346266377,Viernes,B,199301.6869
2585,79.8228236,2800,0.320233466,Martes,L,232356.7718
2586,62.32312113,2800,0.27991758,Lunes,I,55628.83816
2587,77.85321611,2800,0.365430063,Miercoles,K,202417.2979
2588,72.33548102,4000,0.492475987,Sabado,R,153796.7598
2589,71.39740916,10000,0.350283694,Sabado,R,220149.3446
2590,77.23512283,4000,0.337508014,Martes,N,235260.0632
2591,62.10620916,2800,0.424083402,Jueves,B,55373.04379
2592,71.23700111,2800,0.427608683,Jueves,C,114220.9024
2593,60.05945539,2800,0.359880429,Miercoles,L,53235.64946
2594,66.57283119,2800,0.300406661,Jueves,S,72677.4485
2595,68.63239979,2800,0.335053306,Lunes,F,87511.74926
2596,79.65659746,2800,0.351296942,Lunes,F,232656.9476
2597,62.99920719,4000,0.317596322,Jueves,R,58679.47819
2598,74.78030616,10000,0.281302814,Miercoles,N,321893.1745
2599,62.72493262,4000,0.312827134,Miercoles,T,57715.46917
2600,70.03890072,2800,0.216593718,Martes,L,95718.24596
2601,60.33955307,10000,0.237930901,Sabado,J,53371.12148
2602,78.06473883,2800,0.406643809,Lunes,J,209272.811
2603,69.31866853,2800,0.325439039,Viernes,D,92946.57814
2604,74.65120366,19000,0.321669034,Viernes,Q,506372.8961
2605,76.39996241,2800,0.475112674,Sabado,O,185903.6102
2606,74.15118188,2800,0.321574668,Jueves,B,144596.5509
2607,78.06123339,4000,0.285490448,Jueves,J,246547.026
2608,72.69305483,2800,0.222358974,Sabado,C,121510.2516
2609,60.68049719,2800,0.243983065,Lunes,L,53433.9176
2610,61.54885073,10000,0.453024886,Sabado,L,56479.21549
2611,77.02833149,10000,0.424125404,Lunes,C,440351.7183
2612,73.12704282,4000,0.344787452,Martes,F,159279.4617
2613,70.21060725,19000,0.162090571,Sabado,G,245126.3112
2614,61.38367945,4000,0.361086156,Sabado,P,54423.16233
2615,61.10549448,19000,0.463690954,Jueves,I,56009.63121
2616,69.57550341,2800,0.156851136,Jueves,H,89470.57892
2617,79.4339709,2800,0.304626149,Miercoles,M,223686.336
2618,63.53434458,2800,0.297076406,Martes,S,58843.41839
2619,75.43273023,10000,0.26634838,Martes,T,342952.042
2620,61.93411416,4000,0.44184079,Martes,G,55653.16429
2621,78.25667352,19000,0.369109067,Sabado,C,776465.1479
2622,67.49493441,2800,0.369497521,Miercoles,A,79584.22959
2623,73.37897584,2800,0.36279842,Lunes,F,136891.5693
2624,67.40368549,19000,0.323164559,Martes,M,169053.997
2625,79.17003075,10000,0.258990931,Viernes,D,497765.4894
2626,70.3898165,19000,0.371925976,Martes,A,287824.239
2627,75.54735586,19000,0.256317105,Martes,D,540842.7348
2628,66.65256903,2800,0.304229924,Martes,T,73202.50679
2629,70.18065556,2800,0.219615135,Viernes,I,97047.74406
2630,79.6181589,10000,0.409865661,Sabado,R,563556.601
2631,66.06572384,10000,0.498146623,Miercoles,Q,103960.7111
2632,70.94530498,19000,0.295772204,Martes,F,301919.2841
2633,63.25021538,2800,0.380691752,Viernes,A,58219.00273
2634,65.70787032,19000,0.255161233,Miercoles,D,118895.986
2635,72.68249807,2800,0.415181919,Sabado,B,130463.5886
2636,62.81071039,10000,0.332918419,Viernes,F,63282.46592
2637,69.6253256,2800,0.362111081,Sabado,S,96517.82649
2638,73.35401835,4000,0.363721726,Lunes,O,164158.0657
2639,73.08100079,19000,0.497309013,Martes,P,447337.3172
2640,64.8410129,4000,0.25929235,Jueves,O,66857.17745
2641,65.58432388,2800,0.436113821,Sabado,H,68355.24645
2642,67.82567471,4000,0.368764966,Viernes,J,91432.07768
2643,61.07292422,2800,0.372986075,Miercoles,E,53775.0072
2644,66.79640952,2800,0.353880122,Martes,A,74715.1109
2645,62.83535908,4000,0.408554874,Sabado,O,58352.16411
2646,77.34437089,2800,0.16420953,Miercoles,D,173217.9624
2647,77.54917723,2800,0.393853271,Martes,H,199555.0592
2648,71.84087707,2800,0.523445371,Miercoles,M,123746.8783
2649,76.98796925,4000,0.233726795,Sabado,K,217547.2653
2650,61.50978324,4000,0.439861293,Jueves,A,54706.78835
2651,79.78514006,2800,0.273240727,Miercoles,N,226101.6664
2652,77.76639636,4000,0.311959773,Sabado,G,243633.7641
2653,60.1613835,2800,0.178239416,Martes,E,53244.55955
2654,62.38571845,2800,0.29357039,Viernes,P,55783.80666
2655,72.06074996,10000,0.228341316,Sabado,H,224813.5513
2656,69.79250697,4000,0.44312565,Jueves,Q,115283.9092
2657,67.41328407,2800,0.383569698,Jueves,G,79206.66821
2658,66.81235663,2800,0.250817648,Martes,N,73380.18388
2659,70.63757638,10000,0.242361967,Miercoles,G,188310.0266
2660,61.27021657,2800,0.348562369,Jueves,P,53982.06283
2661,78.42200055,4000,0.374432327,Jueves,L,265556.6092
2662,64.16574477,2800,0.254834188,Sabado,G,60791.24111
2663,61.16533743,2800,0.244684433,Viernes,A,53820.61219
2664,73.79135218,10000,0.401973674,Viernes,T,304453.4265
2665,66.30166336,2800,0.287022105,Viernes,D,70944.05431
2666,62.52337921,4000,0.463762092,Miercoles,J,57391.88128
2667,79.59375095,4000,0.207603702,Miercoles,Q,266700.7209
2668,77.35051077,10000,0.337384507,Miercoles,G,437161.7957
2669,66.57225803,19000,0.288259582,Lunes,B,142438.927
2670,62.4766553,2800,0.397240541,Jueves,G,56153.22971
2671,78.44561852,19000,0.331430517,Viernes,I,775783.8659
2672,72.53473358,19000,0.468431902,Lunes,M,410805.0823
2673,64.43996722,2800,0.390694515,Lunes,C,62584.90007
2674,79.22546879,2800,0.276498388,Lunes,I,216847.3822
2675,78.53005292,2800,0.366392859,Jueves,S,214027.7428
2676,61.07586321,19000,0.20306446,Viernes,T,55462.65981
2677,78.17390356,2800,0.348549214,Miercoles,M,206369.4309
2678,71.03740762,2800,0.345549851,Sabado,I,109618.8891
2679,77.0842987,2800,0.16099954,Viernes,F,169187.9811
2680,72.82921992,2800,0.263535561,Viernes,A,125393.7085
2681,60.35354656,19000,0.480667573,Sabado,I,53519.93353
2682,76.34428341,2800,0.258043946,Viernes,J,169860.4157
2683,78.60671452,4000,0.379918566,Lunes,O,270466.8427
2684,73.67545173,19000,0.333700332,Martes,O,450935.8124
2685,78.19974369,2800,0.448432886,Martes,G,214742.9001
2686,63.88518971,4000,0.350931267,Martes,F,62556.16672
2687,61.9073837,10000,0.291093495,Viernes,E,57738.87386
2688,72.2653139,2800,0.322410555,Miercoles,G,121903.7727
2689,69.02653062,19000,0.303148491,Miercoles,E,223205.3338
2690,78.63092742,2800,0.326679714,Lunes,A,212095.9198
2691,79.0880144,19000,0.314656197,Lunes,T,818992.1831
2692,65.88415644,2800,0.320385043,Jueves,A,69018.44416
2693,66.01875913,2800,0.399947777,Miercoles,E,70497.98337
2694,65.58757024,4000,0.262592742,Miercoles,O,71428.9358
2695,65.43809972,2800,0.434814968,Lunes,M,67565.1703
2696,63.40653159,2800,0.377265145,Sabado,M,58700.13813
2697,70.70345328,10000,0.269146795,Viernes,F,192885.5235
2698,61.32430936,2800,0.400195982,Miercoles,B,54069.91067
2699,70.91065258,2800,0.343053619,Lunes,S,108251.4275
2700,76.07988891,19000,0.403952243,Miercoles,P,624495.5235
2701,70.60680049,2800,0.271258378,Miercoles,A,102844.3004
2702,67.78525408,2800,0.268722221,Sabado,D,79910.73797
2703,73.06260635,2800,0.228434281,Lunes,Q,125934.661
2704,79.16239421,4000,0.357037227,Jueves,C,280791.018
2705,67.41097247,10000,0.3141161,Jueves,L,122284.7562
2706,71.51809785,2800,0.257819825,Sabado,N,111143.6865
2707,78.74826309,4000,0.325141055,Lunes,N,267022.546
2708,70.51687364,10000,0.343690381,Jueves,B,194815.5906
2709,74.51301498,2800,0.337226442,Lunes,Q,150246.1291
2710,61.33620033,2800,0.302495168,Martes,O,54038.66157
2711,66.4391087,2800,0.343776407,Martes,L,72404.48727
2712,60.13197316,19000,0.354035966,Martes,L,53271.47862
2713,68.58865901,2800,0.133245311,Lunes,S,81450.78526
2714,76.96778905,19000,0.49955873,Viernes,H,716932.2979
2715,60.59351789,10000,0.449991443,Martes,F,53709.89208
2716,73.68694159,19000,0.329763712,Miercoles,E,450660.0052
2717,70.83699272,19000,0.262941334,Viernes,J,291351.9945
2718,70.12894308,10000,0.217176267,Sabado,C,173043.356
2719,64.88647026,10000,0.418584284,Martes,Q,85028.14161
2720,73.18639102,2800,0.421289544,Sabado,E,136966.5776
2721,73.68524818,19000,0.309027498,Lunes,L,445434.0651
2722,67.62524501,4000,0.378484931,Lunes,M,89689.68954
2723,69.8510092,2800,0.291772862,Lunes,M,96654.70327
2724,61.27264243,4000,0.161456408,Viernes,S,54090.39051
2725,61.62111652,4000,0.3863826,Martes,T,54888.55028
2726,66.13247982,4000,0.295714353,Viernes,D,75677.7142
2727,68.76342924,10000,0.386469312,Lunes,M,153874.1259
2728,78.92736481,10000,0.383254944,Jueves,S,521915.5514
2729,78.02607198,10000,0.181767864,Miercoles,O,419423.277
2730,76.95214668,2800,0.421948925,Viernes,H,191663.2307
2731,72.50905005,2800,0.368593315,Miercoles,M,126598.2659
2732,69.82845764,10000,0.244564882,Miercoles,S,168751.973
2733,78.13203786,2800,0.327915509,Martes,H,203815.6497
2734,79.89263637,4000,0.295984211,Martes,Q,289437.5333
2735,69.94948019,19000,0.298296934,Lunes,S,259075.7295
2736,68.94876593,2800,0.365616316,Lunes,E,90719.02769
2737,70.1437076,19000,0.288712843,Lunes,A,265797.9174
2738,79.06661395,10000,0.357344174,Miercoles,H,522224.9776
2739,69.73972823,2800,0.386432964,Martes,O,98132.82093
2740,70.61239409,4000,0.327510041,Miercoles,A,121833.2954
2741,67.40310268,10000,0.273455702,Lunes,O,120254.0802
2742,74.56084589,2800,0.171132971,Jueves,I,138498.1317
2743,61.39825647,4000,0.305210798,Miercoles,B,54408.19884
2744,61.25998919,2800,0.301021605,Viernes,I,53948.79186
2745,68.85790244,4000,0.361041993,Martes,R,101966.7952
2746,68.56711136,2800,0.331915595,Miercoles,G,86931.74043
2747,71.05489843,4000,0.321657174,Jueves,H,127405.345
2748,76.11240388,2800,0.26657225,Viernes,D,167314.1521
2749,63.46600147,4000,0.274482749,Viernes,L,60297.31361
2750,61.56048631,2800,0.352333817,Martes,T,54365.45482
2751,77.60659968,2800,0.316922046,Sabado,C,194249.8388
2752,71.18178938,19000,0.434394114,Martes,O,333520.5656
2753,73.32375097,2800,0.328979382,Viernes,B,134594.4187
2754,64.19783352,10000,0.31582459,Lunes,L,75412.87996
2755,79.12954586,2800,0.322882216,Miercoles,G,220321.7342
2756,65.40825993,2800,0.277276153,Lunes,G,66188.60103
2757,68.47339816,10000,0.308984185,Jueves,B,143204.9857
2758,68.47752634,4000,0.372525189,Martes,N,98151.6904
2759,75.95860559,2800,0.411355764,Jueves,E,175290.1946
2760,75.76491378,2800,0.346455457,Jueves,Q,168324.4017
2761,61.74651042,2800,0.392283522,Lunes,H,54682.06747
2762,65.65801271,10000,0.385072875,Viernes,O,95155.46224
2763,74.34588136,2800,0.234680876,Sabado,M,141394.9853
2764,65.27922888,4000,0.222433997,Viernes,N,68945.91816
2765,75.13162051,19000,0.350158349,Jueves,R,544850.7371
2766,71.27763009,2800,0.273106908,Martes,M,109394.2009
2767,76.43181142,4000,0.291911591,Viernes,H,213953.7119
2768,77.54432662,2800,0.269896851,Sabado,I,188827.6641
2769,77.04537989,2800,0.411078738,Martes,D,192461.427
2770,61.08201365,10000,0.476811324,Viernes,T,54834.05457
2771,72.50134027,2800,0.307337454,Martes,Q,123892.2172
2772,65.87786346,2800,0.359733337,Lunes,H,69353.87053
2773,69.10400664,10000,0.301573838,Lunes,G,156591.9446
2774,67.29119764,2800,0.253201397,Sabado,K,76355.57348
2775,77.96701467,2800,0.290840885,Miercoles,F,197581.5315
2776,66.8120356,10000,0.252401056,Viernes,O,109077.4255
2777,63.13435798,4000,0.483485147,Martes,F,59702.77154
2778,66.49644291,2800,0.34350327,Martes,Q,72744.29575
2779,74.69672736,19000,0.246449669,Viernes,A,485538.5474
2780,79.25900578,2800,0.394365377,Miercoles,P,229502.1749
2781,73.06764821,10000,0.44795557,Jueves,L,283718.5702
2782,78.58186133,4000,0.087889383,Miercoles,J,214898.1436
2783,63.47361996,2800,0.300608566,Martes,E,58665.14377
2784,77.94756451,2800,0.19803856,Miercoles,N,186612.9895
2785,75.02528578,19000,0.44954473,Lunes,O,562802.9361
2786,60.53052877,2800,0.275324607,Miercoles,E,53358.48394
2787,64.03363531,10000,0.401442179,Jueves,N,74718.13444
2788,63.06483036,2800,0.287062558,Jueves,P,57423.23397
2789,65.19513668,2800,0.341144112,Martes,G,65693.71068
2790,69.85334628,19000,0.300404678,Jueves,N,255401.6722
2791,64.95916686,2800,0.483696744,Martes,P,65408.70652
2792,63.56817695,19000,0.245124942,Martes,G,78689.0028
2793,62.84329137,2800,0.404841998,Martes,L,57096.1245
2794,66.45214248,4000,0.363993702,Sabado,P,79132.50319
2795,69.6766869,2800,0.312823248,Miercoles,L,95719.38986
2796,74.7632924,19000,0.358997487,Martes,D,523547.6734
2797,75.47344397,4000,0.482648691,Martes,R,210831.0896
2798,70.0648463,2800,0.319614642,Sabado,F,99394.0268
2799,67.209872,19000,0.492179114,Sabado,E,172710.5368
2800,63.27700863,2800,0.36171687,Martes,F,58249.97481
2801,73.14975418,2800,0.220733804,Jueves,F,126404.4057
2802,73.27511315,2800,0.369012376,Viernes,H,135877.9516
2803,71.93812429,4000,0.150885728,Miercoles,K,127578.6664
2804,63.19138857,4000,0.367162951,Viernes,S,59581.15544
2805,74.94240055,2800,0.388086955,Sabado,O,159001.6809
2806,67.40651273,2800,0.320140832,Jueves,G,78238.73098
2807,75.64561429,2800,0.499725906,Viernes,M,175205.4079
2808,76.66989387,4000,0.269764619,Martes,B,216055.0911
2809,70.95705002,19000,0.249459124,Martes,M,294108.0682
2810,67.35164706,10000,0.296750102,Sabado,C,120415.1561
2811,61.52341154,4000,0.573958098,Sabado,A,54815.4611
2812,75.43232466,2800,0.280530472,Martes,H,158960.8118
2813,68.59014509,4000,0.309002543,Viernes,L,97660.42859
2814,62.19762253,10000,0.316545718,Lunes,R,59315.25878
2815,60.97601503,2800,0.364240002,Miercoles,M,53679.57105
2816,63.83375793,19000,0.426122092,Miercoles,M,86055.54842
2817,75.34214291,2800,0.290050991,Martes,N,158428.5751
2818,69.82056829,19000,0.293601998,Martes,J,253140.9633
2819,78.77489957,2800,0.520229396,Martes,C,230294.0766
2820,63.72544427,10000,0.300721055,Jueves,I,70531.72185
2821,69.77272594,10000,0.26772505,Jueves,Q,169531.1955
2822,69.88233711,4000,0.233903796,Sabado,N,108846.8019
2823,75.3853438,4000,0.205363902,Viernes,P,184564.9922
2824,75.23553096,19000,0.32895326,Miercoles,D,545437.7381
2825,71.66202969,2800,0.309591768,Lunes,S,114812.9943
2826,68.27057967,4000,0.354723853,Sabado,B,95568.84473
2827,73.72291813,19000,0.09585464,Lunes,S,365279.8804
2828,63.42050975,2800,0.277089275,Martes,E,58415.22001
2829,76.01978007,2800,0.423105754,Jueves,I,176922.4965
2830,63.88841453,2800,0.28747265,Jueves,L,59979.13811
2831,64.15261862,2800,0.409297031,Viernes,I,61490.1626
2832,69.58404497,2800,0.311589516,Jueves,P,94876.8724
2833,77.94811611,2800,0.314868101,Lunes,P,199583.047
2834,61.31346169,2800,0.243852414,Viernes,O,53978.7091
2835,67.16516975,2800,0.374743051,Lunes,R,77384.49907
2836,75.83507532,2800,0.345007753,Viernes,C,169253.8936
2837,64.54188363,2800,0.253372457,Miercoles,J,62207.26124
2838,67.09981469,19000,0.459910326,Jueves,H,167530.1339
2839,79.76458905,4000,0.305083577,Miercoles,J,287822.8341
2840,73.0981834,2800,0.384121927,Viernes,R,134338.0196
2841,79.13349377,10000,0.221344603,Lunes,H,482377.3097
2842,75.34208071,2800,0.307455836,Viernes,M,159660.9214
2843,66.08688476,2800,0.249132751,Sabado,I,69296.11566
2844,69.51250986,2800,0.230918083,Sabado,N,91871.43197
2845,76.09060932,2800,0.228282132,Lunes,K,163531.5307
2846,71.80938207,10000,0.305483748,Martes,C,227596.0512
2847,75.36367287,2800,0.344910565,Miercoles,T,162442.8484
2848,75.07724848,2800,0.266887805,Miercoles,F,153150.3027
2849,76.06905318,2800,0.139724159,Sabado,E,152949.1856
2850,73.58522394,10000,0.249018208,Martes,A,274737.1079
2851,61.14228373,2800,0.300665654,Martes,F,53821.34215
2852,62.40740925,2800,0.245591248,Viernes,T,55739.35258
2853,74.18224385,10000,0.176337029,Martes,T,278532.6556
2854,70.67118599,2800,0.339411378,Jueves,G,105750.6582
2855,78.85267335,2800,0.327727113,Jueves,R,216004.1579
2856,65.66436571,4000,0.409320777,Jueves,C,73668.46733
2857,71.58521274,2800,0.423476285,Miercoles,K,117933.4025
2858,74.73318735,2800,0.326603557,Miercoles,O,152573.9712
2859,71.98406702,10000,0.341273912,Viernes,D,236815.5688
2860,64.86242551,2800,0.269681606,Viernes,E,63647.64128
2861,67.38240155,10000,0.348217425,Sabado,E,123180.4099
2862,60.99516237,10000,0.273852745,Martes,G,54445.41044
2863,78.02673939,2800,0.323969227,Martes,F,201711.8046
2864,66.06401938,2800,0.301653777,Martes,T,69797.39424
2865,78.01398322,19000,0.291565587,Lunes,M,724925.173
2866,63.04905224,10000,0.292180336,Sabado,E,64754.19755
2867,63.89728107,2800,0.299620542,Viernes,B,60066.25708
2868,74.44500254,10000,0.183349705,Martes,K,288788.4363
2869,67.11479795,4000,0.336681649,Lunes,E,84237.94979
2870,78.00726953,2800,0.255319653,Viernes,H,194500.4412
2871,61.7874562,2800,0.28446913,Lunes,I,54656.34277
2872,72.00730629,2800,0.21180445,Miercoles,T,113740.8605
2873,60.27290541,2800,0.427237328,Sabado,S,53269.96537
2874,74.12899113,4000,0.255755596,Sabado,N,168961.1684
2875,68.05673711,4000,0.208997698,Martes,F,89374.54349
2876,74.78823743,2800,0.255226551,Lunes,B,148501.4246
2877,63.75557082,19000,0.525974511,Viernes,M,86084.93486
2878,76.58776398,4000,0.250156983,Jueves,F,212039.7467
2879,61.35928371,2800,0.425281272,Miercoles,F,54125.41904
2880,60.99461799,2800,0.256425811,Viernes,N,53665.35158
2881,73.44774278,2800,0.304174309,Miercoles,N,134826.4019
2882,78.39787318,4000,0.23092149,Jueves,T,245488.319
2883,60.30873381,4000,0.226152392,Martes,B,53287.91339
2884,72.97821392,10000,0.278850955,Sabado,G,260011.978
2885,65.42370975,10000,0.501524964,Jueves,F,93845.72084
2886,71.27782963,2800,0.415823517,Jueves,K,114322.4764
2887,70.77872307,19000,0.371040855,Sabado,D,305594.7766
2888,69.03186363,2800,0.35529797,Viernes,K,91200.42577
2889,66.42389996,19000,0.321381335,Sabado,H,140331.2711
2890,79.03022067,10000,0.345293838,Sabado,J,517241.9421
2891,78.35527816,19000,0.435000676,Martes,I,808713.715
2892,79.67697205,19000,0.363184554,Jueves,R,890657.0139
2893,66.28729982,19000,0.482767902,Jueves,T,143740.3185
2894,74.85239629,2800,0.304021818,Lunes,F,152751.7234
2895,71.12220167,2800,0.348602769,Martes,H,110589.3749
2896,76.40252472,2800,0.135537186,Jueves,R,156500.5149
2897,64.48440732,2800,0.391313571,Miercoles,E,62776.04615
2898,68.02500867,2800,0.394445278,Lunes,L,83840.57959
2899,63.11623108,10000,0.375390199,Lunes,H,65885.90423
2900,61.11683922,2800,0.376238467,Martes,O,53821.21938
2901,77.15554537,2800,0.407868964,Sabado,E,194045.983
2902,60.31607996,19000,0.288321923,Sabado,I,53440.33473
2903,71.29355323,2800,0.289785057,Lunes,T,110224.5475
2904,78.11637212,2800,0.360346253,Viernes,R,206417.819
2905,68.82000723,2800,0.302677741,Lunes,Q,88297.91493
2906,62.80318922,4000,0.146644049,Sabado,N,57309.73286
2907,61.01302062,19000,0.33267073,Miercoles,I,55414.93322
2908,62.66710524,2800,0.345996734,Lunes,F,56527.22293
2909,64.5327781,4000,0.361047823,Miercoles,D,65995.15125
2910,64.60696569,2800,0.381302298,Miercoles,Q,63252.67447
2911,75.08655434,2800,0.417821425,Jueves,I,162656.0103
2912,79.54658019,2800,0.252625447,Jueves,Q,219331.6222
2913,76.1559911,10000,0.3204458,Martes,Q,382705.7081
2914,62.87453269,4000,0.210736988,Miercoles,G,57842.19291
2915,70.52093056,4000,0.46660529,Lunes,R,125601.9439
2916,73.04240476,19000,0.3096376,Martes,T,409594.0139
2917,76.6624464,2800,0.374398386,Miercoles,K,183812.2216
2918,60.52443315,10000,0.431514554,Jueves,S,53602.45068
2919,61.7271296,4000,0.239321076,Sabado,S,54940.45184
2920,63.74217397,2800,0.39649599,Viernes,I,59896.26851
2921,67.45955987,10000,0.273384885,Miercoles,J,121276.6638
2922,60.43332629,4000,0.270497914,Jueves,J,53344.08062
2923,76.64259816,2800,0.320864427,Lunes,A,179542.621
2924,60.8108717,4000,0.56721142,Lunes,K,53680.99356
2925,75.53208059,19000,0.304235484,Miercoles,G,556855.3402
2926,67.90204451,2800,0.337385993,Viernes,T,81996.7746
2927,67.96911431,2800,0.383583823,Lunes,B,83247.63489
2928,78.72704402,2800,0.397397093,Viernes,I,220154.5568
2929,61.77584221,10000,0.409799799,Jueves,S,57415.41332
2930,66.21853546,4000,0.527630715,Jueves,P,79145.36171
2931,76.29644048,10000,0.424551155,Jueves,S,407860.7687
2932,73.49805211,2800,0.218019209,Viernes,G,130141.3023
2933,66.04955812,2800,0.251218959,Jueves,G,69126.20706
2934,75.53023201,2800,0.474622244,Miercoles,E,172180.572
2935,73.51658964,2800,0.27833549,Viernes,D,134213.3712
2936,76.94180192,2800,0.41309198,Lunes,L,190908.9659
2937,76.21397011,19000,0.198407115,Jueves,H,557074.4892
2938,65.86781819,2800,0.215190472,Jueves,K,67729.8715
2939,74.37493576,2800,0.333459525,Lunes,S,148195.3491
2940,61.86344137,4000,0.316565437,Martes,L,55334.7393
2941,69.30442847,2800,0.346961471,Jueves,H,93335.63489
2942,69.85262577,19000,0.412875169,Jueves,G,268646.355
2943,61.0714484,2800,0.325119944,Miercoles,P,53758.90132
2944,79.86663461,2800,0.27270221,Miercoles,T,227459.9195
2945,67.908278,4000,0.261780774,Jueves,J,89658.98632
2946,77.00261864,4000,0.391636015,Martes,E,235731.1748
2947,74.52288768,10000,0.392228756,Viernes,C,330447.1599
2948,64.41749462,2800,0.288828114,Lunes,J,61947.77571
2949,69.71428558,4000,0.316640757,Sabado,N,110327.0297
2950,62.60424051,10000,0.354496237,Viernes,Q,61969.43436
2951,63.21104579,2800,0.283876997,Sabado,L,57822.23299
2952,77.48310395,4000,0.181491583,Viernes,D,218680.0375
2953,70.36883196,10000,0.427455957,Sabado,O,196993.9613
2954,62.17653401,10000,0.360273428,Lunes,C,59355.49308
2955,72.77173636,2800,0.348593284,Miercoles,B,128863.3066
2956,66.168954,10000,0.35142104,Viernes,Q,102165.5097
2957,68.30264998,4000,0.312287543,Miercoles,C,94824.33169
2958,67.33294707,2800,0.300681612,Jueves,F,77438.98956
2959,63.44651265,4000,0.516726636,Lunes,P,61160.10674
2960,69.67578475,2800,0.507727571,Viernes,Q,100031.7498
2961,75.45154762,10000,0.283650247,Jueves,S,347337.7774
2962,65.38652044,19000,0.253390071,Martes,E,111629.2367
2963,73.36341826,2800,0.397371443,Lunes,L,138230.4679
2964,65.95703129,10000,0.227643112,Jueves,D,95066.19619
2965,70.34093316,10000,0.413586638,Lunes,A,195281.2276
2966,71.37460987,19000,0.257640323,Miercoles,M,314497.4562
2967,65.32186295,4000,0.355294343,Viernes,F,70768.4854
2968,78.47634998,19000,0.373443864,Jueves,T,795706.3864
2969,79.39794696,19000,0.335104803,Viernes,L,854082.8319
2970,76.58678144,2800,0.242842792,Lunes,A,171897.1062
2971,60.70564308,4000,0.385927582,Miercoles,F,53547.41468
2972,65.67101149,10000,0.462931885,Lunes,F,96928.26858
2973,70.44518106,2800,0.364888322,Lunes,D,104283.3672
2974,79.34150041,2800,0.26589691,Lunes,T,217538.4802
2975,68.54529337,2800,0.389585037,Martes,K,87851.90905
2976,67.19761727,2800,0.370864323,Viernes,J,77553.06849
2977,63.91220476,2800,0.284800823,Sabado,O,60049.18779
2978,72.39358144,2800,0.470504641,Sabado,C,128853.3356
2979,76.22376879,2800,0.181284945,Miercoles,T,160312.4978
2980,62.21480156,2800,0.315917317,Lunes,Q,55464.03024
2981,66.83614821,2800,0.491278326,Lunes,H,76440.78004
2982,78.84365518,10000,0.195173866,Sabado,O,459129.8676
2983,74.26558923,19000,0.332273867,Miercoles,J,485629.8798
2984,77.10524485,4000,0.311986742,Jueves,N,229729.5708
2985,74.38576959,2800,0.43246124,Lunes,N,153414.2389
2986,64.2911463,4000,0.351440713,Lunes,O,64609.35736
2987,73.01070982,10000,0.439315184,Jueves,R,280826.1216
2988,73.43496125,4000,0.371811421,Martes,N,166001.8693
2989,72.78782678,2800,0.326125375,Martes,A,128050.4045
2990,77.79367953,2800,0.388290772,Martes,M,203233.3468
2991,71.98193762,19000,0.335534961,Martes,B,358870.0265
2992,67.62016862,2800,0.296758439,Lunes,R,79303.71023
2993,61.22132751,19000,0.52550679,Martes,H,56707.62416
2994,71.38682114,2800,0.404767269,Miercoles,T,115174.1853
2995,66.05309963,2800,0.276320369,Viernes,I,69450.7809
2996,78.53635446,4000,0.294821181,Lunes,B,258165.3404
2997,79.18740364,2800,0.29361316,Viernes,R,218169.4281
2998,63.13174386,2800,0.373536375,Viernes,O,57844.68523
2999,71.06774942,10000,0.43260705,Martes,O,217420.4659
3000,75.24415355,4000,0.203633097,Sabado,R,181947.558
3001,75.37609641,4000,0.392381581,Martes,H,202541.5958
3002,74.44057063,10000,0.274506318,Miercoles,Q,308433.1238
3003,63.10574936,2800,0.489407055,Viernes,B,58020.22686
3004,60.88657787,2800,0.53839792,Viernes,J,53631.54003
3005,78.60417332,2800,0.312189887,Jueves,J,210209.1638
3006,60.49501805,2800,0.233588066,Lunes,N,53338.87178
3007,68.12498606,4000,0.312337602,Lunes,R,93064.71448
3008,67.4478555,10000,0.291233097,Martes,B,121926.7068
3009,66.08463096,4000,0.220381059,Viernes,Q,74066.97687
3010,66.70800949,2800,0.314265163,Miercoles,L,73668.92317
3011,63.54980927,10000,0.291096429,Lunes,F,68837.33432
3012,71.28950197,2800,0.306362186,Sabado,Q,110820.8104
3013,71.65363042,19000,0.359634843,Martes,K,346389.2759
3014,79.70815982,19000,0.330984753,Viernes,P,877859.2509
3015,68.12290117,2800,0.311964623,Miercoles,A,83154.56796
3016,63.17331681,2800,0.357087916,Sabado,T,57925.46326
3017,77.84170447,19000,0.327766014,Jueves,B,727743.9303
3018,78.63298209,10000,0.256012395,Viernes,P,472236.8062
3019,71.72624561,2800,0.337444661,Viernes,F,116574.9992
3020,79.21323051,2800,0.433393829,Jueves,T,232007.7525
3021,76.53561088,2800,0.268662799,Martes,D,173573.5601
3022,77.87637965,4000,0.335825671,Martes,L,248861.5023
3023,79.22598485,10000,0.288633108,Jueves,O,510160.5783
3024,73.4797064,2800,0.412330995,Sabado,B,140357.7354
3025,60.67541803,2800,0.476202113,Sabado,C,53459.12824
3026,65.11945911,10000,0.241791357,Sabado,T,84504.60698
3027,79.78274824,19000,0.310751129,Miercoles,S,873696.3792
3028,74.99807707,2800,0.443260529,Jueves,L,162662.2361
3029,60.81687374,2800,0.444303968,Miercoles,O,53558.76733
3030,63.07622314,4000,0.379974916,Miercoles,H,59171.92418
3031,64.90843987,2800,0.33219595,Sabado,H,64297.49239
3032,70.86668815,10000,0.338210172,Viernes,H,203905.7181
3033,78.400005,10000,0.261952298,Martes,K,463702.9637
3034,65.3013724,2800,0.358586925,Miercoles,F,66338.54484
3035,72.95174114,2800,0.311906584,Jueves,J,129299.4862
3036,77.90673884,4000,0.244492458,Viernes,D,237452.8581
3037,72.75222817,10000,0.23742387,Miercoles,J,246554.1063
3038,65.0298431,2800,0.300951023,Jueves,P,64624.28172
3039,63.67396348,2800,0.246176614,Martes,F,59071.74947
3040,76.29745976,2800,0.272206463,Lunes,M,170438.9479
3041,60.72933212,2800,0.292760515,Sabado,C,53472.16592
3042,60.83991424,4000,0.456787474,Lunes,N,53693.26222
3043,70.50736892,2800,0.349226326,Lunes,L,104441.7603
3044,61.90835945,19000,0.292237697,Miercoles,P,60775.72147
3045,62.91732471,2800,0.261294351,Viernes,T,56958.96307
3046,69.6960868,2800,0.289971076,Lunes,I,95247.64393
3047,63.95190121,2800,0.243295313,Lunes,P,59972.53257
3048,65.42460827,2800,0.400662604,Martes,D,67262.74918
3049,60.17761357,10000,0.242101526,Viernes,L,53271.64886
3050,70.25268649,2800,0.160855217,Jueves,O,94987.10814
3051,79.79255051,2800,0.329191602,Martes,I,232798.1766
3052,69.50114694,4000,0.278171587,Sabado,C,106452.4984
3053,75.44696162,4000,0.147697542,Viernes,I,177173.2265
3054,75.23901112,4000,0.240376569,Miercoles,H,186199.8124
3055,76.27143152,2800,0.234660806,Miercoles,F,166647.8418
3056,77.68257217,4000,0.203001928,Miercoles,Q,226310.8188
3057,66.42672695,2800,0.253012464,Viernes,R,71195.16511
3058,63.48576163,2800,0.258116642,Lunes,H,58538.99521
3059,79.38533798,2800,0.349421664,Miercoles,D,227552.3656
3060,67.40472776,2800,0.42410139,Lunes,A,79672.60623
3061,78.73228631,2800,0.422145056,Viernes,I,222278.2257
3062,68.06343599,19000,0.282766248,Jueves,E,186994.7454
3063,79.26788725,2800,0.336286346,Jueves,R,224131.7972
3064,71.85208246,2800,0.306350046,Martes,M,116702.6621
3065,79.74812597,10000,0.442443583,Miercoles,Q,578311.4384
3066,66.19626823,4000,0.534579988,Lunes,S,79027.54007
3067,68.67481593,19000,0.446449646,Lunes,L,222854.334
3068,71.21090237,2800,0.201783611,Lunes,L,105471.7838
3069,63.80552531,19000,0.208187885,Jueves,K,81257.55329
3070,60.97182253,2800,0.421589058,Viernes,I,53688.86049
3071,69.96137891,4000,0.118699957,Lunes,B,102571.4871
3072,68.71884493,19000,0.39907362,Lunes,F,220778.9692
3073,69.42570601,19000,0.225946759,Lunes,K,227989.9146
3074,76.65964058,2800,0.189300245,Martes,H,167124.609
3075,65.07595426,2800,0.321707391,Jueves,F,64989.84993
3076,60.03236584,4000,0.418756386,Jueves,R,53234.67021
3077,62.81699547,4000,0.226785854,Jueves,G,57725.00442
3078,79.8013784,2800,0.443812383,Miercoles,H,244024.6793
3079,78.57572003,19000,0.269077046,Martes,O,756095.1273
3080,76.40869846,2800,0.348420329,Jueves,J,178057.2226
3081,66.07105467,2800,0.205481009,Miercoles,L,68608.78494
3082,74.91129509,2800,0.324541626,Miercoles,K,154861.4986
3083,71.03832056,2800,0.269939839,Viernes,B,106910.7023
3084,64.66696383,4000,0.164936163,Martes,T,64799.91615
3085,68.97097935,2800,0.473729583,Viernes,P,92908.57102
3086,66.44864211,2800,0.21368758,Martes,T,70717.11569
3087,67.95667515,2800,0.371255054,Viernes,K,82959.15684
3088,75.90591092,2800,0.283521393,Martes,O,165787.9352
3089,71.19740612,10000,0.37603414,Miercoles,J,216644.6342
3090,72.20955325,10000,0.308890028,Viernes,A,240026.8827
3091,64.48367596,2800,0.488365528,Lunes,N,63205.11812
3092,79.92689027,2800,0.460213257,Miercoles,I,247858.4098
3093,79.77965631,2800,0.40996328,Martes,R,240609.5406
3094,66.28062043,10000,0.206559225,Martes,L,98839.16318
3095,71.83629846,2800,0.423944737,Miercoles,E,120783.1814
3096,66.71685641,10000,0.348574397,Viernes,F,111149.0219
3097,73.48993293,19000,0.353337198,Viernes,O,444669.6111
3098,61.2256791,2800,0.325526201,Lunes,H,53921.06397
3099,62.87436956,19000,0.261221027,Miercoles,G,69963.76026
3100,65.09240015,2800,0.354960611,Jueves,I,65301.22755
3101,63.97672386,2800,0.356609502,Martes,R,60599.73141
3102,60.15194806,2800,0.531857366,Martes,D,53245.64865
3103,71.02674881,2800,0.45148879,Jueves,P,112601.7763
3104,65.62421728,2800,0.364841994,Lunes,A,68034.33583
3105,66.98453108,2800,0.243812018,Miercoles,B,74291.74951
3106,62.71547384,4000,0.565976603,Martes,T,58244.70616
3107,60.87302938,2800,0.239754791,Martes,T,53561.89712
3108,69.68296138,10000,0.43243654,Martes,K,178895.1055
3109,78.82484516,2800,0.307307967,Martes,M,213449.3099
3110,77.52206329,19000,0.193331739,Lunes,F,638608.7721
3111,72.10867977,19000,0.349253775,Viernes,P,367881.7931
3112,78.88152244,2800,0.300930792,Lunes,P,213740.9228
3113,76.43227904,2800,0.295717118,Viernes,T,174376.72
3114,60.41208728,4000,0.461465549,Martes,M,53344.77819
3115,75.58733558,4000,0.404652559,Martes,R,207620.1091
3116,71.12220407,10000,0.200011655,Martes,Q,195333.5752
3117,75.86934968,10000,0.295034538,Viernes,D,365908.7646
3118,61.74655806,2800,0.384113813,Lunes,A,54676.06376
3119,64.02098871,19000,0.378990892,Lunes,S,88503.09715
3120,62.33543519,10000,0.425565896,Lunes,B,60520.66837
3121,78.24096683,10000,0.336944872,Viernes,I,477469.9592
3122,70.40165624,19000,0.318848358,Miercoles,A,281228.6789
3123,68.43519393,10000,0.374705553,Lunes,I,145901.6543
3124,72.04805221,2800,0.314575214,Miercoles,H,119167.3295
3125,74.46736109,2800,0.399221866,Viernes,E,152946.1157
3126,77.79439914,2800,0.427734498,Lunes,T,206176.4125
3127,71.98620143,2800,0.341693293,Miercoles,L,119580.3231
3128,60.34096009,2800,0.404141014,Sabado,K,53289.5188
3129,78.8473072,2800,0.425224749,Viernes,Q,224609.5063
3130,67.99091825,2800,0.305410306,Miercoles,F,82067.44524
3131,75.08552176,2800,0.344323642,Sabado,A,158488.4498
3132,78.66802458,2800,0.399608522,Sabado,K,219288.2905
3133,67.76884016,10000,0.25343129,Lunes,S,125925.6319
3134,73.1086062,2800,0.25134065,Sabado,N,127860.3165
3135,76.29486535,2800,0.308666449,Jueves,G,173384.5774
3136,62.89712876,2800,0.298550401,Jueves,D,57006.81535
3137,69.31822593,19000,0.399837388,Viernes,J,244679.884
3138,77.5570845,2800,0.288030206,Miercoles,S,190802.4459
3139,71.61942897,2800,0.342170613,Martes,R,115599.5185
3140,66.60850645,2800,0.298510986,Sabado,N,72864.21813
3141,63.02302639,4000,0.29864264,Viernes,H,58698.64851
3142,61.22532384,4000,0.373395399,Miercoles,N,54172.82264
3143,77.76085794,10000,0.34285157,Martes,D,456832.0966
3144,78.53814526,4000,0.314644785,Martes,H,260890.0854
3145,66.46322791,2800,0.281854974,Miercoles,O,71796.24527
3146,76.52569584,4000,0.242013211,Sabado,N,209813.65
3147,74.10412418,2800,0.434196581,Lunes,G,149607.127
3148,64.78642674,2800,0.328872597,Sabado,E,63733.1658
3149,75.95212307,19000,0.247907769,Lunes,E,563149.122
3150,62.57440518,2800,0.252216052,Jueves,L,56114.28042
3151,71.41284687,2800,0.247782641,Viernes,F,109640.4258
3152,77.61661974,4000,0.254994094,Sabado,M,233037.929
3153,64.49875785,2800,0.300325556,Jueves,K,62342.14882
3154,71.38205974,2800,0.222354051,Lunes,B,108134.6082
3155,73.27917159,10000,0.347631271,Viernes,T,279472.0937
3156,77.91809952,4000,0.332495391,Sabado,G,249384.314
3157,67.82958443,2800,0.519186665,Sabado,G,84013.99564
3158,75.11361185,2800,0.411032559,Miercoles,B,162689.6537
3159,78.63555829,2800,0.35326265,Jueves,N,214681.2997
3160,71.25629961,2800,0.475326191,Miercoles,S,115739.1875
3161,72.57403865,10000,0.227442827,Viernes,N,239581.6975
3162,66.70701877,4000,0.345076459,Miercoles,G,80921.90546
3163,79.00468679,2800,0.213307789,Viernes,A,205026.1111
3164,65.87280648,2800,0.288419236,Sabado,M,68630.52281
3165,72.78381618,10000,0.303255614,Viernes,A,257258.7265
3166,68.43989592,10000,0.300771728,Viernes,D,142015.3172
3167,75.58643709,19000,0.424317046,Viernes,N,595278.1709
3168,70.00357624,2800,0.545548437,Miercoles,L,103980.2157
3169,74.51021365,4000,0.324753935,Jueves,H,181262.4512
3170,64.08711105,2800,0.357760443,Lunes,S,61019.34325
3171,74.19851036,2800,0.264644166,Miercoles,O,141693.495
3172,79.37910966,19000,0.364717556,Lunes,C,866180.2933
3173,63.48157336,2800,0.280374162,Jueves,F,58614.53084
3174,67.77427546,10000,0.283631378,Jueves,D,127685.029
3175,63.73823718,19000,0.309114703,Miercoles,R,82499.80791
3176,70.46452789,2800,0.458723934,Jueves,J,106872.421
3177,66.59709204,2800,0.310712842,Martes,A,72953.8384
3178,66.71983406,2800,0.285117878,Sabado,J,73345.6829
3179,68.14055199,10000,0.369059295,Jueves,R,139279.2574
3180,64.57078641,2800,0.438751863,Martes,O,63376.66485
3181,73.8080858,19000,0.445962565,Miercoles,J,482898.5423
3182,71.99292386,10000,0.412781391,Lunes,M,244216.7642
3183,64.83185775,2800,0.382045546,Sabado,H,64258.97805
3184,65.85979538,4000,0.363253686,Miercoles,H,74586.80339
3185,68.4682968,2800,0.255336183,Miercoles,R,84476.15906
3186,66.56977011,10000,0.30655114,Viernes,O,107234.892
3187,63.63539789,2800,0.395308293,Miercoles,M,59517.72995
3188,71.88755734,4000,0.334470783,Lunes,F,139672.0339
3189,72.75532746,2800,0.280970662,Lunes,M,125484.6643
3190,73.46917431,10000,0.396920782,Martes,A,292247.6556
3191,67.62280243,2800,0.467189182,Jueves,A,81800.32077
3192,79.3700654,2800,0.347634057,Sabado,G,227099.3594
3193,68.92815955,10000,0.33524418,Lunes,S,154764.4088
3194,61.67367871,2800,0.389031586,Sabado,N,54561.60104
3195,70.16413681,19000,0.242924224,Jueves,N,259409.9714
3196,79.60469061,2800,0.392426973,Miercoles,J,235706.8187
3197,63.657832,2800,0.359953253,Lunes,J,59477.42869
3198,71.24222271,2800,0.37053129,Sabado,M,112553.2664
3199,77.47723682,10000,0.338841336,Martes,L,443126.4442
3200,73.78159977,2800,0.51965377,Martes,E,148616.4577
3201,75.98735703,4000,0.328848249,Jueves,E,209045.8368
3202,71.41392071,4000,0.230543688,Lunes,K,127206.1672
3203,77.62775312,2800,0.421488455,Viernes,E,202884.2618
3204,61.63447724,2800,0.30388974,Miercoles,S,54439.11193
3205,67.60276797,4000,0.44147713,Viernes,P,90608.30348
3206,60.83590784,2800,0.334060429,Martes,K,53555.22418
3207,77.6854287,2800,0.370064715,Lunes,N,199995.8386
3208,72.13983395,2800,0.341391752,Sabado,K,121279.9878
3209,72.28094603,19000,0.389328519,Miercoles,J,384006.785
3210,66.85880161,2800,0.401967708,Viernes,B,75675.97841
3211,63.41064273,4000,0.466650845,Martes,C,60839.34399
3212,62.80529628,4000,0.390214172,Martes,A,58198.39206
3213,76.8257456,4000,0.303114262,Jueves,T,223026.2657
3214,78.66684326,2800,0.308272044,Miercoles,F,210869.8582
3215,77.52599517,10000,0.29398154,Lunes,N,434325.61
3216,79.71050872,4000,0.280709064,Miercoles,Q,282687.6375
3217,79.27301295,4000,0.543914124,Viernes,S,303644.9333
3218,79.75043599,2800,0.395352856,Jueves,P,238705.3253
3219,72.71542649,2800,0.243139114,Miercoles,F,122986.4159
3220,70.0085381,4000,0.350927043,Miercoles,I,115097.2389
3221,60.02575828,2800,0.383224923,Viernes,B,53234.31351
3222,75.05675591,2800,0.357350432,Viernes,Q,158869.0658
3223,73.09914374,19000,0.349502105,Jueves,O,421514.4419
3224,61.02779929,2800,0.508410298,Miercoles,J,53762.18482
3225,65.17680552,19000,0.301226834,Lunes,R,109068.8447
3226,74.26033093,2800,0.325232329,Viernes,M,146221.4579
3227,60.20248948,10000,0.315489228,Jueves,A,53285.59431
3228,76.5248688,4000,0.403478477,Martes,H,226649.578
3229,70.18138206,4000,0.376812055,Viernes,E,118170.1327
3230,78.79733152,4000,0.282238085,Miercoles,Q,262146.0632
3231,61.51865154,19000,0.348640797,Viernes,S,58181.60241
3232,70.82644276,19000,0.431640243,Viernes,M,315655.1503
3233,63.63936474,2800,0.308667564,Viernes,A,59227.43487
3234,65.19207981,4000,0.27702997,Martes,P,69113.4722
3235,64.67197412,19000,0.402006073,Martes,A,101412.1656
3236,66.81645161,4000,0.404282315,Viernes,R,82753.00092
3237,67.0782264,19000,0.449848293,Viernes,E,166334.6225
3238,79.44464657,10000,0.391774792,Viernes,M,550063.5346
3239,78.82562979,2800,0.290046893,Miercoles,C,211620.8407
3240,74.0131012,19000,0.310826455,Viernes,K,464928.4315
3241,70.80711403,2800,0.322423769,Miercoles,A,106546.7768
3242,65.74993636,2800,0.395305493,Martes,S,68953.5124
3243,61.36119392,2800,0.319155139,Jueves,H,54078.04732
3244,78.85817695,2800,0.319849939,Viernes,L,215308.6501
3245,62.71314639,2800,0.391865944,Jueves,F,56727.81884
3246,79.61281517,4000,0.316576587,Miercoles,N,285948.5955
3247,73.59744939,10000,0.324174892,Viernes,J,287155.843
3248,72.8194957,10000,0.244763135,Martes,C,249792.1626
3249,64.28490532,2800,0.230157158,Miercoles,K,61068.54506
3250,73.83317091,19000,0.313243732,Martes,N,455045.9456
3251,94.24316485,19000,0.634244009,Miercoles,F,2888553.134
3252,84.40941442,4000,0.363156893,Jueves,M,423728.336
3253,81.04257016,10000,0.375418827,Viernes,G,630134.317
3254,93.68131962,2800,0.492220268,Miercoles,P,616789.2771
3255,89.16356074,10000,0.275270168,Miercoles,D,1094670.815
3256,85.49357644,2800,0.551141426,Jueves,P,383482.283
3257,91.45710097,10000,0.320230967,Lunes,P,1302140.88
3258,91.81794252,2800,0.418937903,Martes,I,540202.1327
3259,88.90638372,2800,0.369228258,Lunes,I,445131.9017
3260,96.73186842,2800,0.304538768,Jueves,R,662127.0011
3261,95.14892532,2800,0.271721068,Sabado,N,598207.2552
3262,91.00444341,4000,0.324664436,Jueves,K,637731.7118
3263,88.60818139,10000,0.272655233,Viernes,M,1053471.814
3264,90.2558132,4000,0.333439183,Lunes,H,612822.7569
3265,82.04665184,19000,0.404912699,Lunes,S,1127620.265
3266,81.29374859,2800,0.331280305,Lunes,E,261332.904
3267,90.0517657,4000,0.243984483,Jueves,D,571867.3295
3268,84.38915706,2800,0.297598415,Viernes,S,320439.9526
3269,84.50611543,2800,0.320599724,Sabado,D,327055.7891
3270,87.40698546,19000,0.257408418,Sabado,M,1569760.378
3271,90.94989136,4000,0.400832092,Sabado,G,660751.4374
3272,89.20514089,2800,0.282817707,Martes,I,432502.1349
3273,86.0635975,4000,0.371323929,Jueves,A,477528.4009
3274,80.15130444,2800,0.235814027,Miercoles,I,227353.207
3275,88.81478159,10000,0.298191023,Lunes,K,1086303.589
3276,92.55534806,2800,0.308456722,Sabado,E,532757.5699
3277,83.78536564,4000,0.391179806,Sabado,K,410295.4319
3278,84.31635443,4000,0.359051488,Viernes,B,420073.6491
3279,88.96347712,19000,0.288770193,Miercoles,R,1786298.597
3280,90.11416621,19000,0.303132832,Viernes,F,1945016.32
3281,97.57262104,2800,0.373766269,Martes,F,716960.9173
3282,81.54471297,19000,0.301986723,Jueves,J,1020802.844
3283,81.64122955,2800,0.333373318,Lunes,H,268450.9417
3284,81.12757909,4000,0.46586365,Martes,D,344976.1843
3285,86.40524115,19000,0.342587042,Sabado,F,1543752.406
3286,95.62211363,2800,0.279724336,Miercoles,S,616238.4723
3287,96.28335918,2800,0.313070487,Miercoles,E,650640.3395
3288,95.36943908,2800,0.470923748,Sabado,E,669222.9027
3289,96.15529744,10000,0.332054548,Sabado,Q,1715060.821
3290,95.68873129,4000,0.31779173,Jueves,S,824383.764
3291,82.53642414,2800,0.243205336,Sabado,O,272358.5616
3292,91.56793837,10000,0.295290562,Lunes,A,1290725.867
3293,82.5735069,4000,0.23663319,Martes,S,344078.726
3294,80.2931423,2800,0.462668704,Jueves,E,255293.3964
3295,84.4908802,2800,0.427796082,Viernes,S,342956.733
3296,92.156839,4000,0.343435669,Viernes,S,689097.3231
3297,90.10965662,4000,0.490673321,Miercoles,G,651946.1718
3298,82.6966273,2800,0.326831497,Jueves,C,289017.7432
3299,87.11789964,2800,0.176009538,Miercoles,M,350637.2867
3300,96.2417352,4000,0.348138492,Miercoles,E,863105.969
3301,96.76639184,2800,0.300129757,Viernes,B,661495.4029
3302,91.86365103,10000,0.343752839,Viernes,R,1352925.662
3303,82.75277272,10000,0.314441596,Jueves,L,704227.5049
3304,87.88551338,2800,0.310693511,Jueves,H,405564.4272
3305,91.17702133,2800,0.24038167,Viernes,M,471618.8353
3306,92.1594525,10000,0.274890809,Miercoles,R,1319279.567
3307,80.96961857,19000,0.273872292,Jueves,B,952097.1199
3308,81.04032562,2800,0.149778482,Sabado,B,226582.9532
3309,82.56494963,2800,0.412302582,Miercoles,M,297373.6812
3310,89.45455083,2800,0.437119589,Miercoles,M,474107.2152
3311,83.40736452,2800,0.260361259,Sabado,Q,292867.0606
3312,94.38086113,2800,0.287431295,Viernes,N,580544.8843
3313,83.37712447,2800,0.370506707,Sabado,N,309722.4532
3314,80.35527158,2800,0.268374396,Miercoles,R,235551.5363
3315,92.323583,2800,0.249470766,Lunes,A,506308.2163
3316,80.88035182,10000,0.411243468,Viernes,R,631723.4277
3317,91.78004748,2800,0.337729425,Sabado,L,518551.3954
3318,91.26144441,2800,0.322844474,Viernes,E,499447.9848
3319,88.41266316,4000,0.29358214,Lunes,T,534314.5564
3320,87.81649274,19000,0.394922746,Jueves,M,1755040.006
3321,97.07042351,2800,0.39036871,Viernes,H,704977.2174
3322,95.40424768,2800,0.338586741,Martes,P,631025.5088
3323,83.40303835,2800,0.533157851,Martes,L,329700.2205
3324,88.96232053,2800,0.357861687,Martes,I,444197.467
3325,86.8837604,2800,0.291012725,Sabado,C,376447.0245
3326,92.59196294,19000,0.388795314,Lunes,M,2382226.665
3327,88.10969517,4000,0.217328409,Miercoles,Q,496621.6225
3328,86.86801391,4000,0.365010075,Jueves,R,502579.185
3329,85.97313495,2800,0.470398139,Lunes,T,385333.5508
3330,87.65304816,2800,0.372702245,Viernes,O,412556.8592
3331,81.6157399,2800,0.270067065,Jueves,A,259088.7828
3332,94.29852638,10000,0.315604987,Viernes,H,1533636.104
3333,93.26135065,19000,0.35828938,Sabado,T,2439558.111
3334,90.61474392,2800,0.342555434,Martes,F,486279.8286
3335,97.41843174,4000,0.282613824,Jueves,F,881286.4312
3336,88.44580362,19000,0.274035114,Martes,L,1707481.698
3337,82.93749363,10000,0.278189445,Sabado,R,698828.8415
3338,91.90083601,10000,0.175550067,Viernes,G,1192130.686
3339,90.78585467,4000,0.454397208,Jueves,L,669598.4099
3340,80.74405863,2800,0.257375957,Martes,Q,241004.5517
3341,83.26658191,4000,0.375591207,Viernes,R,392122.0445
3342,97.81467411,2800,0.297958495,Jueves,O,695741.6509
3343,95.94651683,2800,0.317509327,Jueves,I,641252.9886
3344,89.56189072,2800,0.361564745,Viernes,O,461391.7571
3345,94.85938667,10000,0.265027511,Lunes,I,1529952.362
3346,84.03636996,4000,0.244611264,Martes,L,385190.3976
3347,88.17209553,4000,0.264383292,Jueves,S,516396.1902
3348,94.11849456,19000,0.458115566,Sabado,R,2690643.771
3349,84.23052529,4000,0.36399053,Sabado,T,418485.2143
3350,80.31527492,4000,0.48814928,Sabado,N,325506.5954
3351,96.83642058,2800,0.295416653,Martes,N,661884.8955
3352,93.63854729,2800,0.22399358,Lunes,I,533462.5808
3353,90.28742678,4000,0.302223956,Viernes,J,603076.7774
3354,93.54920958,10000,0.2756535,Martes,R,1431830.868
3355,95.33896493,2800,0.440694529,Viernes,S,660056.4041
3356,88.12663868,2800,0.291229114,Miercoles,L,407075.7312
3357,88.17790929,2800,0.511848654,Jueves,C,450766.1629
3358,85.63663868,2800,0.495317659,Miercoles,G,380141.8522
3359,80.99777351,2800,0.428740736,Martes,A,266298.8795
3360,89.53406016,2800,0.415763886,Martes,R,472164.6042
3361,92.73180444,10000,0.232061152,Martes,S,1321062.132
3362,93.192131,10000,0.368193417,Viernes,Q,1483067.525
3363,87.27135642,2800,0.226395059,Martes,I,369544.2699
3364,92.63749574,10000,0.264594584,Lunes,M,1347280.393
3365,94.35409339,2800,0.296417568,Lunes,I,582975.7437
3366,93.78740289,10000,0.371705173,Lunes,I,1537628.519
3367,91.80282105,2800,0.307899062,Miercoles,E,510679.5312
3368,86.51287813,2800,0.243733346,Sabado,E,356639.3025
3369,81.82335708,2800,0.37010371,Lunes,T,276711.7191
3370,83.31266645,4000,0.296795027,Lunes,C,377815.0921
3371,97.89398953,4000,0.366981615,Martes,L,948016.5713
3372,92.72063825,2800,0.330537728,Lunes,E,544384.0196
3373,90.43891263,10000,0.338567433,Miercoles,D,1235696.303
3374,83.70134507,19000,0.340565107,Martes,O,1252702.639
3375,92.88962531,2800,0.271648255,Lunes,P,530373.8184
3376,82.5330732,4000,0.303904419,Sabado,H,357908.6011
3377,92.49817033,10000,0.431349346,Sabado,R,1467996.859
3378,91.08029257,10000,0.363945015,Jueves,M,1304003.699
3379,81.65504286,2800,0.333665838,Lunes,O,268763.5733
3380,89.3264193,4000,0.501066263,Viernes,H,623588.8053
3381,91.18419363,2800,0.30955825,Sabado,G,493529.1874
3382,90.63340321,19000,0.343021061,Jueves,A,2059818.867
3383,83.63207131,10000,0.455999692,Jueves,S,809712.3212
3384,92.6451546,19000,0.439655324,Viernes,L,2447998.477
3385,81.97098248,4000,0.383648365,Viernes,L,356716.4761
3386,85.61738622,19000,0.389624743,Lunes,S,1492701.35
3387,89.83305966,2800,0.445640368,Lunes,S,486663.9554
3388,88.6241296,2800,0.284949536,Jueves,F,418109.4092
3389,94.042,2800,0.345393771,Lunes,E,589548.4026
3390,88.25666355,2800,0.202415629,Viernes,C,385294.3295
3391,93.93972753,2800,0.262567527,Viernes,K,557885.2237
3392,81.7997022,2800,0.258069952,Sabado,N,260713.4246
3393,85.33533504,2800,0.237170125,Martes,B,328778.4864
3394,83.37705628,19000,0.439618581,Viernes,B,1281232.21
3395,87.0374001,2800,0.343884797,Sabado,K,391251.259
3396,82.94578063,4000,0.32176279,Miercoles,I,372800.1948
3397,88.41158269,2800,0.311383966,Jueves,G,419145.8956
3398,94.77035558,19000,0.410887729,Miercoles,S,2733425.214
3399,95.16514319,2800,0.260179259,Sabado,F,593995.4697
3400,88.31395185,19000,0.521857337,Miercoles,N,1917527.21
3401,93.6444158,2800,0.3129375,Martes,T,566856.3694
3402,86.26529391,2800,0.313666459,Lunes,R,366407.1866
3403,84.06090639,2800,0.35058042,Martes,H,321958.9083
3404,91.7662342,2800,0.238128737,Lunes,A,486765.096
3405,88.29334079,10000,0.259761317,Lunes,D,1022143.819
3406,92.22827701,19000,0.322627069,Sabado,Q,2247135.965
3407,81.99849342,2800,0.259401266,Sabado,C,264732.2221
3408,92.59705006,4000,0.16675107,Jueves,L,618715.3914
3409,82.00209089,19000,0.296696729,Miercoles,N,1058760.085
3410,97.02017597,19000,0.299981724,Lunes,H,2906214.462
3411,97.25026927,19000,0.24059187,Sabado,C,2817105.853
3412,84.22168717,2800,0.33805335,Lunes,I,323587.6615
3413,84.33060726,2800,0.319121376,Miercoles,O,322898.3286
3414,88.59483874,19000,0.535261593,Jueves,F,1964369.152
3415,96.82335605,19000,0.3312526,Lunes,M,2932497.914
3416,91.90967925,2800,0.334958726,Martes,Q,521582.9618
3417,87.2302601,4000,0.23254087,Sabado,C,474980.4455
3418,84.97257193,2800,0.231689664,Lunes,P,319695.3982
3419,83.15524419,10000,0.358937062,Lunes,M,745546.8483
3420,83.96235826,4000,0.470194093,Martes,T,429212.0931
3421,85.17670615,2800,0.170689496,Martes,N,308014.1604
3422,96.34815188,2800,0.349614494,Viernes,J,666161.3193
3423,89.92243845,2800,0.295316594,Miercoles,N,454819.4412
3424,92.8253731,10000,0.328012311,Sabado,A,1419695.408
3425,94.67263498,2800,0.334738873,Viernes,I,606127.3292
3426,81.55599464,10000,0.385580772,Martes,O,661872.2012
3427,81.18231135,4000,0.322965456,Sabado,S,325771.2705
3428,81.98590923,4000,0.56087151,Jueves,B,381109.9262
3429,92.47990811,2800,0.363490335,Lunes,Q,546469.7901
3430,80.56373538,2800,0.26849105,Viernes,N,239321.1571
3431,88.60135071,2800,0.30265601,Viernes,E,421947.7829
3432,94.87659353,4000,0.35004391,Martes,K,804062.2729
3433,95.24423922,2800,0.285770623,Sabado,L,606719.4672
3434,80.12215382,2800,0.27098817,Lunes,P,231745.1798
3435,94.87185256,19000,0.339416102,Miercoles,J,2648007.229
3436,96.08208064,2800,0.482014353,Sabado,F,697286.9364
3437,95.83970602,19000,0.151660366,Lunes,R,2386188.014
3438,80.14955976,2800,0.384322034,Sabado,D,245187.752
3439,89.96214375,2800,0.223136655,Lunes,G,433937.0669
3440,80.86004159,4000,0.336436173,Jueves,T,319710.4719
3441,84.80477851,2800,0.276760548,Sabado,K,325640.8149
3442,85.75586453,10000,0.374223736,Jueves,T,916965.0463
3443,80.76121099,4000,0.360810933,Sabado,T,320909.9146
3444,95.19515641,4000,0.374381942,Miercoles,P,828189.5107
3445,91.30627873,10000,0.467964148,Miercoles,L,1387693.543
3446,88.27389544,19000,0.455005182,Jueves,T,1861979.42
3447,87.64530481,4000,0.340779906,Lunes,R,522463.7661
3448,89.28411717,4000,0.384365265,Miercoles,S,592572.0882
3449,83.76192847,2800,0.357078379,Viernes,L,316286.5427
3450,96.54552386,4000,0.356870754,Jueves,J,880830.3524
3451,87.91799565,2800,0.155337536,Jueves,H,360666.7839
3452,94.36611301,4000,0.311724534,Jueves,M,765534.1206
3453,95.30624099,4000,0.342827689,Sabado,F,819476.3189
3454,97.5760208,2800,0.373563717,Jueves,M,717009.0712
3455,96.76224677,2800,0.291017431,Miercoles,C,657619.8912
3456,83.27375952,2800,0.336094847,Lunes,C,302550.9935
3457,80.38279112,4000,0.335140242,Martes,A,307460.3817
3458,94.27039468,4000,0.420008445,Sabado,H,805095.4357
3459,86.29609497,4000,0.417515702,Martes,Q,495379.363
3460,92.8200126,2800,0.402425485,Martes,G,567207.8306
3461,90.86601823,2800,0.281559418,Viernes,K,476488.5677
3462,86.49644052,4000,0.455630001,Jueves,J,510054.439
3463,85.6990659,2800,0.399188946,Viernes,G,367861.5892
3464,87.50001542,19000,0.424622384,Lunes,Q,1740833.283
3465,88.55346647,4000,0.332592218,Viernes,F,551370.185
3466,80.80587373,10000,0.192050146,Viernes,K,546470.0888
3467,82.54692721,19000,0.343687857,Martes,D,1140686.87
3468,80.35731396,2800,0.31467141,Sabado,E,241485.6674
3469,82.13880013,2800,0.390271775,Miercoles,B,285672.4726
3470,80.97720436,10000,0.351905558,Miercoles,C,619187.1006
3471,96.51523563,2800,0.392512852,Miercoles,P,686294.7912
3472,94.01069878,2800,0.2038394,Lunes,D,534976.7211
3473,95.26179779,2800,0.36810061,Miercoles,A,636046.1992
3474,88.78481354,10000,0.441267996,Viernes,H,1168214.642
3475,95.39797927,2800,0.273045104,Miercoles,N,606495.2389
3476,91.11779921,19000,0.311156918,Jueves,Q,2083797.247
3477,95.72786146,2800,0.269822118,Lunes,O,615518.3264
3478,83.02557202,2800,0.535689743,Miercoles,E,321107.6204
3479,87.88368204,2800,0.423027688,Martes,P,427948.4383
3480,93.44856283,19000,0.435972269,Miercoles,L,2563094.472
3481,96.60642343,2800,0.390811138,Lunes,B,688907.9427
3482,93.4593329,2800,0.267703873,Lunes,H,545604.372
3483,81.53247797,4000,0.485885099,Jueves,A,358826.5287
3484,88.28771334,2800,0.225563079,Martes,K,393309.7875
3485,93.5071312,2800,0.365355247,Miercoles,S,578699.2339
3486,83.14921436,2800,0.380188494,Lunes,B,306046.6097
3487,96.0888755,19000,0.296203804,Jueves,E,2757613.947
3488,96.23179402,2800,0.305741471,Miercoles,M,646127.8869
3489,94.58954447,2800,0.40864681,Jueves,R,625879.3425
3490,85.47667455,19000,0.260364543,Lunes,L,1366657.333
3491,92.97239387,2800,0.25466609,Lunes,B,526626.7551
3492,91.76025321,19000,0.356440431,Sabado,L,2226776.744
3493,81.25161871,2800,0.355191633,Lunes,O,263419.6205
3494,80.71038142,10000,0.192436345,Martes,A,542149.2847
3495,82.20646385,2800,0.251972002,Jueves,Q,267501.2013
3496,95.02127965,2800,0.438015676,Sabado,J,648468.8867
3497,88.1313375,2800,0.298440963,Sabado,D,408929.9121
3498,96.21663239,2800,0.255178473,Lunes,B,624596.0114
3499,88.57448264,2800,0.350649131,Viernes,A,432250.1628
3500,84.05827161,2800,0.270833742,Miercoles,I,308384.1491
3501,86.31873644,4000,0.466257918,Jueves,B,506030.7562
3502,91.8507264,19000,0.308123317,Martes,Q,2176412.348
3503,82.52068866,2800,0.222162527,Jueves,P,268127.8167
3504,88.67983675,2800,0.440186601,Lunes,F,452817.1247
3505,90.4124052,19000,0.296821704,Sabado,E,1974571.007
3506,96.46243577,10000,0.354175083,Viernes,B,1765356.975
3507,88.80784063,4000,0.383570401,Miercoles,K,574955.125
3508,88.34193131,2800,0.327862701,Sabado,L,421128.8511
3509,82.83056888,2800,0.268146332,Lunes,D,282549.9502
3510,97.91335299,10000,0.404917385,Sabado,G,1954564.756
3511,80.05448508,2800,0.424713238,Miercoles,J,247219.2083
3512,97.20642473,2800,0.416880947,Viernes,C,718453.1048
3513,97.58155279,4000,0.30544025,Miercoles,H,901598.8901
3514,83.66720099,2800,0.466270616,Miercoles,D,328496.9961
3515,88.10997415,10000,0.225314886,Sabado,M,982797.0876
3516,93.84994722,2800,0.305811285,Lunes,H,570761.1262
3517,94.43547424,2800,0.482447968,Lunes,H,639950.9814
3518,87.22073808,10000,0.328837685,Lunes,O,993381.7482
3519,90.40757084,2800,0.347370623,Lunes,I,481633.0477
3520,96.41001982,10000,0.327358343,Jueves,M,1733764.944
3521,89.61681293,2800,0.195790703,Sabado,S,415611.7154
3522,90.37909113,4000,0.593526742,Viernes,Q,686353.3758
3523,81.13571608,2800,0.282726682,Miercoles,Q,251858.9117
3524,88.33466927,19000,0.275217776,Sabado,S,1695995.335
3525,87.86647375,2800,0.332196957,Jueves,B,409824.3508
3526,94.45370383,2800,0.327564837,Viernes,M,596806.7946
3527,80.64055587,4000,0.325259364,Martes,R,312375.3595
3528,82.94102345,19000,0.265519599,Lunes,B,1122406.488
3529,86.42034921,2800,0.392191434,Sabado,O,384596.3434
3530,86.21164368,2800,0.322231558,Martes,A,366814.1407
3531,89.8531918,10000,0.304071454,Lunes,I,1166442.907
3532,82.87500791,2800,0.363821109,Viernes,C,297929.797
3533,96.86156862,4000,0.408371908,Jueves,J,918215.4421
3534,92.74035798,4000,0.333376063,Viernes,Q,708475.9935
3535,82.73259214,2800,0.47599026,Jueves,C,308236.2182
3536,93.97413268,2800,0.301560106,Sabado,L,573107.8342
3537,96.49847108,2800,0.340018466,Martes,O,667810.9538
3538,87.74350494,10000,0.375260232,Martes,K,1055975.896
3539,95.19415985,2800,0.355129727,Jueves,H,629661.9555
3540,88.35694306,10000,0.235907507,Martes,J,1007934.554
3541,90.92706329,2800,0.383578945,Martes,R,505271.7903
3542,82.72138665,19000,0.466744667,Jueves,S,1227288.934
3543,93.83931037,2800,0.472354837,Sabado,J,617421.0403
3544,85.15090958,2800,0.310529829,Lunes,M,339819.6772
3545,95.68247642,19000,0.348307086,Sabado,P,2784130.983
3546,97.87378727,2800,0.383474722,Viernes,Q,731111.5391
3547,82.03182189,2800,0.287992314,Sabado,Q,269856.4326
3548,89.9397214,2800,0.453820025,Jueves,E,491359.6358
3549,92.48693693,19000,0.232627953,Lunes,P,2141341.202
3550,97.15360749,2800,0.48908672,Martes,N,738099.953
3551,83.45642949,19000,0.332523095,Viernes,K,1222440.049
3552,94.77330352,4000,0.223465835,Lunes,B,735544.6068
3553,93.08895465,4000,0.305334813,Lunes,L,710845.4284
3554,93.16743677,2800,0.547356945,Martes,S,611452.6877
3555,83.77409618,19000,0.31733263,Lunes,C,1243143.297
3556,86.42476909,4000,0.310312282,Martes,L,473989.874
3557,82.74086152,10000,0.22176271,Jueves,H,659679.1559
3558,88.03122391,2800,0.266586887,Jueves,A,398519.4698
3559,81.40252061,2800,0.205679996,Miercoles,E,244348.96
3560,81.08681505,2800,0.350872252,Sabado,N,259666.5645
3561,88.26220718,2800,0.393973588,Jueves,B,432751.6676
3562,82.07562948,10000,0.476037333,Viernes,C,719050.2574
3563,82.33490833,10000,0.351142931,Miercoles,F,694539.7511
3564,97.22770724,2800,0.233845419,Jueves,Q,646493.6049
3565,94.71842389,4000,0.409505665,Martes,D,820984.2711
3566,81.67452336,2800,0.301636326,Viernes,D,264837.2166
3567,90.96534729,4000,0.311462492,Lunes,I,631437.9497
3568,91.85446656,19000,0.326095107,Miercoles,B,2201125.853
3569,90.21920892,19000,0.319145411,Viernes,G,1977950.565
3570,94.57346295,2800,0.292309428,Lunes,D,588267.2259
3571,89.68222748,2800,0.41438028,Viernes,D,476096.545
3572,86.56056149,2800,0.377498892,Miercoles,M,385575.109
3573,91.47100106,2800,0.378518806,Miercoles,I,520070.7453
3574,88.5655945,2800,0.313293762,Martes,P,423576.2906
3575,95.28415462,2800,0.354972035,Lunes,C,632562.2228
3576,88.48834658,4000,0.368724227,Sabado,B,559434.7872
3577,86.49825964,4000,0.377825425,Martes,D,493323.4235
3578,93.37903693,2800,0.458591886,Miercoles,B,598940.7208
3579,81.6588175,19000,0.337448141,Jueves,J,1053035.474
3580,86.1688785,2800,0.343483694,Miercoles,L,369809.9157
3581,86.0187788,4000,0.24436947,Lunes,J,442127.962
3582,82.16270009,4000,0.383438004,Sabado,S,362002.0557
3583,96.86020104,2800,0.337324667,Viernes,O,679056.8908
3584,90.84489633,2800,0.406673781,Martes,O,508161.604
3585,82.34437827,2800,0.353493396,Martes,A,285368.2571
3586,88.1370256,2800,0.324750026,Viernes,R,415137.3768
3587,94.67225424,2800,0.443066288,Miercoles,L,638002.9758
3588,86.02717449,4000,0.351623088,Miercoles,H,471755.2531
3589,87.82641061,2800,0.31314357,Miercoles,O,404624.0851
3590,94.85924129,2800,0.268798099,Lunes,T,588103.1193
3591,86.6371481,19000,0.356066374,Jueves,A,1581801.156
3592,92.79703118,19000,0.281841187,Lunes,S,2264662.173
3593,84.96609236,10000,0.417662616,Sabado,K,882829.269
3594,92.60705479,2800,0.375722203,Viernes,I,553640.5013
3595,85.08873075,2800,0.251117,Jueves,H,326546.2071
3596,92.4218959,2800,0.304663181,Lunes,J,527658.6367
3597,84.36742873,2800,0.238508305,Sabado,K,308413.9425
3598,85.12639295,4000,0.250543572,Sabado,R,417723.4319
3599,90.28769117,2800,0.340844235,Martes,D,476652.6199
3600,89.15125089,4000,0.464448172,Martes,A,608306.6579
3601,95.60757973,10000,0.344552511,Lunes,A,1677046.928
3602,83.34679478,2800,0.321232247,Lunes,D,301858.993
3603,80.30829854,19000,0.364797196,Viernes,F,946046.4898
3604,97.18494364,19000,0.382560001,Viernes,A,3075112.841
3605,85.10101921,2800,0.213843443,Viernes,I,318162.283
3606,91.0809048,10000,0.272884643,Miercoles,S,1234052.437
3607,96.38056282,2800,0.363666379,Viernes,O,672113.1939
3608,91.15272645,19000,0.277864311,Sabado,F,2042814.692
3609,86.04636049,2800,0.299984304,Viernes,C,358473.143
3610,92.39940761,4000,0.292410545,Miercoles,A,678292.6052
3611,86.69582282,10000,0.371307116,Martes,D,979708.0874
3612,88.84576957,10000,0.343330814,Lunes,I,1118129.07
3613,83.02082134,4000,0.44448364,Lunes,J,396365.6496
3614,85.15250825,2800,0.391358786,Jueves,D,353429.4068
3615,97.64279098,2800,0.245562637,Viernes,P,665757.1614
3616,97.4508334,10000,0.41833285,Viernes,R,1920591.056
3617,89.39577582,19000,0.279355577,Miercoles,M,1826623.789
3618,83.61440604,4000,0.423258225,Miercoles,Q,410772.7581
3619,90.92110353,2800,0.134456476,Martes,N,419631.7009
3620,82.37806062,2800,0.466117426,Martes,Q,299310.638
3621,84.53876132,4000,0.315405455,Miercoles,A,417255.5597
3622,83.68295108,10000,0.318433792,Viernes,Q,760325.2543
3623,80.01165601,19000,0.274452802,Martes,N,872193.5893
3624,90.99818505,2800,0.440644219,Viernes,M,520126.1516
3625,95.18513541,4000,0.314344424,Viernes,K,801141.0016
3626,82.58728501,2800,0.281113751,Sabado,G,279818.87
3627,91.40162965,4000,0.425217299,Sabado,E,686045.7761
3628,92.64195373,4000,0.482394835,Lunes,D,754496.8181
3629,96.03558253,2800,0.394056659,Lunes,L,670256.8582
3630,80.99729841,2800,0.400444903,Lunes,I,263399.6909
3631,85.83996653,2800,0.136447534,Miercoles,G,309861.6559
3632,81.90133519,2800,0.315613359,Viernes,T,271255.1793
3633,81.54527258,19000,0.374945082,Viernes,N,1063650.429
3634,88.2574966,4000,0.18237696,Sabado,R,485856.7521
3635,89.48316653,2800,0.36325362,Miercoles,B,459599.3472
3636,80.22495137,2800,0.257586609,Miercoles,D,231753.661
3637,95.00894003,2800,0.338799543,Sabado,C,618265.8277
3638,80.55365326,4000,0.240112597,Martes,R,295063.3638
3639,95.90963102,4000,0.403372673,Lunes,F,872096.8584
3640,97.04059771,2800,0.304719149,Sabado,R,672478.7691
3641,88.8057755,4000,0.194455939,Sabado,M,508611.301
3642,82.49545668,2800,0.325835202,Sabado,K,284715.1622
3643,84.82386128,4000,0.365032672,Miercoles,J,436811.4006
3644,89.1038167,4000,0.373645239,Miercoles,R,582945.9575
3645,91.21905234,2800,0.330576912,Viernes,P,500350.1534
3646,83.99049397,2800,0.2909976,Lunes,H,310618.6762
3647,93.5726149,2800,0.197136747,Martes,A,519517.7491
3648,89.8019557,10000,0.302632999,Sabado,T,1161573.435
3649,87.73382575,19000,0.337316351,Jueves,P,1692426.373
3650,94.68052456,2800,0.229102984,Miercoles,H,565981.8995
3651,87.06490596,19000,0.444605028,Miercoles,K,1702956.127
3652,85.15799664,2800,0.338316378,Jueves,A,344938.507
3653,84.22834478,2800,0.501564495,Miercoles,A,345945.1545
3654,85.08570307,4000,0.250817631,Lunes,H,416623.3206
3655,83.99200583,10000,0.362728068,Sabado,S,798050.6032
3656,93.31616754,2800,0.36978723,Miercoles,G,573981.126
3657,80.66246235,4000,0.327993187,Lunes,N,313360.8059
3658,94.43531699,10000,0.227906279,Jueves,R,1451402.227
3659,84.4467925,19000,0.43704457,Martes,K,1394613.915
3660,92.32530128,4000,0.38997729,Sabado,H,712318.3798
3661,82.19305255,10000,0.301882441,Miercoles,R,667563.9001
3662,96.32361826,10000,0.278041269,Miercoles,Q,1672059.579
3663,88.62045088,2800,0.227939453,Viernes,P,402087.6473
3664,95.62878414,19000,0.374973425,Sabado,B,2816387.315
3665,92.26484955,10000,0.143812763,Sabado,G,1172720.278
3666,91.07154453,19000,0.244114167,Viernes,L,1981856.201
3667,84.32411652,2800,0.317416586,Jueves,O,322465.8893
3668,95.22240561,2800,0.296659644,Viernes,B,610183.9218
3669,90.90023026,19000,0.327238879,Jueves,E,2075784.115
3670,95.27898874,2800,0.292593169,Jueves,D,610434.525
3671,80.63078452,4000,0.259657015,Martes,R,300725.046
3672,84.99733216,4000,0.286985892,Lunes,Q,423921.0591
3673,89.40115273,2800,0.42088868,Miercoles,N,469421.0765
3674,94.40666257,10000,0.490772889,Miercoles,M,1680509.963
3675,87.74928465,2800,0.347318621,Jueves,H,409993.5623
3676,91.21627449,19000,0.32141303,Jueves,E,2109966.063
3677,97.38359273,2800,0.222912857,Viernes,A,645771.0654
3678,92.56459179,4000,0.224811012,Viernes,C,652338.782
3679,83.6313652,19000,0.251418218,Miercoles,M,1175407.099
3680,95.3606736,2800,0.207854383,Lunes,T,576014.4298
3681,96.06964433,4000,0.465398229,Martes,T,903386.1513
3682,84.9459323,2800,0.368045594,Jueves,H,344913.716
3683,80.56870567,2800,0.263417144,Miercoles,I,238702.073
3684,95.58636349,2800,0.247621511,Lunes,Q,601575.7577
3685,95.96268723,2800,0.375984783,Sabado,J,662020.1319
3686,94.51350844,19000,0.409218042,Lunes,Q,2691824.862
3687,97.54936981,2800,0.387751514,Lunes,R,721027.8742
3688,88.01152136,10000,0.339593555,Miercoles,E,1055228.37
3689,91.5278685,2800,0.23533941,Sabado,O,479278.1221
3690,92.85496467,4000,0.15344693,Martes,N,618225.1472
3691,97.66353998,19000,0.426419528,Jueves,I,3221433.866
3692,83.98144323,2800,0.230952598,Jueves,K,298807.5719
3693,91.29416509,2800,0.500424347,Jueves,E,541347.5345
3694,94.57996167,19000,0.235626009,Martes,I,2425134.907
3695,80.77671182,10000,0.272069518,Lunes,M,580572.6576
3696,93.96649081,2800,0.346226214,Viernes,B,587428.9476
3697,80.22824856,4000,0.31866016,Miercoles,J,301107.5064
3698,81.98577684,2800,0.214996004,Viernes,O,256702.0083
3699,96.20442493,4000,0.20949723,Viernes,S,783375.3718
3700,80.32901578,2800,0.352995602,Miercoles,J,245327.6417
3701,83.96149876,2800,0.422925489,Martes,N,329932.7234
3702,95.09820569,19000,0.195998896,Martes,P,2408410.37
3703,92.27531886,2800,0.344949963,Martes,K,535202.5816
3704,96.11851655,10000,0.279321667,Martes,M,1655301.222
3705,90.63229761,2800,0.45528388,Viernes,D,512159.3263
3706,96.07608685,10000,0.28601367,Lunes,K,1659125.524
3707,83.0251691,2800,0.473237061,Lunes,M,314539.0673
3708,97.28777844,2800,0.242829136,Martes,N,652914.0523
3709,84.879637,2800,0.112607558,Jueves,R,282177.3391
3710,81.75857749,4000,0.21367923,Sabado,D,317999.536
3711,84.56977452,2800,0.3160947,Lunes,M,327702.3109
3712,89.66747653,4000,0.307322121,Viernes,L,582565.7841
3713,88.82777978,10000,0.370247453,Lunes,N,1132978.02
3714,95.78294463,4000,0.181040392,Jueves,D,745950.0374
3715,85.65307639,4000,0.3509446,Jueves,P,459653.5723
3716,97.65385241,4000,0.290867488,Martes,N,896580.1395
3717,85.98399698,4000,0.337080182,Miercoles,M,466858.7818
3718,83.31436006,4000,0.293826265,Jueves,H,377210.2055
3719,87.46354711,2800,0.319113415,Sabado,E,396814.6484
3720,93.86964669,19000,0.364230163,Sabado,Q,2535791.952
3721,82.36651509,10000,0.236045669,Jueves,P,647246.8662
3722,83.87265831,2800,0.18789942,Lunes,F,286748.0827
3723,89.5908623,2800,0.263510753,Lunes,B,437119.1705
3724,92.70610415,2800,0.41948429,Lunes,I,567902.035
3725,85.30591611,2800,0.219883097,Lunes,H,324009.2231
3726,83.04005986,2800,0.282531188,Martes,O,289231.2327
3727,93.51488696,2800,0.262017106,Lunes,A,545123.8621
3728,82.27252716,2800,0.365311125,Sabado,E,285399.6687
3729,94.7422182,2800,0.179632971,Viernes,B,543372.393
3730,94.31577557,10000,0.219756359,Jueves,M,1431636.105
3731,83.32617587,10000,0.255511478,Viernes,Q,709634.9093
3732,81.02722296,2800,0.295783618,Martes,S,251608.154
3733,96.86128101,2800,0.537583379,Martes,M,740233.5291
3734,90.32584721,2800,0.273797861,Martes,A,459526.046
3735,85.06628735,19000,0.286051612,Lunes,R,1348836.534
3736,92.8492449,10000,0.332166842,Viernes,D,1425132.678
3737,85.90880815,2800,0.146639549,Sabado,D,314974.8562
3738,80.94380146,2800,0.28347321,Miercoles,Q,248371.1034
3739,83.49779524,2800,0.364769766,Lunes,F,311569.6974
3740,87.50680951,4000,0.30018399,Miercoles,F,506137.7722
3741,84.40560415,10000,0.233486299,Lunes,I,758952.3438
3742,93.7109907,10000,0.324398659,Viernes,A,1491233.852
3743,97.8340317,4000,0.363772402,Lunes,E,943621.7767
3744,96.80192906,4000,0.388753035,Jueves,H,906970.6375
3745,84.14923993,10000,0.308992573,Jueves,H,784030.6386
3746,93.96793557,2800,0.359428668,Miercoles,B,591488.0098
3747,81.62638568,19000,0.439089472,Martes,L,1103940.39
3748,91.40028957,19000,0.332228112,Martes,Q,2148105.858
3749,91.93713829,2800,0.411917795,Jueves,A,542202.1075
3750,80.06923936,2800,0.403946415,Martes,S,245566.6442
3751,85.6720594,2800,0.293776644,Miercoles,G,348525.7381
3752,96.15731034,10000,0.378300052,Sabado,I,1759157.351
3753,96.41596818,19000,0.348599085,Sabado,D,2898034.732
3754,89.50118751,4000,0.366966244,Martes,A,595549.7438
3755,92.16988196,4000,0.400609999,Miercoles,G,709517.1965
3756,94.83345651,2800,0.352987578,Sabado,A,617224.0634
3757,89.43200637,10000,0.346210643,Martes,M,1163706.532
3758,92.04468704,2800,0.39201832,Jueves,H,540649.9835
3759,85.10501108,19000,0.367550115,Viernes,A,1419662.866
3760,96.75158125,10000,0.362718242,Sabado,L,1800930.186
3761,80.84709657,2800,0.225585733,Miercoles,R,237939.5338
3762,96.39798942,10000,0.251590654,Viernes,L,1646519.814
3763,89.5283795,2800,0.281497905,Miercoles,L,440581.4364
3764,96.32522981,2800,0.181444309,Lunes,I,590132.062
3765,82.18624906,10000,0.362996554,Sabado,T,690246.9607
3766,96.79780474,2800,0.359580377,Miercoles,T,684961.0056
3767,88.42448748,2800,0.454924744,Martes,M,448327.2611
3768,93.52513496,4000,0.425447218,Miercoles,F,774604.2047
3769,94.45109683,19000,0.250284847,Lunes,C,2436079.579
3770,88.29361033,2800,0.227493272,Lunes,M,394031.8705
3771,95.51267926,2800,0.313252246,Jueves,P,625597.7782
3772,81.81592695,4000,0.262783451,Sabado,P,330639.4167
3773,82.74498681,4000,0.362600565,Sabado,L,374825.8746
3774,92.43463583,19000,0.254172119,Lunes,R,2171822.034
3775,87.43965312,2800,0.438898321,Lunes,E,418792.1264
3776,87.50722399,2800,0.209486406,Lunes,L,370082.1109
3777,84.95276443,4000,0.299782089,Jueves,J,425837.0988
3778,86.13147613,19000,0.320863264,Miercoles,E,1494004.363
3779,93.39039898,10000,0.324019627,Miercoles,H,1463683.302
3780,86.22505139,19000,0.209175762,Viernes,A,1385337.13
3781,85.32623363,2800,0.434842205,Jueves,H,364071.9104
3782,83.82862632,19000,0.389772272,Sabado,P,1298789.495
3783,91.65382573,4000,0.362519294,Lunes,H,676059.8541
3784,81.24603366,2800,0.345940373,Viernes,S,262203.2603
3785,94.06119365,2800,0.242395321,Jueves,I,553442.4205
3786,83.56372282,2800,0.148854995,Lunes,S,270387.5424
3787,81.44241774,2800,0.297594326,Sabado,O,259771.4732
3788,97.9219561,2800,0.339668283,Sabado,F,716547.5766
3789,91.32552342,2800,0.352626417,Lunes,Q,509256.2854
3790,95.90578833,4000,0.286752434,Lunes,M,817911.5643
3791,83.53607965,2800,0.339817278,Jueves,M,308765.1013
3792,86.65223493,2800,0.1944422,Lunes,E,346290.7952
3793,91.89085353,2800,0.27706614,Martes,I,503610.1683
3794,92.07058909,10000,0.30482795,Jueves,D,1338594.152
3795,90.34113638,2800,0.314532986,Lunes,N,471375.5743
3796,91.86574493,2800,0.302910607,Jueves,A,510993.6121
3797,85.47664686,4000,0.427504471,Miercoles,H,470219.218
3798,89.24828212,2800,0.253209712,Sabado,T,425302.774
3799,81.73665451,2800,0.30763715,Lunes,J,266892.2103
3800,85.72226953,2800,0.470477261,Viernes,E,378960.2221
3801,92.78323089,19000,0.301287057,Viernes,T,2292483.472
3802,94.18799249,2800,0.437863284,Sabado,P,620440.6721
3803,80.47920077,2800,0.247134648,Martes,E,234760.1346
3804,86.68457318,2800,0.237183851,Viernes,P,358911.8496
3805,82.05057716,4000,0.273687921,Martes,J,338952.9476
3806,92.82743767,2800,0.270803672,Miercoles,D,528275.2309
3807,86.90315502,2800,0.293844982,Martes,J,377541.1391
3808,85.53810818,4000,0.433117661,Martes,Q,473328.1332
3809,92.15152327,10000,0.289783187,Lunes,M,1332078.512
3810,96.96771192,2800,0.296518234,Viernes,P,666687.7823
3811,94.95984547,2800,0.475535056,Sabado,B,656212.6587
3812,84.57966271,2800,0.274961683,Martes,C,320370.1723
3813,80.37809852,2800,0.288937111,Viernes,J,238678.6914
3814,80.64180828,2800,0.393283142,Viernes,M,255611.847
3815,94.12863591,10000,0.377568139,Lunes,F,1572510.878
3816,81.92795108,19000,0.319778805,Martes,E,1067072.836
3817,82.03515644,10000,0.312869291,Jueves,K,663198.927
3818,90.60578378,2800,0.299509901,Jueves,O,474557.4903
3819,84.19790421,2800,0.202232109,Lunes,H,296707.643
3820,81.2582491,2800,0.304883408,Viernes,S,257223.6659
3821,94.74955198,2800,0.351936475,Martes,F,614175.6667
3822,81.23138444,19000,0.394301752,Jueves,I,1044351.741
3823,83.83389512,2800,0.506182452,Viernes,D,337011.4552
3824,84.16718035,4000,0.331353426,Sabado,O,409815.044
3825,89.32659546,10000,0.41976701,Miercoles,R,1199076.582
3826,80.23853781,2800,0.4632684,Viernes,B,254259.5346
3827,85.36209758,2800,0.495846596,Martes,I,373245.9755
3828,86.38988269,2800,0.259587222,Jueves,P,357643.3633
3829,85.2690644,2800,0.322267461,Viernes,Q,344673.2502
3830,91.80966926,2800,0.277106954,Viernes,N,501333.2501
3831,80.8383325,2800,0.199489382,Jueves,C,233301.9038
3832,96.44028893,4000,0.411073225,Martes,T,899672.5894
3833,93.13145597,10000,0.302075881,Lunes,N,1422551.799
3834,85.2204087,4000,0.413735826,Sabado,A,459206.7271
3835,84.15353604,4000,0.32937396,Viernes,Q,408985.9464
3836,86.03540255,4000,0.285716372,Jueves,M,454991.1479
3837,88.30643336,2800,0.308233213,Viernes,F,415704.456
3838,80.74044868,4000,0.316539789,Lunes,E,313471.5425
3839,84.72654786,2800,0.306368306,Viernes,T,329483.924
3840,96.04781018,2800,0.170596414,Miercoles,R,575483.6765
3841,85.75377794,10000,0.356847986,Lunes,I,908652.3127
3842,91.38258924,2800,0.325957596,Lunes,I,503776.9424
3843,82.13398677,10000,0.204973417,Lunes,A,618768.1049
3844,88.83371596,19000,0.383639037,Sabado,I,1871212.199
3845,96.91859997,2800,0.597403896,Martes,Q,757068.3878
3846,95.09484134,2800,0.396747419,Martes,S,639258.5552
3847,80.19827991,4000,0.304591143,Viernes,H,298151.7268
3848,81.34221319,2800,0.277656681,Miercoles,D,255027.4002
3849,95.00356929,2800,0.455516512,Viernes,P,652544.536
3850,82.62857586,10000,0.329827331,Jueves,R,703321.4359
3851,84.73256154,2800,0.364287699,Lunes,J,339357.4962
3852,93.66926697,2800,0.421418703,Jueves,A,599163.4324
3853,97.97757854,10000,0.404745157,Viernes,T,1960849.635
3854,82.9156564,2800,0.450005777,Lunes,F,309466.7551
3855,87.006198,2800,0.411132278,Lunes,D,402735.9755
3856,87.57286843,10000,0.296403784,Miercoles,A,998035.6555
3857,94.17716607,4000,0.147622031,Viernes,A,659900.9355
3858,93.49793221,2800,0.408346122,Lunes,Q,590226.3649
3859,81.53805483,2800,0.30155619,Miercoles,T,262169.8822
3860,82.59002244,10000,0.330916041,Miercoles,G,701535.2943
3861,81.89022296,10000,0.39960853,Martes,N,685394.4479
3862,81.59771463,2800,0.473078974,Viernes,T,283128.5901
3863,93.92091629,4000,0.263876055,Sabado,O,724451.2972
3864,84.19057647,4000,0.517385167,Martes,A,443807.9045
3865,85.59218053,2800,0.359952645,Sabado,H,358859.8471
3866,86.33879941,4000,0.361529997,Lunes,K,484225.6041
3867,83.03403464,10000,0.139000553,Viernes,H,619921.1141
3868,86.80376716,2800,0.281312524,Miercoles,O,372355.3876
3869,95.46483272,2800,0.481418052,Miercoles,P,675286.0571
3870,89.47354425,2800,0.388183201,Martes,L,464761.157
3871,85.85489654,2800,0.30767291,Miercoles,B,355528.2493
3872,90.19098392,2800,0.416263949,Jueves,N,491113.6061
3873,93.55559894,2800,0.315854745,Martes,L,565097.1867
3874,92.23277046,2800,0.260198737,Sabado,R,507575.8404
3875,90.14623931,19000,0.422543197,Lunes,Q,2079252.414
3876,92.12862355,4000,0.418338648,Miercoles,H,713528.7296
3877,81.79207934,19000,0.298379446,Miercoles,P,1040772.428
3878,82.41749102,19000,0.373011929,Miercoles,E,1145985.556
3879,96.6294395,2800,0.213091924,Jueves,G,617001.9328
3880,96.02325095,2800,0.391761878,Miercoles,G,669114.8021
3881,95.38953158,19000,0.360687959,Jueves,I,2758306.057
3882,83.01661334,2800,0.266557956,Martes,D,286025.7574
3883,86.70408576,10000,0.369022049,Lunes,H,979137.8527
3884,97.94426982,4000,0.282358303,Sabado,J,904569.0339
3885,95.77575015,19000,0.474379094,Martes,I,2973386.193
3886,96.91402791,2800,0.368554759,Jueves,L,692099.8917
3887,85.55544395,4000,0.307425077,Viernes,J,446026.0698
3888,81.07157698,2800,0.396589096,Viernes,B,264480.0793
3889,86.32428814,2800,0.409092993,Lunes,N,384978.7853
3890,81.24556995,19000,0.28449264,Viernes,C,982957.6116
3891,91.75920933,2800,0.282736051,Sabado,T,501712.9115
3892,90.8364951,10000,0.424937794,Martes,B,1323208.766
3893,92.14216227,2800,0.321974985,Lunes,Q,524689.8511
3894,93.10428295,4000,0.221744733,Martes,P,670663.0034
3895,91.93968098,4000,0.391841675,Martes,D,697301.3232
3896,83.05954691,19000,0.199990518,Miercoles,J,1073953.241
3897,82.87705376,19000,0.283371529,Miercoles,F,1130379.346
3898,80.41301039,10000,0.302997157,Sabado,C,573351.928
3899,91.38269183,10000,0.253311829,Jueves,L,1239307.161
3900,81.61724605,2800,0.444266947,Lunes,C,280668.2973
3901,88.89407119,10000,0.221249869,Sabado,H,1031808.921
3902,88.95869042,19000,0.339578032,Viernes,J,1842803.768
3903,80.18701422,2800,0.310730577,Viernes,R,237883.1875
3904,84.29460424,10000,0.101781487,Sabado,T,645549.9346
3905,94.64235032,10000,0.305654949,Lunes,J,1553820.326
3906,92.80846895,4000,0.347419729,Sabado,I,716657.4469
3907,94.11897166,2800,0.288302614,Jueves,K,572856.5711
3908,90.37659473,2800,0.342645209,Miercoles,I,479591.1319
3909,86.86910333,4000,0.24341707,Viernes,L,467638.5795
3910,94.25343776,19000,0.443335861,Viernes,D,2694169.43
3911,88.62307902,2800,0.266874317,Sabado,G,413331.8099
3912,88.7288932,2800,0.30334377,Viernes,S,425412.4566
3913,86.64192954,2800,0.270862774,Sabado,F,366135.4967
3914,83.43530271,10000,0.338015423,Lunes,G,753928.0645
3915,90.03972584,4000,0.311819138,Miercoles,I,597511.6185
3916,85.23999235,2800,0.43368986,Martes,O,361794.775
3917,80.63434025,2800,0.296959321,Miercoles,J,244415.9966
3918,92.26753433,4000,0.233782547,Martes,J,646080.1065
3919,84.71364159,2800,0.541911295,Sabado,T,362538.0122
3920,95.06931615,19000,0.322531454,Sabado,O,2650831.694
3921,91.57530434,19000,0.441169699,Martes,E,2295148.813
3922,95.66557595,4000,0.321710325,Jueves,B,825273.4209
3923,88.64594734,4000,0.336019693,Miercoles,E,555631.3241
3924,82.15350952,4000,0.186002386,Viernes,J,320188.2065
3925,81.11977058,2800,0.447687559,Miercoles,Q,270654.1658
3926,81.08452257,10000,0.284029547,Viernes,B,601006.5273
3927,97.0646222,4000,0.356730202,Martes,L,904440.8784
3928,91.84349171,19000,0.500307338,Miercoles,E,2391487.653
3929,91.84916971,10000,0.328464625,Miercoles,A,1339983.33
3930,89.48896731,19000,0.205161291,Jueves,O,1731037.49
3931,83.56297812,2800,0.315689425,Lunes,G,305604.6182
3932,87.99151478,4000,0.364571024,Lunes,Q,540826.7339
3933,82.99208031,2800,0.373066808,Martes,P,301684.7334
3934,85.14239741,4000,0.346584077,Viernes,N,442658.3357
3935,89.3905507,4000,0.330475953,Miercoles,F,580332.054
3936,81.44276532,4000,0.21885743,Sabado,R,311603.8523
3937,87.67476146,2800,0.238453555,Miercoles,B,382369.6748
3938,86.80264352,2800,0.449272947,Viernes,E,403649.8476
3939,92.2295563,2800,0.366343796,Miercoles,R,539655.5941
3940,97.42610299,4000,0.356008721,Miercoles,E,920773.6584
3941,83.33273417,10000,0.431159573,Lunes,C,782454.5063
3942,95.77891565,4000,0.325033837,Miercoles,K,831786.7743
3943,88.77617439,2800,0.27176837,Viernes,L,418519.4051
3944,86.96571273,4000,0.236940151,Miercoles,K,468378.733
3945,96.91173989,4000,0.387383582,Martes,K,911467.117
3946,87.55619839,2800,0.437789089,Martes,F,421717.4759
3947,89.09722048,2800,0.308582518,Sabado,T,436326.5432
3948,80.08516872,19000,0.446822926,Viernes,O,962688.4213
3949,95.28225639,19000,0.32665714,Lunes,A,2689164.864
3950,86.62946242,2800,0.180336263,Martes,C,341416.654
3951,82.80523195,2800,0.263619378,Jueves,T,281263.4181
3952,88.99855011,4000,0.262383921,Sabado,E,543224.8895
3953,80.96938011,2800,0.311696335,Martes,Q,252596.7191
3954,83.86088921,4000,0.207754062,Martes,B,369848.7522
3955,93.42487169,2800,0.281283281,Sabado,K,549477.3577
3956,90.09148607,4000,0.36724282,Lunes,Q,617554.6306
3957,86.36362305,10000,0.472265377,Martes,M,1001319.29
3958,84.73189457,2800,0.40099525,Miercoles,J,344888.7431
3959,94.35758817,4000,0.389081794,Lunes,A,797454.304
3960,85.55585906,19000,0.276164466,Sabado,T,1390498.787
3961,94.51953908,4000,0.471970194,Martes,E,834071.8985
3962,83.76077727,19000,0.22271007,Viernes,N,1160551.436
3963,97.92502929,2800,0.210466696,Viernes,R,656091.8933
3964,92.00894436,2800,0.396723635,Lunes,F,540725.158
3965,97.06612404,2800,0.333030512,Sabado,Q,684449.3907
3966,85.48975711,2800,0.282434403,Miercoles,M,342063.3604
3967,91.78863742,2800,0.305393563,Sabado,S,509525.34
3968,85.51372743,2800,0.460374087,Sabado,M,372311.6776
3969,80.62083614,2800,0.365945088,Lunes,Q,252311.4878
3970,90.01962335,2800,0.261301642,Viernes,E,447659.8142
3971,96.84340427,2800,0.338911916,Sabado,T,679073.9691
3972,84.47434513,2800,0.227451796,Sabado,G,308225.9436
3973,96.01850745,2800,0.324697688,Sabado,O,646259.938
3974,90.18194051,2800,0.354662205,Viernes,B,477056.2226
3975,86.87563411,2800,0.241438009,Miercoles,S,364409.2111
3976,95.39120289,4000,0.332292869,Jueves,P,818377.4148
3977,92.82313024,2800,0.39573082,Lunes,T,565583.589
3978,80.58903962,2800,0.479338273,Jueves,A,262706.5044
3979,90.08950097,19000,0.342642078,Sabado,N,1988768.826
3980,97.09393072,2800,0.129443225,Jueves,J,576530.7081
3981,80.66196974,10000,0.412958177,Viernes,M,620157.7568
3982,84.11491217,2800,0.257461455,Jueves,N,307003.9757
3983,97.5107048,4000,0.25154253,Jueves,G,866215.6191
3984,93.50722251,2800,0.32074975,Jueves,M,565194.6122
3985,80.9276616,4000,0.251449706,Jueves,E,306268.4351
3986,90.00582633,2800,0.23687928,Sabado,B,439639.2536
3987,86.0007833,2800,0.393940184,Jueves,Q,374441.2546
3988,82.42974801,2800,0.345240897,Martes,L,286042.9441
3989,90.76079334,10000,0.282476979,Martes,M,1217873.93
3990,92.38128784,2800,0.333261956,Viernes,C,535039.5598
3991,95.75369543,2800,0.402395877,Jueves,R,663190.6942
3992,88.73214962,10000,0.201728057,Viernes,D,1003159.399
3993,87.28830916,19000,0.475857415,Jueves,P,1753244.104
3994,97.6864325,19000,0.195943938,Sabado,Q,2768418.233
3995,80.5207605,2800,0.402748916,Lunes,D,254198.8969
3996,86.550736,2800,0.176394741,Martes,G,338451.836
3997,88.05244398,2800,0.330188478,Miercoles,N,414161.7012
3998,82.37933181,10000,0.267056397,Viernes,C,662791.709
3999,83.57743188,2800,0.270637285,Jueves,R,298251.4119
4000,90.59532908,2800,0.354383822,Viernes,T,488677.1469
