id,Date,Price,Bedrooms,Bathrooms,Sqft_living,Sqft_lot,Floors,Waterfront,View,Condition,Grade,Sqft_above,Sqft_basement,Yr_built,Yr_renovated,zipcode,Lat,Long,Sqft_living15,Sqft_lot15
28422,20140923T000000,1000000.0,3,2.75,2370,8900,1.0,0,4,4,9,1670,700,1971,0,98006,47.5648,-122.156,2840,8956
26823,20140915T000000,570000.0,3,3.5,1460,1021,2.0,0,0,3,8,1150,310,2006,0,98122,47.6169,-122.309,1460,1245
17908,20150212T000000,178500.0,3,1.0,900,10511,1.0,0,0,4,6,900,0,1961,0,98001,47.2883,-122.272,1460,10643
19123,20141202T000000,450000.0,2,1.0,950,4560,1.5,0,0,3,7,950,0,1925,0,98112,47.6288,-122.3,2040,4560
11178,20140627T000000,641000.0,4,2.5,2770,63118,2.0,0,0,3,9,2770,0,1997,0,98014,47.6622,-121.961,2770,44224
30765,20150209T000000,2260000.0,3,3.5,3110,14872,1.0,0,0,3,10,3110,0,2003,0,98004,47.6178,-122.209,3110,12433
27192,20141210T000000,176000.0,3,2.25,1540,5449,1.0,0,0,2,7,1180,360,1989,0,98023,47.29,-122.358,1460,6740
18672,20140618T000000,384400.0,3,3.25,1689,1388,3.0,0,0,3,8,1689,0,2008,0,98125,47.7174,-122.317,1459,1384
30041,20150331T000000,408000.0,2,2.0,1200,3900,1.0,0,0,3,8,1200,0,2006,0,98053,47.72,-122.024,1440,5580
25689,20150406T000000,330000.0,3,2.0,1500,11233,1.0,0,0,3,7,1500,0,1987,0,98019,47.7279,-121.967,1580,14013
30491,20141105T000000,462000.0,3,2.75,1890,2614,2.0,0,0,4,9,1890,0,1979,0,98008,47.6102,-122.114,1800,2769
15321,20140905T000000,1100000.0,4,2.75,3410,7750,1.0,0,4,5,8,1710,1700,1958,0,98116,47.5718,-122.406,3080,8525
13767,20140820T000000,249000.0,3,1.5,1580,7200,1.0,0,0,4,7,1080,500,1976,0,98092,47.2761,-122.152,1580,7470
30982,20150330T000000,525000.0,3,2.5,3030,4500,2.0,0,0,3,8,3030,0,2009,0,98059,47.4944,-122.15,3030,4501
16608,20150505T000000,546000.0,3,3.0,1530,9999,1.0,0,0,4,7,1150,380,1983,0,98033,47.6869,-122.186,1530,8556
27785,20150421T000000,205000.0,3,1.0,1300,9880,1.0,0,0,4,7,1300,0,1959,0,98003,47.3352,-122.297,2140,9600
25150,20150512T000000,700000.0,4,1.75,1980,10800,1.0,0,0,4,8,1320,660,1953,0,98005,47.5899,-122.173,2310,10800
17807,20141118T000000,345000.0,3,1.5,1030,6969,1.0,0,0,4,6,1030,0,1921,0,98108,47.5492,-122.3,1420,6000
15799,20150218T000000,510000.0,3,2.0,1680,8080,1.0,0,0,3,8,1680,0,1987,0,98074,47.6168,-122.045,1800,7503
30862,20150424T000000,308000.0,2,1.0,1680,9250,1.0,0,0,3,7,860,820,1969,0,98072,47.7618,-122.162,1590,9542
21125,20141125T000000,549000.0,3,2.0,1340,3000,2.0,0,0,5,7,1340,0,1905,0,98103,47.6857,-122.349,1120,3000
10916,20141210T000000,1060000.0,4,5.25,4140,14757,2.0,0,2,3,11,4140,0,2005,0,98075,47.5871,-121.969,4440,15523
29738,20140725T000000,317000.0,3,2.0,1790,8228,1.0,0,0,3,7,1390,400,1980,0,98058,47.4658,-122.172,1880,8228
23187,20141008T000000,1010000.0,3,2.25,2160,7500,2.0,0,0,3,10,2160,0,1982,0,98112,47.6232,-122.299,1550,3839
27953,20141118T000000,300000.0,3,1.0,950,4760,1.5,0,0,3,6,950,0,1929,0,98106,47.5236,-122.348,1080,4760
25202,20141117T000000,485230.0,4,2.5,2714,12558,2.0,0,0,3,9,2714,0,2014,0,98031,47.3522,-122.201,2873,8269
15359,20150224T000000,312500.0,4,1.75,2280,7840,1.0,0,0,3,7,1280,1000,1957,0,98055,47.4809,-122.224,2120,7260
13317,20150427T000000,846450.0,4,2.5,3710,7491,2.0,0,0,3,9,3710,0,2003,0,98029,47.5596,-122.016,3040,7491
14147,20140527T000000,244000.0,3,1.0,910,5250,1.0,0,0,4,6,910,0,1971,0,98166,47.4729,-122.352,1650,10442
17205,20150128T000000,914600.0,4,3.0,3180,80837,2.0,0,0,3,11,3180,0,1985,0,98072,47.7336,-122.134,3180,38715
23292,20140916T000000,230000.0,3,1.0,1190,9083,1.0,0,0,3,7,1190,0,1955,0,98198,47.4116,-122.293,1190,9450
16148,20150113T000000,320000.0,3,1.0,1060,5000,1.0,0,0,3,7,1060,0,1958,0,98106,47.5294,-122.354,1220,4600
15006,20150403T000000,662500.0,3,2.5,3560,9796,1.0,0,0,3,8,1860,1700,1965,0,98007,47.6007,-122.145,2210,8925
16922,20150414T000000,579950.0,4,2.5,2880,213444,1.0,0,0,5,8,2140,740,1984,0,98092,47.2887,-122.109,2810,213444
11489,20140722T000000,298000.0,3,2.5,1852,4000,2.0,0,0,3,7,1852,0,2014,0,98002,47.3455,-122.21,2166,4000
24748,20140605T000000,565000.0,3,2.75,2390,9966,1.0,0,0,5,8,1360,1030,1977,0,98006,47.5433,-122.185,2140,10713
13890,20150116T000000,278000.0,2,2.25,1610,1968,2.0,0,0,4,7,1610,0,1979,0,98056,47.5184,-122.196,1950,1968
24169,20141009T000000,400000.0,4,2.5,3140,12792,2.0,0,0,4,9,3140,0,1977,0,98042,47.3863,-122.156,2510,12792
24444,20150312T000000,319900.0,2,1.0,1380,9251,1.0,0,0,3,7,1380,0,1940,0,98028,47.7486,-122.249,1870,12158
31959,20140724T000000,759900.0,4,2.5,3000,5639,2.0,0,0,3,8,3000,0,2008,0,98052,47.7066,-122.115,3000,4587
23680,20140829T000000,682000.0,5,2.25,2120,4000,1.5,0,0,4,7,1720,400,1910,0,98109,47.644,-122.353,1960,4000
15653,20141120T000000,700000.0,2,1.75,1679,577605,2.0,0,0,3,9,1679,0,2001,0,98070,47.463,-122.475,1850,358934
30281,20141217T000000,685000.0,4,2.5,2510,3479,2.0,0,0,3,8,2510,0,2007,0,98052,47.6981,-122.099,2540,4171
12248,20140929T000000,555000.0,3,2.0,2240,11250,1.0,0,0,3,8,2240,0,1968,0,98008,47.6371,-122.119,2200,12500
14188,20150128T000000,520000.0,4,2.5,2410,6440,1.0,0,0,3,8,1550,860,1974,0,98034,47.7153,-122.191,2330,6938
14221,20150415T000000,189950.0,2,1.0,1030,4188,1.0,0,0,3,8,1030,0,1981,0,98038,47.3738,-122.057,1450,3376
28369,20140806T000000,382000.0,2,2.5,1650,2710,2.0,0,2,3,8,1650,0,2008,0,98065,47.5173,-121.878,1760,2992
21307,20140710T000000,350000.0,4,1.0,1170,8147,1.5,0,0,3,6,1170,0,1959,0,98125,47.7281,-122.289,1260,8147
17769,20140725T000000,112000.0,1,1.0,1080,3230,1.0,0,0,3,6,1080,0,1963,0,98002,47.3075,-122.217,1210,5760
16898,20150415T000000,229500.0,3,1.0,1780,7470,1.0,0,0,3,7,1050,730,1960,0,98146,47.5123,-122.337,1780,8113
28311,20140905T000000,389000.0,3,2.5,1720,4515,2.0,0,0,3,7,1720,0,2005,0,98065,47.5426,-121.879,2220,4618
22350,20150327T000000,320000.0,4,2.5,1940,7040,2.0,0,0,3,8,1940,0,1998,0,98092,47.2632,-122.209,2400,7145
30235,20140715T000000,245000.0,3,2.0,1470,8000,1.0,0,0,4,8,1470,0,1974,0,98023,47.3191,-122.385,1980,8000
22940,20150408T000000,485000.0,3,1.75,2180,7318,1.0,0,0,4,7,1210,970,1967,0,98126,47.5251,-122.37,2140,7560
11309,20150508T000000,410000.0,3,1.0,1190,5280,1.0,0,0,4,7,1190,0,1957,0,98146,47.5131,-122.383,1280,5280
13456,20150213T000000,310597.0,4,1.75,2000,25700,1.0,0,0,4,7,1150,850,1958,0,98023,47.32,-122.362,2420,27500
17676,20150507T000000,489500.0,4,3.5,2730,5707,2.0,0,0,3,8,2000,730,2011,0,98019,47.7327,-121.965,2430,5899
32244,20140513T000000,860000.0,4,2.5,3560,11119,1.0,0,2,3,10,2290,1270,1986,0,98004,47.6456,-122.19,3290,11385
15134,20140613T000000,697000.0,4,2.75,3650,48351,1.5,0,0,4,8,3650,0,1978,0,98077,47.7632,-122.089,2820,53143
14804,20141030T000000,579500.0,3,1.75,1250,4120,1.0,0,0,4,7,980,270,1925,0,98117,47.685,-122.36,1250,4120
31518,20140923T000000,290000.0,4,2.25,1900,10950,1.0,0,0,4,7,1400,500,1959,0,98032,47.3582,-122.284,1700,11850
22564,20141117T000000,417000.0,3,2.5,2000,4500,2.0,0,0,3,7,2000,0,2010,0,98059,47.4937,-122.149,2230,4501
22170,20150428T000000,452100.0,4,2.5,3160,6540,1.0,0,3,3,8,1580,1580,1959,0,98178,47.5037,-122.24,1990,7090
23606,20150102T000000,514500.0,4,2.5,2990,9614,1.0,0,2,4,9,1740,1250,1976,0,98003,47.3424,-122.329,3370,12085
26134,20150306T000000,685000.0,5,2.5,1900,7843,2.0,0,0,5,7,1900,0,1966,0,98008,47.6273,-122.123,1900,7350
18283,20140722T000000,690000.0,4,3.25,3730,11820,2.0,0,0,3,10,2460,1270,1990,0,98029,47.5775,-122.019,3680,10667
15641,20150404T000000,330000.0,3,2.5,2410,17424,1.0,0,0,3,7,1630,780,1978,0,98030,47.3741,-122.218,1530,11761
29453,20140811T000000,297000.0,3,2.25,1450,7562,2.0,0,0,3,7,1450,0,1994,0,98056,47.5038,-122.189,1650,7625
24147,20141013T000000,290000.0,4,2.5,1850,5674,2.0,0,0,3,7,1850,0,1993,0,98042,47.3536,-122.142,1750,6875
20158,20140904T000000,616950.0,5,3.5,3560,5008,2.0,0,0,3,8,2810,750,2013,0,98106,47.5542,-122.359,2910,5026
29014,20140820T000000,510000.0,3,2.25,2340,6183,1.0,0,0,3,7,1210,1130,1929,0,98115,47.6979,-122.31,1970,6183
21721,20150410T000000,445000.0,4,2.5,2760,8558,2.0,0,0,3,7,2760,0,2001,0,98056,47.4802,-122.189,2760,7703
13141,20150403T000000,425000.0,3,1.5,1660,5665,1.0,0,0,5,7,920,740,1918,0,98118,47.5391,-122.274,1530,5665
13229,20150430T000000,825000.0,3,2.25,2980,86636,1.0,0,0,3,9,2230,750,1989,0,98053,47.6627,-122.003,2980,107157
25905,20141119T000000,299000.0,3,2.5,1850,4600,2.0,0,0,3,7,1850,0,2005,0,98058,47.4661,-122.145,2160,4751
31240,20140717T000000,375000.0,1,1.0,720,3166,1.0,0,0,3,6,720,0,1920,0,98116,47.5811,-122.389,1140,6250
31599,20140625T000000,285000.0,3,2.0,1460,6377,1.0,0,0,3,7,1460,0,1995,0,98038,47.3679,-122.02,1600,6250
13502,20141229T000000,562000.0,4,2.75,2560,83200,1.0,0,0,3,8,1860,700,1980,0,98072,47.7511,-122.111,1990,38332
22024,20140918T000000,525126.0,5,2.25,1950,8025,1.0,0,2,3,7,1150,800,1960,0,98008,47.6159,-122.114,1780,8560
32105,20140820T000000,640000.0,3,1.5,1960,4080,1.5,0,0,3,7,1960,0,1915,0,98115,47.6768,-122.31,1880,4080
20809,20141030T000000,759990.0,4,2.5,2540,5760,2.0,0,0,3,9,2540,0,2009,0,98029,47.5405,-121.993,2580,3600
25688,20140617T000000,400000.0,3,2.25,2140,11266,2.0,0,0,3,7,2140,0,1986,0,98019,47.7267,-121.966,2000,14174
17575,20150512T000000,270000.0,3,2.25,2080,26574,1.0,0,2,3,7,1380,700,1993,0,98002,47.2846,-122.192,1770,8140
32003,20140801T000000,415000.0,3,2.5,1610,3600,2.0,0,0,3,8,1610,0,2010,0,98072,47.771,-122.169,2210,3600
11304,20140620T000000,665900.0,4,2.25,2870,5453,2.0,0,1,4,8,2220,650,1926,0,98146,47.5129,-122.388,1660,4800
31577,20140524T000000,372000.0,4,1.75,1960,9300,1.0,0,0,5,7,1340,620,1979,0,98045,47.4487,-121.772,1500,9752
20483,20140725T000000,324950.0,3,1.0,1240,7500,1.0,0,0,4,7,1240,0,1976,0,98074,47.6199,-122.062,1240,9750
17907,20140814T000000,225000.0,3,1.0,1120,10665,1.0,0,0,4,6,1120,0,1961,0,98001,47.2886,-122.274,1240,10639
26641,20140723T000000,281000.0,3,2.5,1760,7601,2.0,0,0,3,8,1760,0,1992,0,98003,47.2672,-122.313,1920,6851
22496,20150116T000000,200000.0,2,1.0,830,7200,1.0,0,0,2,6,830,0,1920,0,98118,47.5604,-122.275,1150,6600
18998,20150423T000000,894000.0,4,2.5,3800,22029,2.0,0,0,3,9,3800,0,1993,0,98053,47.6734,-122.026,3170,24979
12000,20141103T000000,363000.0,2,2.0,920,1201,2.0,0,0,3,8,800,120,2009,0,98144,47.5926,-122.295,1150,1161
31979,20150304T000000,818900.0,3,1.0,1080,4120,1.0,0,0,3,7,980,100,1919,0,98115,47.6771,-122.319,1280,3090
31564,20141001T000000,234000.0,3,1.5,1140,10300,1.5,0,0,4,6,1140,0,1967,0,98045,47.4452,-121.77,1250,9975
14381,20140603T000000,550000.0,4,2.5,2170,9600,1.0,0,0,3,7,1460,710,1980,0,98052,47.6789,-122.116,1940,8400
22899,20141030T000000,1220000.0,3,2.25,2640,7544,1.0,0,0,3,10,2640,0,1995,0,98004,47.6224,-122.195,2650,7904
29622,20140708T000000,449990.0,4,2.5,2680,5539,2.0,0,0,3,8,2680,0,2013,0,98045,47.4759,-121.734,2680,5992
29628,20140919T000000,525000.0,4,2.5,2450,5280,2.0,0,0,3,8,2450,0,2003,0,98011,47.7734,-122.224,2300,4674
18566,20150106T000000,700000.0,9,3.0,3680,4400,2.0,0,0,3,7,2830,850,1908,0,98102,47.6374,-122.324,1960,2450
29378,20150416T000000,672000.0,3,2.5,1780,1647,2.0,0,0,3,8,1080,700,2008,0,98103,47.6597,-122.355,2000,1741
11023,20141209T000000,283000.0,4,2.0,2100,8160,1.0,0,0,3,7,1200,900,1959,0,98106,47.5145,-122.365,1140,8160
22928,20150331T000000,305000.0,3,2.5,1260,895,3.0,0,0,3,7,1160,100,2009,0,98133,47.7072,-122.336,1190,1095
15932,20140822T000000,325000.0,1,1.0,1220,12426,1.0,0,4,4,6,1220,0,1946,0,98198,47.4047,-122.331,2770,22270
25060,20140811T000000,327000.0,2,1.0,1070,9750,1.0,0,0,3,7,1070,0,1947,0,98155,47.7532,-122.318,1500,8775
16259,20140609T000000,325000.0,3,2.0,1350,11805,1.0,0,0,3,7,1350,0,1986,0,98019,47.7313,-121.971,1350,14200
24937,20141023T000000,378950.0,4,2.0,1820,8400,1.0,0,0,5,7,1300,520,1956,0,98155,47.7615,-122.329,1700,9450
16424,20150122T000000,650500.0,5,4.25,3920,11412,2.0,0,0,3,7,3920,0,1955,2005,98006,47.5766,-122.151,1400,9750
18933,20141024T000000,475000.0,3,2.25,1380,1621,2.0,0,0,3,8,1140,240,2007,0,98117,47.678,-122.375,1460,1403
26197,20141113T000000,595000.0,3,1.75,2060,3600,1.5,0,0,3,7,1180,880,1905,1985,98119,47.6389,-122.371,1730,2475
26526,20140930T000000,575000.0,3,2.5,2120,4780,2.0,0,0,3,7,2120,0,2004,0,98053,47.681,-122.032,1690,2650
29190,20150302T000000,1810000.0,5,2.5,4250,20441,1.0,0,1,4,11,2490,1760,1984,0,98004,47.6377,-122.211,3620,16304
28553,20140825T000000,605000.0,3,2.5,2960,18600,2.0,0,0,3,8,2960,0,1979,0,98166,47.4358,-122.344,2740,15681
28345,20141217T000000,388500.0,4,2.5,1890,5395,2.0,0,0,3,7,1890,0,2006,0,98065,47.5415,-121.883,2060,5395
27850,20140507T000000,239900.0,3,2.0,1410,7566,1.0,0,0,3,7,1410,0,1985,0,98030,47.3674,-122.182,1570,7210
14950,20140618T000000,739888.0,3,2.5,2420,43177,2.0,0,4,4,8,1690,730,1989,0,98075,47.569,-122.058,3740,8717
26016,20141202T000000,382000.0,4,1.0,1740,4400,1.5,0,0,3,7,1740,0,1924,0,98122,47.6058,-122.3,1590,4400
25617,20141224T000000,360000.0,4,2.5,2390,7056,2.0,0,0,3,9,2390,0,1990,0,98001,47.3385,-122.264,2590,7801
27172,20141218T000000,276000.0,3,1.0,870,8040,1.0,0,0,3,7,870,0,1953,0,98177,47.7048,-122.368,1440,8040
17182,20141020T000000,332544.0,2,1.75,1710,4187,1.0,0,0,3,7,1710,0,1987,0,98055,47.4732,-122.188,1760,4084
27102,20140729T000000,275000.0,3,2.25,1640,6044,2.0,0,0,3,7,1640,0,1996,0,98002,47.2844,-122.205,1600,7418
29467,20141227T000000,350000.0,3,2.5,1860,21876,2.0,0,0,3,8,1860,0,1992,0,98014,47.6455,-121.901,2450,21876
11251,20150227T000000,375000.0,2,1.0,1840,81892,1.0,0,0,3,6,1840,0,1955,0,98072,47.7694,-122.124,2550,40089
20303,20150105T000000,490000.0,3,1.0,920,4800,1.0,0,0,4,6,780,140,1926,0,98117,47.6937,-122.362,1370,4800
22752,20140506T000000,219000.0,2,1.0,900,5160,1.0,0,0,3,6,900,0,1952,0,98106,47.525,-122.356,900,5160
32129,20140520T000000,700000.0,4,1.0,1680,4021,1.5,0,0,3,7,1680,0,1921,0,98103,47.6663,-122.332,1710,4021
11713,20141124T000000,225000.0,3,1.0,960,6500,1.0,0,0,4,5,960,0,1954,0,98056,47.497,-122.171,1150,6500
27385,20140623T000000,335000.0,1,1.0,720,5100,1.0,0,0,3,6,720,0,1907,0,98117,47.6821,-122.38,1320,5100
25083,20150127T000000,215000.0,4,2.5,2130,4496,2.0,0,0,3,7,2130,0,2004,0,98001,47.3041,-122.28,3220,5400
30323,20141008T000000,450000.0,4,1.75,1640,1480,1.0,0,0,4,7,820,820,1912,0,98105,47.6684,-122.314,1420,2342
17643,20150420T000000,485000.0,4,2.5,2400,10364,2.0,0,0,3,8,2400,0,1995,0,98045,47.4832,-121.799,2390,9918
17742,20140724T000000,825000.0,3,3.0,3730,35900,1.0,0,0,3,9,2960,770,1979,0,98008,47.5814,-122.122,2280,16026
26075,20150410T000000,352500.0,3,1.75,1860,7881,1.0,0,0,3,7,1160,700,1986,0,98198,47.3855,-122.322,1490,7527
12720,20150327T000000,820000.0,3,2.5,3030,46538,2.0,0,0,3,10,3030,0,1997,0,98053,47.664,-122.041,3370,51450
16888,20141030T000000,230000.0,6,3.0,2180,7220,2.0,0,0,3,7,2180,0,1980,0,98003,47.3046,-122.305,2260,7344
15437,20141020T000000,334950.0,4,1.75,1700,40973,1.0,0,0,3,8,1700,0,1961,0,98031,47.3439,-122.198,2760,40973
14040,20150512T000000,440000.0,4,2.5,2410,7517,2.0,0,0,3,8,2410,0,1983,0,98058,47.4388,-122.142,2420,8095
27196,20140514T000000,1220000.0,4,3.5,4910,9444,1.5,0,0,3,11,3110,1800,2007,0,98074,47.6502,-122.066,4560,11063
14923,20140529T000000,412000.0,3,1.75,1950,52256,1.0,0,0,4,8,1950,0,1985,0,98042,47.3133,-122.078,2450,51836
24177,20140721T000000,449950.0,4,2.5,3100,10000,2.0,0,0,3,9,3100,0,1978,0,98042,47.3741,-122.15,1850,9438
13632,20140718T000000,515000.0,3,3.0,2100,2409,2.0,0,0,3,8,1660,440,2008,0,98144,47.5973,-122.298,1900,2400
28137,20150225T000000,325000.0,3,2.5,2130,12245,2.0,0,0,3,8,2130,0,1989,0,98042,47.3406,-122.057,1910,12216
25035,20140626T000000,1080000.0,4,3.5,3990,5267,2.0,0,0,3,10,3990,0,2008,0,98006,47.5641,-122.124,3230,6481
11888,20141020T000000,411100.0,3,1.5,1040,10323,1.0,0,0,4,7,1040,0,1958,0,98005,47.5882,-122.155,1580,7200
31016,20141001T000000,570000.0,4,1.75,2340,5080,1.0,0,0,5,7,1170,1170,1924,0,98115,47.6746,-122.32,1270,3270
26730,20140609T000000,290000.0,4,3.0,2390,4500,2.0,0,0,3,7,2390,0,1974,0,98055,47.4872,-122.204,1320,4500
23621,20140609T000000,554000.0,3,1.75,1760,10780,1.0,0,0,3,8,1760,0,1977,0,98005,47.5938,-122.154,2090,10780
13017,20140605T000000,1160000.0,4,2.25,2980,8051,1.5,0,2,4,10,2020,960,1935,0,98199,47.6426,-122.409,2760,5499
10809,20140709T000000,487000.0,4,2.5,2540,5001,2.0,0,0,3,9,2540,0,2005,0,98108,47.5423,-122.302,2360,6834
20890,20140701T000000,535000.0,4,1.75,1420,5000,1.5,0,0,4,7,1420,0,1945,0,98117,47.6771,-122.397,1490,5000
21075,20140825T000000,290000.0,3,1.5,1310,8100,1.0,0,0,3,7,1310,0,1965,0,98034,47.7328,-122.201,1330,8100
25236,20141222T000000,810000.0,4,3.25,4140,46173,2.0,0,0,3,9,4140,0,2007,0,98011,47.7647,-122.213,2060,43103
30429,20140714T000000,455000.0,3,1.0,1480,13280,2.5,0,0,3,6,1480,0,1940,0,98027,47.5378,-122.043,1510,8723
19619,20150306T000000,820000.0,4,2.5,3260,26772,2.0,0,0,3,9,3260,0,2007,0,98027,47.5115,-122.031,3260,14491
15295,20150508T000000,260000.0,3,2.25,1610,7423,2.0,0,0,4,7,1610,0,1990,0,98042,47.3713,-122.091,1530,8102
15766,20140722T000000,640000.0,3,2.5,2390,8315,2.0,0,0,4,9,2390,0,1990,0,98074,47.6271,-122.028,2370,7816
23171,20140625T000000,690500.0,5,2.0,2000,4211,1.5,0,2,4,7,1280,720,1908,0,98112,47.6283,-122.301,1680,4000
16963,20150206T000000,900000.0,3,3.25,3870,33980,2.0,0,0,3,10,3150,720,1991,0,98006,47.5589,-122.117,3590,10750
25949,20141211T000000,1130000.0,4,2.5,2520,2600,2.0,0,0,5,8,1670,850,1925,0,98119,47.6434,-122.358,2290,3600
12909,20150106T000000,665000.0,3,2.0,1740,41275,1.0,0,0,3,8,1740,0,1974,1989,98045,47.4914,-121.763,2630,41275
20599,20140904T000000,201000.0,3,1.0,1220,22443,1.0,0,0,4,7,1220,0,1972,0,98001,47.2633,-122.245,1260,19950
30198,20140711T000000,235000.0,3,2.5,2350,9051,1.0,0,0,4,8,1570,780,1966,0,98023,47.3126,-122.364,2270,8748
26531,20141008T000000,790000.0,4,2.5,3500,7519,2.0,0,0,3,9,3500,0,2004,0,98053,47.6799,-122.024,3920,7982
18863,20140828T000000,3170000.0,5,3.5,4330,11979,1.0,0,4,3,12,2090,2240,2008,0,98004,47.6251,-122.218,4320,12000
22283,20141013T000000,640000.0,4,1.75,2060,9828,1.0,0,0,4,8,2060,0,1960,0,98005,47.5867,-122.174,2260,9996
15601,20140828T000000,255000.0,3,1.5,1490,6604,1.0,0,0,4,6,1490,0,1918,0,98166,47.4683,-122.351,1330,6604
28929,20141119T000000,595000.0,4,2.5,2100,3125,2.0,0,2,3,7,1400,700,1907,1993,98107,47.6634,-122.358,2060,5040
18215,20150324T000000,290000.0,3,2.5,1610,2937,2.0,0,0,3,8,1610,0,2006,0,98055,47.4489,-122.188,1610,3049
23587,20150423T000000,460000.0,4,2.5,2680,11998,1.0,0,3,3,8,1510,1170,1960,0,98003,47.337,-122.321,2680,12746
13271,20140929T000000,745000.0,4,2.5,2760,13093,2.0,0,0,4,9,2760,0,1989,0,98075,47.5845,-122.06,2810,13545
21294,20150504T000000,270000.0,3,2.25,1740,7345,1.0,0,0,3,7,1380,360,1973,0,98032,47.3663,-122.285,1770,8250
20073,20150217T000000,585000.0,3,2.5,1750,1381,3.0,0,0,3,8,1750,0,2008,0,98122,47.6021,-122.294,1940,4800
22876,20150220T000000,252000.0,3,1.5,1150,13200,1.0,0,0,3,7,1150,0,1956,0,98166,47.4752,-122.345,1220,13066
18369,20141105T000000,290000.0,4,1.0,1330,8184,1.5,0,0,3,7,1330,0,1949,0,98133,47.7343,-122.347,1220,660
22092,20141023T000000,399950.0,3,1.75,2450,15001,1.0,0,0,3,7,1980,470,1989,0,98014,47.6957,-121.913,1790,15323
21118,20141015T000000,765000.0,4,2.75,2660,4500,1.5,0,0,5,8,1860,800,1909,0,98103,47.6864,-122.347,1830,4000
14302,20140520T000000,520000.0,4,3.5,2680,10000,2.0,0,0,3,8,2040,640,1942,2014,98125,47.726,-122.296,1530,8000
20673,20140611T000000,435000.0,3,2.5,1420,2581,3.0,0,0,3,7,1420,0,2004,0,98133,47.7027,-122.357,1420,2509
14496,20140619T000000,405000.0,2,1.0,1260,4377,1.0,0,0,4,7,1260,0,1947,0,98103,47.6988,-122.354,1420,6376
20868,20140526T000000,370000.0,3,2.5,1780,4050,2.0,0,0,3,7,1780,0,2001,0,98155,47.7346,-122.308,1571,4976
31259,20141120T000000,770000.0,4,2.25,2730,5000,1.0,0,0,5,7,1460,1270,1955,0,98116,47.5843,-122.393,2010,5000
29222,20141027T000000,935000.0,5,4.5,4230,9701,2.0,0,0,3,10,4230,0,1999,0,98006,47.5444,-122.131,4130,12253
28317,20140604T000000,765000.0,4,3.0,4410,5104,2.0,0,0,3,9,3400,1010,2006,0,98065,47.5392,-121.861,4390,5537
32308,20150512T000000,440000.0,3,1.0,1040,4000,1.0,0,0,3,7,1040,0,1950,0,98122,47.6178,-122.292,1170,4000
31396,20150211T000000,822600.0,4,2.5,3010,9600,1.0,0,2,3,9,1510,1500,1979,0,98006,47.5519,-122.156,2780,10000
24695,20150423T000000,450000.0,2,1.5,1450,2550,1.0,0,0,3,7,820,630,1984,0,98103,47.6911,-122.348,1450,5100
18504,20141022T000000,490000.0,2,1.0,1420,4305,1.0,0,0,4,7,920,500,1941,0,98115,47.6864,-122.311,1420,4305
21015,20150427T000000,465000.0,3,1.75,1490,10757,1.0,0,0,3,7,1060,430,1966,0,98034,47.72,-122.229,1490,10609
28080,20141216T000000,292000.0,3,1.75,1650,14633,1.0,0,0,4,7,1650,0,1958,0,98056,47.4984,-122.176,1370,12495
18813,20141027T000000,487000.0,6,3.25,4750,248600,2.0,0,0,4,8,4750,0,1947,0,98022,47.1879,-121.973,2230,311610
14000,20141119T000000,517500.0,3,1.0,1190,7000,1.0,0,0,3,7,1190,0,1943,0,98199,47.6453,-122.403,1350,7000
17170,20140904T000000,350000.0,3,2.25,2470,10290,2.0,0,0,3,8,2230,240,1984,0,98058,47.4459,-122.124,1970,10150
24180,20141113T000000,275000.0,3,1.5,1510,16200,1.0,0,0,3,7,1510,0,1970,0,98031,47.3926,-122.167,1650,13950
17542,20150107T000000,445000.0,4,2.25,2130,7200,2.0,0,0,3,7,2130,0,1972,0,98034,47.7152,-122.168,1990,7200
19801,20140625T000000,283000.0,3,1.0,890,8400,1.0,0,0,4,6,890,0,1954,0,98056,47.5168,-122.204,1850,5565
31497,20140528T000000,254000.0,2,1.0,1060,8187,1.0,0,0,4,6,1060,0,1952,0,98133,47.7508,-122.349,1260,8188
14176,20150508T000000,205000.0,3,1.0,1610,8579,1.0,0,0,4,7,1010,600,1962,0,98058,47.4563,-122.171,1610,8579
14060,20141226T000000,215000.0,4,2.25,1900,9600,1.0,0,0,4,7,1900,0,1967,0,98031,47.4208,-122.2,2040,9600
31462,20150127T000000,365000.0,3,1.0,1030,4700,1.0,0,0,3,7,1030,0,1952,0,98146,47.5118,-122.377,1030,4700
19512,20140509T000000,280950.0,3,1.75,1390,8700,1.0,0,3,4,7,840,550,1912,0,98055,47.4725,-122.202,1390,10875
24246,20150512T000000,1190000.0,3,2.0,2160,15788,1.0,0,0,3,8,2160,0,1951,0,98004,47.6227,-122.207,2260,9787
18820,20140917T000000,300000.0,6,3.0,2744,9926,2.0,0,0,3,7,2744,0,2006,0,98002,47.2773,-122.216,2470,9926
10878,20140811T000000,398950.0,4,3.0,3000,10297,2.0,0,0,3,8,3000,0,2003,0,98042,47.3684,-122.073,2520,8366
26875,20140825T000000,338000.0,3,2.0,2440,23512,1.0,0,0,3,6,1640,800,1933,0,98148,47.4594,-122.326,1630,19613
27068,20140910T000000,590000.0,4,2.5,2660,35010,2.0,0,2,3,9,2660,0,1993,0,98045,47.4816,-121.714,2330,35448
24722,20150414T000000,669000.0,2,2.5,1640,1953,2.0,0,0,3,10,1640,0,2014,0,98118,47.5639,-122.292,1820,2653
15708,20141029T000000,740000.0,3,2.5,2200,3000,2.0,0,0,3,9,1530,670,2002,0,98109,47.6451,-122.35,2200,3300
13848,20141218T000000,327000.0,3,2.5,1810,7350,1.0,0,0,3,8,1310,500,1984,0,98058,47.4434,-122.125,2240,7350
16634,20141014T000000,515000.0,4,3.0,1820,8261,1.0,0,0,3,7,1420,400,1969,0,98034,47.7197,-122.219,1920,7961
31694,20141217T000000,632000.0,6,2.5,2560,8320,1.0,0,0,3,7,1370,1190,1961,0,98125,47.7021,-122.287,2360,7800
24215,20140916T000000,380000.0,4,1.75,1790,10186,1.0,0,0,4,8,1790,0,1965,0,98177,47.7769,-122.376,1790,9142
16589,20140718T000000,710000.0,3,2.25,3130,65775,2.0,0,0,4,8,3130,0,1978,0,98027,47.5462,-122.085,3130,72309
23119,20150318T000000,677790.0,6,3.0,2800,4213,2.0,0,0,3,8,2800,0,1998,0,98117,47.6892,-122.389,1440,3960
28178,20150327T000000,527900.0,3,2.5,2490,5928,2.0,0,2,3,8,2490,0,1998,0,98065,47.5385,-121.87,2420,6381
23994,20150326T000000,275000.0,3,2.5,1830,7062,2.0,0,0,3,7,1830,0,1990,0,98023,47.2895,-122.352,1820,6434
19653,20150213T000000,190000.0,3,1.0,1180,8775,1.0,0,0,3,7,1180,0,1966,0,98002,47.2848,-122.223,1300,8100
30565,20150311T000000,280000.0,3,2.25,1900,7800,1.0,0,0,4,8,1390,510,1977,0,98055,47.4545,-122.208,1730,7800
19473,20150330T000000,232500.0,3,2.0,1370,9760,1.0,0,0,4,7,1110,260,1979,0,98023,47.3009,-122.384,1640,9040
25703,20140729T000000,314950.0,2,2.5,1860,6359,2.0,0,0,3,7,1860,0,2003,0,98038,47.3847,-122.029,1860,6359
12185,20141212T000000,365000.0,4,2.5,2905,4874,2.0,0,0,3,9,2905,0,2003,0,98031,47.4084,-122.169,2900,5271
12663,20140520T000000,452000.0,4,1.0,1210,3760,1.5,0,0,3,6,1210,0,1900,0,98103,47.6872,-122.344,1540,3800
16999,20140513T000000,322500.0,3,2.0,1350,14200,1.0,0,0,3,7,1350,0,1989,0,98019,47.7315,-121.972,2100,15101
12311,20140505T000000,1400000.0,5,3.5,4010,8510,2.0,0,1,5,9,2850,1160,1971,0,98105,47.6578,-122.286,2610,6128
23206,20140911T000000,1850000.0,4,3.25,2910,1880,2.0,0,3,5,9,1830,1080,1914,0,98122,47.616,-122.282,3100,8200
15992,20141110T000000,1030000.0,3,2.5,3545,9816,1.0,0,0,3,10,2610,935,2005,0,98027,47.5534,-122.078,3630,7704
16177,20150414T000000,269000.0,2,2.0,1540,5000,1.5,0,0,3,8,1540,0,1986,0,98023,47.319,-122.394,1590,5000
16951,20140502T000000,491500.0,4,1.75,2190,125452,1.0,0,2,3,9,2190,0,1968,0,98092,47.2703,-122.069,3000,125017
29186,20140729T000000,1320000.0,4,3.25,3470,11843,1.0,0,3,3,11,2270,1200,1989,0,98006,47.5513,-122.135,3910,13247
20833,20140815T000000,405000.0,3,2.0,1740,18000,1.0,0,0,3,7,1230,510,1989,0,98028,47.7397,-122.242,1740,11250
18135,20150310T000000,1140000.0,4,3.25,2960,4296,2.0,0,0,3,9,2190,770,2007,0,98119,47.6526,-122.372,2150,6000
22660,20150226T000000,267000.0,4,1.75,2000,7350,1.0,0,0,3,7,1100,900,1963,0,98003,47.3428,-122.303,1720,7350
27414,20140723T000000,690000.0,3,2.5,1300,5150,1.5,0,0,4,7,1300,0,1920,0,98117,47.6838,-122.362,1400,4017
24047,20140523T000000,218000.0,3,1.0,960,9633,1.0,0,0,5,6,960,0,1982,0,98022,47.1951,-122.001,1080,8610
24440,20150410T000000,330000.0,3,3.0,2420,13959,1.0,0,0,4,8,1740,680,1988,0,98028,47.7486,-122.23,2570,13300
16901,20141114T000000,199900.0,1,1.0,720,7140,1.0,0,0,3,6,720,0,1930,0,98146,47.5119,-122.339,1140,7577
17349,20141118T000000,445000.0,4,2.0,1700,21780,1.0,0,0,4,6,1080,620,1940,0,98052,47.6289,-122.108,2070,12054
11469,20140826T000000,998000.0,5,4.5,4130,10404,2.0,0,0,3,10,4130,0,2004,0,98029,47.5556,-122.03,3890,11531
21158,20150305T000000,635000.0,4,2.25,2350,46173,2.0,0,0,4,8,2350,0,1980,0,98053,47.6657,-122.067,2390,36567
24914,20150417T000000,428000.0,3,2.5,1650,2201,3.0,0,0,3,8,1650,0,2007,0,98133,47.7108,-122.333,1650,1965
25700,20150414T000000,310000.0,3,2.5,1670,4220,2.0,0,0,3,7,1670,0,2002,0,98038,47.3834,-122.028,1670,4238
28947,20150316T000000,310000.0,4,2.5,2130,9013,2.0,0,0,3,8,2130,0,1988,0,98001,47.3208,-122.273,2350,8982
11848,20140625T000000,750000.0,3,1.5,1840,5000,1.5,0,0,5,7,1340,500,1915,0,98107,47.6652,-122.362,1840,5000
16078,20141006T000000,530000.0,2,1.5,1390,5000,1.0,0,0,4,8,970,420,1954,0,98116,47.5673,-122.401,1610,5000
20098,20140828T000000,326000.0,5,2.75,2166,6342,2.0,0,0,3,8,2166,0,2013,0,98042,47.3461,-122.152,2474,5948
19810,20141029T000000,376000.0,4,2.25,2200,6750,1.0,0,0,5,8,1480,720,1959,0,98056,47.5215,-122.202,2710,6750
18810,20141013T000000,453500.0,2,1.5,1710,4189,1.0,0,1,5,7,1160,550,1951,0,98136,47.5286,-122.383,1530,5608
26925,20141120T000000,890000.0,4,2.5,3370,7200,2.0,0,0,3,8,3370,0,2014,0,98177,47.7698,-122.384,1880,7200
15866,20140725T000000,500000.0,3,2.25,1420,983,3.0,0,0,3,8,1420,0,2006,0,98103,47.6533,-122.346,1530,1280
26516,20141014T000000,702000.0,4,2.75,3880,15025,2.0,0,0,3,7,3880,0,2004,0,98053,47.6777,-122.035,2620,5300
30249,20150320T000000,400000.0,3,1.75,1830,9620,1.0,0,0,4,8,1830,0,1978,0,98023,47.3123,-122.389,1990,8280
13165,20141201T000000,713500.0,5,2.75,2920,9163,1.0,0,0,4,8,1520,1400,1976,0,98006,47.5668,-122.169,2250,9163
23924,20140812T000000,810000.0,4,3.5,4170,4322,2.0,0,0,3,9,2940,1230,2005,0,98074,47.6136,-122.041,2970,4922
18280,20141219T000000,1050000.0,3,2.0,2090,4077,1.5,0,0,4,8,1530,560,1931,0,98112,47.6433,-122.3,2010,4132
31230,20140520T000000,570000.0,2,1.75,1540,4025,1.0,0,0,4,7,1190,350,1908,0,98116,47.5876,-122.391,1950,4420
26361,20150312T000000,239950.0,3,1.75,1600,4888,1.0,0,0,3,6,1600,0,2014,0,98042,47.383,-122.097,2520,5700
26195,20150209T000000,411000.0,1,1.0,1080,5000,1.5,0,0,3,7,1080,0,1948,0,98199,47.6603,-122.394,1620,4000
21289,20140709T000000,215000.0,3,1.0,1200,7280,1.0,0,0,4,7,1200,0,1967,0,98032,47.3724,-122.277,1200,8400
14074,20140915T000000,676500.0,3,1.75,1300,2446,1.0,0,3,3,8,880,420,1961,0,98122,47.6071,-122.285,2440,5051
30903,20140604T000000,760500.0,3,2.0,1990,3990,1.0,0,0,5,7,1130,860,1912,0,98103,47.6572,-122.333,1710,4000
14233,20140603T000000,427874.0,3,3.0,2340,5002,2.0,0,0,3,8,2340,0,2013,0,98045,47.4831,-121.773,2790,5375
14632,20141025T000000,490000.0,2,1.0,990,5000,1.0,0,0,3,7,990,0,1941,0,98116,47.5666,-122.403,2250,6032
28826,20150303T000000,259500.0,3,2.0,1330,35060,1.0,0,0,3,7,1330,0,1989,0,98092,47.3128,-122.13,1660,35100
18891,20141218T000000,620000.0,4,2.5,2730,9260,2.0,0,0,3,8,2730,0,2008,0,98133,47.7222,-122.331,2730,7357
19592,20141014T000000,443500.0,3,2.0,1920,7598,1.0,0,0,4,8,1920,0,1972,0,98177,47.7735,-122.363,2220,7598
32391,20141216T000000,429900.0,3,2.0,1490,1286,3.0,0,0,3,8,1490,0,2014,0,98144,47.57,-122.288,1420,1230
23694,20141216T000000,250000.0,3,1.0,1660,7650,1.5,0,0,3,7,1350,310,1910,0,98118,47.5576,-122.277,1750,5760
13304,20140623T000000,346000.0,3,1.75,1270,8100,1.0,0,0,3,6,880,390,1950,0,98146,47.4828,-122.344,1650,8173
13969,20150108T000000,875000.0,2,2.5,2720,4913,1.0,0,1,4,8,1700,1020,1936,0,98199,47.6384,-122.404,2520,5303
23779,20140513T000000,1400000.0,5,4.25,3530,7924,2.0,0,0,3,10,3530,0,2001,0,98040,47.5894,-122.243,1750,9226
22502,20150224T000000,709000.0,3,2.75,2780,7200,1.5,0,0,4,8,1870,910,1913,0,98118,47.5632,-122.27,1700,7200
23671,20140630T000000,500000.0,4,3.0,3720,15048,3.0,0,0,3,7,3720,0,1979,2014,98059,47.5116,-122.144,2020,15180
24989,20140724T000000,295000.0,3,1.0,830,3386,1.0,0,0,3,6,830,0,1942,1989,98133,47.7027,-122.355,1300,3844
21047,20140912T000000,853505.0,3,2.5,2820,14890,1.0,0,4,3,9,1770,1050,1985,0,98034,47.7019,-122.228,3740,14890
28597,20150223T000000,340000.0,2,1.0,1700,6718,1.0,0,2,3,7,1230,470,1956,0,98198,47.4131,-122.331,2040,7500
17159,20150320T000000,270000.0,3,2.25,1500,7410,1.0,0,0,4,7,1500,0,1973,0,98058,47.4597,-122.162,1750,7990
26482,20150219T000000,461000.0,3,2.5,1690,3026,2.0,0,0,3,7,1690,0,2002,0,98053,47.6885,-122.043,1650,3161
19796,20141105T000000,235000.0,4,1.5,1690,11054,1.0,0,0,4,5,1690,0,1930,0,98055,47.4667,-122.215,1690,9040
15548,20150212T000000,542000.0,4,1.0,1540,5000,1.5,0,0,4,7,1090,450,1922,0,98115,47.6754,-122.294,1590,5000
23604,20141113T000000,379750.0,4,2.75,2390,9650,1.0,0,2,3,8,1620,770,1976,0,98003,47.3438,-122.322,2390,10000
16906,20150505T000000,915000.0,4,2.5,2910,4356,3.0,0,0,3,8,2910,0,2010,0,98034,47.6705,-122.146,2840,4181
30336,20150508T000000,395000.0,2,1.0,1100,3975,1.0,0,0,3,7,900,200,1950,0,98105,47.6701,-122.286,1110,4280
17982,20141222T000000,650000.0,3,1.5,1380,4290,1.0,0,0,3,7,1080,300,1955,0,98107,47.674,-122.379,1510,3900
27357,20140724T000000,386500.0,3,2.25,2950,8036,1.5,0,0,3,8,1950,1000,1963,0,98125,47.7239,-122.313,2060,7200
16603,20140721T000000,229900.0,3,1.0,1440,11925,1.0,0,0,3,7,1440,0,1968,0,98003,47.2738,-122.3,1440,10425
22976,20140610T000000,695000.0,3,2.75,2540,4694,2.0,0,0,3,9,2540,0,2005,0,98074,47.6214,-122.024,2600,6344
18612,20140722T000000,350000.0,2,2.5,1280,940,2.0,0,0,3,8,1060,220,2006,0,98103,47.6904,-122.364,1290,2900
31711,20140919T000000,550000.0,4,2.5,2810,7549,2.0,0,0,3,9,2810,0,1992,0,98072,47.7441,-122.173,2750,7642
28357,20140805T000000,425000.0,4,2.5,2070,4427,2.0,0,0,3,7,2070,0,2007,0,98065,47.5208,-121.869,2070,4556
21561,20140806T000000,606000.0,4,2.25,2390,8858,1.0,0,0,4,8,1740,650,1979,0,98033,47.6925,-122.184,2240,8858
23835,20140911T000000,225000.0,2,1.0,720,4758,1.0,0,0,3,6,720,0,1947,0,98126,47.5176,-122.376,990,4920
19215,20150213T000000,432000.0,5,2.75,2060,329903,1.5,0,3,5,7,2060,0,1989,0,98022,47.1776,-121.944,2240,220232
18775,20141009T000000,253000.0,3,1.0,1030,6250,1.0,0,0,3,7,1030,0,1960,1997,98056,47.4988,-122.168,1160,7250
30799,20140612T000000,717000.0,3,2.5,2480,5137,2.0,0,0,3,9,2480,0,2000,0,98052,47.684,-122.164,2480,6023
23004,20140701T000000,1570000.0,4,2.75,2970,12750,1.5,0,1,4,7,2130,840,1918,1986,98004,47.6135,-122.213,1980,15300
11107,20140825T000000,316000.0,3,1.0,1130,7200,1.5,0,0,4,6,1130,0,1942,0,98133,47.7298,-122.355,1350,1358
22250,20140815T000000,650000.0,3,2.0,1340,2720,1.5,0,0,3,7,1340,0,1913,0,98103,47.6518,-122.335,2030,4590
12194,20141114T000000,431650.0,5,2.5,1710,7700,1.5,0,0,3,7,1710,0,1962,0,98007,47.5922,-122.146,1530,7700
21482,20150120T000000,299000.0,3,1.75,2010,8065,1.0,0,0,4,7,1090,920,1984,0,98031,47.4171,-122.202,1560,8065
19760,20140725T000000,445000.0,3,2.0,1620,5101,1.0,0,0,3,7,590,1030,2006,0,98118,47.5448,-122.288,1700,7750
27695,20140828T000000,286000.0,2,1.0,610,4000,1.0,0,0,4,6,610,0,1918,0,98136,47.5469,-122.391,870,5160
29252,20141215T000000,345000.0,3,2.25,2730,9388,1.0,0,0,3,7,1390,1340,1975,0,98030,47.3785,-122.185,2255,5701
32324,20141021T000000,489000.0,2,2.75,1465,972,2.0,0,0,3,7,1050,415,2006,0,98112,47.621,-122.298,1480,1430
31884,20141119T000000,425000.0,4,1.75,1980,8400,1.0,0,0,3,7,1330,650,1968,0,98052,47.6721,-122.152,1920,8400
17851,20150108T000000,240000.0,4,1.5,1780,14810,1.0,0,0,4,8,1180,600,1950,0,98032,47.3581,-122.288,1450,6728
26853,20140709T000000,1040000.0,4,3.5,4440,10660,2.0,0,0,3,11,4440,0,2003,0,98059,47.5294,-122.137,4390,9976
15299,20141201T000000,253000.0,3,2.0,1290,7372,1.0,0,0,5,7,1290,0,1990,0,98042,47.3658,-122.085,1290,7366
11811,20150325T000000,525000.0,4,2.0,1540,3740,1.0,0,0,4,7,770,770,1946,0,98117,47.6886,-122.375,1090,5080
26778,20140729T000000,300000.0,5,2.5,2093,10350,1.5,0,0,5,7,2093,0,1963,0,98058,47.4495,-122.17,1520,10350
17056,20141023T000000,372000.0,3,2.0,1330,1042,2.0,0,0,3,8,1060,270,2014,0,98136,47.5522,-122.382,1440,2428
14854,20140827T000000,203000.0,3,1.75,1490,8000,1.0,0,0,4,7,1200,290,1978,0,98092,47.3187,-122.18,1540,8000
28427,20140904T000000,802000.0,4,2.25,2130,8734,2.0,0,2,4,8,2130,0,1961,0,98006,47.5672,-122.161,2550,8800
15947,20141007T000000,425000.0,4,2.0,1330,9188,1.5,0,0,3,7,1330,0,1928,2004,98198,47.401,-122.319,1770,10419
12828,20150312T000000,290000.0,4,2.0,1560,8800,2.0,0,0,5,6,1560,0,1942,1967,98168,47.4927,-122.312,1480,10000
21928,20140916T000000,509950.0,3,2.5,1970,9153,2.0,0,0,3,8,1970,0,2007,0,98028,47.7698,-122.268,1800,9800
23720,20141210T000000,357000.0,5,2.5,2750,12350,2.0,0,0,3,8,2750,0,1987,0,98031,47.419,-122.206,1650,9810
31081,20140922T000000,260000.0,3,1.75,2170,10018,1.0,0,0,4,7,1630,540,1978,0,98001,47.3087,-122.264,2049,15263
28074,20150220T000000,257500.0,4,2.0,2060,6400,1.0,0,0,3,7,1170,890,1977,0,98002,47.2924,-122.197,1890,8736
14236,20140821T000000,505657.0,4,2.75,2790,8092,2.0,0,0,3,8,2790,0,2013,0,98045,47.4834,-121.773,2790,6154
20133,20141110T000000,438200.0,2,2.0,1600,5643,1.0,0,0,3,7,1600,0,1954,0,98115,47.6968,-122.279,1600,5746
11497,20140814T000000,169100.0,3,2.0,1050,18304,1.0,0,0,4,7,1050,0,1953,0,98001,47.3206,-122.269,1690,15675
25626,20150408T000000,332000.0,4,2.5,1980,6566,2.0,0,0,3,8,1980,0,2004,0,98042,47.3809,-122.097,2590,6999
27818,20141218T000000,350000.0,3,1.75,1480,9375,1.0,0,0,4,7,1480,0,1957,0,98146,47.5076,-122.366,1370,9000
23366,20141113T000000,200000.0,1,0.75,680,9600,1.0,0,0,3,5,680,0,1947,0,98115,47.6964,-122.306,1580,6624
19494,20140730T000000,535000.0,2,1.0,980,4120,1.0,0,0,3,7,830,150,1950,2014,98115,47.6815,-122.291,1760,4120
18812,20140723T000000,535000.0,2,3.5,2560,5000,1.0,0,0,4,6,1280,1280,1944,0,98107,47.6681,-122.368,1390,4000
19615,20140820T000000,369950.0,4,2.5,1910,10221,2.0,0,0,3,8,1910,0,1994,0,98038,47.381,-122.035,2210,8705
15327,20140626T000000,224000.0,4,1.5,1600,9289,1.0,0,0,4,7,1600,0,1959,0,98002,47.3107,-122.212,1540,9918
30211,20150304T000000,218000.0,5,1.75,1930,8040,1.0,0,0,4,8,1930,0,1966,0,98023,47.3109,-122.376,2370,8000
28690,20140507T000000,310000.0,3,1.75,2070,37904,1.0,0,0,4,7,1420,650,1973,0,98058,47.425,-122.186,2011,19110
26309,20150421T000000,435000.0,3,1.5,1300,3348,1.5,0,0,3,7,1300,0,1904,2014,98144,47.592,-122.307,1590,2577
25375,20140826T000000,400000.0,3,1.75,1730,9211,1.0,0,0,3,8,1730,0,1961,0,98125,47.7149,-122.322,1440,9211
11718,20150223T000000,322500.0,3,2.0,1190,6445,1.0,0,0,3,7,1190,0,1996,0,98056,47.5057,-122.172,1920,8195
30599,20141106T000000,343000.0,3,3.25,1210,1173,2.0,0,0,3,8,1000,210,2002,0,98133,47.7114,-122.356,1650,1493
20055,20140822T000000,661000.0,2,1.5,1750,46173,2.0,0,0,4,8,1750,0,1964,0,98072,47.7397,-122.126,2220,42224
27936,20141212T000000,485000.0,4,3.25,2820,6611,1.0,0,0,3,7,1410,1410,1958,0,98155,47.7473,-122.285,2320,6611
15870,20140801T000000,435000.0,3,3.0,1440,1350,3.5,0,2,3,8,1440,0,2005,0,98103,47.6525,-122.345,1440,1350
28616,20141215T000000,256950.0,2,2.0,1070,635,2.0,0,0,3,9,720,350,2008,0,98106,47.5212,-122.357,1070,928
22933,20140801T000000,429000.0,4,2.5,2100,7920,1.5,0,0,4,6,1400,700,1916,0,98126,47.5293,-122.371,1230,7920
27356,20150410T000000,461000.0,4,2.75,1700,7495,1.0,0,0,4,7,1200,500,1964,0,98133,47.7589,-122.354,1650,7495
31231,20140910T000000,462500.0,4,1.0,1540,4500,1.5,0,0,2,7,1540,0,1905,0,98116,47.587,-122.384,1920,6000
20138,20150409T000000,329999.0,3,1.0,1150,6908,1.0,0,0,3,6,800,350,1952,0,98155,47.7447,-122.313,1150,6908
14257,20140531T000000,587000.0,4,2.5,2550,6256,2.0,0,0,3,9,2550,0,1992,0,98072,47.7742,-122.166,2460,8256
15404,20140701T000000,452000.0,3,1.75,1110,9012,1.0,0,0,4,7,1110,0,1966,0,98052,47.6563,-122.131,1800,8679
19519,20140625T000000,770000.0,4,2.5,3920,12415,2.0,0,0,3,10,3920,0,1997,0,98075,47.5658,-122.032,3639,12805
13723,20141007T000000,240000.0,3,1.0,1470,7350,1.0,0,0,3,7,1470,0,1969,0,98032,47.3616,-122.286,1720,8050
19938,20140611T000000,547500.0,3,3.5,1650,2262,3.0,0,0,3,8,1650,0,2010,0,98103,47.6823,-122.347,1620,3166
19241,20140514T000000,499000.0,3,2.0,2090,42689,1.5,0,0,3,7,2090,0,1959,1998,98010,47.3497,-121.944,1890,18276
11191,20140915T000000,630000.0,3,2.5,2320,32772,2.0,0,0,3,9,2320,0,1992,0,98053,47.6304,-121.988,2610,33305
29865,20140528T000000,840000.0,4,2.5,3420,8405,2.0,0,0,3,10,3420,0,2000,0,98074,47.6328,-122.064,3230,8460
11291,20140515T000000,255000.0,4,2.5,2070,7800,2.0,0,0,3,8,2070,0,1989,0,98003,47.3487,-122.315,1950,7815
23014,20140904T000000,440000.0,1,1.0,850,6567,1.0,0,0,4,6,850,0,1940,0,98010,47.327,-122.039,2160,9794
21799,20140708T000000,277000.0,2,1.0,770,8149,1.0,0,0,3,6,770,0,1948,0,98155,47.7458,-122.298,1160,8149
31243,20150430T000000,645000.0,3,1.75,1840,4255,1.0,0,0,3,7,940,900,1907,2005,98116,47.58,-122.392,1600,4255
22911,20141015T000000,180500.0,3,2.5,1800,8518,2.0,0,0,3,7,1800,0,1996,0,98030,47.3643,-122.185,1770,7570
20103,20141009T000000,151600.0,2,1.0,1060,16988,1.0,0,0,3,6,1060,0,1954,0,98058,47.4305,-122.157,2320,10580
17463,20140530T000000,659000.0,4,2.5,3190,11375,1.0,0,0,5,8,2210,980,1946,0,98125,47.704,-122.3,1100,8500
16169,20140605T000000,445000.0,4,2.5,2340,3784,2.0,0,0,3,8,2340,0,2008,0,98106,47.535,-122.348,1730,4000
23595,20150504T000000,298000.0,3,1.75,1620,12825,1.0,0,0,3,8,1340,280,1962,0,98003,47.3321,-122.323,2076,11200
27148,20141104T000000,300000.0,3,2.0,1550,8300,1.0,0,0,4,8,1550,0,1965,0,98055,47.4654,-122.195,1860,8000
16924,20150427T000000,230000.0,3,2.25,1830,11331,1.0,0,0,3,7,1250,580,1965,0,98001,47.2899,-122.287,2240,16433
24196,20140904T000000,550000.0,4,3.0,2670,5000,2.0,0,2,3,7,2670,0,1916,1978,98126,47.5784,-122.377,2300,5000
31080,20140819T000000,280000.0,2,1.75,1894,52769,1.5,0,0,4,6,1520,374,1936,0,98001,47.3088,-122.273,1820,50529
31710,20140529T000000,600000.0,3,1.75,2930,19876,1.0,0,0,3,9,2030,900,1993,0,98072,47.7443,-122.17,2740,11499
12548,20140910T000000,900000.0,3,2.75,2980,12600,1.5,0,0,3,8,1590,1390,1941,2012,98033,47.674,-122.196,1520,9660
21824,20140506T000000,360000.0,4,2.0,2680,18768,1.0,0,0,5,8,2680,0,1965,0,98001,47.3182,-122.279,1230,15750
25667,20140627T000000,330000.0,4,1.75,2440,7350,1.0,0,0,3,8,1610,830,1978,0,98032,47.3743,-122.285,2180,7680
21454,20141113T000000,410000.0,4,1.0,1140,7208,1.0,0,0,3,7,900,240,1970,0,98072,47.742,-122.173,1300,7991
20260,20150403T000000,268000.0,5,1.75,1730,10368,1.0,0,0,5,7,1010,720,1963,0,98059,47.5008,-122.162,1730,7728
20870,20140715T000000,405500.0,3,1.5,1010,8108,1.0,0,0,5,7,1010,0,1954,0,98155,47.7359,-122.309,1300,8108
31977,20140708T000000,438000.0,2,2.0,1270,1372,3.0,0,0,3,8,1270,0,2000,0,98115,47.6776,-122.318,1610,3090
26849,20141030T000000,450000.0,5,2.75,2710,6220,2.0,0,0,3,8,2710,0,2014,0,98038,47.3555,-122.061,2530,4759
19601,20141203T000000,455000.0,4,2.5,2811,7251,2.0,0,0,3,9,2811,0,2009,0,98038,47.3686,-122.058,3040,7250
12351,20150506T000000,335000.0,3,1.0,1020,10200,1.0,0,0,4,7,1020,0,1954,0,98133,47.7503,-122.348,1170,8188
21287,20140520T000000,263000.0,3,1.75,1570,7775,2.0,0,0,3,7,1570,0,1982,0,98031,47.3876,-122.216,1580,8622
25434,20150428T000000,520000.0,3,1.5,1580,8841,1.5,0,0,5,7,1180,400,1923,0,98103,47.6931,-122.352,1580,7512
28772,20150501T000000,562000.0,3,1.75,1880,5978,1.0,0,0,5,7,940,940,1957,0,98144,47.5793,-122.294,1930,4770
31502,20150408T000000,552500.0,3,1.0,1430,5000,1.0,0,0,3,7,1430,0,1949,0,98117,47.6895,-122.37,1210,5000
15472,20140606T000000,837219.0,5,2.75,3030,7679,2.0,0,0,3,9,3030,0,2014,0,98074,47.593,-122.057,3080,6341
16043,20141125T000000,431750.0,2,2.0,1400,10052,1.0,0,0,3,8,1400,0,1957,0,98125,47.7262,-122.316,1400,8785
30629,20150323T000000,925000.0,4,2.25,2110,6375,1.0,0,2,4,8,1600,510,1941,0,98115,47.6819,-122.272,2760,6375
18991,20140714T000000,890000.0,3,3.25,4030,12765,2.0,0,0,4,9,2800,1230,1975,0,98005,47.6331,-122.166,2670,13447
16790,20140808T000000,235000.0,2,1.0,720,6321,1.0,0,0,3,6,720,0,1940,0,98118,47.551,-122.289,920,5684
21505,20140704T000000,625000.0,3,1.5,1300,7200,1.0,0,0,5,7,1300,0,1960,0,98033,47.6821,-122.196,2280,7200
25430,20140728T000000,565000.0,2,1.0,960,4080,1.0,0,0,5,7,960,0,1911,0,98103,47.6893,-122.349,1300,4080
25875,20140625T000000,1150000.0,3,2.0,2110,18815,2.0,0,0,5,7,2110,0,1979,0,98075,47.5836,-122.042,2690,21010
16274,20141204T000000,420000.0,3,1.75,1720,5000,1.5,0,0,3,8,1720,0,1932,2009,98019,47.738,-121.983,1410,8300
15336,20150203T000000,511000.0,4,3.5,3100,7600,2.0,0,0,3,10,3100,0,2005,0,98031,47.3892,-122.215,3350,7638
18943,20140812T000000,370500.0,4,2.5,1790,6120,2.0,0,0,3,7,1790,0,2005,0,98059,47.4829,-122.128,1950,5660
29782,20150504T000000,203000.0,3,1.0,840,6500,1.0,0,0,5,6,840,0,1969,0,98042,47.3637,-122.083,920,4680
28034,20150315T000000,317000.0,3,1.0,1270,8925,1.0,0,0,5,7,1270,0,1955,0,98056,47.5124,-122.165,1270,8996
28510,20141110T000000,725000.0,4,2.5,3040,35201,2.0,0,0,4,10,3040,0,1987,0,98027,47.4872,-122.066,2990,35416
26588,20140529T000000,525000.0,3,3.0,2600,5238,1.5,0,3,3,9,1890,710,1989,0,98198,47.3448,-122.327,2220,4853
28934,20150417T000000,745000.0,5,3.0,2400,10126,2.0,0,3,3,8,2400,0,1981,0,98126,47.5726,-122.373,2250,3946
15744,20150210T000000,526000.0,3,2.5,1626,1583,2.5,0,0,3,8,1419,207,2007,0,98122,47.6031,-122.309,1400,1583
25169,20141002T000000,304000.0,2,2.25,1320,1034,3.0,0,0,3,7,1320,0,1996,0,98133,47.7039,-122.344,1330,1206
29654,20150224T000000,230000.0,4,2.0,1220,9100,1.5,0,0,4,7,1220,0,1970,0,98023,47.2964,-122.376,1160,7700
25590,20140618T000000,630000.0,4,2.5,2807,9430,2.0,0,0,3,8,2807,0,1996,0,98028,47.7449,-122.223,2028,11056
26470,20140714T000000,559950.0,3,2.5,2120,4310,2.0,0,0,3,7,2120,0,2001,0,98053,47.687,-122.037,2280,4380
25624,20150418T000000,887000.0,3,2.0,3000,22040,2.0,0,2,4,8,2470,530,1942,0,98177,47.7745,-122.368,2600,7947
15052,20141229T000000,1040000.0,4,2.5,3170,47502,2.0,0,0,3,10,3170,0,1988,0,98033,47.6495,-122.185,3190,35110
31442,20140728T000000,555000.0,3,3.0,2410,12183,2.0,0,0,3,9,2410,0,1988,0,98011,47.747,-122.177,2540,9979
28419,20141201T000000,1100000.0,4,2.5,3830,13800,1.0,0,4,4,9,2030,1800,1969,0,98006,47.5671,-122.157,3460,9875
15132,20150401T000000,510000.0,3,2.25,2370,38639,1.0,0,0,3,8,1930,440,1978,0,98077,47.771,-122.099,2900,37452
29221,20141202T000000,925000.0,4,2.5,3540,18168,2.0,0,0,3,10,3540,0,1996,0,98006,47.5441,-122.131,4130,11180
11980,20141110T000000,415000.0,2,1.0,980,4108,1.0,0,0,3,7,980,0,1947,0,98117,47.687,-122.381,1500,4046
31424,20140718T000000,665000.0,2,2.5,2600,5000,1.0,0,0,5,8,1300,1300,1926,0,98126,47.5806,-122.379,2260,5000
30225,20141222T000000,340000.0,4,2.25,2180,8000,1.0,0,0,4,9,1630,550,1975,0,98023,47.317,-122.378,2310,8000
26024,20140929T000000,740000.0,3,3.5,2420,4000,2.0,0,0,5,9,1820,600,1907,0,98122,47.6054,-122.295,2030,4550
17025,20141121T000000,581000.0,2,1.75,1930,11200,1.0,0,2,3,8,1430,500,1951,0,98177,47.7576,-122.37,2840,12408
16333,20140923T000000,555000.0,4,2.75,2170,7140,1.0,0,0,3,8,1290,880,1977,0,98052,47.691,-122.113,2120,7820
13054,20140723T000000,375000.0,5,2.5,2840,15598,1.0,0,0,4,8,1470,1370,1975,0,98059,47.4693,-122.117,2570,14930
11115,20150105T000000,135000.0,3,1.0,840,3000,1.0,0,0,3,5,840,0,1943,0,98178,47.494,-122.275,1010,6000
16129,20140813T000000,199400.0,2,1.0,880,4000,1.0,0,0,4,6,880,0,1916,0,98106,47.5331,-122.352,1430,4000
14429,20150114T000000,220000.0,4,2.0,1700,8043,1.0,0,0,3,7,850,850,1954,0,98168,47.4758,-122.288,1540,13260
23856,20140603T000000,613000.0,3,2.5,1350,3068,2.0,0,0,3,7,1350,0,1991,0,98122,47.6099,-122.293,1900,4000
13622,20150317T000000,261500.0,3,1.0,1130,3600,1.0,0,0,3,6,1130,0,1908,0,98144,47.5978,-122.299,1710,2231
27110,20140708T000000,332000.0,3,2.25,2120,14915,1.0,0,0,3,9,1720,400,1979,0,98001,47.3524,-122.285,2320,13100
27597,20141219T000000,329000.0,3,2.0,1840,6755,1.0,0,2,3,8,1840,0,1989,0,98003,47.3512,-122.305,1790,6459
30839,20140905T000000,650000.0,4,2.5,2160,3139,1.0,0,0,3,7,1080,1080,1940,0,98103,47.6662,-122.338,1650,3740
32033,20140908T000000,685650.0,3,1.75,1490,16200,1.0,0,0,5,8,1490,0,1958,0,98005,47.5919,-122.175,2070,16200
17248,20141023T000000,423000.0,3,1.75,1820,6038,1.0,0,0,4,7,1040,780,1952,0,98126,47.5233,-122.378,1700,6040
31405,20140728T000000,420000.0,3,1.75,1720,8102,1.0,0,0,5,6,860,860,1940,0,98125,47.7336,-122.29,1440,8106
13018,20140827T000000,1650000.0,4,3.5,4285,9567,2.0,0,1,5,10,3485,800,1946,0,98199,47.6434,-122.409,2960,6902
21369,20150423T000000,433190.0,3,2.5,1650,2787,2.0,0,0,3,8,1650,0,2014,0,98065,47.5336,-121.838,1760,2787
23481,20140606T000000,455000.0,4,1.75,2050,94525,1.0,0,0,4,7,1250,800,1959,0,98058,47.4492,-122.084,2270,47480
18854,20140911T000000,371000.0,4,1.0,1960,94525,1.5,0,0,3,6,1960,0,1979,0,98027,47.5418,-121.962,2430,188564
26699,20141119T000000,601000.0,4,2.5,2080,5191,2.0,0,0,3,8,2080,0,2001,0,98075,47.5978,-122.017,2170,5518
26038,20150312T000000,580000.0,4,1.5,1780,5100,1.0,0,0,3,7,1320,460,1953,0,98115,47.6944,-122.288,1880,5100
28288,20150309T000000,470000.0,3,2.5,2480,5082,2.0,0,0,3,7,2480,0,2004,0,98065,47.5297,-121.846,2480,5874
26870,20140815T000000,277140.0,3,1.5,1190,785,2.0,0,0,3,8,920,270,2014,0,98052,47.6781,-122.117,2820,5626
29446,20150429T000000,754000.0,5,1.75,2350,7800,1.0,0,0,4,8,1510,840,1968,0,98008,47.6225,-122.107,2220,8400
22381,20150507T000000,297300.0,3,1.75,1980,9220,2.0,0,0,3,8,1980,0,1987,0,98092,47.2602,-122.219,2080,8305
24057,20150327T000000,830000.0,4,2.75,2090,13500,1.0,0,0,4,8,2090,0,1949,0,98040,47.573,-122.225,2130,13500
19120,20141110T000000,640000.0,3,1.0,1210,3720,2.0,0,0,4,8,1210,0,1930,0,98112,47.6317,-122.301,1560,6000
23563,20150206T000000,475000.0,3,1.75,1780,8033,1.0,0,0,2,7,1210,570,1977,0,98034,47.7275,-122.219,1630,7508
32163,20141112T000000,399000.0,3,1.0,990,4250,1.0,0,0,4,7,840,150,1924,0,98136,47.5392,-122.39,990,4500
23346,20150417T000000,449000.0,4,2.0,1560,5220,1.0,0,0,3,7,1560,0,1959,0,98115,47.6905,-122.305,1300,5220
29796,20150306T000000,215150.0,3,1.0,920,4770,1.0,0,0,4,6,920,0,1969,0,98042,47.3654,-122.082,920,4770
22774,20141125T000000,505000.0,4,2.5,2420,5006,2.0,0,0,3,8,2420,0,2013,0,98059,47.4795,-122.126,2750,5471
14082,20140703T000000,267000.0,3,1.0,1740,10875,1.0,0,0,4,7,1020,720,1962,0,98188,47.4682,-122.283,1470,8532
29342,20140521T000000,200000.0,4,1.0,1310,5200,1.5,0,0,3,6,1160,150,1945,0,98126,47.5384,-122.37,1090,5180
12852,20140818T000000,344000.0,3,2.25,1250,871,3.0,0,0,3,8,1250,0,2007,0,98103,47.6907,-122.343,1250,1158
19732,20140926T000000,305000.0,3,1.0,820,5150,1.0,0,0,5,6,820,0,1918,0,98118,47.5514,-122.284,1100,5150
31713,20141024T000000,540000.0,4,2.25,2850,7453,2.0,0,0,3,9,2850,0,1991,0,98072,47.7439,-122.174,2700,8468
30425,20140828T000000,1440000.0,2,2.5,2720,16637,1.0,0,3,3,10,2160,560,1953,0,98118,47.5499,-122.264,2880,7320
16738,20140728T000000,469775.0,2,1.75,1530,7020,1.0,0,0,3,7,1030,500,1942,0,98199,47.6465,-122.395,2090,6600
27665,20140516T000000,430000.0,3,1.75,2150,4333,1.0,0,0,3,7,1200,950,1956,0,98136,47.5537,-122.388,1480,6500
23725,20150409T000000,415000.0,3,1.5,1510,16800,1.0,0,0,5,8,1510,0,1956,0,98133,47.751,-122.338,1560,7276
12002,20140602T000000,400000.0,3,2.5,1495,936,3.0,0,0,3,8,1405,90,2006,0,98144,47.593,-122.295,1495,1186
31542,20141020T000000,337000.0,4,2.5,2470,5100,2.0,0,0,3,8,2470,0,2005,0,98038,47.3622,-122.041,2240,5123
17651,20150427T000000,394950.0,3,2.5,2050,8172,2.0,0,0,3,8,2050,0,2002,0,98168,47.4808,-122.28,2140,5664
12031,20140530T000000,625000.0,4,3.25,4240,25639,2.0,0,3,3,10,3550,690,1989,0,98023,47.3241,-122.378,3590,24967
19498,20150313T000000,406000.0,3,1.75,1390,7904,1.0,0,0,3,7,1390,0,1985,0,98056,47.4892,-122.181,1910,7904
10989,20150318T000000,285000.0,3,1.5,1480,7117,1.0,0,0,3,7,1170,310,1960,0,98028,47.7766,-122.248,2230,14775
23645,20150401T000000,514000.0,3,1.5,1610,9964,1.0,0,0,3,7,1080,530,1977,0,98052,47.6681,-122.143,1610,9964
13385,20140625T000000,265950.0,3,1.5,1150,8450,1.0,0,0,4,6,1150,0,1951,0,98178,47.4927,-122.224,1160,6800
16310,20140929T000000,388000.0,4,2.5,2090,5040,2.0,0,0,3,9,2090,0,2014,0,98055,47.4797,-122.23,1430,12000
23775,20140605T000000,620000.0,4,2.25,2400,5350,1.5,0,0,4,7,1460,940,1929,0,98117,47.6763,-122.37,1250,4880
19238,20141110T000000,338950.0,3,1.75,1610,22496,1.0,0,0,4,7,1610,0,1974,0,98042,47.3443,-122.073,2050,35772
13563,20150105T000000,1100000.0,4,3.75,2890,4164,2.0,0,0,3,9,2240,650,2013,0,98033,47.676,-122.197,2354,3207
16698,20141125T000000,283000.0,3,2.0,1820,15068,2.0,0,2,3,7,1520,300,1920,2014,98022,47.2103,-121.999,1490,9589
18788,20140806T000000,672500.0,2,1.75,1860,5940,1.0,0,2,5,8,1020,840,1956,0,98116,47.5751,-122.407,2130,5940
19883,20141121T000000,200000.0,3,1.0,1480,5600,1.0,0,0,4,6,940,540,1947,0,98178,47.5045,-122.27,1350,11100
19666,20141006T000000,397500.0,3,2.25,1350,980,2.0,0,0,3,8,1050,300,2007,0,98144,47.5998,-122.312,1350,1245
13993,20150420T000000,1120000.0,4,2.5,3690,11191,1.0,0,3,4,10,2190,1500,1951,0,98199,47.6434,-122.412,3460,8160
25747,20150324T000000,919990.0,5,3.25,3960,6352,2.0,0,0,3,10,3960,0,2014,0,98075,47.5806,-122.055,2930,9875
13921,20140624T000000,1160000.0,3,2.5,2740,5925,2.0,0,2,3,10,2740,0,1913,1992,98112,47.6313,-122.303,2740,5948
32099,20150428T000000,660500.0,4,2.25,2010,9603,1.0,0,0,3,8,1440,570,1986,0,98027,47.5343,-122.054,2060,9793
24559,20141229T000000,2500000.0,5,3.25,5620,12672,2.0,0,0,4,11,4140,1480,1916,0,98144,47.5786,-122.287,4470,8050
14527,20140911T000000,286000.0,4,2.5,1820,7930,2.0,0,0,5,7,1820,0,1989,0,98038,47.359,-122.05,1490,7930
14334,20140616T000000,265000.0,3,1.0,1000,9150,1.0,0,0,3,7,1000,0,1969,0,98059,47.4829,-122.124,1490,10647
29564,20140523T000000,467100.0,3,1.75,1620,8645,1.0,0,0,3,7,1190,430,1973,0,98052,47.6651,-122.151,2010,8645
15518,20140610T000000,315000.0,4,2.5,1930,9643,2.0,0,0,4,7,1930,0,1992,0,98031,47.4065,-122.18,1930,7525
14270,20150206T000000,225000.0,3,1.0,660,6600,1.0,0,0,4,5,660,0,1940,0,98168,47.4842,-122.33,1320,6600
11341,20141006T000000,293550.0,4,1.75,2120,9706,1.0,0,0,3,7,1370,750,1965,0,98168,47.4939,-122.297,1730,11337
11834,20140624T000000,845000.0,3,2.0,2540,4750,1.5,0,0,5,9,1840,700,1930,0,98117,47.6838,-122.4,2190,4750
14660,20150202T000000,592500.0,6,4.5,3500,8504,2.0,0,0,3,7,3500,0,1980,0,98155,47.7349,-122.295,1550,8460
15804,20150313T000000,479000.0,3,1.75,1470,6018,1.0,0,0,3,8,1470,0,1987,0,98074,47.6171,-122.044,1720,6584
30638,20141004T000000,351358.0,2,1.75,1210,1189,2.0,0,0,3,8,1210,0,2014,0,98029,47.5526,-121.998,1540,1672
19152,20150415T000000,421000.0,3,1.75,1100,8662,1.0,0,0,5,7,1100,0,1964,0,98056,47.5368,-122.173,1100,9240
27074,20141006T000000,297000.0,4,2.5,2230,4952,2.0,0,0,3,8,2230,0,2011,0,98002,47.3363,-122.211,2030,3721
24108,20150423T000000,795000.0,3,1.75,1930,9600,1.0,0,0,3,8,1930,0,1958,0,98040,47.5747,-122.237,2350,9840
25151,20140626T000000,772650.0,4,2.5,2660,10800,1.0,0,0,3,7,2660,0,1955,2014,98005,47.5894,-122.172,2640,10800
22269,20140718T000000,670000.0,3,1.75,1280,2147,1.5,0,0,4,7,1280,0,1910,0,98102,47.6362,-122.324,2010,2640
19998,20141007T000000,255000.0,3,1.75,1410,9315,1.0,0,0,5,7,1410,0,1960,0,98031,47.3969,-122.198,1630,8250
22071,20150409T000000,624950.0,3,2.5,2060,4730,2.0,0,0,4,8,2060,0,1994,0,98033,47.6874,-122.178,1980,5010
31537,20141229T000000,305000.0,3,2.25,1646,12414,2.0,0,0,3,7,1646,0,1996,0,98038,47.363,-122.035,1654,8734
30510,20150429T000000,612000.0,5,2.5,2300,7000,1.0,0,0,3,8,1290,1010,1975,0,98052,47.6875,-122.122,2080,7280
11521,20140923T000000,649000.0,5,3.25,3990,13087,2.0,0,0,3,9,2400,1590,1991,0,98042,47.3632,-122.061,2580,13633
12899,20140623T000000,235000.0,3,1.0,1170,11100,1.0,0,0,4,6,1170,0,1968,0,98059,47.4954,-122.164,2080,8481
14550,20150506T000000,190000.0,4,1.75,1900,9861,1.0,0,0,4,7,1900,0,1967,0,98038,47.3615,-122.057,1720,7967
20136,20140909T000000,570000.0,3,1.75,2910,37461,1.0,0,0,4,7,1530,1380,1967,0,98052,47.7015,-122.164,2520,18295
18666,20141006T000000,417500.0,5,3.0,2270,6664,1.0,0,0,3,7,1340,930,1995,0,98125,47.7191,-122.315,1870,6187
32058,20150327T000000,278100.0,4,1.75,2120,8520,1.0,0,0,3,7,1600,520,1978,0,98023,47.302,-122.373,2160,8400
21538,20140528T000000,465000.0,3,2.25,1840,5752,2.0,0,0,3,7,1840,0,2003,0,98034,47.7042,-122.187,1670,2462
19595,20141201T000000,667000.0,3,1.0,1400,1581,1.5,0,0,5,8,1400,0,1909,0,98112,47.6221,-122.314,1860,3861
29747,20141027T000000,331500.0,4,2.5,2050,10271,2.0,0,0,3,7,2050,0,1998,0,98042,47.3628,-122.075,2050,8103
11670,20140827T000000,329950.0,4,1.0,1360,5900,1.5,0,0,4,7,1360,0,1949,0,98155,47.7512,-122.318,1050,5900
22140,20140611T000000,875000.0,4,2.5,3470,32109,2.0,0,0,3,10,3470,0,1995,0,98077,47.7311,-122.036,3800,35181
28534,20140602T000000,155000.0,1,1.0,720,6000,1.0,0,0,3,6,720,0,1940,0,98108,47.5266,-122.316,1040,6000
21176,20140829T000000,471275.0,4,2.5,3361,5038,2.0,0,0,3,9,3361,0,2014,0,98092,47.3269,-122.165,2316,4105
19313,20150203T000000,377000.0,4,2.5,2170,11511,2.0,0,0,3,8,2170,0,1992,0,98031,47.3886,-122.188,1900,8961
17659,20140530T000000,840000.0,7,4.5,4290,37607,1.5,0,0,5,10,4290,0,1982,0,98027,47.4812,-122.033,2810,40510
24105,20140514T000000,925000.0,4,2.5,2190,7350,2.5,0,0,5,8,2190,0,1958,0,98040,47.5786,-122.236,1880,7350
21202,20141024T000000,330000.0,4,2.5,1820,3905,2.0,0,0,3,7,1820,0,2001,0,98019,47.7346,-121.985,1820,3863
11574,20140519T000000,429000.0,3,2.5,1920,15124,2.0,0,0,3,8,1920,0,1995,0,98045,47.5015,-121.773,1920,16477
28640,20141009T000000,475000.0,5,2.5,2340,7200,1.0,0,0,3,7,1300,1040,1975,0,98034,47.7206,-122.211,1930,7221
24704,20140609T000000,347000.0,3,1.75,1240,8050,1.0,0,0,4,7,1240,0,1978,0,98074,47.6108,-122.044,1370,9856
16003,20141021T000000,527500.0,3,2.5,1380,1389,3.0,0,0,3,8,1380,0,2008,0,98102,47.6427,-122.327,1380,1249
13102,20141215T000000,429950.0,4,2.25,1740,10875,1.0,0,0,3,8,1740,0,1967,0,98059,47.5132,-122.157,1680,10701
32038,20150406T000000,675000.0,4,2.5,2420,18470,1.0,0,0,3,8,920,1500,1968,0,98005,47.6001,-122.176,2690,13800
17122,20140609T000000,390000.0,4,1.75,2700,7875,1.5,0,0,4,8,2700,0,1968,0,98058,47.454,-122.144,2220,7875
27401,20140616T000000,552000.0,3,1.0,1120,2300,1.0,0,0,4,7,820,300,1912,0,98117,47.6797,-122.384,1430,5100
23422,20140617T000000,250000.0,2,1.5,1088,1360,2.0,0,0,3,7,1088,0,1983,0,98034,47.7094,-122.213,1098,1469
25214,20140729T000000,750000.0,4,1.75,2520,21834,1.0,1,4,3,8,1420,1100,1960,0,98146,47.4996,-122.378,1700,8100
13597,20141110T000000,1150000.0,4,3.75,3180,9889,2.0,0,0,3,9,2500,680,2012,0,98033,47.6853,-122.204,2910,8558
24999,20150325T000000,315000.0,4,2.5,3130,5999,2.0,0,0,3,7,3130,0,2006,0,98042,47.3837,-122.099,3020,5997
22867,20140721T000000,300000.0,5,1.0,1940,8875,1.0,0,0,3,7,1940,0,1957,0,98188,47.4407,-122.275,1380,8875
20976,20150403T000000,331210.0,4,2.5,2240,4800,2.0,0,0,3,8,2240,0,2014,0,98001,47.2911,-122.266,2240,5040
24853,20140618T000000,403500.0,5,2.5,3600,17300,1.0,0,0,4,8,2410,1190,1968,0,98166,47.4468,-122.341,2620,30200
16438,20140818T000000,500000.0,3,1.5,1960,8815,1.0,0,0,4,7,1020,940,1958,0,98006,47.5765,-122.159,1760,9534
31619,20140814T000000,255000.0,3,2.25,1830,7770,1.0,0,0,4,7,1400,430,1977,0,98042,47.3925,-122.161,1960,7272
11245,20141201T000000,615000.0,3,1.75,2220,7224,1.0,0,2,3,8,2040,180,1975,0,98177,47.774,-122.384,2540,9990
19788,20140919T000000,208800.0,3,2.5,1390,2450,2.0,0,0,3,7,1390,0,2009,0,98118,47.5298,-122.269,1390,2450
18048,20140701T000000,515000.0,2,1.0,1050,5000,1.0,0,0,5,7,1050,0,1907,0,98107,47.6699,-122.369,1340,5000
28006,20140505T000000,497300.0,6,2.75,3200,9200,1.0,0,2,4,8,1600,1600,1953,0,98146,47.492,-122.364,2220,9500
24052,20140624T000000,2700000.0,5,2.75,3831,13800,2.0,1,4,3,9,3831,0,1959,1980,98040,47.5919,-122.251,3850,36563
10937,20141020T000000,355000.0,3,2.25,1430,4777,2.0,0,0,3,7,1430,0,2010,0,98059,47.4867,-122.152,1639,3854
29680,20140822T000000,750000.0,2,2.25,1890,5400,2.0,0,0,5,8,1610,280,1905,0,98105,47.6688,-122.31,2820,4860
16853,20150410T000000,522000.0,3,1.0,1230,4600,1.5,0,0,3,7,1230,0,1929,0,98116,47.5616,-122.392,1230,4600
26833,20150504T000000,280000.0,3,1.0,1020,8400,1.0,0,0,4,7,1020,0,1957,0,98056,47.4905,-122.18,1690,8030
22973,20140814T000000,610000.0,4,2.25,1960,9021,2.0,0,0,4,8,1960,0,1973,0,98052,47.6349,-122.096,1960,9975
28012,20140709T000000,624800.0,3,2.0,2250,14274,1.0,0,0,4,8,1500,750,1964,0,98040,47.5762,-122.217,2820,13813
15130,20150507T000000,550000.0,4,2.25,2590,36256,2.0,0,0,3,8,2590,0,1978,0,98077,47.769,-122.094,2670,35657
16852,20140515T000000,512500.0,3,2.5,1840,2875,2.0,0,0,4,7,1840,0,1997,0,98116,47.562,-122.393,1240,5750
26502,20140618T000000,535000.0,3,2.0,2120,4080,2.0,0,0,3,7,2120,0,2003,0,98053,47.682,-122.037,2280,4080
15746,20140606T000000,435000.0,3,2.0,980,5000,1.0,0,0,3,6,980,0,1940,0,98144,47.595,-122.308,1970,3025
28371,20150227T000000,425590.0,3,2.75,1940,3088,2.0,0,3,3,8,1770,170,2008,0,98065,47.5185,-121.878,1410,2335
11679,20140729T000000,335000.0,3,1.0,1380,7470,1.0,0,0,5,7,1380,0,1965,0,98133,47.7479,-122.343,1440,7473
11802,20150321T000000,503000.0,3,2.0,1260,2500,1.0,0,0,4,7,750,510,1987,0,98107,47.6748,-122.371,1710,5000
15191,20140710T000000,847700.0,5,3.25,4230,10260,2.0,0,0,3,10,3860,370,1996,0,98027,47.5503,-122.081,2980,10997
19149,20140506T000000,387000.0,3,1.0,1230,9568,1.0,0,0,5,7,1230,0,1962,0,98056,47.539,-122.179,1270,9575
14869,20140625T000000,1360000.0,3,1.5,2680,4775,2.0,0,2,5,8,1880,800,1913,0,98109,47.6333,-122.347,2280,5947
19990,20140527T000000,360000.0,3,1.0,1570,9467,1.0,0,0,3,7,1570,0,1954,0,98177,47.7683,-122.359,1570,9100
10838,20140902T000000,207000.0,3,2.5,1520,2550,2.0,0,0,3,7,1520,0,2005,0,98108,47.5245,-122.33,1460,2550
14929,20141030T000000,236000.0,4,2.5,1630,3060,2.0,0,0,3,7,1630,0,2003,0,98146,47.5072,-122.336,1270,4590
14590,20140916T000000,360000.0,4,2.25,1930,6508,2.0,0,0,3,8,1930,0,1996,0,98019,47.7458,-121.977,2170,6548
26507,20140620T000000,650000.0,4,2.5,3040,6587,2.0,0,0,3,7,3040,0,2003,0,98053,47.683,-122.039,2740,6587
13146,20150318T000000,715000.0,3,2.25,1990,4977,3.0,0,0,3,9,1990,0,2012,0,98118,47.5404,-122.268,1280,5000
14862,20140528T000000,267000.0,3,2.5,2495,4400,2.0,0,0,3,8,2495,0,2007,0,98001,47.288,-122.283,2434,4400
29045,20140716T000000,665000.0,3,2.5,1730,3000,2.0,0,0,3,8,1730,0,1996,0,98103,47.6532,-122.34,1730,1774
12784,20141202T000000,380000.0,3,2.5,1260,900,2.0,0,0,3,7,940,320,2007,0,98116,47.5621,-122.384,1310,1415
22738,20141231T000000,609000.0,6,3.0,2470,9267,2.0,0,0,3,8,2470,0,1982,0,98007,47.6025,-122.152,2470,9151
27436,20140815T000000,555000.0,2,1.5,1780,4750,1.0,0,0,4,7,1080,700,1947,0,98117,47.6859,-122.395,1690,5962
12309,20141006T000000,352500.0,4,2.5,2300,219106,1.0,0,0,4,7,1840,460,1958,0,98038,47.4044,-121.963,2120,123710
16478,20140820T000000,259900.0,4,2.75,1560,8820,1.0,0,3,3,7,1060,500,1979,0,98001,47.3382,-122.257,2140,7800
20139,20150326T000000,325000.0,2,1.0,1130,6908,1.5,0,0,3,6,1130,0,1945,0,98155,47.745,-122.313,1150,6908
28114,20150312T000000,395000.0,3,1.75,1400,8640,1.0,0,0,3,7,1400,0,1962,0,98011,47.7659,-122.204,1630,8640
24575,20150114T000000,235000.0,3,2.25,1670,7606,2.0,0,0,3,7,1670,0,1990,0,98022,47.1949,-121.982,1670,7433
14948,20140611T000000,290300.0,2,1.0,860,3874,1.0,0,0,4,6,860,0,1931,0,98055,47.4836,-122.204,1400,5106
12213,20141017T000000,745000.0,3,1.0,1390,9112,1.0,0,0,4,7,1390,0,1951,0,98004,47.6071,-122.197,2290,9112
26149,20140825T000000,270000.0,4,1.5,1930,15000,1.0,0,0,5,7,1930,0,1946,0,98198,47.3864,-122.312,1620,7500
31724,20150330T000000,2540000.0,4,3.0,3710,20000,2.0,0,2,5,10,2760,950,1936,0,98105,47.6696,-122.261,3970,20000
12882,20141008T000000,207000.0,3,1.0,1980,18730,1.0,0,0,4,7,1280,700,1943,0,98001,47.3221,-122.282,1356,9450
26147,20150218T000000,590000.0,5,3.0,3480,6625,2.0,0,0,3,8,3480,0,2012,0,98059,47.4815,-122.153,2800,9400
29054,20150224T000000,515000.0,3,2.5,3020,12184,2.0,0,0,3,8,3020,0,2003,0,98019,47.744,-121.976,2980,10029
14453,20140623T000000,402101.0,2,0.75,1020,1350,2.0,0,0,3,7,1020,0,2009,0,98144,47.5944,-122.299,1020,2007
11160,20140701T000000,570000.0,4,2.5,2590,8483,2.0,0,0,3,9,2590,0,1991,0,98011,47.738,-122.221,2660,8717
17420,20140527T000000,375000.0,3,1.75,1440,8775,1.0,0,0,3,7,1440,0,1973,0,98034,47.7231,-122.17,1790,7865
16262,20150430T000000,375000.0,3,2.0,1540,8885,1.5,0,0,5,6,1540,0,1939,0,98019,47.7403,-121.984,1730,5000
19437,20140516T000000,238000.0,3,2.0,1020,1204,2.0,0,0,3,7,720,300,2004,0,98126,47.5445,-122.376,1360,1506
27412,20150416T000000,900000.0,3,1.0,1560,3825,1.5,0,0,3,8,1390,170,1930,0,98117,47.6803,-122.387,1700,5100
22300,20140606T000000,570000.0,3,2.5,2400,6975,2.0,0,0,3,9,2400,0,1993,0,98056,47.534,-122.179,2640,11172
11410,20150219T000000,751000.0,6,3.0,2880,6800,2.0,0,0,3,7,2880,0,1980,0,98144,47.5873,-122.299,1640,4000
18068,20141001T000000,500000.0,3,2.25,1530,1396,2.0,0,0,3,8,1240,290,2007,0,98107,47.666,-122.367,1690,2500
22126,20140623T000000,249000.0,3,1.0,1000,19204,1.0,0,0,3,7,1000,0,1968,2010,98042,47.3167,-122.081,2450,25927
18782,20150407T000000,500000.0,3,1.5,1330,1265,2.0,0,0,3,8,1140,190,2008,0,98116,47.5773,-122.409,1330,1264
29939,20141209T000000,266000.0,3,2.5,1805,3402,2.0,0,0,3,7,1805,0,2009,0,98002,47.3521,-122.212,2095,3402
14455,20140709T000000,321500.0,1,1.0,730,1942,1.0,0,0,3,7,730,0,2008,0,98144,47.5939,-122.299,1020,2183
14130,20140507T000000,460000.0,3,2.0,1760,9055,2.0,0,0,4,7,1760,0,1985,0,98052,47.6534,-122.128,2010,9383
12755,20150402T000000,598000.0,4,2.5,2420,5118,1.5,0,2,5,7,1550,870,1926,0,98126,47.5671,-122.378,1740,5750
28081,20150123T000000,290000.0,2,1.0,1250,12507,1.0,0,0,5,7,1250,0,1958,0,98056,47.4972,-122.176,1250,12498
17534,20140805T000000,719000.0,3,2.5,2120,9307,2.0,0,0,4,9,2120,0,1984,0,98006,47.5477,-122.141,2290,11524
30103,20141029T000000,695000.0,4,2.75,2660,7389,2.0,0,0,3,9,2660,0,2002,0,98075,47.5993,-121.977,2820,7388
13972,20140729T000000,605000.0,3,2.0,2660,4500,1.0,0,0,4,7,1330,1330,1922,0,98199,47.6391,-122.403,1790,5000
13545,20150303T000000,500000.0,3,1.0,940,10360,1.0,0,0,4,7,940,0,1964,0,98033,47.688,-122.19,2019,10360
26396,20141219T000000,495000.0,2,2.25,1460,1623,2.0,0,0,3,8,1260,200,2005,0,98115,47.6764,-122.301,1460,1137
25470,20140818T000000,269000.0,3,1.5,1320,2625,2.0,0,0,3,7,1320,0,1986,0,98133,47.7316,-122.338,1230,5250
27677,20140716T000000,389500.0,3,2.5,1350,874,3.0,0,0,3,8,1270,80,2006,0,98136,47.549,-122.387,1350,886
24277,20140623T000000,261350.0,3,1.75,1390,18200,1.0,0,0,4,7,1390,0,1962,0,98023,47.3208,-122.337,1810,9675
27431,20150311T000000,240500.0,2,1.0,1240,12092,1.0,0,0,3,6,960,280,1922,1984,98146,47.4957,-122.352,1820,7460
31517,20140910T000000,390000.0,2,1.75,1150,2723,1.0,0,0,4,7,770,380,1923,0,98102,47.6357,-122.322,1440,4000
17550,20150406T000000,548500.0,4,2.0,1820,7200,1.0,0,0,3,7,1300,520,1976,0,98136,47.5161,-122.388,1770,8149
30601,20140519T000000,461000.0,2,1.0,1060,7193,1.0,0,0,3,7,1060,0,1926,0,98133,47.7102,-122.356,1980,7560
29915,20141006T000000,510000.0,4,2.5,2440,10423,1.0,0,0,3,7,2440,0,1955,1993,98034,47.725,-122.172,1990,7758
15730,20140527T000000,427000.0,2,1.0,920,3780,1.0,0,0,3,6,920,0,1910,0,98103,47.6576,-122.348,1570,2640
21393,20140624T000000,289000.0,3,2.5,1970,9607,2.0,0,0,3,7,1090,880,1988,0,98001,47.3462,-122.286,2020,9608
27137,20140521T000000,249900.0,2,1.0,1140,5500,1.0,0,0,3,6,1140,0,1947,0,98106,47.5187,-122.363,1110,5500
15048,20141231T000000,397000.0,3,2.0,1100,9165,1.0,0,0,4,7,1100,0,1969,0,98034,47.7304,-122.231,1510,8500
30474,20140524T000000,245000.0,3,1.75,1260,6908,1.0,0,0,3,7,1260,0,1994,0,98038,47.385,-122.031,1810,7159
27433,20141104T000000,151100.0,3,1.0,840,4495,1.0,0,0,3,6,840,0,1921,0,98146,47.496,-122.349,1260,7434
16280,20150116T000000,372000.0,3,2.5,1920,15260,2.0,0,0,3,7,1920,0,1990,0,98019,47.7317,-121.964,2370,15235
12827,20150227T000000,217000.0,2,1.0,770,9715,1.0,0,0,4,6,770,0,1942,0,98168,47.4924,-122.312,1140,9715
27864,20140729T000000,940000.0,4,2.5,3160,39960,1.0,0,0,3,10,3160,0,1980,0,98005,47.6418,-122.157,3900,36444
15949,20140711T000000,258000.0,3,2.0,1680,19978,1.0,0,0,3,6,880,800,1948,0,98198,47.3924,-122.308,2150,11588
17801,20150226T000000,615000.0,3,1.75,2660,7800,1.0,0,0,4,8,1330,1330,1951,0,98117,47.6993,-122.378,1950,6240
21400,20140728T000000,517850.0,5,2.75,3050,7500,1.0,0,0,4,8,1800,1250,1966,0,98034,47.7249,-122.187,2060,7848
19597,20141216T000000,1900000.0,4,3.25,5080,27755,2.0,0,0,3,11,5080,0,2001,0,98006,47.5423,-122.111,4730,22326
24507,20150428T000000,470000.0,5,1.75,2740,9600,1.0,0,0,4,7,1370,1370,1945,0,98144,47.5738,-122.315,1990,4800
19004,20141006T000000,467500.0,3,1.75,2040,273556,1.0,0,0,3,7,2040,0,1997,0,98070,47.4361,-122.469,1790,273556
23919,20150119T000000,425000.0,4,2.5,3052,12145,2.0,0,0,3,8,3052,0,2004,0,98003,47.2598,-122.304,2767,8604
21208,20141006T000000,215000.0,3,2.0,1290,9312,1.0,0,0,3,7,1290,0,1947,0,98168,47.4811,-122.325,1650,7300
23262,20141205T000000,550000.0,3,2.5,3070,14400,1.0,0,3,5,9,1720,1350,1985,0,98198,47.3716,-122.321,2020,18211
23140,20150417T000000,1140000.0,4,3.5,3160,4200,2.0,0,4,3,8,2180,980,1999,0,98144,47.5963,-122.292,2180,5200
19443,20150407T000000,250000.0,1,1.5,1180,1688,2.0,0,0,3,8,1070,110,2007,0,98126,47.549,-122.372,1380,2059
11185,20150403T000000,403000.0,3,1.0,1500,10730,1.0,0,0,3,7,1000,500,1977,0,98053,47.6385,-121.966,1570,12210
17370,20140605T000000,955000.0,4,4.25,5660,193593,2.0,0,0,3,10,4100,1560,2001,0,98019,47.7064,-121.981,3620,207141
17138,20150227T000000,339000.0,5,2.5,1720,10202,1.5,0,0,3,7,1720,0,1970,0,98058,47.4572,-122.167,1720,8478
27474,20140623T000000,502000.0,6,2.5,2890,8122,1.0,0,0,3,8,1630,1260,1977,0,98008,47.5886,-122.113,2730,9915
16370,20150429T000000,212000.0,3,1.5,1010,10000,1.0,0,0,4,7,1010,0,1973,0,98003,47.2881,-122.294,2420,34637
28241,20141007T000000,569000.0,4,2.5,2830,10954,2.0,0,0,3,8,2830,0,2003,0,98065,47.5396,-121.882,2470,10443
24743,20140620T000000,2110000.0,3,2.25,3230,17833,2.0,0,0,4,9,3230,0,1973,0,98006,47.5683,-122.188,3690,17162
28853,20140617T000000,379900.0,5,3.5,2800,7350,2.0,0,0,3,7,2800,0,1995,0,98106,47.5273,-122.345,2190,7620
21050,20140728T000000,1090000.0,4,2.75,3010,10830,2.0,0,3,4,9,3010,0,1980,0,98034,47.7005,-122.232,3010,10650
13123,20141022T000000,970000.0,5,3.5,3400,9804,2.0,0,0,3,9,2550,850,2008,0,98118,47.543,-122.266,2380,7440
28931,20150429T000000,494900.0,3,2.5,2040,2500,2.0,0,0,3,7,1470,570,2008,0,98126,47.573,-122.372,1410,2500
16837,20140929T000000,650000.0,4,2.5,2500,6005,2.0,0,0,3,9,2500,0,2001,0,98033,47.6922,-122.174,2680,7200
19159,20150408T000000,352000.0,3,1.75,1260,7200,1.0,0,0,3,7,1260,0,1971,0,98034,47.7189,-122.178,1460,7200
26839,20150303T000000,315000.0,3,2.5,2200,5954,2.0,0,0,3,7,2200,0,2004,0,98042,47.3709,-122.125,2200,5046
28410,20140618T000000,536751.0,3,1.75,1930,6360,1.0,0,0,3,9,1930,0,2013,0,98065,47.5181,-121.885,2770,6373
19200,20140722T000000,275000.0,3,1.0,1000,8018,1.0,0,0,3,7,1000,0,1969,0,98034,47.7285,-122.198,1270,8000
22572,20141112T000000,650000.0,3,2.5,2870,7288,2.0,0,0,3,9,2870,0,2012,0,98011,47.7745,-122.225,2870,5998
29866,20150424T000000,782500.0,3,2.5,3750,7821,2.0,0,0,3,9,3750,0,2001,0,98074,47.6325,-122.064,3210,8405
28083,20141113T000000,490000.0,3,1.75,1660,8208,1.0,0,0,4,8,1660,0,1965,0,98005,47.5919,-122.154,2210,11000
16332,20150428T000000,380000.0,4,1.75,1720,9600,1.0,0,0,4,8,1720,0,1969,0,98059,47.4764,-122.155,1660,10720
31171,20141223T000000,661000.0,4,3.25,2600,2074,2.0,0,0,3,8,2150,450,2011,0,98027,47.5402,-122.028,2510,2074
27337,20150325T000000,720000.0,3,2.5,2880,10126,2.0,0,0,4,10,2880,0,1985,0,98074,47.6319,-122.037,2960,10514
15752,20150220T000000,246000.0,3,1.5,1630,10200,1.0,0,0,4,8,1300,330,1976,0,98023,47.3155,-122.364,1960,6700
11550,20150505T000000,411000.0,2,2.25,1910,108900,1.0,0,0,4,7,1010,900,1972,0,98038,47.4206,-122.023,2050,108900
31925,20141008T000000,500000.0,4,2.25,2490,23478,2.0,0,0,3,8,2490,0,1981,0,98072,47.7547,-122.094,2030,12611
13793,20141015T000000,349900.0,4,2.75,2530,13474,2.0,0,0,4,8,2530,0,1994,0,98023,47.289,-122.344,2490,13140
17136,20140519T000000,319950.0,4,1.75,2310,8045,1.0,0,0,4,7,1650,660,1976,0,98058,47.4569,-122.165,1790,8086
30258,20141104T000000,235000.0,4,2.75,1770,10184,1.0,0,0,3,8,1250,520,1979,0,98023,47.3074,-122.385,2070,8320
24957,20150204T000000,240000.0,2,1.0,870,6552,1.0,0,0,3,6,870,0,1947,0,98133,47.7188,-122.353,1500,6678
17749,20141112T000000,155000.0,3,1.0,1300,6098,1.0,0,0,3,7,1300,0,2013,0,98014,47.7074,-121.364,1300,6849
22047,20140820T000000,461000.0,3,1.75,1420,5170,1.0,0,0,4,7,1420,0,1963,0,98007,47.6151,-122.145,2250,7700
28736,20140915T000000,229900.0,4,1.75,1550,9899,1.0,0,0,4,7,1550,0,1967,0,98030,47.3583,-122.183,1500,11272
23729,20150511T000000,510000.0,3,1.75,1950,8325,1.0,0,0,4,7,1950,0,1962,0,98011,47.7685,-122.2,1950,8325
17124,20150102T000000,263500.0,3,1.75,1330,9917,1.0,0,0,3,7,1040,290,1981,0,98058,47.4478,-122.161,1330,9081
28747,20141210T000000,733500.0,3,1.5,2120,4370,1.5,0,0,3,8,2120,0,1904,0,98122,47.606,-122.307,1960,5120
16948,20150410T000000,500000.0,3,2.0,1990,65340,2.0,0,0,3,8,1990,0,1986,0,98027,47.4726,-121.99,2120,59241
27966,20140718T000000,255000.0,3,2.0,1590,8670,1.0,0,0,3,7,1590,0,1994,0,98042,47.3725,-122.073,1590,9253
20895,20141104T000000,295000.0,1,1.0,520,5600,1.0,0,0,3,6,520,0,1918,0,98116,47.5579,-122.395,1030,5265
13072,20140714T000000,447055.0,4,2.5,2448,4949,2.0,0,0,3,9,2448,0,2014,0,98030,47.3428,-122.179,2815,5446
16584,20140602T000000,469000.0,3,1.0,950,4250,1.5,0,0,5,6,950,0,1948,0,98122,47.609,-122.307,2130,5120
11492,20141031T000000,335900.0,4,2.75,2475,4000,2.0,0,0,3,7,2475,0,2014,0,98002,47.345,-122.209,2475,4000
28914,20140602T000000,199950.0,3,1.0,1010,7245,1.0,0,0,3,7,1010,0,1969,0,98003,47.3338,-122.306,1300,8236
30699,20150313T000000,172380.0,3,1.0,970,8378,1.0,0,0,4,6,970,0,1962,0,98023,47.3078,-122.365,1050,8563
19435,20140925T000000,479950.0,3,2.0,1820,1358,3.0,0,0,3,9,1820,0,2014,0,98126,47.5433,-122.376,1710,1367
23987,20141007T000000,258000.0,3,1.75,2090,7461,1.0,0,0,3,6,1200,890,1986,0,98030,47.3764,-122.184,1420,7462
16828,20140806T000000,390000.0,4,1.75,1910,77574,1.0,0,0,4,8,1910,0,1971,0,98042,47.3932,-122.12,2130,37026
12788,20150121T000000,393500.0,3,1.75,1230,1441,2.0,0,0,3,8,1010,220,2004,0,98116,47.5626,-122.382,1170,1942
13713,20141009T000000,459000.0,4,2.75,2790,6600,2.0,0,0,3,9,2790,0,2000,0,98058,47.4362,-122.109,2900,6752
32307,20150127T000000,490000.0,3,1.5,1970,3400,1.5,0,0,4,8,1420,550,1929,0,98122,47.6163,-122.292,1940,4000
29372,20140924T000000,597000.0,4,2.5,2280,2432,2.0,0,0,5,8,1520,760,1921,0,98103,47.6605,-122.355,1690,2099
18572,20140610T000000,499950.0,2,2.25,1060,1208,2.0,0,0,3,8,940,120,2005,0,98102,47.6371,-122.327,1300,1169
30966,20140618T000000,620000.0,4,2.5,1910,7683,2.0,0,0,3,8,1910,0,1987,0,98027,47.5644,-122.092,1980,8485
11728,20141016T000000,310000.0,1,1.5,1120,912,3.0,0,0,3,7,1120,0,2011,0,98144,47.5924,-122.299,1380,3200
26530,20140701T000000,920000.0,4,3.5,4080,10666,2.0,0,0,3,9,4080,0,2005,0,98053,47.6818,-122.023,3920,8154
20357,20150407T000000,825000.0,4,3.0,2910,8027,1.0,0,0,5,8,1800,1110,1970,0,98117,47.6939,-122.391,2390,7660
18317,20141029T000000,922000.0,4,2.5,2620,14126,1.0,0,4,4,8,1620,1000,1941,0,98117,47.6983,-122.397,2620,8905
12672,20140716T000000,242025.0,4,1.75,1400,54014,1.5,0,0,4,7,1400,0,1935,0,98031,47.4153,-122.184,1910,8523
20584,20150109T000000,600000.0,4,2.25,2840,31720,1.0,0,0,3,8,1780,1060,1958,0,98177,47.7505,-122.375,2290,29577
15178,20140626T000000,429900.0,3,2.5,2370,5353,2.0,0,0,3,8,2370,0,2009,0,98019,47.7333,-121.975,2130,6850
21471,20140604T000000,2400000.0,5,3.25,3410,9088,2.0,0,3,3,9,2760,650,1912,0,98119,47.6285,-122.361,3540,7100
14402,20140905T000000,370000.0,4,2.5,2720,8666,2.0,0,0,3,9,2720,0,1992,0,98030,47.3846,-122.169,2410,8100
22586,20150217T000000,439000.0,5,3.5,2880,10000,2.0,0,3,3,8,1980,900,1991,0,98055,47.4874,-122.223,2120,9535
11621,20140721T000000,408000.0,3,2.0,1640,3440,2.0,0,0,3,7,1640,0,1987,0,98052,47.6829,-122.097,1070,3549
18284,20150422T000000,1960000.0,4,4.0,4430,31353,2.0,0,0,3,12,4430,0,1998,0,98005,47.6422,-122.157,3900,35237
19667,20140827T000000,388500.0,3,2.25,1350,944,2.0,0,0,3,8,1050,300,2007,0,98144,47.5997,-122.312,1350,1245
27405,20140506T000000,979000.0,3,2.5,2690,4047,3.0,0,0,3,10,2690,0,2014,0,98117,47.6797,-122.385,2040,5000
28275,20150416T000000,610000.0,4,2.5,2950,9010,2.0,0,0,3,9,2950,0,2004,0,98065,47.531,-121.86,3160,8813
12836,20150414T000000,752000.0,6,3.75,3810,6663,2.0,0,0,4,8,3810,0,1977,0,98103,47.6938,-122.34,1610,4561
13186,20141203T000000,2200000.0,4,3.0,3540,11098,2.0,0,0,3,10,3000,540,1940,0,98112,47.634,-122.288,3430,8214
12758,20140922T000000,430000.0,3,1.75,1440,4025,1.0,0,0,4,6,720,720,1917,0,98126,47.567,-122.38,1500,5750
20395,20140521T000000,195000.0,2,1.0,1080,3899,1.0,0,0,4,8,1080,0,1972,0,98198,47.3792,-122.321,1090,3899
27543,20140609T000000,425000.0,2,1.0,910,4635,1.0,0,0,4,6,910,0,1905,0,98107,47.675,-122.393,1740,5000
16107,20141112T000000,260000.0,4,2.5,1790,4358,2.0,0,0,3,7,1790,0,1993,0,98031,47.3994,-122.204,1790,4305
28010,20141013T000000,725000.0,3,2.0,1550,12262,1.0,0,0,4,7,1550,0,1964,0,98040,47.5755,-122.216,2900,12372
15894,20150506T000000,860000.0,4,2.75,2720,3840,2.0,0,0,3,8,1790,930,1920,2009,98107,47.6624,-122.361,1360,3880
24701,20140609T000000,255000.0,2,1.0,1200,9000,1.0,0,2,5,6,1200,0,1917,0,98198,47.4039,-122.323,1660,9000
30562,20150217T000000,325500.0,4,1.75,2290,8142,1.0,0,0,4,7,1490,800,1969,0,98055,47.4564,-122.211,1840,8142
14675,20150225T000000,396000.0,4,1.0,1040,4420,1.5,0,0,3,6,1040,0,1944,0,98117,47.6945,-122.368,1310,4920
19534,20141007T000000,518000.0,4,2.5,2830,13760,2.0,0,0,3,8,2830,0,1993,0,98019,47.7334,-121.97,2350,14029
20100,20150318T000000,200450.0,3,1.0,970,9130,1.0,0,0,3,6,970,0,1957,0,98188,47.4369,-122.272,1000,8886
14778,20140905T000000,562000.0,3,2.5,2400,97138,2.0,0,0,5,8,2400,0,1983,0,98077,47.7361,-122.046,2230,54450
28514,20140507T000000,230000.0,3,2.5,1920,9180,2.0,0,0,3,8,1920,0,1988,0,98055,47.4818,-122.231,1930,7252
25498,20140903T000000,518000.0,4,2.5,2160,9750,2.0,0,0,3,8,2160,0,1983,0,98028,47.7438,-122.246,2840,10535
11647,20141107T000000,599950.0,4,1.75,2720,7810,1.0,0,0,3,8,1510,1210,1952,0,98115,47.6788,-122.283,2120,7315
14624,20140918T000000,550000.0,3,2.25,2160,15360,1.0,0,0,3,8,1410,750,1965,2000,98007,47.6232,-122.138,2180,8480
21249,20150415T000000,305000.0,3,2.25,1630,10962,1.0,0,0,4,8,1100,530,1977,0,98030,47.3801,-122.166,1830,8470
19024,20150430T000000,1070000.0,3,2.5,3970,263538,1.5,0,0,3,9,3970,0,1991,0,98024,47.6067,-121.952,3970,194676
21201,20150428T000000,359950.0,4,2.5,1820,3899,2.0,0,0,3,7,1820,0,1999,0,98019,47.735,-121.985,1820,3899
13076,20140904T000000,528000.0,5,1.75,2140,8580,1.0,0,0,3,7,1200,940,1962,0,98033,47.6625,-122.178,1600,9206
20578,20140604T000000,2010000.0,6,4.5,3810,28176,1.0,0,4,5,10,3810,0,1969,0,98177,47.7612,-122.381,3810,26400
30410,20141026T000000,594950.0,4,3.25,2557,9480,2.0,0,2,3,7,2557,0,1948,1993,98118,47.5449,-122.262,2220,8340
27886,20141107T000000,421000.0,3,2.0,1420,12655,1.0,0,0,5,7,1420,0,1968,0,98056,47.5309,-122.186,2020,9655
29409,20140505T000000,787000.0,3,1.75,1330,7500,1.0,0,0,3,8,1330,0,1961,0,98004,47.6074,-122.195,1690,7800
24668,20141218T000000,582000.0,2,1.75,1210,4141,1.0,0,0,4,7,910,300,1942,0,98117,47.686,-122.382,1310,4141
12817,20150326T000000,256500.0,5,2.5,1960,7350,1.0,0,0,4,7,1360,600,1969,0,98058,47.4368,-122.165,1900,7350
29702,20141219T000000,396900.0,3,2.0,1360,3120,2.0,0,0,3,7,1360,0,1989,0,98115,47.6943,-122.307,1360,3120
30116,20140709T000000,750000.0,4,2.5,3020,7465,2.0,0,0,3,9,3020,0,2004,0,98075,47.5982,-121.98,3100,5587
24827,20140613T000000,230000.0,2,1.0,930,7550,1.0,0,0,3,6,930,0,1986,0,98168,47.4866,-122.303,1370,10176
28569,20140627T000000,295000.0,1,1.0,700,2500,1.0,0,0,4,7,700,0,1907,0,98106,47.5662,-122.364,1340,5000
15556,20150401T000000,733000.0,5,2.75,2880,4425,2.0,0,0,3,8,2880,0,2005,0,98052,47.7048,-122.109,2940,6581
13769,20150324T000000,367500.0,3,3.25,1400,1343,2.0,0,0,3,7,1160,240,2005,0,98118,47.5483,-122.277,1400,1326
14891,20150321T000000,645000.0,3,2.5,2490,5978,2.0,0,0,3,9,2490,0,2003,0,98074,47.6298,-122.022,2710,6629
18277,20141001T000000,754842.0,3,2.5,2930,5641,2.0,0,0,3,8,2930,0,2013,0,98052,47.71,-122.113,3300,5641
25061,20150130T000000,330000.0,4,1.5,1890,7540,1.0,0,0,4,7,1890,0,1967,0,98155,47.7534,-122.318,1890,8515
23086,20140926T000000,369000.0,3,2.0,1340,1480,3.0,0,0,3,8,1340,0,1997,0,98117,47.6904,-122.393,1340,1321
17090,20150429T000000,390000.0,3,1.75,1435,8960,1.0,0,0,4,8,1435,0,1969,0,98058,47.4525,-122.149,2030,9450
24329,20140826T000000,252000.0,3,2.25,1740,10836,1.0,0,0,3,7,910,830,1981,0,98031,47.3976,-122.166,2090,7500
15075,20141010T000000,330000.0,3,1.0,1160,9600,1.0,0,0,4,7,1160,0,1967,0,98077,47.7419,-122.073,1160,9730
15559,20150502T000000,760000.0,4,2.5,3520,8095,2.0,0,0,3,9,3520,0,2006,0,98052,47.7065,-122.109,2460,4676
26909,20140709T000000,295000.0,2,1.0,800,6500,1.0,0,0,4,6,800,0,1953,0,98133,47.7621,-122.358,1220,7000
30987,20150430T000000,535000.0,4,2.5,3250,6933,2.0,0,0,3,8,3250,0,2009,0,98059,47.4956,-122.151,3030,5308
30911,20150415T000000,302000.0,4,1.5,1790,10200,1.0,0,0,4,8,1210,580,1963,0,98030,47.3774,-122.225,1540,6600
25531,20140513T000000,2560000.0,4,2.5,5300,26211,2.0,1,2,2,10,4570,730,1923,0,98105,47.661,-122.269,3890,19281
27637,20150121T000000,375000.0,4,2.75,1890,5240,1.0,0,0,3,7,980,910,1981,0,98106,47.5528,-122.356,1600,5240
31684,20140611T000000,354000.0,3,1.0,940,10368,1.0,0,0,3,7,940,0,1965,0,98052,47.6608,-122.133,2090,9620
28312,20150424T000000,820875.0,5,3.25,3860,9387,2.0,0,2,3,9,3860,0,2006,0,98065,47.538,-121.858,3860,8979
32373,20150414T000000,530000.0,3,1.5,1240,4080,1.5,0,0,3,8,1240,0,1914,0,98144,47.5745,-122.291,1420,4080
26437,20150309T000000,385000.0,3,1.75,1200,7360,1.0,0,0,4,7,1200,0,1978,0,98052,47.6979,-122.13,1200,7500
25837,20140728T000000,285000.0,4,1.75,2510,7440,1.0,0,2,4,8,1290,1220,1962,0,98032,47.3748,-122.276,1790,8000
31422,20141023T000000,315000.0,3,1.75,1660,8160,1.0,0,0,4,7,1660,0,1951,0,98166,47.4608,-122.358,1490,8100
20370,20141003T000000,350000.0,4,2.75,3390,16153,1.0,0,0,4,7,1970,1420,1961,0,98031,47.3954,-122.184,2530,8495
17780,20140618T000000,855000.0,4,2.25,2190,4080,2.0,0,0,3,8,1800,390,1918,0,98119,47.6425,-122.358,2100,4080
20714,20141003T000000,765000.0,4,2.5,2660,5043,2.0,0,2,3,9,2660,0,2003,0,98029,47.5445,-121.996,3010,5500
30107,20140616T000000,699850.0,4,3.5,2690,6164,2.0,0,0,3,9,2690,0,2002,0,98075,47.599,-121.973,2910,5000
27943,20140826T000000,431000.0,2,2.0,1390,12530,1.0,0,0,3,8,970,420,1959,0,98155,47.7499,-122.29,1940,12530
16669,20140520T000000,350000.0,4,2.25,2220,6953,2.0,0,0,4,8,2220,0,1999,0,98038,47.3509,-122.041,2240,6716
24080,20150420T000000,1330000.0,5,3.0,3340,10796,1.0,0,2,3,9,2120,1220,1964,1990,98040,47.5421,-122.229,3290,12955
24943,20150224T000000,490000.0,3,2.5,2080,12032,2.0,0,0,3,8,2080,0,1978,0,98077,47.7455,-122.073,2320,9900
12175,20140515T000000,828950.0,4,3.5,3930,5680,2.0,0,1,3,9,2820,1110,2013,0,98027,47.5528,-122.076,3700,5816
28669,20141205T000000,660000.0,3,1.75,2030,9032,2.0,0,2,4,7,2030,0,1963,0,98008,47.586,-122.117,2350,8937
20603,20150123T000000,340000.0,4,2.75,3527,7200,2.0,0,0,3,7,3527,0,2005,0,98198,47.3823,-122.3,2490,7200
17980,20140516T000000,565000.0,3,2.25,1520,1221,3.0,0,0,3,8,1520,0,2013,0,98107,47.674,-122.377,1550,4750
12598,20150323T000000,2230000.0,4,4.25,4700,10800,2.0,0,1,3,11,3910,790,2002,0,98033,47.6882,-122.214,2370,7680
21853,20150413T000000,493000.0,4,2.5,2070,4270,2.0,0,0,3,8,2070,0,2010,0,98028,47.773,-122.265,2070,4610
25242,20140923T000000,499950.0,3,3.5,1820,1991,2.0,0,0,3,8,1430,390,2014,0,98144,47.596,-122.298,1550,1460
24814,20140709T000000,480000.0,5,2.75,2550,7725,1.0,0,0,5,8,1390,1160,1967,0,98056,47.5388,-122.171,2450,7725
30687,20140519T000000,433500.0,3,2.5,2200,3360,2.0,0,0,3,8,2200,0,2009,0,98118,47.5418,-122.287,2130,3423
25619,20150204T000000,317000.0,4,2.5,2160,8049,2.0,0,0,3,9,2160,0,1988,0,98001,47.3337,-122.26,2490,8995
19952,20140619T000000,549000.0,4,1.75,1290,3060,2.0,0,0,4,7,1290,0,1906,0,98103,47.6798,-122.348,1510,4080
29711,20140601T000000,243000.0,3,1.75,1790,12000,1.0,0,0,3,7,1040,750,1960,0,98198,47.3945,-122.313,1840,12000
28738,20140717T000000,375000.0,2,1.0,940,5120,1.0,0,0,3,7,940,0,1909,0,98122,47.6073,-122.308,1300,5120
30975,20140919T000000,6890000.0,6,7.75,9890,31374,2.0,0,4,3,13,8860,1030,2001,0,98039,47.6305,-122.24,4540,42730
13435,20141020T000000,350000.0,3,1.75,2130,7500,1.0,0,0,4,7,1090,1040,1956,0,98166,47.4593,-122.343,1590,7500
19199,20150209T000000,475000.0,3,1.75,2490,7210,1.0,0,0,3,7,1290,1200,1972,0,98034,47.726,-122.198,1610,7210
26020,20141029T000000,680000.0,5,2.0,2140,5000,1.5,0,0,4,7,2020,120,1913,0,98122,47.6044,-122.299,1810,4400
17978,20150317T000000,356000.0,3,1.0,940,2366,1.0,0,0,3,6,940,0,1916,0,98107,47.6744,-122.383,1500,5000
22637,20150409T000000,625000.0,3,2.5,2280,4757,2.0,0,0,3,8,2280,0,2003,0,98075,47.5901,-122.018,2280,4534
11216,20140616T000000,277000.0,3,1.0,1100,8536,1.0,0,0,4,7,1100,0,1957,0,98118,47.5162,-122.261,1570,8040
24427,20140515T000000,390000.0,3,2.5,2240,10800,2.0,0,0,3,8,2240,0,1996,0,98028,47.7433,-122.229,1900,9900
26633,20141106T000000,320000.0,4,2.75,2150,9163,1.0,0,0,3,8,1340,810,1992,0,98003,47.266,-122.307,2260,7750
27072,20150408T000000,275000.0,4,2.5,2150,3721,2.0,0,0,3,8,2150,0,2007,0,98002,47.3363,-122.215,2150,3721
31890,20150418T000000,525000.0,3,1.75,1600,9579,1.0,0,0,3,8,1180,420,1977,0,98072,47.7662,-122.159,1750,9829
14726,20150105T000000,600000.0,4,2.5,3870,50965,2.0,0,0,3,10,3870,0,2007,0,98010,47.3109,-122.045,2170,65843
16456,20150313T000000,367000.0,3,2.5,2828,4050,2.0,0,0,3,8,2828,0,2013,0,98030,47.382,-122.197,2513,4507
21497,20140624T000000,1010000.0,2,2.0,1460,9052,1.0,0,2,5,6,1460,0,1900,0,98033,47.6857,-122.208,2554,7834
15059,20140731T000000,477590.0,3,3.25,2260,7701,2.0,0,0,3,8,1760,500,2000,0,98146,47.5053,-122.377,1880,7529
21041,20141014T000000,1950000.0,3,2.5,2510,12779,1.5,0,4,3,10,2510,0,1968,0,98034,47.6982,-122.231,2810,12225
21933,20140828T000000,259000.0,3,2.0,1610,14046,2.0,0,0,3,7,1610,0,1933,1988,98028,47.7704,-122.264,2410,9000
11300,20140530T000000,384950.0,3,2.5,1860,3690,2.0,0,0,3,7,1860,0,2000,0,98028,47.776,-122.239,1870,4394
16137,20150409T000000,330000.0,2,1.0,1129,3840,1.0,0,0,3,7,1129,0,1953,0,98106,47.5313,-122.351,1300,3880
28932,20140814T000000,255000.0,1,0.5,880,1642,1.0,0,0,3,6,500,380,1910,0,98126,47.5732,-122.372,1410,2992
13390,20141124T000000,335000.0,4,2.5,2330,7050,2.0,0,0,3,8,2330,0,1998,0,98178,47.5001,-122.231,1810,5424
20954,20141105T000000,319450.0,5,2.0,2250,5472,1.5,0,0,5,7,1750,500,1930,0,98002,47.3065,-122.219,1540,5472
18702,20150422T000000,995000.0,4,3.25,3530,20012,2.0,0,0,3,11,3530,0,1986,0,98052,47.7193,-122.127,3850,20707
18582,20140723T000000,884744.0,4,3.5,4210,9414,2.0,0,0,3,9,4210,0,2001,0,98074,47.6067,-122.022,3950,8880
27469,20150411T000000,432100.0,3,2.25,1790,2240,2.0,0,0,4,8,1790,0,1975,0,98052,47.6343,-122.106,1780,2560
12555,20140826T000000,448500.0,3,1.75,1300,4800,2.0,0,1,4,7,1300,0,1912,0,98136,47.5457,-122.383,1300,4800
11150,20141014T000000,455000.0,4,1.0,1340,5800,1.5,0,2,3,7,1340,0,1914,0,98116,47.5658,-122.389,1900,5800
27579,20140618T000000,407450.0,4,1.5,2310,68824,2.0,0,0,4,7,2310,0,1968,0,98010,47.3354,-122.031,2020,39900
16678,20140808T000000,365000.0,3,2.5,2190,5091,2.0,0,0,3,8,2190,0,2004,0,98038,47.3506,-122.039,2200,5948
32015,20140722T000000,420000.0,4,2.0,2280,10319,1.0,0,3,4,8,1270,1010,1989,0,98198,47.3594,-122.322,2280,9767
14010,20150429T000000,441000.0,3,1.5,1540,7200,1.0,0,0,3,7,1540,0,1968,0,98011,47.7357,-122.195,1560,7500
27467,20140820T000000,497000.0,4,2.25,2250,3463,2.0,0,0,4,8,2250,0,1968,0,98052,47.6324,-122.106,1850,2811
20352,20140702T000000,811000.0,3,3.0,2470,7410,2.0,0,0,5,8,1860,610,1977,0,98117,47.6937,-122.392,2390,7800
21378,20150219T000000,858000.0,5,3.0,3620,12778,1.0,0,2,5,8,1900,1720,1964,0,98006,47.5512,-122.191,2930,10669
14058,20150128T000000,400000.0,2,2.0,1050,1173,2.0,0,0,3,8,720,330,2004,0,98122,47.6181,-122.302,1340,1317
20843,20150430T000000,535000.0,3,2.5,2390,6263,2.0,0,0,3,9,2390,0,2003,0,98028,47.7379,-122.248,2390,11761
16041,20150220T000000,325000.0,3,1.5,2120,41325,1.0,0,0,4,7,1420,700,1973,0,98092,47.2906,-122.055,1780,42000
28654,20150327T000000,731000.0,5,2.5,3670,8960,1.5,0,0,3,8,3670,0,1973,0,98052,47.6654,-122.142,2340,9425
28718,20141009T000000,716500.0,5,2.75,3630,38461,2.0,0,0,3,11,3630,0,2000,0,98058,47.4289,-122.094,4440,50378
30967,20140507T000000,618080.0,3,2.5,2030,6500,2.0,0,0,3,8,2030,0,1988,0,98027,47.5654,-122.092,2030,8485
20016,20141120T000000,990000.0,4,2.5,3140,11049,2.0,0,0,3,10,3140,0,1988,0,98004,47.5817,-122.192,2750,11049
26049,20140619T000000,475000.0,3,2.5,950,1110,2.0,0,0,3,8,950,0,2003,0,98102,47.6226,-122.319,1230,1215
29485,20150430T000000,325000.0,2,2.25,1550,2285,2.0,0,0,3,8,1550,0,2007,0,98106,47.5398,-122.369,1550,2135
17620,20141119T000000,788000.0,4,2.5,2680,8778,2.0,0,0,4,8,2680,0,1977,0,98006,47.5516,-122.161,2680,10020
23135,20150220T000000,205000.0,3,2.25,1250,952,3.0,0,0,3,8,1250,0,2008,0,98133,47.7098,-122.333,1250,1030
19165,20140506T000000,279900.0,3,1.75,1580,8151,1.0,0,1,4,7,1100,480,1962,0,98198,47.3672,-122.312,1650,8151
13667,20140716T000000,635000.0,3,2.5,1530,2978,1.0,0,0,3,7,1210,320,1997,0,98117,47.6796,-122.39,1640,5100
28641,20141010T000000,469950.0,5,2.5,2310,8303,1.0,0,0,3,7,1300,1010,1975,0,98034,47.7212,-122.211,1930,8303
13747,20140703T000000,198000.0,4,1.75,2080,7200,1.0,0,0,4,7,1050,1030,1966,0,98001,47.3385,-122.282,1500,7350
29568,20140626T000000,399000.0,4,3.0,3060,5000,2.0,0,0,3,8,3060,0,2001,0,98042,47.3786,-122.126,3060,5668
30998,20150407T000000,270000.0,3,1.75,1610,6205,1.0,0,0,4,7,1210,400,1979,0,98023,47.3004,-122.383,1780,8056
16069,20140623T000000,415000.0,4,2.5,2170,8518,1.0,0,3,3,7,1350,820,1955,0,98178,47.5073,-122.234,1880,7680
24357,20140515T000000,316500.0,4,2.5,2150,6807,2.0,0,0,4,8,2150,0,1991,0,98031,47.4053,-122.189,1910,7240
24286,20140723T000000,223000.0,4,2.0,1200,8470,1.0,0,0,4,7,1200,0,1961,0,98023,47.3262,-122.338,1110,8400
31353,20140728T000000,464950.0,3,1.5,1200,890,2.0,0,0,3,8,1030,170,2008,0,98109,47.6384,-122.342,1230,2120
23770,20141017T000000,782000.0,4,1.75,1500,6820,1.5,0,0,5,7,1500,0,1905,0,98117,47.6794,-122.37,1360,4125
19989,20140523T000000,334000.0,4,2.5,2210,6080,1.0,0,2,4,8,1410,800,1965,0,98178,47.4915,-122.228,2210,6175
14435,20140923T000000,354900.0,3,1.0,1720,16552,1.0,0,0,4,7,1720,0,1971,0,98059,47.4772,-122.153,1550,15457
27342,20140701T000000,482000.0,3,2.25,1710,21485,2.0,0,0,3,7,1710,0,1989,0,98074,47.6198,-122.053,1680,21485
30397,20140702T000000,475000.0,4,2.5,1850,5444,2.0,0,0,5,7,1850,0,1981,0,98034,47.7227,-122.16,1540,5000
13805,20140721T000000,500000.0,3,2.5,2410,34848,1.5,0,0,3,8,2410,0,1976,0,98006,47.5694,-122.12,2420,16424
19329,20140708T000000,210000.0,3,2.0,960,9380,1.0,0,0,3,6,960,0,1949,0,98146,47.4852,-122.343,1460,9240
26987,20140519T000000,366500.0,4,2.75,2070,9300,1.0,0,0,5,7,1120,950,1945,0,98155,47.7416,-122.32,1010,8308
18568,20150128T000000,800000.0,3,3.0,2060,3200,2.0,0,0,3,8,2060,0,1907,1984,98102,47.637,-122.324,1760,2669
13575,20150417T000000,880000.0,5,2.75,3020,9187,2.0,0,0,3,9,3020,0,2007,0,98033,47.6806,-122.167,2250,9675
19982,20150330T000000,353000.0,3,2.5,2550,6021,2.0,0,0,3,7,2550,0,2002,0,98030,47.3828,-122.211,2080,6021
27417,20140625T000000,657000.0,4,2.5,2180,3375,1.5,0,0,4,7,1420,760,1926,0,98117,47.6846,-122.361,1560,3375
25638,20141013T000000,635250.0,3,2.25,2210,22040,1.0,0,0,5,8,1510,700,1976,0,98004,47.5904,-122.194,2470,14258
25781,20141119T000000,1050000.0,3,3.0,3490,4500,2.5,0,0,3,9,3170,320,1924,0,98102,47.6394,-122.321,2840,4050
22780,20150102T000000,325000.0,3,2.5,1870,3480,2.0,0,0,3,7,1870,0,2002,0,98056,47.4831,-122.183,2160,3480
27429,20150209T000000,214000.0,3,2.0,1580,5080,1.0,0,0,4,6,800,780,1942,0,98146,47.4963,-122.35,1580,7114
12446,20141031T000000,340000.0,4,2.5,2020,32710,1.0,0,0,3,7,1070,950,1941,0,98168,47.4969,-122.33,1340,17700
14209,20141208T000000,459900.0,3,2.25,2250,8000,1.0,0,0,3,8,1460,790,1976,0,98034,47.7229,-122.202,1930,9000
28492,20140616T000000,470000.0,3,1.5,1760,6723,1.0,0,0,3,7,1160,600,1958,0,98118,47.5514,-122.266,2080,8965
14792,20150312T000000,875000.0,6,3.5,4430,11453,2.0,0,0,3,9,3000,1430,2001,0,98056,47.5156,-122.204,2730,5661
29764,20141205T000000,692500.0,4,3.0,2820,11500,2.0,0,0,3,10,2820,0,1991,0,98075,47.5826,-122.028,2770,9694
16765,20140630T000000,515000.0,3,2.5,2600,4506,2.0,0,0,3,8,2600,0,2003,0,98028,47.7353,-122.222,2600,4658
14842,20140708T000000,148226.0,3,1.0,1400,7360,1.0,0,0,4,7,1400,0,1968,0,98092,47.3123,-122.186,1600,8030
27239,20150219T000000,250000.0,2,1.0,850,6370,1.0,0,0,3,6,850,0,1951,0,98126,47.5198,-122.373,850,5170
27786,20141107T000000,179950.0,3,1.0,960,10125,1.0,0,0,4,7,960,0,1952,0,98003,47.3335,-122.305,1250,9769
26584,20140813T000000,790500.0,4,2.75,3350,5416,2.0,0,0,3,9,3350,0,2014,0,98053,47.6849,-122.016,3625,5637
17032,20140508T000000,780000.0,4,1.75,2480,9195,1.0,0,0,3,7,1390,1090,1950,0,98004,47.584,-122.195,2440,9195
18818,20140814T000000,249950.0,3,1.75,1320,10454,1.0,0,0,4,7,1320,0,1968,0,98002,47.2844,-122.216,1680,10183
32346,20141028T000000,515000.0,3,2.5,1510,1178,2.0,0,0,3,8,1060,450,2007,0,98122,47.6181,-122.301,1510,1210
12623,20150304T000000,1430000.0,3,2.75,2710,9204,1.5,0,4,3,9,1480,1230,1975,0,98177,47.7039,-122.385,2960,10080
16749,20150211T000000,391000.0,4,2.25,2190,3850,2.0,0,0,3,7,2190,0,2006,0,98059,47.4861,-122.161,2190,3980
14881,20140527T000000,370000.0,2,2.25,1280,835,2.0,0,0,3,7,1080,200,2009,0,98118,47.5592,-122.284,1280,1246
24041,20140808T000000,225000.0,3,1.75,1350,9793,1.0,0,0,4,7,1350,0,1968,0,98022,47.1981,-122.003,1690,8080
24697,20140623T000000,446000.0,2,1.0,2550,21675,1.0,0,1,4,7,1610,940,1958,0,98198,47.4013,-122.319,2030,10591
28685,20140528T000000,510000.0,4,1.5,2040,8800,1.0,0,0,4,7,1020,1020,1961,0,98007,47.5965,-122.139,1490,8800
22692,20150203T000000,1150000.0,5,4.25,4010,8252,2.0,0,0,3,10,4010,0,2015,0,98075,47.5974,-122.013,3370,8252
28813,20140530T000000,190000.0,3,2.25,1590,11745,1.0,0,0,3,7,1090,500,1978,0,98001,47.3553,-122.28,1540,12530
22087,20140828T000000,475000.0,3,1.75,1870,25157,2.0,0,0,3,7,1870,0,1978,0,98014,47.695,-121.915,1870,15391
11208,20140917T000000,340000.0,2,0.75,1060,48292,1.0,1,2,5,6,560,500,1947,0,98070,47.4285,-122.511,750,80201
13801,20150121T000000,585000.0,3,2.5,2330,33750,2.0,0,0,3,9,2330,0,1983,2001,98045,47.4787,-121.723,2270,35000
22838,20140522T000000,432000.0,3,2.25,1470,1578,2.0,0,0,3,8,1090,380,2007,0,98136,47.5388,-122.387,1470,1668
13222,20140711T000000,500000.0,3,1.5,1320,8100,1.0,0,0,4,7,1320,0,1951,0,98177,47.7194,-122.371,1480,8100
21181,20140725T000000,345000.0,4,2.5,1983,6002,2.0,0,0,3,9,1983,0,2012,0,98092,47.3281,-122.164,2502,4750
21430,20140915T000000,434500.0,3,1.75,1930,7210,1.0,0,0,3,7,1110,820,1975,0,98072,47.735,-122.174,1870,7877
24027,20141008T000000,1000000.0,3,2.25,2300,15952,1.0,0,0,4,8,1150,1150,1963,0,98039,47.6322,-122.232,2200,14284
27558,20150423T000000,730000.0,3,3.5,2440,3502,2.0,0,0,3,7,1970,470,2000,0,98005,47.589,-122.165,2440,3417
21818,20140916T000000,333000.0,3,1.0,1620,5040,1.0,0,0,3,7,1120,500,1964,0,98118,47.5263,-122.286,1790,6178
30838,20140918T000000,709000.0,4,1.0,1680,4087,1.5,0,0,3,7,1680,0,1911,0,98103,47.6667,-122.337,1740,3745
12872,20150130T000000,350000.0,2,1.0,840,5551,1.0,0,0,3,6,840,0,1952,0,98118,47.5354,-122.28,1270,4652
19718,20150420T000000,230000.0,2,1.0,1280,4635,1.0,0,0,3,6,840,440,1917,0,98118,47.5532,-122.28,1660,6180
14611,20150311T000000,395000.0,3,2.5,2300,8938,2.0,0,0,3,9,2300,0,1989,0,98031,47.4181,-122.211,2570,9694
31260,20140710T000000,1250000.0,3,3.0,3460,5353,2.0,0,0,3,10,2850,610,2007,0,98116,47.5858,-122.393,2460,6325
21115,20140613T000000,299000.0,3,1.75,1180,13927,1.0,0,0,5,7,1180,0,1962,0,98059,47.4818,-122.094,1400,13173
14765,20140618T000000,1160000.0,4,3.5,4680,9700,2.0,0,0,3,10,3360,1320,2005,0,98006,47.5703,-122.165,2800,12343
12455,20141021T000000,206600.0,3,2.0,1390,13464,1.0,0,0,4,7,1390,0,1987,0,98030,47.3581,-122.173,1720,12080
28013,20150402T000000,935000.0,3,2.5,3570,15151,1.0,0,0,4,8,2400,1170,1981,0,98177,47.7475,-122.364,3140,14375
32167,20140508T000000,530000.0,3,1.75,1980,6760,1.0,0,0,4,8,1980,0,1973,0,98008,47.6398,-122.113,2120,7280
18744,20150304T000000,200000.0,2,1.0,950,8100,1.0,0,0,3,6,950,0,1955,0,98166,47.4572,-122.351,1620,7630
13190,20140710T000000,1910000.0,4,3.0,4460,6833,2.0,0,0,3,10,3140,1320,1955,2007,98112,47.6342,-122.289,3130,7450
22665,20150403T000000,372000.0,4,2.5,2520,9604,2.0,0,0,3,9,2520,0,1990,0,98031,47.3893,-122.216,2540,9793
14659,20140620T000000,337000.0,4,3.0,2240,8504,2.0,0,0,3,7,2240,0,1992,0,98155,47.7348,-122.295,1570,8460
31285,20140702T000000,732000.0,3,3.75,2670,6517,2.5,0,4,4,8,2020,650,1977,0,98126,47.5702,-122.38,2010,6073
21758,20150313T000000,499000.0,6,1.75,2400,7500,1.5,0,0,3,7,1400,1000,1975,0,98155,47.7661,-122.313,1980,7500
31368,20140820T000000,293550.0,4,1.75,1250,8840,1.0,0,0,4,7,910,340,1979,0,98198,47.4138,-122.317,1410,8378
11011,20150313T000000,425000.0,3,2.75,3610,107386,1.5,1,3,3,8,3130,480,1918,1962,98023,47.3351,-122.362,2630,42126
20014,20140904T000000,368000.0,4,2.75,2610,9426,1.0,0,0,3,7,1360,1250,1965,0,98188,47.4435,-122.279,1600,9426
12947,20140820T000000,365000.0,2,1.0,960,223898,1.0,0,0,3,6,960,0,1985,0,98014,47.6668,-121.892,1830,230868
16637,20150323T000000,447000.0,3,1.75,1400,6750,1.0,0,0,3,7,1040,360,1975,0,98034,47.717,-122.226,1860,7480
15948,20140922T000000,268000.0,4,1.75,1680,9966,1.0,0,0,3,7,1100,580,1977,0,98198,47.3923,-122.311,2400,10369
13985,20141106T000000,515000.0,2,1.0,1640,5200,1.0,0,0,4,7,1040,600,1937,0,98199,47.6426,-122.403,1780,5040
24669,20141106T000000,555000.0,2,1.0,1550,4600,1.0,0,0,4,7,1050,500,1941,0,98117,47.686,-122.384,1550,4600
27472,20150318T000000,431000.0,3,2.5,1690,2752,2.0,0,0,3,8,1690,0,1979,0,98052,47.6332,-122.108,1690,2855
14488,20141203T000000,921500.0,4,2.5,3670,315374,2.0,0,0,4,9,3670,0,1994,0,98077,47.7421,-122.026,2840,87991
31501,20141031T000000,457000.0,2,2.5,1380,1329,2.0,0,0,3,8,1050,330,2008,0,98117,47.6903,-122.37,1360,3750
21833,20140820T000000,374000.0,3,2.5,1850,17808,1.0,0,0,4,8,1210,640,1982,0,98032,47.3631,-122.271,2260,16754
29140,20150211T000000,550000.0,4,2.5,2090,6926,2.0,0,0,3,8,2090,0,1990,0,98074,47.6339,-122.022,2000,7151
14210,20140706T000000,395000.0,3,1.75,1480,7700,1.0,0,0,3,8,1480,0,1975,0,98034,47.7225,-122.202,1930,8560
23912,20150311T000000,189950.0,4,2.0,1910,4225,1.0,0,0,4,6,910,1000,1919,0,98001,47.3084,-122.234,1060,4800
31802,20140725T000000,325000.0,4,2.75,2110,6838,2.0,0,0,4,8,2110,0,1991,0,98031,47.3877,-122.171,2100,7280
27929,20140617T000000,809000.0,3,2.5,2590,7720,2.0,0,0,3,9,2590,0,1988,0,98007,47.659,-122.146,2600,9490
27373,20150504T000000,658600.0,4,2.0,1400,4690,1.5,0,0,4,7,1400,0,1945,0,98117,47.6826,-122.378,1400,4690
14879,20150415T000000,740000.0,4,2.75,2890,4000,1.5,0,0,4,9,2190,700,1931,0,98109,47.6419,-122.351,2280,4000
11839,20141222T000000,436000.0,3,2.5,1150,1193,2.0,0,0,3,8,1020,130,2006,0,98107,47.6684,-122.365,1450,1640
21357,20141121T000000,950000.0,4,2.75,2500,20000,1.0,0,0,4,8,1700,800,1969,0,98004,47.5901,-122.198,2650,20000
27109,20140805T000000,175000.0,2,1.75,1050,9800,1.5,0,0,4,6,1050,0,1975,0,98019,47.7595,-121.473,1230,12726
19659,20150220T000000,998000.0,5,3.5,3760,10207,2.0,0,0,3,10,3150,610,1969,0,98040,47.5605,-122.225,3550,12118
13449,20150504T000000,215000.0,1,1.0,970,7639,1.0,0,0,4,5,570,400,1920,0,98166,47.4655,-122.346,1360,7380
17846,20140709T000000,625000.0,3,1.75,3160,76230,1.0,0,0,4,8,2160,1000,1978,0,98001,47.274,-122.287,1990,45789
24850,20140514T000000,530000.0,4,2.75,2450,15002,1.0,0,0,5,9,2450,0,1974,0,98166,47.4268,-122.343,2650,15055
31579,20141113T000000,312620.0,3,2.5,1260,11877,1.0,0,0,3,7,1260,0,1975,0,98045,47.4442,-121.762,1430,9790
24244,20150204T000000,1050000.0,4,1.0,1330,9729,1.0,0,0,3,6,1330,0,1952,0,98004,47.6223,-122.208,2920,10353
14156,20140605T000000,189000.0,3,1.0,1010,7560,1.0,0,0,3,6,1010,0,1958,0,98058,47.4497,-122.176,1170,7560
22581,20150428T000000,335000.0,2,1.0,1410,7000,1.0,0,0,3,7,1410,0,1968,0,98055,47.4908,-122.223,1540,6000
21354,20140624T000000,483000.0,2,1.75,1240,3000,1.5,0,0,3,7,1240,0,1906,0,98105,47.6689,-122.326,1800,4080
28259,20140930T000000,430000.0,3,2.5,2360,6699,2.0,0,0,3,7,2360,0,2003,0,98065,47.5317,-121.853,2360,4744
25555,20140508T000000,246000.0,3,1.75,1390,7399,1.0,0,0,4,7,1390,0,1975,0,98031,47.4183,-122.182,1460,7800
31062,20140709T000000,737500.0,3,1.75,2320,10900,2.0,0,0,3,7,2320,0,1935,1974,98115,47.6877,-122.283,1610,5800
22067,20141217T000000,598800.0,1,1.0,1090,32010,1.0,0,0,4,6,1090,0,1958,0,98014,47.6928,-121.87,1870,25346
13879,20141020T000000,897500.0,4,3.0,4370,217882,2.0,0,0,3,10,4370,0,1984,0,98053,47.6573,-122.034,2430,35096
20013,20150106T000000,215000.0,3,1.0,1280,9775,1.0,0,0,3,6,1280,0,1964,0,98003,47.3262,-122.334,1230,8750
11628,20140909T000000,429000.0,2,1.0,1080,3600,1.0,0,0,3,7,1080,0,1922,0,98122,47.6078,-122.291,2230,4500
17384,20150427T000000,750000.0,4,2.5,2930,8641,2.0,0,0,3,8,2930,0,2010,0,98034,47.7199,-122.246,2120,11175
31550,20141002T000000,339500.0,4,2.5,1930,7862,2.0,0,0,3,7,1930,0,1994,0,98038,47.3644,-122.04,1640,9145
17592,20150409T000000,350000.0,4,1.75,1770,7336,1.0,0,0,4,8,1770,0,1986,0,98058,47.4265,-122.163,2030,8183
26468,20141117T000000,571000.0,3,2.5,2510,5186,2.0,0,0,3,7,2510,0,2001,0,98053,47.6895,-122.041,2530,5186
11810,20140923T000000,542000.0,4,2.5,2020,3440,1.5,0,0,4,7,1480,540,1928,0,98117,47.6885,-122.376,1520,5080
14575,20150311T000000,352000.0,5,2.75,2980,9838,1.0,0,0,3,7,1710,1270,1968,0,98030,47.3807,-122.222,2240,9838
22636,20141017T000000,570000.0,4,2.5,2280,4534,2.0,0,0,3,8,2280,0,2003,0,98075,47.5902,-122.018,2246,4534
28891,20150311T000000,1010000.0,4,3.5,3500,4080,2.0,0,2,3,9,2590,910,2004,0,98115,47.6834,-122.292,2430,5100
14680,20150423T000000,333500.0,3,1.5,2230,9120,1.0,0,0,3,7,1390,840,1959,0,98146,47.5008,-122.358,1420,8450
29062,20140805T000000,450000.0,3,2.0,1680,11250,1.0,0,0,4,8,1680,0,1967,0,98045,47.4861,-121.786,1760,12160
18623,20150508T000000,275000.0,2,1.0,910,4191,1.0,0,0,3,6,910,0,1910,0,98117,47.6929,-122.36,1480,6050
19464,20140714T000000,379900.0,3,2.5,1800,2791,2.0,0,0,3,8,1800,0,2011,0,98126,47.5442,-122.371,1580,2617
14352,20140611T000000,335000.0,4,2.25,2030,13500,1.0,0,0,3,7,1230,800,1963,0,98059,47.4596,-122.066,1830,13800
30830,20140821T000000,373000.0,3,1.75,1830,11788,1.0,0,1,3,8,1430,400,1958,0,98055,47.4862,-122.224,2140,11964
26111,20150122T000000,1100000.0,4,3.5,2760,5040,2.0,0,2,3,9,2760,0,1955,2005,98117,47.6756,-122.401,2370,5760
27593,20150423T000000,200000.0,4,2.75,2210,13235,2.0,0,0,3,8,1730,480,1988,0,98003,47.3541,-122.303,1750,7542
22648,20150205T000000,240000.0,3,2.0,1460,7526,1.0,0,0,3,7,1460,0,1968,0,98003,47.3463,-122.304,1580,7526
31836,20141021T000000,200000.0,3,1.5,1210,10588,1.0,0,0,4,7,1210,0,1958,0,98002,47.2876,-122.212,1408,10588
11415,20141202T000000,290000.0,2,1.0,900,2728,2.0,0,0,3,7,900,0,1998,0,98144,47.5877,-122.298,900,2728
11893,20140616T000000,798800.0,3,2.75,2670,3738,1.0,0,0,3,10,1720,950,2013,0,98056,47.5299,-122.203,2610,3734
14067,20150324T000000,408506.0,3,2.75,2480,209199,1.5,0,0,3,8,1870,610,2000,0,98010,47.3085,-121.888,2040,219229
25371,20150105T000000,362500.0,3,1.0,1520,9507,1.0,0,0,3,7,1520,0,1954,0,98125,47.7162,-122.324,1360,7219
17741,20140812T000000,390000.0,4,2.75,1790,47250,1.0,0,0,3,7,1220,570,1987,0,98045,47.5302,-121.746,1250,43791
22184,20140724T000000,219950.0,2,1.0,990,6448,1.0,0,0,3,7,990,0,1948,0,98178,47.5031,-122.245,1130,7200
25410,20140910T000000,510000.0,3,1.75,1610,11950,1.0,0,2,3,7,1210,400,1984,0,98052,47.6705,-122.138,1610,9363
23585,20141113T000000,305000.0,4,1.75,2251,12731,1.0,0,1,4,8,1390,861,1957,0,98003,47.3369,-122.32,2520,12539
20973,20141226T000000,250000.0,3,1.75,1780,35233,1.0,0,0,4,8,1420,360,1979,0,98001,47.2949,-122.269,1950,17334
23554,20140701T000000,300000.0,4,2.5,2303,3826,2.0,0,0,3,8,2303,0,2006,0,98092,47.3258,-122.165,2516,4500
22410,20140801T000000,912000.0,3,2.5,2979,17313,2.0,0,2,3,11,2979,0,1993,0,98006,47.5503,-122.118,3890,14797
21880,20150217T000000,425000.0,5,2.5,2840,9425,1.0,0,0,4,7,1590,1250,1962,0,98155,47.7609,-122.297,1900,11600
14871,20140618T000000,1400000.0,4,2.75,3870,10046,2.0,0,0,3,11,3870,0,2005,0,98033,47.6651,-122.191,3560,10046
29456,20140611T000000,735000.0,4,1.75,2460,5100,1.5,0,0,5,7,1450,1010,1909,0,98115,47.6782,-122.3,1560,5100
22001,20150123T000000,480000.0,5,2.0,2590,8610,1.0,0,0,4,7,1340,1250,1958,0,98008,47.6112,-122.126,1750,8610
12427,20141125T000000,340000.0,3,1.0,1710,10190,1.0,0,0,3,6,1310,400,1949,0,98168,47.506,-122.331,1200,6251
32008,20150401T000000,985000.0,3,1.75,1700,8534,1.0,0,0,4,7,1700,0,1953,0,98004,47.6276,-122.205,2100,10443
26624,20150415T000000,240000.0,3,1.75,1780,5000,1.5,0,0,3,6,1080,700,1957,0,98146,47.5105,-122.36,1500,5000
12086,20140701T000000,330000.0,3,2.5,1680,11312,1.0,0,0,3,7,1080,600,1959,0,98146,47.5051,-122.344,1390,10700
11946,20150402T000000,435000.0,3,1.5,1180,1231,3.0,0,0,3,7,1180,0,2008,0,98115,47.6845,-122.315,1280,3360
22173,20141202T000000,350000.0,4,1.75,1820,6930,1.0,0,2,4,7,1320,500,1952,0,98178,47.5053,-122.242,1820,6825
21463,20150121T000000,272000.0,1,0.75,1040,6034,1.0,0,1,3,7,580,460,1991,0,98178,47.5078,-122.251,1560,5650
31644,20140827T000000,572000.0,3,2.75,2200,3885,2.0,0,0,3,8,2200,0,2002,0,98074,47.6171,-122.028,2710,6000
13974,20140808T000000,1780000.0,3,3.25,3230,7800,2.0,0,3,3,10,3230,0,2005,0,98199,47.6348,-122.403,3030,6600
24838,20140718T000000,270000.0,3,2.5,1770,8640,1.0,0,0,3,7,1420,350,1986,0,98001,47.326,-122.273,1894,7974
19750,20140701T000000,433000.0,4,1.5,1550,5053,1.0,0,0,4,7,1180,370,1963,0,98118,47.5499,-122.274,1450,5639
24236,20150211T000000,546000.0,2,1.0,1200,12856,1.0,0,0,4,6,1200,0,1948,0,98027,47.5321,-122.034,1740,6098
20062,20141106T000000,1080000.0,4,3.5,3740,41458,2.0,0,2,3,11,3740,0,2000,0,98072,47.7375,-122.139,3750,38325
11857,20140620T000000,525000.0,3,2.25,1750,1879,3.0,0,0,3,8,1750,0,2001,0,98107,47.6722,-122.391,1750,3155
15392,20140716T000000,426000.0,2,1.0,2230,11472,2.0,0,0,3,7,2230,0,1951,0,98133,47.7372,-122.35,1870,8649
14614,20150317T000000,372400.0,3,2.5,2720,11937,2.0,0,0,3,9,2720,0,1990,0,98031,47.4185,-122.212,2590,9683
29242,20140711T000000,230000.0,3,1.5,1330,9548,1.0,0,0,5,7,1330,0,1967,0,98042,47.3675,-122.11,1420,9548
27274,20150325T000000,336500.0,4,1.75,1760,7268,1.0,0,0,4,7,1080,680,1979,0,98058,47.4267,-122.148,1830,8786
19145,20141216T000000,406000.0,3,1.5,1370,7853,1.0,0,0,4,7,1370,0,1962,0,98056,47.5409,-122.18,1730,9465
11655,20141215T000000,255000.0,3,1.5,1320,7980,1.0,0,0,3,7,1320,0,1956,0,98178,47.5068,-122.259,2000,7700
22430,20140711T000000,1500000.0,4,3.5,4410,12426,2.0,0,2,3,12,3420,990,1996,0,98006,47.5518,-122.107,4090,12127
21951,20140708T000000,115000.0,1,2.0,1150,9812,1.0,0,0,4,7,1150,0,1962,0,98001,47.2951,-122.284,1200,9812
11296,20140702T000000,2290000.0,4,2.5,4080,18362,2.0,0,2,4,11,4080,0,1983,0,98004,47.6344,-122.214,4080,19991
20271,20140610T000000,470000.0,3,1.75,2290,14800,1.0,0,0,3,8,1620,670,1965,0,98155,47.7735,-122.273,2320,12474
30946,20140811T000000,620000.0,4,2.25,1530,7845,1.0,0,0,4,7,1030,500,1981,0,98027,47.5589,-122.082,1710,7627
13981,20140718T000000,705000.0,2,1.75,2320,6755,1.0,0,0,5,8,1380,940,1946,0,98199,47.6398,-122.403,1990,5000
29899,20140519T000000,307000.0,3,1.0,1370,7500,1.0,0,0,3,7,1370,0,1960,0,98014,47.6499,-121.915,1160,7500
31021,20150411T000000,850000.0,5,4.0,2980,4500,1.5,0,0,3,7,2070,910,1921,0,98115,47.6736,-122.323,1560,4225
23490,20141016T000000,240000.0,3,2.0,1100,6360,1.0,0,0,3,7,1100,0,1991,0,98038,47.3878,-122.052,1620,6360
17083,20140603T000000,272500.0,3,2.0,1410,7622,1.0,0,0,4,7,1410,0,1983,0,98058,47.4273,-122.147,1830,8330
16090,20150415T000000,422500.0,3,1.0,1270,8920,1.0,0,0,5,7,1270,0,1969,0,98056,47.534,-122.172,1590,8589
24336,20140909T000000,731781.0,3,3.0,2630,4972,2.0,0,0,3,9,2630,0,2006,0,98052,47.693,-122.133,2880,4972
24433,20140820T000000,459000.0,5,2.5,2650,12987,1.0,0,0,4,7,1350,1300,1979,0,98028,47.7482,-122.244,2160,12726
11039,20150423T000000,530000.0,3,2.25,2190,220414,1.0,0,0,4,7,1330,860,1976,0,98059,47.5041,-122.102,2550,175982
31699,20140610T000000,315000.0,2,1.0,1740,3622,1.0,0,0,4,7,950,790,1924,0,98118,47.5541,-122.29,1270,3800
31170,20150505T000000,715000.0,5,3.25,2710,2356,2.0,0,0,3,8,2230,480,2013,0,98027,47.5394,-122.028,2160,2108
28657,20150317T000000,680000.0,4,2.5,2880,9202,1.0,0,0,3,8,1780,1100,1977,0,98052,47.6658,-122.139,2500,10265
27285,20141022T000000,730000.0,4,3.5,3370,5638,2.0,0,0,3,10,2250,1120,2001,0,98034,47.7196,-122.223,3080,7200
20111,20140606T000000,585000.0,4,2.5,2430,4747,2.0,0,0,3,8,2430,0,2008,0,98027,47.5285,-122.031,1930,7200
21276,20140828T000000,270000.0,3,2.5,1870,5000,2.0,0,0,3,7,1870,0,2009,0,98042,47.3339,-122.055,2170,5399
24037,20150331T000000,675000.0,4,2.5,2370,9679,2.0,0,0,3,8,2370,0,1984,0,98027,47.5631,-122.085,2290,7944
17051,20140515T000000,252350.0,3,2.0,1650,7352,1.0,0,0,3,7,1160,490,1979,0,98058,47.4612,-122.169,1710,7350
24470,20150420T000000,597500.0,4,3.0,1890,35280,1.0,0,0,3,9,1510,380,1979,0,98052,47.7112,-122.099,2730,34525
31084,20140611T000000,455000.0,4,2.5,3170,10688,2.0,0,2,3,9,3170,0,2001,0,98001,47.3179,-122.257,3100,12610
16996,20150305T000000,910000.0,4,2.5,3530,49222,2.0,0,0,4,9,3530,0,1986,0,98072,47.7285,-122.112,3750,49222
29033,20140701T000000,431000.0,4,2.5,2300,6087,2.0,0,0,3,7,2300,0,2001,0,98056,47.5125,-122.192,1770,5907
19684,20140710T000000,695000.0,4,3.5,3310,21050,2.0,0,0,5,9,2400,910,1992,0,98027,47.5197,-122.041,2260,23400
13237,20150323T000000,865000.0,3,2.25,2670,150270,2.0,0,0,3,9,2670,0,1985,0,98072,47.7601,-122.134,3080,81054
18845,20150325T000000,1900000.0,4,2.25,3020,11489,1.5,1,3,5,10,2110,910,1916,1988,98040,47.5395,-122.21,3890,11489
14510,20140607T000000,462000.0,4,2.5,3070,6432,2.0,0,0,3,9,3070,0,2006,0,98055,47.4487,-122.205,2910,5106
20525,20150504T000000,449950.0,4,1.5,1800,10150,1.5,0,0,4,7,1800,0,1958,0,98034,47.7325,-122.242,1630,10660
22188,20141114T000000,339950.0,5,2.0,1890,6050,2.0,0,0,4,7,1890,0,1944,0,98178,47.5018,-122.242,1170,6050
31998,20150327T000000,680000.0,3,1.75,1870,4320,1.0,0,0,4,7,970,900,1920,0,98103,47.6663,-122.357,1810,3900
30809,20141029T000000,610000.0,4,2.25,2200,7200,1.0,0,2,4,8,1220,980,1958,0,98144,47.5818,-122.296,1940,6000
28380,20140908T000000,485000.0,3,2.5,2430,5867,2.0,0,0,3,7,2430,0,2011,0,98065,47.5162,-121.872,2620,5866
10845,20150312T000000,250000.0,4,1.0,1320,11212,1.0,0,0,5,6,1320,0,1914,0,98002,47.3098,-122.209,1060,6766
22704,20141129T000000,90000.0,3,1.0,980,2490,2.0,0,0,4,6,980,0,1969,0,98092,47.317,-122.182,980,3154
11022,20141212T000000,399888.0,4,1.0,2370,30200,1.5,0,0,4,7,1570,800,1948,0,98146,47.5108,-122.366,1640,9719
21088,20140718T000000,410000.0,4,2.25,2510,4090,2.0,0,0,3,8,1840,670,2012,0,98019,47.7345,-121.967,2070,4090
13143,20140528T000000,315000.0,3,2.0,1300,3731,1.0,0,0,3,7,900,400,1993,0,98118,47.5374,-122.27,1300,3731
26417,20150311T000000,350000.0,4,3.0,1780,4228,1.0,0,0,3,7,1780,0,1953,0,98118,47.5488,-122.287,1730,5304
26380,20150114T000000,1380000.0,5,3.25,3450,6360,2.0,0,0,5,9,1860,1590,1905,0,98122,47.6133,-122.287,2310,5000
11801,20150403T000000,576250.0,2,1.75,1530,5000,2.0,0,0,4,7,1260,270,1989,0,98107,47.6755,-122.37,1470,5000
27459,20150403T000000,800000.0,4,2.25,2120,9921,2.0,0,0,3,8,2120,0,1981,0,98027,47.5593,-122.082,1890,7845
15846,20140714T000000,610000.0,3,1.75,1630,1500,3.0,0,0,3,8,1630,0,2014,0,98103,47.6536,-122.354,1570,1335
11819,20141202T000000,580000.0,5,2.5,2720,5000,1.5,0,0,4,7,1530,1190,1939,0,98117,47.6827,-122.376,1210,5000
23360,20150129T000000,340500.0,2,1.0,940,5413,1.0,0,0,3,7,940,0,1923,0,98115,47.6956,-122.304,1340,5296
31864,20140710T000000,879000.0,4,2.5,3360,22111,2.0,0,0,3,10,3360,0,1994,0,98075,47.5951,-122.017,3150,11374
16909,20150424T000000,240000.0,3,2.0,1553,6550,1.0,0,0,3,7,1553,0,1900,2001,98022,47.2056,-121.994,1010,10546
27289,20140818T000000,980000.0,4,2.5,3780,10962,2.0,0,0,3,10,3780,0,1990,0,98033,47.6533,-122.183,3310,11651
30405,20150202T000000,299000.0,2,1.5,1160,3838,2.0,0,0,3,7,1160,0,1983,0,98034,47.7255,-122.164,1410,3780
21440,20150218T000000,415000.0,3,1.75,1790,15142,1.0,0,0,3,7,1360,430,1976,0,98072,47.7362,-122.172,1910,7500
29321,20150123T000000,480000.0,3,2.25,1950,8892,2.0,0,0,3,8,1950,0,1983,0,98052,47.7213,-122.11,1900,8750
21367,20140626T000000,279900.0,3,1.75,1580,6620,1.0,0,0,3,7,1580,0,1988,0,98003,47.2798,-122.303,1580,8137
31268,20140818T000000,279000.0,4,1.0,1210,6000,1.5,0,2,3,7,1210,0,1943,0,98178,47.5026,-122.234,1470,6000
20492,20150430T000000,510000.0,3,2.5,1830,8133,1.0,0,0,3,8,1390,440,1996,0,98028,47.7478,-122.247,2310,11522
28197,20150217T000000,470000.0,3,2.5,2620,4874,2.0,0,0,3,7,2620,0,1999,0,98065,47.5328,-121.879,2360,4231
31089,20140715T000000,263000.0,3,1.75,1790,7485,1.0,0,0,4,8,1330,460,1979,0,98023,47.3118,-122.34,1970,8097
17424,20141208T000000,370000.0,3,1.75,1580,7000,1.0,0,0,3,7,1180,400,1976,0,98034,47.7209,-122.168,1640,7500
13483,20141028T000000,750000.0,3,2.75,3010,206910,2.0,0,2,3,10,3010,0,2001,0,98045,47.4881,-121.721,1580,120675
30003,20150330T000000,505000.0,2,2.5,1900,5065,2.0,0,0,3,8,1900,0,2005,0,98053,47.7175,-122.034,1350,4664
15064,20141203T000000,430000.0,3,2.25,1830,19965,1.0,0,0,3,8,1400,430,1976,0,98072,47.7412,-122.088,1830,17250
31951,20140729T000000,337000.0,4,2.0,1590,8779,1.0,0,0,3,8,1590,0,2001,0,98019,47.7408,-121.974,2090,9600
13040,20150122T000000,320000.0,3,1.5,1400,9087,1.0,0,0,3,7,1400,0,1954,0,98133,47.7711,-122.34,1490,8380
17399,20140905T000000,295000.0,3,1.75,1250,9486,1.0,0,0,4,6,1250,0,1971,0,98070,47.4341,-122.446,1270,9600
29543,20150220T000000,331000.0,2,2.25,1240,720,2.0,0,0,3,7,1150,90,2008,0,98027,47.5322,-122.072,1260,810
25867,20140923T000000,257500.0,3,1.75,1530,14087,1.0,0,0,3,7,1070,460,1979,0,98042,47.3146,-122.043,1770,13660
13612,20141030T000000,675000.0,3,1.75,1240,13869,1.0,0,0,4,7,1240,0,1957,0,98033,47.6919,-122.21,1970,7790
21915,20150311T000000,680000.0,5,3.25,2440,15815,2.0,0,0,3,8,1990,450,2014,0,98155,47.774,-122.28,2500,14201
24661,20141102T000000,825000.0,4,2.5,2560,4000,2.0,0,0,5,8,1610,950,1929,0,98117,47.6885,-122.386,1760,4000
24928,20140728T000000,583800.0,3,2.5,2480,6600,2.0,0,0,3,8,2480,0,2002,0,98053,47.6313,-122.008,2310,6656
23617,20140714T000000,199000.0,3,1.0,1510,9100,1.0,0,0,3,7,1510,0,1966,0,98003,47.3331,-122.319,1180,7220
22352,20150320T000000,319900.0,3,2.5,2040,7580,2.0,0,2,3,8,2040,0,1998,0,98092,47.2618,-122.209,1960,7820
27306,20140509T000000,920000.0,4,3.0,3750,11025,2.0,0,0,3,10,3750,0,1976,0,98074,47.6367,-122.059,2930,12835
23063,20150428T000000,398000.0,4,1.0,1430,6240,1.5,0,0,5,7,1430,0,1953,0,98125,47.7272,-122.311,1410,6240
21528,20140529T000000,475300.0,3,1.0,2110,10005,1.0,0,0,5,7,1110,1000,1924,0,98033,47.688,-122.168,1360,9827
17924,20150409T000000,644000.0,4,2.5,3310,4839,2.0,0,0,3,9,3310,0,2007,0,98072,47.773,-122.161,3240,5280
29261,20140513T000000,385000.0,3,2.0,1480,6600,1.0,0,2,3,7,740,740,1943,0,98146,47.5081,-122.385,1250,7300
28451,20140924T000000,981000.0,4,2.5,2110,10100,1.0,0,2,3,8,2110,0,1968,2005,98006,47.567,-122.151,2230,10100
16822,20140925T000000,245000.0,3,1.5,1550,9126,1.0,0,0,5,7,1550,0,1957,0,98022,47.2012,-122.0,1450,9282
15063,20141003T000000,500000.0,4,2.75,2630,15000,1.0,0,0,4,7,1690,940,1976,0,98072,47.7425,-122.089,1800,16500
16816,20141207T000000,843500.0,3,2.5,3560,11448,2.0,0,0,3,11,3560,0,1997,0,98052,47.7126,-122.104,3290,11506
17120,20141027T000000,390000.0,4,1.75,2330,8364,1.0,0,0,4,8,2330,0,1968,0,98058,47.4568,-122.146,2180,9630
28400,20150205T000000,640000.0,4,3.5,3220,5741,2.0,0,0,3,9,3220,0,2013,0,98065,47.5169,-121.886,2960,6534
31860,20140701T000000,712000.0,3,2.5,2375,4094,2.0,0,0,3,9,2375,0,2002,0,98052,47.6627,-122.086,2095,4442
29231,20140717T000000,220000.0,3,2.25,1400,7205,1.0,0,0,3,7,1140,260,1985,0,98030,47.349,-122.166,1970,7252
14768,20140710T000000,600000.0,2,2.5,2410,102366,1.0,0,0,4,7,1940,470,1912,1989,98024,47.5629,-121.918,2460,310582
15823,20141107T000000,1680000.0,6,2.25,4910,6600,2.5,0,0,5,10,3580,1330,1910,0,98102,47.6458,-122.32,3280,5500
10870,20150224T000000,406500.0,3,1.5,1970,10080,1.0,0,0,3,7,1970,0,1966,0,98168,47.4703,-122.276,2240,10080
11158,20141231T000000,605000.0,3,2.5,2570,9487,2.0,0,3,3,9,2570,0,1989,0,98011,47.7408,-122.216,2490,9898
24028,20140626T000000,1410000.0,4,2.25,3250,16684,2.0,0,0,3,9,3250,0,1979,0,98039,47.6334,-122.229,2890,16927
31842,20140628T000000,598000.0,4,2.5,3130,40918,2.0,0,0,3,9,3130,0,1994,0,98045,47.4761,-121.723,2760,35440
11050,20140723T000000,510000.0,6,4.5,3300,7200,2.0,0,0,3,8,3300,0,1980,0,98052,47.6798,-122.104,2470,7561
32138,20150209T000000,417000.0,2,1.75,1090,4590,1.0,0,0,4,7,790,300,1915,0,98105,47.6677,-122.324,1390,4080
27913,20150221T000000,465000.0,3,2.0,1430,7125,1.0,0,0,4,7,1430,0,1984,0,98074,47.6256,-122.059,1570,8075
31715,20140617T000000,1560000.0,3,3.5,4360,6240,2.0,0,3,3,10,2960,1400,2008,0,98103,47.6791,-122.354,1920,3910
18614,20150427T000000,870000.0,4,3.5,2780,3100,2.0,0,0,3,8,2120,660,2014,0,98117,47.6886,-122.364,1740,3600
30105,20150326T000000,751000.0,3,2.5,2840,6854,2.0,0,0,3,9,2840,0,2002,0,98075,47.6006,-121.978,2840,7398
26476,20150106T000000,653000.0,4,2.5,3120,5137,2.0,0,0,3,7,3120,0,2003,0,98053,47.6842,-122.04,2755,5137
24439,20150327T000000,450000.0,3,1.0,1160,36831,1.0,0,0,3,7,1160,0,1938,0,98028,47.7507,-122.237,1800,15640
20418,20150409T000000,395000.0,3,1.0,1460,5000,1.0,0,0,4,7,1460,0,1934,1960,98115,47.6837,-122.32,1790,4000
28582,20140716T000000,181100.0,4,1.75,1850,7500,1.0,0,0,3,7,1850,0,1954,0,98198,47.4217,-122.333,1460,7500
15118,20150223T000000,705000.0,5,3.5,3250,4800,2.0,0,0,3,9,2410,840,2010,0,98106,47.5618,-122.362,1330,4920
28209,20140527T000000,1150000.0,4,3.0,5940,11533,2.0,0,4,3,11,4950,990,2004,0,98065,47.5443,-121.87,4240,12813
17619,20141031T000000,753000.0,3,2.25,2290,9047,2.0,0,0,4,8,2290,0,1984,0,98006,47.5545,-122.163,2120,9275
13007,20140626T000000,424000.0,4,2.0,2100,4857,2.0,0,0,3,8,2100,0,1965,1984,98155,47.7521,-122.279,1450,5965
31646,20140731T000000,363000.0,2,1.0,820,4880,1.0,0,0,4,6,820,0,1925,0,98136,47.5483,-122.394,1320,4880
17330,20140528T000000,2000000.0,4,3.0,4260,18000,2.0,0,2,3,11,4260,0,2000,0,98040,47.5355,-122.24,3540,17015
17850,20140828T000000,299500.0,3,1.75,1810,34500,1.0,0,0,3,8,1230,580,1980,0,98032,47.3707,-122.275,2090,9735
14350,20141024T000000,372500.0,3,1.75,1550,12956,1.0,0,0,3,7,1210,340,1988,0,98045,47.4711,-121.752,1630,15360
17806,20150407T000000,324800.0,2,1.0,1170,5043,1.0,0,0,3,6,880,290,1949,0,98108,47.5492,-122.302,1430,5692
18390,20141202T000000,732000.0,3,2.5,1960,3060,2.0,0,0,3,8,1960,0,2010,0,98117,47.6764,-122.389,1220,3060
16272,20140813T000000,283700.0,1,1.75,1010,10900,1.0,0,0,4,6,1010,0,1968,0,98019,47.7391,-121.982,1410,8359
17364,20141210T000000,760000.0,4,2.25,2040,8315,1.0,0,0,4,8,1480,560,1958,0,98177,47.7077,-122.371,2330,8940
20557,20140602T000000,366000.0,3,1.75,1510,8301,1.0,0,0,3,7,1510,0,1967,0,98034,47.7243,-122.222,1460,7910
25149,20150501T000000,550000.0,3,1.0,980,10960,1.0,0,0,4,7,980,0,1953,0,98005,47.5908,-122.173,2100,10960
18325,20141010T000000,590000.0,4,2.0,2490,339332,1.0,0,0,3,8,2490,0,2002,0,98022,47.2725,-121.929,1910,129373
28955,20140919T000000,195000.0,3,1.0,1510,4350,1.5,0,0,5,6,1510,0,1913,0,98022,47.2052,-121.987,1210,5500
14186,20150225T000000,450000.0,3,1.5,1340,7200,1.0,0,0,3,7,1340,0,1972,0,98034,47.718,-122.193,1730,8820
28868,20150324T000000,130000.0,2,1.0,780,5300,1.0,0,0,3,6,780,0,1941,0,98146,47.513,-122.354,780,5300
25379,20140916T000000,460000.0,3,2.0,1860,7232,1.0,0,0,3,7,1320,540,1985,0,98125,47.7165,-122.319,1830,7220
29587,20140516T000000,655000.0,5,3.25,3690,12353,2.0,0,0,5,9,3690,0,1977,0,98155,47.7672,-122.292,2290,9082
27783,20150409T000000,197400.0,3,2.0,1610,7575,1.0,0,0,4,7,1110,500,1965,0,98003,47.334,-122.3,1920,8400
24585,20141014T000000,589000.0,4,2.5,2630,15000,2.0,0,0,5,8,2630,0,1962,0,98027,47.5262,-122.028,1770,8700
31515,20141119T000000,740000.0,3,2.5,2710,18480,2.0,0,2,3,10,2000,710,1978,0,98034,47.7256,-122.259,2710,18077
20015,20140706T000000,625000.0,2,1.75,1990,4000,1.0,0,0,5,7,1090,900,1952,0,98103,47.6889,-122.342,1270,5700
30741,20150120T000000,524225.0,4,2.5,3056,11385,2.0,0,0,3,9,3056,0,2014,0,98001,47.2905,-122.264,2849,8607
21923,20140908T000000,470101.0,4,2.5,2320,7800,2.0,0,0,3,8,2320,0,1986,0,98028,47.7738,-122.266,2090,5721
28837,20141104T000000,349000.0,3,1.75,1690,5080,1.0,0,0,3,7,1190,500,1976,0,98106,47.5312,-122.348,1300,5080
22100,20150325T000000,660000.0,3,3.5,3600,37982,2.0,0,0,4,8,3600,0,1996,0,98014,47.6982,-121.917,2050,18019
18450,20150318T000000,426000.0,2,1.0,640,2500,1.0,0,0,4,6,640,0,1918,0,98117,47.6776,-122.361,1460,4200
18505,20140528T000000,815000.0,4,2.25,2000,3800,2.0,0,0,3,8,2000,0,2001,0,98115,47.6852,-122.311,1610,3800
25292,20140806T000000,550000.0,3,1.0,1630,6009,1.0,0,3,4,8,1630,0,1954,0,98117,47.693,-122.383,2120,6009
11325,20140731T000000,326989.0,3,2.5,2060,4200,2.0,0,0,3,8,2060,0,2014,0,98038,47.3706,-122.017,2370,4200
14228,20140702T000000,475000.0,4,2.75,2620,6178,2.0,0,0,3,8,2620,0,2013,0,98045,47.4823,-121.771,2790,6538
19558,20141212T000000,287000.0,2,1.5,720,4346,1.0,0,0,4,6,720,0,1942,0,98106,47.5225,-122.351,790,4346
31832,20140925T000000,582500.0,2,2.0,1540,6804,1.0,0,0,5,7,1020,520,1942,0,98177,47.7044,-122.372,1380,6930
26068,20140922T000000,470000.0,3,2.5,2120,2374,2.0,0,0,3,8,1770,350,2005,0,98052,47.674,-122.142,2480,3043
18796,20140623T000000,577000.0,3,2.5,2060,5750,1.0,0,0,3,7,1330,730,1976,0,98116,47.5671,-122.391,1920,5750
22834,20150122T000000,535000.0,4,1.0,1660,10656,1.5,0,0,4,7,1180,480,1920,0,98136,47.5391,-122.385,1120,8816
23375,20140519T000000,592500.0,2,2.0,1420,9191,1.5,0,2,5,7,1420,0,1928,0,98115,47.6979,-122.32,1420,6816
23334,20150318T000000,438000.0,2,1.0,1120,6380,1.0,0,0,3,7,1120,0,1942,1994,98115,47.6951,-122.316,1230,6380
20085,20141021T000000,565000.0,2,1.75,1130,276170,1.0,0,0,3,8,1130,0,2006,0,98022,47.2673,-122.027,2092,217800
20660,20140512T000000,1230000.0,4,2.25,3070,16028,1.0,0,3,3,9,1870,1200,1976,0,98040,47.5271,-122.228,3070,19822
19640,20150128T000000,1760000.0,4,4.0,3860,67953,2.0,0,2,4,12,3860,0,1927,0,98177,47.7469,-122.378,4410,128066
14165,20140924T000000,218000.0,3,1.0,1140,7560,1.0,0,0,4,6,1140,0,1958,0,98058,47.4624,-122.185,1300,7560
25903,20150305T000000,316500.0,3,2.5,1770,3873,2.0,0,0,3,7,1770,0,2005,0,98058,47.4648,-122.144,2280,4330
27843,20140929T000000,546800.0,4,1.5,1520,5910,1.0,0,0,3,7,1020,500,1946,0,98115,47.6904,-122.295,1710,5910
22996,20150330T000000,200000.0,3,1.0,1150,10132,1.0,0,0,4,7,1150,0,1970,0,98023,47.3172,-122.372,1180,8713
11742,20141024T000000,936000.0,7,3.75,5100,21802,2.0,0,0,3,10,3640,1460,2001,0,98075,47.595,-122.04,3350,10005
21770,20150310T000000,340000.0,3,1.0,670,23522,1.0,0,0,4,6,670,0,1968,0,98024,47.5329,-121.89,1880,20270
16428,20140515T000000,417000.0,3,1.5,1340,10224,1.0,0,0,4,7,1340,0,1956,0,98006,47.5752,-122.157,1340,10440
17425,20150218T000000,437500.0,3,2.25,1790,7700,1.0,0,0,4,7,1340,450,1976,0,98034,47.7205,-122.168,1610,7350
18712,20141214T000000,242550.0,4,2.5,2060,7720,2.0,0,0,3,8,2060,0,1995,0,98023,47.2956,-122.374,1630,7720
18275,20150407T000000,301000.0,3,2.5,2420,4750,2.0,0,0,3,8,2420,0,2003,0,98042,47.3663,-122.122,2690,4750
28664,20140827T000000,951000.0,5,3.25,3250,14342,2.0,0,4,4,8,3250,0,1968,0,98008,47.588,-122.116,2960,11044
12272,20140724T000000,315000.0,3,2.5,1660,10763,2.0,0,0,3,7,1660,0,1994,0,98038,47.3812,-122.029,2010,7983
24761,20140505T000000,541125.0,5,2.75,2740,8426,1.0,0,0,4,8,1370,1370,1960,0,98006,47.5563,-122.184,2020,8783
29322,20150505T000000,585000.0,4,1.75,2430,7559,1.0,0,0,4,8,1580,850,1981,0,98052,47.7206,-122.11,1980,8750
15302,20141126T000000,223000.0,3,2.0,1670,6824,1.0,0,0,3,7,1300,370,1990,0,98042,47.3666,-122.084,1660,7586
12037,20140919T000000,350000.0,4,2.5,1530,2248,1.5,0,0,3,7,1530,0,1914,0,98144,47.5766,-122.309,1340,3700
21281,20140729T000000,305000.0,4,2.5,2320,4683,2.0,0,0,3,7,2320,0,2007,0,98042,47.3349,-122.059,2230,5750
29980,20140609T000000,579000.0,2,2.0,1870,6275,1.0,0,0,3,8,1870,0,2003,0,98053,47.7108,-122.031,1670,5200
16671,20141215T000000,364950.0,3,2.25,2520,6170,2.0,0,0,3,7,1850,670,2003,0,98038,47.3522,-122.042,2260,6967
30509,20150107T000000,273500.0,3,1.5,2000,15265,1.0,0,0,3,8,1540,460,1967,0,98032,47.387,-122.281,1920,15265
31994,20140613T000000,585000.0,3,1.0,1870,2807,1.5,0,0,4,7,1580,290,1927,0,98107,47.6674,-122.358,1640,4500
13202,20150331T000000,485000.0,3,1.75,1790,6775,1.0,0,2,3,8,1790,0,1951,0,98126,47.5412,-122.377,1310,6028
31899,20140716T000000,716000.0,3,3.0,1660,1849,3.0,0,0,3,9,1660,0,2013,0,98103,47.6649,-122.353,1660,3300
14167,20141105T000000,166950.0,3,1.0,1190,8820,1.0,0,0,3,6,1190,0,1959,0,98058,47.4616,-122.184,1230,7980
25724,20140722T000000,337000.0,4,2.5,2610,5240,2.0,0,0,3,8,2610,0,2004,0,98038,47.345,-122.042,2480,5240
19564,20140905T000000,260000.0,3,1.0,1200,4592,1.0,0,0,3,6,800,400,1950,0,98106,47.519,-122.352,940,4440
19062,20150317T000000,190000.0,2,1.0,670,3101,1.0,0,0,4,6,670,0,1948,0,98118,47.5546,-122.274,1660,4100
21537,20140617T000000,810000.0,3,2.5,2670,10481,2.0,0,0,3,9,2670,0,2003,0,98033,47.6673,-122.176,2620,8895
26263,20140701T000000,406000.0,4,1.0,1580,8475,1.5,0,2,4,7,1580,0,1928,0,98178,47.5104,-122.254,1700,5650
22371,20140829T000000,273000.0,3,2.25,1830,7651,2.0,0,0,3,8,1830,0,1986,0,98092,47.2642,-122.219,2160,8442
12822,20150210T000000,345000.0,3,1.75,1860,7191,1.0,0,0,4,7,1260,600,1975,0,98058,47.4338,-122.168,1850,7490
26122,20140820T000000,619000.0,3,2.0,1990,3000,1.5,0,2,5,8,1430,560,1927,0,98144,47.5891,-122.293,1780,5000
30949,20141017T000000,1460000.0,4,3.5,4200,14353,2.0,0,2,3,12,3640,560,1996,0,98040,47.5331,-122.217,3750,16316
17123,20140813T000000,372500.0,4,2.25,1920,9660,1.0,0,0,4,8,1920,0,1968,0,98058,47.4544,-122.143,1890,7800
25853,20140915T000000,949950.0,4,3.75,4120,8258,2.0,0,0,3,10,4120,0,2012,0,98075,47.5872,-122.055,3730,8332
27054,20140626T000000,219500.0,3,1.0,1090,6710,1.5,0,0,5,5,1090,0,1912,0,98002,47.3066,-122.217,1170,6708
16423,20140708T000000,479000.0,3,1.0,1340,13750,1.0,0,0,4,7,1340,0,1955,0,98006,47.5771,-122.151,1430,11400
12685,20140718T000000,865000.0,5,2.5,3190,8160,2.0,0,0,3,9,3190,0,2014,0,98177,47.7246,-122.363,1650,8160
28703,20150326T000000,1010000.0,4,3.5,3510,7200,2.0,0,0,3,9,2600,910,2009,0,98136,47.5537,-122.398,2050,6200
18185,20150408T000000,431000.0,4,2.5,3040,6000,2.0,0,0,3,9,3040,0,2007,0,98038,47.3473,-122.03,2640,6000
29699,20150422T000000,233000.0,3,1.0,1980,8505,1.0,0,0,3,7,1030,950,1965,0,98106,47.538,-122.353,1830,8505
22287,20140812T000000,1650000.0,4,3.5,4610,12500,2.0,0,2,3,11,4610,0,2003,0,98033,47.6508,-122.203,2340,11538
25297,20140815T000000,900000.0,4,2.75,3950,10214,1.0,0,3,3,10,2050,1900,1955,0,98117,47.6969,-122.384,3130,8608
25207,20150511T000000,210000.0,2,1.0,990,8140,1.0,0,0,1,6,990,0,1910,0,98116,47.5828,-122.382,2150,5000
13214,20150213T000000,360000.0,4,2.5,1840,9611,2.0,0,0,3,7,1840,0,1996,0,98178,47.4964,-122.251,1830,8505
22226,20150224T000000,850000.0,3,3.5,3070,7050,1.0,0,3,3,8,1570,1500,1928,1996,98125,47.7076,-122.276,2350,5881
15254,20150203T000000,321027.0,4,2.25,2820,16770,1.0,0,0,4,8,1920,900,1966,0,98023,47.3186,-122.364,2320,13850
26235,20141028T000000,400000.0,3,1.0,1690,6658,1.0,0,0,3,7,1690,0,1942,1982,98133,47.7099,-122.35,1080,5925
14673,20141215T000000,459000.0,2,1.75,1170,4887,1.0,0,0,3,6,1020,150,1929,0,98117,47.695,-122.366,1170,5441
19528,20140729T000000,423000.0,4,2.5,2320,4254,2.0,0,0,3,8,2320,0,2004,0,98059,47.48,-122.137,2330,4602
16171,20141016T000000,246000.0,3,2.25,1440,10500,1.0,0,0,3,8,1130,310,1983,0,98023,47.318,-122.391,1510,8125
20725,20150312T000000,350000.0,3,1.75,1260,1111,2.0,0,0,3,8,1260,0,2003,0,98029,47.5476,-122.005,1410,1630
23958,20150309T000000,428900.0,4,2.5,2820,5056,2.0,0,0,3,9,2820,0,2006,0,98038,47.3591,-122.038,2820,5150
18157,20140721T000000,447000.0,2,1.0,980,1600,2.0,0,0,3,8,980,0,2010,0,98119,47.638,-122.375,1180,1600
29120,20140911T000000,599950.0,4,2.5,2290,6318,2.0,0,0,4,8,2290,0,1988,0,98029,47.57,-122.02,2150,7350
19451,20140520T000000,194000.0,1,1.0,820,1060,1.0,0,0,3,8,760,60,2007,0,98126,47.5472,-122.372,1770,1853
16142,20150408T000000,316500.0,3,1.75,1460,6360,1.0,0,2,3,7,1010,450,1979,0,98106,47.5311,-122.353,1400,4240
25445,20140916T000000,735000.0,3,2.5,3020,50800,1.0,0,0,5,8,1510,1510,1968,0,98029,47.5529,-122.026,2400,27135
15825,20140729T000000,865000.0,4,1.75,1800,4180,2.0,0,3,4,8,1800,0,1921,0,98102,47.6462,-122.318,2180,4620
31455,20140731T000000,360000.0,3,2.0,1630,10723,1.0,0,0,5,7,1630,0,1959,0,98059,47.4898,-122.133,1450,10723
26504,20140924T000000,550000.0,3,2.5,2360,4080,2.0,0,0,3,7,2360,0,2003,0,98053,47.6825,-122.038,2290,4080
19484,20140829T000000,405000.0,4,2.5,2030,9095,1.0,0,0,4,7,1130,900,1972,0,98034,47.7321,-122.185,1940,8000
24022,20140918T000000,540000.0,3,2.5,1720,11656,2.0,0,0,3,8,1720,0,1987,1999,98052,47.6791,-122.113,1890,10336
21285,20141209T000000,261950.0,3,2.5,1880,5000,2.0,0,0,3,7,1880,0,2010,0,98042,47.3359,-122.054,2260,5000
13234,20140926T000000,450000.0,3,2.5,2820,10208,1.0,0,1,4,8,1410,1410,1954,0,98028,47.7609,-122.26,1540,10684
19896,20140721T000000,230000.0,3,2.0,1450,11204,1.0,0,0,3,7,1450,0,2003,0,98001,47.2639,-122.252,1520,9518
20056,20150401T000000,905000.0,3,2.5,3450,48787,2.0,0,0,3,10,3450,0,1987,0,98072,47.739,-122.129,2810,41040
24475,20150224T000000,370000.0,2,2.5,1390,1821,2.0,0,0,3,7,1180,210,2007,0,98118,47.5537,-122.282,1350,1821
26505,20140616T000000,632500.0,5,2.5,2640,7096,2.0,0,0,3,7,2640,0,2003,0,98053,47.6827,-122.038,2640,4850
13170,20150313T000000,250000.0,3,2.25,1900,9990,1.0,0,0,3,7,1300,600,1961,0,98003,47.3478,-122.298,1900,9990
25540,20150407T000000,536650.0,3,1.75,2090,8910,1.0,0,0,3,8,1230,860,1975,0,98034,47.7149,-122.222,2310,10695
12734,20141110T000000,379400.0,4,1.75,2120,7680,1.0,0,0,4,7,1060,1060,1950,0,98177,47.7172,-122.361,1530,7680
22205,20141231T000000,690000.0,3,2.0,1890,6620,1.0,0,3,4,8,1890,0,1954,0,98125,47.7016,-122.274,2590,7188
15013,20140610T000000,366000.0,3,1.75,1520,8625,1.0,0,0,3,8,1520,0,1976,0,98011,47.7687,-122.223,2080,9200
26238,20140506T000000,367500.0,3,1.5,1410,9647,1.0,0,0,3,8,1410,0,1961,0,98177,47.7608,-122.361,2090,9272
30524,20141212T000000,510000.0,3,1.5,2400,10275,1.0,0,0,4,8,1540,860,1964,0,98052,47.6888,-122.126,2380,10125
18314,20150430T000000,449500.0,4,2.5,2410,55931,2.0,0,0,3,9,2410,0,1989,0,98092,47.3109,-122.097,2780,55931
12632,20141202T000000,535000.0,2,2.0,1370,3827,1.0,0,0,3,7,1020,350,1952,0,98199,47.652,-122.404,1550,5102
22960,20140902T000000,384950.0,3,1.0,1540,7740,1.0,0,0,4,7,1540,0,1909,0,98126,47.522,-122.375,1220,7740
22232,20150227T000000,930000.0,3,1.75,2460,4240,1.0,0,0,4,7,1230,1230,1925,0,98103,47.6593,-122.337,1700,4240
13226,20150331T000000,700000.0,4,2.5,2770,89298,2.0,0,0,3,8,2770,0,2004,0,98053,47.6624,-122.01,2650,89298
28930,20141216T000000,767500.0,2,1.75,2210,9374,1.0,0,3,4,8,1560,650,1951,0,98107,47.6634,-122.359,2140,5640
29333,20141028T000000,292500.0,2,1.0,750,5026,1.0,0,0,4,6,750,0,1942,0,98126,47.5368,-122.374,1260,5040
16528,20140718T000000,810000.0,4,3.5,3980,209523,2.0,0,2,3,9,3980,0,2006,0,98024,47.5574,-121.89,2220,65775
31639,20150130T000000,502775.0,3,1.75,1700,9840,1.0,0,0,4,8,1200,500,1976,0,98027,47.5192,-122.046,2040,14169
20775,20141012T000000,785000.0,4,2.5,2960,4750,2.0,0,0,3,9,2960,0,2005,0,98029,47.5544,-121.993,2960,4750
23286,20140605T000000,1800000.0,5,4.5,4400,15580,2.0,0,0,3,11,3390,1010,2003,0,98004,47.6232,-122.207,2150,14249
31585,20141230T000000,189000.0,3,2.0,1460,11481,1.0,0,0,2,7,1170,290,1995,0,98045,47.4493,-121.777,1540,9680
15711,20140714T000000,716100.0,3,1.0,1640,4000,1.5,0,0,5,7,1640,0,1909,0,98103,47.6563,-122.351,2140,4000
25647,20140624T000000,745641.0,4,2.5,2440,4850,2.0,0,0,3,8,2440,0,2013,0,98052,47.7043,-122.114,2970,5450
21732,20140626T000000,440000.0,3,1.5,2120,6290,1.0,0,0,4,8,1220,900,1949,0,98108,47.5658,-122.318,1620,5400
16616,20140626T000000,289659.0,4,2.25,2260,7200,2.0,0,0,4,7,2260,0,1984,0,98031,47.4121,-122.183,1720,7200
13008,20141204T000000,405000.0,3,2.0,1450,6081,1.0,0,0,4,7,1450,0,1969,0,98155,47.7522,-122.278,1880,6000
15818,20150224T000000,720000.0,3,1.75,1370,1990,3.0,0,0,3,9,1370,0,2014,0,98102,47.6434,-122.324,1730,1990
25360,20141111T000000,437500.0,4,2.5,2680,7513,2.0,0,0,3,8,2680,0,1998,0,98059,47.4956,-122.161,2640,7243
16856,20140605T000000,376000.0,4,2.75,2420,5773,2.0,0,0,3,8,2420,0,2005,0,98038,47.3772,-122.029,2420,6200
13494,20150503T000000,425000.0,4,1.75,2520,11017,1.0,0,0,4,7,1320,1200,1956,0,98133,47.7604,-122.356,1660,8775
21035,20141030T000000,669950.0,5,2.5,2820,14062,2.0,0,0,4,7,2380,440,1960,0,98034,47.7081,-122.215,1910,10392
21221,20141021T000000,460000.0,4,2.75,2200,9676,1.0,0,0,3,8,1500,700,1979,0,98028,47.7713,-122.259,2120,9585
18180,20141210T000000,438900.0,4,2.5,2740,5700,2.0,0,0,3,9,2740,0,2006,0,98038,47.3535,-122.026,3010,5281
17793,20150122T000000,305000.0,4,2.0,1610,6250,1.0,0,0,4,7,1610,0,1952,0,98118,47.5293,-122.271,1310,6000
26372,20150210T000000,173000.0,4,2.0,1200,8460,1.0,0,0,5,7,1200,0,1957,0,98188,47.4413,-122.277,1350,8623
16968,20140611T000000,325000.0,3,1.75,1790,27427,1.0,0,0,3,7,1130,660,1978,0,98065,47.532,-121.761,1610,16684
13684,20140714T000000,810000.0,4,1.75,1760,4080,1.5,0,0,4,8,1760,0,1906,0,98103,47.675,-122.331,1760,6120
28634,20140724T000000,330000.0,3,2.0,2170,3978,1.0,0,0,5,7,1340,830,1919,0,98116,47.571,-122.391,1350,4680
23715,20150505T000000,479500.0,2,1.0,930,5760,1.0,0,0,3,6,730,200,1917,0,98118,47.5598,-122.266,1970,5760
21143,20150428T000000,350000.0,4,2.25,1770,7778,2.0,0,0,3,7,1770,0,1998,0,98031,47.4192,-122.201,1770,7591
16472,20141229T000000,220000.0,3,1.0,1230,9720,1.0,0,0,5,7,1230,0,1969,0,98042,47.3266,-122.138,1230,9720
30720,20140804T000000,809950.0,4,3.5,3660,4903,2.0,0,0,3,9,2760,900,2014,0,98034,47.7184,-122.156,3630,4992
29103,20140822T000000,239000.0,2,1.0,1130,15190,1.0,0,0,4,7,1130,0,1954,0,98032,47.3902,-122.283,1490,16920
28447,20140804T000000,760000.0,4,2.25,2500,8500,2.0,0,0,4,8,2500,0,1979,0,98006,47.5569,-122.151,2470,9100
29101,20150401T000000,261500.0,3,1.0,1410,8174,1.0,0,0,3,8,1410,0,1958,0,98056,47.4969,-122.178,1500,8058
25280,20140516T000000,342000.0,3,1.0,1260,6826,1.0,0,0,3,6,720,540,1944,0,98125,47.731,-122.303,1300,6826
26889,20140930T000000,344950.0,3,2.0,1470,6950,1.0,0,0,5,6,1470,0,1932,0,98133,47.7619,-122.343,1660,5065
19427,20140711T000000,370000.0,3,1.0,1170,1105,1.0,0,0,3,7,1170,0,1965,0,98126,47.5448,-122.375,1380,1399
18719,20140603T000000,234000.0,2,1.0,940,5375,1.0,0,0,4,5,940,0,1952,0,98198,47.4206,-122.324,1200,7500
32326,20150123T000000,600000.0,3,1.0,970,4800,1.0,0,0,3,6,970,0,1950,0,98112,47.6212,-122.298,1500,2042
16523,20140625T000000,356000.0,4,2.0,2020,48693,1.5,0,0,3,7,2020,0,1949,0,98045,47.4646,-121.759,1610,34900
22197,20140522T000000,398000.0,2,1.0,590,10945,1.5,0,0,3,5,590,0,1983,0,98010,47.3364,-122.033,2020,15180
14483,20150312T000000,1300000.0,4,3.5,3790,90169,2.0,0,0,3,11,3790,0,1998,0,98053,47.6587,-122.022,3410,46951
26537,20140625T000000,725000.0,3,2.5,2610,7510,2.0,0,0,3,9,2610,0,1996,0,98052,47.6648,-122.137,2610,8458
25170,20141212T000000,305000.0,4,2.0,1780,5043,1.0,0,0,3,7,870,910,1993,0,98133,47.7045,-122.342,1350,5044
17680,20150109T000000,435000.0,3,2.5,2260,5100,2.0,0,0,3,8,2260,0,2007,0,98019,47.7341,-121.968,2260,5100
12702,20140819T000000,440000.0,3,1.75,2000,11880,2.0,0,0,3,8,2000,0,1979,0,98075,47.5882,-122.052,1820,15120
28835,20141222T000000,328000.0,4,2.75,1930,3840,1.0,0,0,3,7,1170,760,1997,0,98106,47.5303,-122.346,1610,3840
27206,20141105T000000,290000.0,5,2.5,2780,9652,1.0,0,0,4,8,1390,1390,1967,0,98001,47.3444,-122.271,1790,9652
29271,20141111T000000,256000.0,3,2.5,1480,7200,2.0,0,0,5,7,1480,0,1995,0,98010,47.3126,-122.023,1350,7200
16074,20140903T000000,665000.0,3,2.5,2330,15536,1.0,0,2,3,10,2330,0,1996,0,98074,47.655,-122.087,3320,17461
11858,20140627T000000,480000.0,2,1.0,1500,3420,1.0,0,0,3,7,1500,0,1902,0,98103,47.661,-122.338,2050,3420
27258,20150309T000000,307000.0,3,1.0,770,6552,1.0,0,0,3,6,670,100,1942,0,98146,47.5133,-122.372,920,7200
20201,20150330T000000,275000.0,4,1.0,1770,7345,1.5,0,0,3,7,1770,0,1966,0,98106,47.5393,-122.351,1580,7345
31253,20140714T000000,650000.0,4,1.75,2010,5070,1.0,0,1,4,7,1300,710,1963,0,98116,47.5793,-122.402,2180,5400
16029,20140811T000000,290700.0,3,2.5,1670,6666,2.0,0,0,4,7,1670,0,1992,0,98038,47.3488,-122.033,1370,6170
12867,20141107T000000,245000.0,3,1.0,1010,9678,1.0,0,0,5,7,1010,0,1955,0,98188,47.4396,-122.285,1010,9375
20313,20150327T000000,500000.0,4,3.0,2570,9104,2.0,0,2,3,7,2570,0,1930,0,98116,47.5821,-122.401,1630,4950
22261,20140915T000000,560000.0,4,1.5,1790,3420,1.0,0,0,4,7,1020,770,1923,0,98103,47.6489,-122.337,1680,3420
23061,20150114T000000,332500.0,3,1.5,1500,6332,1.0,0,0,3,7,1500,0,1953,0,98125,47.7274,-122.312,1500,6337
13064,20150223T000000,379500.0,4,2.5,2560,5102,2.0,0,0,3,8,2560,0,2013,0,98092,47.3404,-122.181,2586,5059
13604,20150321T000000,630000.0,3,2.0,1470,6000,1.0,0,0,3,8,1090,380,1950,1996,98033,47.6829,-122.202,1880,7799
26835,20140829T000000,306000.0,3,1.75,1560,7500,1.0,0,0,4,8,1560,0,1966,0,98056,47.489,-122.18,1600,7904
31106,20141023T000000,300000.0,3,2.25,1730,10030,1.0,0,0,4,8,1730,0,1985,0,98023,47.3108,-122.345,2090,8823
21043,20140521T000000,1030000.0,3,4.0,3880,13095,2.0,0,3,3,11,3700,180,2009,0,98034,47.6996,-122.233,3880,10830
14201,20141226T000000,350000.0,3,1.75,1470,8645,1.0,0,0,3,6,1470,0,1949,0,98155,47.7524,-122.323,1470,7680
31156,20150226T000000,215000.0,3,2.0,1470,2052,1.5,0,0,3,7,1470,0,1986,0,98003,47.3084,-122.331,1390,2052
23638,20140819T000000,180000.0,3,2.0,1670,7056,1.0,0,0,4,7,1670,0,1958,0,98002,47.3139,-122.212,1330,8415
26323,20141028T000000,669888.0,4,2.75,2550,7591,2.0,0,0,3,9,2550,0,1989,0,98059,47.5302,-122.147,2670,7796
29317,20141119T000000,530000.0,3,2.5,2030,10958,2.0,0,0,3,8,2030,0,1983,0,98052,47.7251,-122.11,1960,10282
28089,20140910T000000,490000.0,3,1.75,1510,11120,1.0,0,0,4,8,1510,0,1984,0,98005,47.5931,-122.158,2660,10800
25113,20141006T000000,775000.0,5,3.5,3290,5600,2.0,0,0,3,9,2670,620,2004,0,98052,47.7056,-122.119,3130,5600
28751,20140528T000000,681000.0,3,1.0,1700,6356,1.5,0,0,3,7,1700,0,1907,0,98118,47.5677,-122.281,2080,6000
31679,20141218T000000,784950.0,4,2.75,2840,4227,3.0,0,0,3,9,2840,0,2014,0,98052,47.7097,-122.107,2880,4227
29720,20140605T000000,555000.0,4,2.75,2020,10720,1.0,0,0,4,8,1420,600,1976,0,98052,47.6373,-122.104,2190,10164
29505,20150415T000000,528000.0,5,1.75,2780,7786,1.0,0,0,3,8,1390,1390,1966,0,98052,47.6694,-122.157,2130,7918
23266,20140626T000000,690000.0,5,3.5,2720,7598,2.0,0,0,3,8,1860,860,1993,0,98115,47.6931,-122.283,2430,7728
14438,20150423T000000,475000.0,5,3.5,2780,3583,2.0,0,0,3,8,2180,600,2005,0,98059,47.4879,-122.152,2640,3850
21280,20150316T000000,280000.0,4,2.5,2200,5893,2.0,0,0,3,7,2200,0,2008,0,98042,47.3333,-122.055,2200,5757
20493,20141001T000000,436000.0,3,2.25,1800,6680,2.0,0,0,3,8,1800,0,1983,0,98034,47.7293,-122.223,1630,8621
26885,20150317T000000,397000.0,4,2.5,2201,9542,2.0,0,0,3,8,2201,0,2006,0,98198,47.4002,-122.317,1990,9542
27184,20150422T000000,525000.0,3,1.5,1840,10956,1.0,0,0,4,8,1840,0,1970,0,98033,47.6746,-122.164,1680,10950
24880,20140513T000000,375000.0,3,1.0,1190,9486,1.0,0,0,4,7,1190,0,1953,0,98166,47.4319,-122.339,2100,10400
31263,20150329T000000,203000.0,3,1.75,1190,6000,1.0,0,0,3,7,1190,0,1952,2015,98178,47.5026,-122.236,1200,6000
16522,20140820T000000,440000.0,4,1.75,2800,49149,1.0,0,0,4,7,1400,1400,1978,0,98027,47.4649,-122.034,2560,61419
28460,20140808T000000,812500.0,4,2.75,2810,10300,1.0,0,0,4,9,1810,1000,1978,0,98006,47.5626,-122.149,2710,9900
26119,20150314T000000,685000.0,3,2.0,2060,2900,1.5,0,0,5,8,1330,730,1931,0,98144,47.5897,-122.292,1910,3900
28450,20140822T000000,870000.0,4,2.75,3410,23000,2.0,0,0,4,10,3410,0,1982,0,98006,47.5559,-122.149,2490,15512
25184,20150330T000000,197000.0,2,1.0,770,8636,1.0,0,0,2,6,770,0,1951,0,98146,47.5075,-122.358,1110,8636
22785,20140721T000000,439900.0,5,3.5,3390,7950,2.0,0,2,3,7,3390,0,2003,0,98056,47.4792,-122.181,2580,6900
14191,20140616T000000,542525.0,4,2.5,2650,5600,2.0,0,0,3,8,2650,0,2014,0,98059,47.4786,-122.122,2650,5600
11166,20140924T000000,400000.0,1,1.0,530,13679,1.0,0,0,4,6,530,0,1949,0,98053,47.6422,-121.954,1930,20624
16159,20141212T000000,385000.0,4,3.25,1790,2460,2.0,0,0,4,7,1100,690,2000,0,98106,47.534,-122.346,1260,4040
26150,20140826T000000,230000.0,3,1.0,880,7500,1.0,0,0,3,7,880,0,1978,0,98198,47.3837,-122.307,880,7500
16564,20150107T000000,550000.0,3,2.0,1810,2159,1.0,0,0,3,7,1010,800,1922,0,98109,47.6273,-122.345,1810,2159
19305,20140523T000000,325000.0,3,1.0,1920,6862,1.0,0,2,3,7,1120,800,1952,0,98118,47.5193,-122.274,2000,6900
24418,20150225T000000,180000.0,2,1.0,770,10000,1.0,0,0,3,6,770,0,1933,0,98028,47.7379,-122.233,2720,8062
20850,20140805T000000,220000.0,4,1.75,2020,7840,1.0,0,0,3,7,1010,1010,1968,0,98003,47.3309,-122.299,1750,8140
24597,20141125T000000,473000.0,3,2.25,1620,12309,2.0,0,0,3,7,1620,0,1987,0,98074,47.6188,-122.029,2030,13963
14322,20140804T000000,942000.0,4,2.75,3160,37200,2.0,0,3,3,8,2310,850,1939,0,98125,47.7214,-122.285,3130,20000
27916,20141125T000000,757000.0,3,2.75,2610,11290,1.0,0,0,3,7,1630,980,1985,0,98033,47.6632,-122.201,2570,9125
28828,20150331T000000,800000.0,5,2.0,2960,10960,1.0,0,0,4,7,1500,1460,1957,0,98005,47.6162,-122.174,2160,10960
21116,20141120T000000,349000.0,2,1.75,1250,1208,2.0,0,0,3,7,1040,210,2007,0,98144,47.6004,-122.299,1250,1656
31853,20140923T000000,292500.0,4,1.75,2140,8162,1.0,0,0,3,7,1420,720,1968,0,98023,47.3096,-122.377,2040,7632
26494,20150303T000000,465000.0,3,2.5,1440,4473,2.0,0,0,3,7,1440,0,2003,0,98053,47.6825,-122.036,1650,3322
24513,20140707T000000,570000.0,3,1.0,1890,3330,1.5,0,0,4,7,1390,500,1901,0,98103,47.6597,-122.352,1530,3330
16880,20150226T000000,228500.0,3,1.0,1080,7486,1.5,0,0,3,6,990,90,1942,0,98146,47.4838,-122.335,1170,7800
18950,20150422T000000,226750.0,3,1.75,1070,6315,1.0,0,0,3,7,1070,0,1992,0,98023,47.2803,-122.356,1520,5707
14359,20150218T000000,406250.0,4,3.25,2550,11524,2.0,0,0,3,8,2550,0,1990,0,98019,47.7324,-121.963,2370,14001
11630,20141106T000000,310000.0,2,1.5,1010,10005,2.0,0,0,3,7,1010,0,1981,0,98056,47.5118,-122.189,1210,7794
22158,20140509T000000,325000.0,4,1.5,1470,70800,1.0,0,0,3,7,1470,0,1976,0,98010,47.3458,-121.948,1810,72337
19221,20141105T000000,280000.0,3,1.0,1310,22652,1.0,0,0,3,7,1310,0,1968,0,98092,47.2574,-122.072,1600,103672
21622,20150112T000000,495000.0,3,2.5,1800,7318,2.0,0,0,3,8,1800,0,1989,0,98029,47.5747,-122.008,1800,5414
29167,20140603T000000,475000.0,3,2.5,2600,7210,2.0,0,0,3,8,2600,0,1989,0,98059,47.5123,-122.151,2350,7225
23588,20141112T000000,318700.0,4,2.5,2770,19116,1.0,0,0,4,8,1600,1170,1961,0,98003,47.3386,-122.319,2730,18429
21790,20141111T000000,450000.0,3,1.75,1350,7200,1.0,0,0,5,7,1350,0,1954,0,98125,47.713,-122.284,1100,7200
25947,20140624T000000,631500.0,2,1.0,1130,2640,1.0,0,0,4,8,1130,0,1927,0,98109,47.6438,-122.357,1680,3200
28051,20140515T000000,256883.0,3,2.5,1690,5025,2.0,0,0,3,8,1690,0,2003,0,98023,47.2779,-122.347,2550,5001
14810,20140702T000000,1300000.0,4,1.75,2610,21600,1.0,0,0,4,8,2610,0,1966,0,98004,47.6245,-122.227,2920,20330
31625,20140707T000000,450000.0,3,1.75,1480,8394,1.0,0,0,4,8,1480,0,1971,0,98052,47.6634,-122.144,1920,9184
15247,20141020T000000,190000.0,3,1.0,1200,10458,1.0,0,0,4,6,1200,0,1961,0,98023,47.3262,-122.342,1160,9000
27113,20141013T000000,1190000.0,2,1.75,2080,8112,1.0,1,4,4,8,1040,1040,1939,1984,98125,47.7134,-122.277,2030,8408
23772,20150120T000000,537000.0,4,1.75,1580,3635,1.0,0,0,4,7,790,790,1910,0,98117,47.6795,-122.371,1190,3638
30416,20140822T000000,1490000.0,5,6.0,6880,279968,2.0,0,3,3,12,4070,2810,2007,0,98045,47.4624,-121.779,4690,256803
15133,20140513T000000,591000.0,4,2.25,2710,38180,2.0,0,0,4,8,2710,0,1977,0,98077,47.77,-122.097,2590,38180
29155,20150326T000000,290000.0,3,2.0,1260,7346,1.0,0,0,3,7,1260,0,1987,0,98031,47.4034,-122.176,1460,7363
22709,20141212T000000,143000.0,3,1.0,1090,3315,1.0,0,0,4,6,1090,0,1969,0,98092,47.3159,-122.183,960,3120
14724,20150226T000000,253750.0,4,1.0,1380,7110,1.5,0,0,3,6,1380,0,1939,0,98030,47.3846,-122.226,1430,7110
26455,20140612T000000,349950.0,3,1.0,1060,9525,1.0,0,0,3,7,1060,0,1966,0,98052,47.6855,-122.111,1630,9525
16654,20140804T000000,325000.0,4,3.25,2800,5291,2.0,0,0,3,7,2800,0,2011,0,98022,47.1937,-121.977,2380,5291
23466,20141124T000000,589450.0,4,2.5,3190,7941,2.0,0,0,3,10,3190,0,2005,0,98038,47.353,-122.002,3190,7255
15649,20150424T000000,754000.0,5,3.5,3020,15305,2.0,0,0,3,10,2230,790,1978,0,98040,47.5627,-122.216,3680,14486
32108,20150402T000000,775000.0,3,1.0,2030,4080,1.5,0,0,4,7,1840,190,1908,0,98115,47.6765,-122.308,2030,4080
18013,20141029T000000,452000.0,2,2.5,1260,1131,3.0,0,0,3,8,1260,0,2006,0,98107,47.6715,-122.384,1490,2500
27118,20140624T000000,762500.0,4,2.75,2610,8760,1.0,0,0,4,8,1760,850,1978,0,98040,47.5875,-122.229,2550,10376
25845,20140616T000000,690000.0,2,1.75,1600,4000,1.0,0,0,5,7,850,750,1918,0,98112,47.6408,-122.3,1860,4000
25510,20150506T000000,525000.0,3,2.25,1490,9414,2.0,0,0,3,7,1490,0,1981,0,98052,47.6844,-122.113,1290,10125
18090,20140612T000000,585000.0,3,2.5,1910,1501,2.5,0,0,3,8,1530,380,2007,0,98199,47.6441,-122.385,1760,1750
27099,20141009T000000,279950.0,3,1.75,1930,7267,1.0,0,0,4,7,1330,600,1977,0,98002,47.3217,-122.205,1600,7698
19808,20150410T000000,980000.0,5,4.0,3460,5400,2.0,0,0,3,10,2830,630,2012,0,98056,47.5201,-122.204,1890,5400
32002,20150217T000000,540000.0,4,2.5,2190,3855,2.0,0,0,3,8,2190,0,2010,0,98011,47.7705,-122.169,2190,3600
22904,20141021T000000,315000.0,3,1.75,1680,7250,1.0,0,0,3,7,930,750,1952,0,98133,47.7201,-122.35,1340,7250
18578,20141229T000000,659000.0,2,1.75,1180,904,2.0,0,0,3,10,780,400,2014,0,98102,47.6396,-122.329,1380,3610
11714,20150205T000000,160000.0,2,1.0,930,7742,1.0,0,0,3,6,930,0,1933,0,98168,47.507,-122.302,2240,8723
12766,20140805T000000,679900.0,3,2.5,2440,5750,2.0,0,2,3,9,1980,460,2000,0,98116,47.565,-122.381,1520,5750
23023,20150126T000000,364900.0,4,2.5,2490,9346,2.0,0,2,3,9,2490,0,1996,0,98042,47.3831,-122.147,2650,9454
14136,20140701T000000,450000.0,3,1.75,1400,13775,1.0,0,0,3,8,1400,0,1963,0,98028,47.7413,-122.259,2200,10450
15345,20141211T000000,375000.0,3,2.25,1330,8004,2.0,0,0,3,7,1330,0,1985,0,98034,47.7098,-122.217,1300,7971
25825,20150413T000000,351000.0,4,2.5,2370,7274,2.0,0,0,3,7,2370,0,1997,0,98031,47.3982,-122.171,2090,7656
15902,20150413T000000,580000.0,3,1.75,1850,2797,1.0,0,0,3,8,1150,700,1977,0,98103,47.6871,-122.336,1450,4599
17579,20150423T000000,765000.0,3,2.5,2310,11993,2.0,0,0,3,9,2310,0,1988,0,98006,47.5438,-122.139,2830,10031
23509,20140926T000000,560000.0,3,2.5,3440,103672,2.0,0,0,3,9,3440,0,1990,0,98038,47.3895,-121.986,2710,112820
15233,20150505T000000,282000.0,2,1.0,1150,6098,1.0,0,0,3,7,950,200,1948,0,98125,47.7259,-122.328,1790,8455
18328,20150417T000000,240415.0,3,1.75,1120,10187,1.0,0,0,3,7,1120,0,1968,0,98198,47.3694,-122.311,1900,8736
28088,20140801T000000,549000.0,5,2.5,1710,9720,2.0,0,0,4,8,1710,0,1974,0,98005,47.5903,-122.157,2270,9672
26316,20140519T000000,572500.0,3,2.25,2030,9791,1.0,0,0,4,8,1500,530,1984,0,98059,47.534,-122.161,2030,11031
28497,20150427T000000,1240000.0,3,1.5,1670,3852,2.0,0,3,4,8,1670,0,1928,0,98119,47.6411,-122.371,2320,4572
27173,20150423T000000,365000.0,3,2.25,1800,9010,1.0,0,0,3,7,1300,500,1975,0,98155,47.7722,-122.312,1950,10240
27937,20140815T000000,4500000.0,5,5.5,6640,40014,2.0,1,4,3,12,6350,290,2004,0,98155,47.7493,-122.28,3030,23408
22654,20150420T000000,267950.0,4,1.0,1730,7350,1.5,0,0,4,6,1730,0,1970,0,98003,47.3467,-122.307,1440,7752
14652,20140804T000000,450000.0,3,2.25,1610,8296,2.0,0,0,3,8,1610,0,1978,0,98115,47.7,-122.297,1610,8288
19698,20150504T000000,190000.0,2,1.0,710,1164794,1.0,0,0,2,5,710,0,1915,0,98014,47.6888,-121.909,1680,16730
29417,20140529T000000,723000.0,4,2.25,1960,8680,1.0,0,0,4,8,1290,670,1959,0,98004,47.6076,-122.192,2160,8680
26638,20150115T000000,200000.0,4,2.5,1720,8638,2.0,0,0,3,8,1720,0,1994,0,98003,47.2704,-122.313,1870,7455
24984,20150414T000000,220000.0,2,1.0,890,4804,1.0,0,0,4,7,890,0,1928,0,98133,47.7027,-122.346,1010,3844
13151,20140619T000000,390000.0,3,2.25,1600,10240,1.0,0,0,3,7,1090,510,1979,0,98034,47.7281,-122.232,1520,9394
26812,20140905T000000,552100.0,3,3.0,1330,1379,2.0,0,0,4,8,1120,210,2005,0,98122,47.6126,-122.313,1810,1770
24429,20150417T000000,425000.0,4,1.75,1910,16785,1.0,0,0,4,7,1110,800,1981,0,98028,47.7474,-122.235,1590,9900
31730,20140616T000000,499000.0,3,1.75,1750,12325,1.0,0,0,4,7,1470,280,1968,0,98052,47.6832,-122.118,1820,9750
27605,20140828T000000,577000.0,2,1.75,1620,4879,1.0,0,0,3,7,1040,580,1924,2011,98116,47.5703,-122.385,1500,5000
18650,20140721T000000,210000.0,3,1.5,1920,61014,1.0,0,0,3,6,1920,0,1953,0,98038,47.4446,-122.074,1616,61014
16699,20140930T000000,212000.0,3,1.5,1830,12233,1.5,0,0,4,5,1830,0,1930,0,98022,47.2057,-122.003,1520,12233
18272,20150422T000000,298000.0,4,2.5,1960,11798,2.0,0,0,3,8,1960,0,1999,0,98092,47.3293,-122.205,2360,11785
29578,20140612T000000,640000.0,5,3.5,3690,11928,2.0,0,0,3,9,2540,1150,2006,0,98074,47.6108,-122.06,2640,11928
23921,20150217T000000,410500.0,4,2.5,3362,8601,2.0,0,0,3,8,3362,0,2004,0,98003,47.2592,-122.304,2770,8601
21489,20140610T000000,899900.0,4,2.5,2580,3909,2.0,0,0,3,8,2580,0,2013,0,98033,47.6852,-122.21,1820,5772
14161,20150421T000000,144000.0,3,1.0,1250,8314,1.0,0,0,3,6,1250,0,1958,0,98058,47.4522,-122.178,1188,7700
26569,20141029T000000,950000.0,5,4.0,4100,8120,2.0,0,0,3,9,4100,0,2011,0,98053,47.6917,-122.02,4100,7625
11274,20140626T000000,354000.0,4,2.5,2580,5476,2.0,0,0,3,8,2580,0,2005,0,98031,47.4042,-122.205,2900,5476
22631,20150119T000000,552500.0,4,2.5,3260,6902,2.0,0,0,3,8,3260,0,2008,0,98059,47.4829,-122.156,3130,6588
14941,20150309T000000,400000.0,3,2.75,2220,5000,2.0,0,0,3,7,2220,0,1993,0,98108,47.5515,-122.324,960,5000
18004,20140730T000000,520000.0,3,2.25,1210,1250,3.0,0,0,3,8,1210,0,2014,0,98107,47.6722,-122.384,1780,5000
22264,20150326T000000,550000.0,2,1.0,980,3080,1.5,0,0,3,7,980,0,1910,1946,98103,47.6646,-122.339,1450,3333
16355,20140624T000000,317000.0,5,2.5,2360,11375,1.0,0,0,4,7,1180,1180,1962,0,98178,47.4875,-122.255,1160,7800
26749,20140709T000000,545000.0,3,2.5,2760,17377,2.0,0,0,3,9,2760,0,2002,0,98056,47.4929,-122.188,1940,8504
23573,20150206T000000,311750.0,4,2.25,2270,12000,1.0,0,0,4,7,1290,980,1976,0,98023,47.3287,-122.353,2030,23980
25461,20140916T000000,264000.0,1,1.0,710,4725,1.0,0,0,3,6,710,0,1939,0,98133,47.7328,-122.34,900,5250
31006,20150304T000000,492000.0,2,1.0,950,6000,1.0,0,0,3,7,950,0,1942,0,98115,47.6897,-122.294,1440,6000
24875,20141230T000000,355000.0,4,1.5,2230,11536,1.0,0,1,4,7,1220,1010,1954,0,98166,47.4409,-122.348,2170,12465
12726,20140520T000000,450000.0,3,1.5,2060,44866,1.0,0,0,3,8,2060,0,1953,0,98077,47.7503,-122.051,2320,43995
23635,20150422T000000,1000000.0,3,2.5,3180,10492,2.0,0,2,3,10,3180,0,1991,0,98052,47.655,-122.124,3000,9812
11440,20140516T000000,377500.0,3,2.25,1410,1377,2.0,0,0,3,7,1290,120,2005,0,98027,47.5342,-122.067,1445,1370
27624,20140716T000000,520000.0,4,1.75,1240,4532,1.5,0,0,4,7,1240,0,1944,0,98117,47.6892,-122.378,1260,4468
17561,20150406T000000,312000.0,4,2.5,1790,10584,1.0,0,0,4,7,1290,500,1981,0,98031,47.4061,-122.188,1730,9120
17813,20140818T000000,345000.0,2,1.0,1350,4494,1.0,0,0,3,7,920,430,1949,0,98126,47.5315,-122.38,1470,5225
22670,20141111T000000,1130000.0,5,1.75,1910,5640,2.0,0,0,4,9,1910,0,1906,0,98112,47.6249,-122.311,2050,5400
31893,20150223T000000,482000.0,3,1.75,2300,16474,1.0,0,0,3,7,1220,1080,1984,0,98072,47.7609,-122.144,1940,15601
32148,20140728T000000,527500.0,2,1.0,1170,3000,1.5,0,0,3,7,1170,0,1910,0,98103,47.6697,-122.338,1530,4000
31525,20141028T000000,1500000.0,3,3.5,3530,3610,2.0,0,0,3,10,2370,1160,2008,0,98103,47.6857,-122.339,1780,3610
25750,20141009T000000,750000.0,4,2.75,3170,7634,2.0,0,0,3,10,3170,0,1992,0,98075,47.5774,-122.054,2940,7846
14867,20150206T000000,848000.0,3,2.75,2170,2738,1.5,0,0,4,9,1550,620,1930,0,98109,47.6389,-122.349,1170,1062
11641,20140812T000000,403504.0,4,1.0,1060,5750,1.0,0,0,3,6,950,110,1904,0,98199,47.6562,-122.389,1790,5857
23630,20140711T000000,1480000.0,3,3.25,3700,2264,2.0,0,0,3,11,2280,1420,1998,0,98033,47.6653,-122.205,3930,2567
11516,20150504T000000,375000.0,2,1.0,790,5120,1.0,0,0,3,6,790,0,1950,0,98136,47.557,-122.395,1250,5120
25553,20140702T000000,250000.0,3,1.75,1200,24805,1.0,0,0,3,6,1200,0,1984,0,98031,47.4236,-122.195,2150,4339
19276,20141112T000000,235000.0,3,1.5,1660,8738,1.0,0,0,4,7,1080,580,1959,0,98002,47.3117,-122.208,1500,8466
15340,20140910T000000,485000.0,3,2.5,2540,51836,1.0,0,0,4,8,1820,720,1976,0,98042,47.389,-122.088,1650,51836
23283,20140513T000000,530000.0,3,1.75,1690,8190,1.0,0,0,4,8,1690,0,1958,0,98005,47.5857,-122.172,1840,8705
13251,20140616T000000,450000.0,6,2.25,3550,11780,1.0,0,0,4,8,2960,590,1948,0,98125,47.7218,-122.312,2360,8850
18610,20141113T000000,275000.0,2,1.0,680,4190,1.0,0,0,2,5,680,0,1906,0,98103,47.6901,-122.358,1070,4175
20729,20150126T000000,769000.0,4,3.5,3010,6202,2.0,0,0,3,9,3010,0,2005,0,98029,47.5533,-121.993,2520,5001
30755,20140904T000000,666500.0,4,2.5,2860,6600,2.0,0,0,3,9,2860,0,2000,0,98074,47.6067,-122.017,2790,6723
26224,20141028T000000,879000.0,3,3.0,3030,5156,1.5,0,0,4,9,2080,950,1929,0,98119,47.647,-122.369,1910,5720
13688,20150321T000000,720000.0,2,1.0,1370,9460,1.0,0,0,3,6,1370,0,1950,0,98004,47.6238,-122.191,1690,9930
16237,20141202T000000,399000.0,3,1.0,1460,8290,1.0,0,0,3,8,1460,0,1959,0,98125,47.7246,-122.3,1470,8290
29766,20140527T000000,725000.0,4,2.5,2740,12899,2.0,0,0,4,10,2740,0,1990,0,98075,47.5811,-122.028,2830,9453
29559,20141223T000000,599000.0,3,2.75,1840,2060,2.0,0,0,3,10,1700,140,2013,0,98027,47.53,-122.073,2590,2680
15017,20140612T000000,501000.0,3,1.75,1970,7972,1.0,0,3,5,8,1370,600,1976,0,98055,47.4908,-122.225,2460,9796
31052,20140529T000000,529000.0,3,1.0,1590,6420,1.0,0,0,3,7,1590,0,1944,0,98136,47.5355,-122.392,1780,5900
27367,20140805T000000,399950.0,3,2.25,1360,1041,2.0,0,0,3,8,1094,266,2006,0,98117,47.6925,-122.375,1522,1382
32381,20150219T000000,760000.0,4,3.5,3090,4060,2.0,0,0,3,8,2420,670,1992,0,98144,47.5733,-122.287,1720,4080
13878,20150427T000000,864000.0,4,2.5,3720,105850,2.0,0,0,4,10,3720,0,1984,0,98053,47.655,-122.029,2830,88256
21897,20140808T000000,318000.0,3,1.0,1010,7200,1.0,0,0,5,6,1010,0,1948,0,98155,47.7601,-122.307,1590,7663
12080,20141023T000000,310000.0,3,2.0,2610,12180,1.0,0,0,3,7,1670,940,1918,0,98146,47.5063,-122.346,1520,12180
20131,20150318T000000,334000.0,2,1.75,1680,8367,1.0,0,0,3,6,840,840,1914,0,98115,47.6976,-122.288,1830,6720
25210,20140812T000000,290000.0,4,1.75,2340,7200,1.0,0,0,3,8,1590,750,1960,0,98146,47.497,-122.369,1970,7800
12345,20150330T000000,650000.0,3,2.25,2180,60112,2.0,0,0,3,8,2180,0,1976,0,98053,47.6723,-122.082,2060,120225
16652,20150114T000000,280000.0,3,2.75,1740,5639,1.0,0,3,3,7,1740,0,2010,0,98022,47.1942,-121.977,2380,5331
30760,20150304T000000,1770000.0,3,2.5,2580,14603,1.0,0,2,4,9,2580,0,1951,0,98004,47.6199,-122.212,2410,14347
21007,20150401T000000,375000.0,3,1.0,1310,8400,1.0,0,0,3,7,1310,0,1972,1989,98034,47.7253,-122.197,1680,8000
12715,20150507T000000,750000.0,3,2.5,2400,7745,2.0,0,0,3,9,2400,0,2001,0,98033,47.6734,-122.173,2080,8615
30753,20140506T000000,685000.0,4,2.5,3030,7864,2.0,0,0,3,9,3030,0,1999,0,98074,47.6075,-122.017,2790,7034
20863,20141222T000000,260000.0,3,2.25,1950,9600,1.0,0,0,4,7,1200,750,1987,0,98092,47.2762,-122.148,1760,8850
24864,20150217T000000,530000.0,5,2.75,3230,13572,1.0,0,2,3,8,1880,1350,1965,0,98166,47.4393,-122.347,2910,15292
15871,20140904T000000,504500.0,3,2.5,1820,1545,3.0,0,2,3,8,1640,180,1998,0,98103,47.6523,-122.346,1440,1290
16312,20150312T000000,370000.0,4,2.5,2100,19680,1.5,0,0,3,6,2100,0,1914,0,98055,47.4787,-122.23,1340,12300
24799,20141002T000000,437850.0,4,2.25,2670,14255,1.0,0,0,4,8,1610,1060,1975,0,98006,47.5623,-122.175,2470,10290
21059,20140528T000000,600000.0,4,2.0,2510,38141,1.0,0,0,3,9,2510,0,1960,0,98034,47.7219,-122.258,3180,11760
16899,20140721T000000,210000.0,3,1.0,1520,8600,1.0,0,0,3,6,1040,480,1951,0,98168,47.5134,-122.335,1320,8600
29962,20150130T000000,465000.0,5,1.5,1750,12491,1.0,0,0,3,6,1390,360,1961,0,98033,47.6995,-122.174,1560,12473
15012,20141222T000000,610000.0,6,2.5,3610,12033,2.0,0,0,3,8,3210,400,1970,0,98011,47.7692,-122.219,2210,8577
10847,20141008T000000,515000.0,4,2.25,2470,7800,1.0,0,0,3,8,1470,1000,1975,0,98052,47.6913,-122.115,2050,8050
21399,20150224T000000,470000.0,6,1.75,2490,8732,1.5,0,0,4,8,2490,0,1966,0,98034,47.7252,-122.187,1840,8024
30897,20140820T000000,746300.0,3,1.75,2060,5721,1.0,0,2,3,9,1140,920,1964,0,98136,47.5268,-122.388,2060,8124
29331,20140813T000000,392000.0,2,1.5,940,5000,1.0,0,0,4,7,810,130,1925,0,98126,47.5375,-122.374,940,5026
22258,20150224T000000,450000.0,2,1.5,960,1000,2.0,0,0,3,8,920,40,2008,0,98103,47.6489,-122.335,1200,1297
27508,20140515T000000,295000.0,3,1.5,850,2500,1.0,0,0,3,7,850,0,1986,0,98106,47.5677,-122.36,850,5000
30944,20141009T000000,675000.0,4,3.5,3190,6875,2.0,0,2,3,8,2120,1070,1999,0,98034,47.7082,-122.221,2550,6875
17748,20150323T000000,160000.0,3,1.0,1140,3240,1.5,0,0,4,6,1140,0,1910,0,98014,47.7093,-121.364,1140,4700
23052,20150331T000000,231750.0,3,1.0,1020,7615,1.0,0,0,3,7,1020,0,1981,0,98058,47.4292,-122.152,1470,9515
18028,20150416T000000,514700.0,3,3.25,1310,1072,2.0,0,0,3,8,1060,250,2008,0,98107,47.6744,-122.374,1160,1266
21659,20140725T000000,560000.0,4,3.0,2170,5764,2.0,0,0,3,8,2170,0,1992,0,98029,47.5673,-121.999,2010,5681
12606,20140612T000000,900000.0,4,2.25,2460,44431,1.0,0,0,4,9,2460,0,1957,0,98007,47.6042,-122.147,2830,44431
29351,20141205T000000,559500.0,3,2.25,2150,9250,2.0,0,0,3,8,2150,0,1984,0,98052,47.7179,-122.113,2240,9266
31912,20140916T000000,588000.0,3,1.5,1780,4200,1.5,0,0,4,8,1780,0,1916,0,98103,47.662,-122.349,1380,3333
18619,20140925T000000,532500.0,3,1.75,1620,3360,1.0,0,0,5,7,980,640,1927,0,98117,47.6886,-122.361,1400,3840
12400,20140610T000000,225000.0,3,1.75,1760,26055,1.0,0,0,3,7,920,840,1979,0,98042,47.3664,-122.1,1350,13475
16051,20140825T000000,453000.0,3,2.0,1430,9583,1.0,0,0,4,7,1430,0,1964,0,98034,47.7206,-122.197,1890,11100
27322,20141219T000000,750000.0,4,2.25,3140,12150,2.0,0,0,3,9,3140,0,1979,0,98074,47.6361,-122.047,2370,12054
12202,20140715T000000,921000.0,3,2.25,2380,11200,1.0,0,0,4,8,2380,0,1963,0,98004,47.5873,-122.193,2010,11200
28035,20140926T000000,230000.0,3,1.0,940,10875,1.0,0,0,3,7,940,0,1957,0,98056,47.5121,-122.168,1250,11200
25447,20140623T000000,715000.0,4,2.5,2650,30500,1.0,0,0,4,8,1680,970,1960,0,98029,47.5535,-122.028,2650,30500
29536,20150423T000000,589999.0,3,2.5,2140,3628,2.0,0,0,3,8,1960,180,2006,0,98027,47.537,-122.074,2280,2812
30024,20140620T000000,754800.0,2,2.5,2770,7781,2.0,0,0,3,8,2770,0,2006,0,98053,47.7072,-122.017,1870,5984
23192,20141124T000000,569000.0,3,2.0,1990,3000,1.5,0,0,3,7,1230,760,1908,1970,98112,47.6272,-122.29,1600,4080
27040,20150120T000000,290000.0,3,2.0,1810,11456,1.0,0,0,3,7,1810,0,1970,0,98045,47.4648,-121.756,1360,12931
11151,20140701T000000,515000.0,3,2.5,2010,7200,2.0,0,0,3,8,2010,0,1994,0,98028,47.7372,-122.223,1970,7202
28539,20150218T000000,270000.0,4,2.5,2350,5835,2.0,0,0,3,8,2350,0,2003,0,98042,47.3494,-122.153,3010,5772
13096,20150504T000000,402000.0,2,1.0,1210,5600,1.5,0,0,3,7,1210,0,1922,0,98136,47.5322,-122.392,1400,5028
25119,20141106T000000,144000.0,3,1.0,980,6800,1.0,0,0,3,6,980,0,1946,0,98058,47.4411,-122.186,1140,9975
12180,20150312T000000,445000.0,3,2.0,1540,67953,1.0,0,0,3,7,1540,0,1997,0,98059,47.5018,-122.126,1250,9100
14841,20150319T000000,240000.0,3,1.75,1100,7373,1.0,0,0,4,7,1100,0,1968,0,98092,47.3124,-122.183,1430,8415
12195,20150424T000000,620000.0,4,2.0,1770,7700,1.5,0,0,4,7,1770,0,1962,0,98007,47.5916,-122.146,1710,7700
18423,20150408T000000,215000.0,3,1.0,1010,10125,1.0,0,0,4,7,1010,0,1972,0,98042,47.3423,-122.088,1230,10125
21995,20141015T000000,478000.0,4,2.0,1690,8208,1.0,0,0,4,7,1210,480,1958,0,98008,47.6052,-122.126,1620,8496
20167,20140812T000000,330000.0,6,3.25,2120,6893,1.0,0,0,4,7,1060,1060,1983,0,98106,47.5508,-122.355,1380,6986
17545,20140709T000000,463000.0,4,2.5,1980,6660,2.0,0,0,4,7,1980,0,1974,0,98034,47.7158,-122.167,1980,7150
25668,20150424T000000,336950.0,3,1.75,2310,7680,1.0,0,0,4,8,1410,900,1978,0,98032,47.3743,-122.285,2080,7680
14708,20140619T000000,378750.0,3,2.5,2160,3000,1.5,0,0,3,7,1260,900,1909,2011,98118,47.5644,-122.289,1060,3500
29858,20141014T000000,1150000.0,4,3.25,4190,10259,2.0,0,0,3,11,3150,1040,2000,0,98074,47.6332,-122.066,4300,11919
20488,20140717T000000,635000.0,4,2.25,2240,5000,2.0,0,0,3,8,2240,0,2013,0,98074,47.6212,-122.058,1760,7500
17791,20140812T000000,207000.0,2,1.0,820,4860,1.0,0,0,5,6,820,0,1955,0,98118,47.5298,-122.271,1240,6000
15936,20141230T000000,260000.0,5,2.5,2580,11250,1.0,0,0,3,7,1410,1170,1964,0,98198,47.397,-122.313,2240,11780
28304,20150315T000000,730000.0,4,2.5,3470,14271,2.0,0,0,3,9,3470,0,2005,0,98065,47.5423,-121.877,3450,9380
20104,20150415T000000,272000.0,4,2.0,1780,19843,1.0,0,0,3,7,1780,0,1963,0,98058,47.4414,-122.154,2210,13500
27230,20140522T000000,373500.0,2,1.0,800,3330,1.0,0,0,3,7,800,0,1918,0,98107,47.6566,-122.358,1300,4320
31978,20150226T000000,794500.0,5,3.0,3030,4120,1.5,0,0,4,7,1930,1100,1913,0,98115,47.6771,-122.319,1280,3090
19340,20141030T000000,580000.0,3,2.25,1670,7416,1.0,0,0,4,7,1220,450,1974,0,98005,47.6028,-122.172,1710,7416
27242,20140908T000000,267500.0,2,1.0,960,5150,1.0,0,0,5,6,960,0,1951,0,98126,47.5201,-122.372,1010,5000
14212,20150218T000000,435000.0,3,2.0,2040,6880,2.0,0,0,4,7,2040,0,1954,0,98133,47.7601,-122.351,1710,7597
24590,20141106T000000,465000.0,5,2.25,3020,10010,1.0,0,0,3,7,1510,1510,1959,0,98027,47.5249,-122.044,1760,10878
30375,20141211T000000,730000.0,4,2.5,2030,4080,1.5,0,0,4,8,1730,300,1921,0,98115,47.6753,-122.311,1980,4080
11593,20140910T000000,810000.0,4,2.5,3340,8384,2.0,0,0,3,9,3340,0,2014,0,98052,47.6761,-122.152,1560,9429
26092,20150406T000000,625000.0,4,2.25,3230,9935,2.0,0,0,3,8,3230,0,1986,0,98028,47.7685,-122.257,2820,9722
26052,20140916T000000,550000.0,2,1.5,1300,2970,1.0,0,0,3,7,990,310,1903,0,98102,47.6233,-122.319,1700,3000
30872,20150107T000000,330000.0,2,1.0,1350,8220,1.0,0,0,3,7,1060,290,1949,0,98177,47.7224,-122.358,1540,8280
24742,20150129T000000,330950.0,3,2.5,1630,2844,2.0,0,0,3,7,1630,0,2003,0,98118,47.5413,-122.288,1610,2582
12193,20150304T000000,512500.0,3,1.75,1610,7200,1.0,0,0,3,7,1180,430,1976,0,98007,47.5966,-122.144,1520,7973
23559,20140805T000000,400000.0,2,2.0,2010,3797,1.5,0,0,3,7,1450,560,1922,2004,98108,47.5596,-122.315,1660,4650
19517,20150109T000000,322000.0,4,2.5,1950,4553,2.0,0,0,3,7,1950,0,2000,0,98056,47.5066,-122.175,1780,4598
28794,20150406T000000,202500.0,3,1.5,1510,9898,1.0,0,0,3,7,1110,400,1954,0,98148,47.4303,-122.334,1420,9250
28076,20140917T000000,299000.0,3,2.75,3080,19635,1.0,0,2,4,7,1610,1470,1958,0,98032,47.3841,-122.284,2424,12410
22830,20141107T000000,590000.0,4,2.5,2380,4950,2.0,0,0,3,8,2380,0,2004,0,98136,47.5382,-122.391,1370,5120
22164,20150405T000000,419000.0,5,3.0,2190,9652,2.0,0,0,3,7,2190,0,1999,0,98178,47.5049,-122.239,1440,6710
21314,20141016T000000,1900000.0,4,2.75,4280,12668,2.0,0,0,3,9,3900,380,1947,2008,98004,47.6185,-122.219,3590,12670
29555,20150410T000000,725000.0,4,3.25,2610,2552,2.0,0,0,3,10,2160,450,2008,0,98027,47.5322,-122.076,2610,2664
30248,20150428T000000,297500.0,4,2.5,2190,8100,1.0,0,0,4,8,1250,940,1978,0,98023,47.3131,-122.392,2100,8840
11636,20150218T000000,1900000.0,4,2.5,3070,7830,2.0,0,2,3,11,1970,1100,2009,0,98144,47.593,-122.291,2440,4682
17321,20141205T000000,1410000.0,5,2.25,3580,16789,2.0,0,0,5,9,3580,0,1966,0,98040,47.5364,-122.239,3390,17000
12676,20140529T000000,503000.0,3,2.0,2590,108900,2.0,0,0,3,8,1980,610,1988,0,98038,47.4088,-122.055,3170,108900
13838,20150312T000000,317500.0,6,1.75,2540,8400,1.0,0,0,3,8,1340,1200,1977,0,98058,47.4414,-122.129,1900,7695
18457,20150429T000000,445000.0,3,1.5,860,3200,1.0,0,0,3,6,860,0,1929,0,98117,47.6791,-122.362,1220,4300
18312,20150330T000000,450000.0,3,2.75,2840,39324,1.0,0,0,3,9,2200,640,1988,0,98092,47.3076,-122.101,2840,39413
30193,20150514T000000,359000.0,2,2.75,1370,1140,2.0,0,0,3,8,1080,290,2009,0,98133,47.7052,-122.343,1370,1090
15015,20150113T000000,725000.0,3,1.0,1000,19969,1.0,0,0,3,7,1000,0,1951,0,98033,47.6745,-122.197,1370,7962
14372,20141125T000000,554000.0,2,1.0,820,3700,1.0,0,0,5,7,820,0,1968,0,98040,47.588,-122.251,1750,9000
12859,20140512T000000,734200.0,4,2.5,2760,5000,1.5,0,0,5,7,1680,1080,1928,0,98107,47.6726,-122.371,1850,5000
27022,20140603T000000,235000.0,2,1.0,720,4840,1.0,0,0,4,6,720,0,1947,0,98126,47.5534,-122.375,1510,4840
25927,20140829T000000,434900.0,3,2.0,1520,11067,1.0,0,0,3,7,1140,380,1983,0,98074,47.6326,-122.033,1280,11371
25070,20140722T000000,451000.0,5,3.0,2260,6508,1.0,0,0,3,7,1330,930,2003,0,98155,47.7508,-122.322,1940,9450
31299,20140801T000000,483500.0,3,2.5,1670,4308,2.0,0,0,3,8,1670,0,2001,0,98027,47.5307,-122.047,1670,2897
23387,20150428T000000,395000.0,1,1.0,900,6380,1.0,0,0,3,6,900,0,1947,0,98125,47.7019,-122.311,1830,6380
24253,20140815T000000,259950.0,3,1.5,1350,7827,1.0,0,0,4,7,1350,0,1968,0,98030,47.3786,-122.219,1900,7827
18336,20141008T000000,368000.0,4,2.0,2500,36900,1.0,0,0,3,7,1540,960,1972,0,98038,47.3708,-122.049,1960,36900
30661,20150426T000000,260000.0,3,2.25,1413,3403,2.0,0,0,3,8,1413,0,2009,0,98031,47.4196,-122.193,1763,3719
15352,20141218T000000,275000.0,5,1.5,1950,9000,1.0,0,0,3,7,1130,820,1964,0,98146,47.4882,-122.339,1680,9526
13753,20141121T000000,209000.0,3,1.75,1250,8084,1.0,0,0,4,7,1250,0,1967,0,98001,47.3364,-122.276,1340,7680
31357,20150401T000000,432500.0,3,3.0,2500,6000,2.0,0,0,3,8,2500,0,2012,0,98058,47.4408,-122.161,2130,6000
29572,20140910T000000,381500.0,4,2.5,2430,5556,2.0,0,0,4,8,2430,0,2003,0,98042,47.3762,-122.126,2430,5556
16731,20140818T000000,624000.0,4,1.75,2710,9216,1.0,0,0,3,8,1440,1270,1961,0,98126,47.5523,-122.379,1960,6350
31491,20150324T000000,375000.0,5,1.75,2230,7560,1.0,0,0,3,7,1230,1000,1959,0,98178,47.5055,-122.26,1380,6570
23807,20140606T000000,1280000.0,4,3.5,3010,3600,2.0,0,0,3,9,2370,640,1999,0,98112,47.6341,-122.284,2650,4200
28970,20150506T000000,210000.0,3,2.5,1610,6732,2.0,0,0,3,7,1610,0,1994,0,98030,47.3658,-122.172,1680,7414
31858,20140617T000000,305000.0,3,2.25,2110,7665,1.0,0,0,4,7,1360,750,1973,0,98023,47.3082,-122.372,1660,8436
14045,20141203T000000,412000.0,3,2.5,2210,7000,2.0,0,0,4,8,2210,0,1985,0,98058,47.4377,-122.132,2260,7224
29328,20141023T000000,385000.0,3,0.75,1330,7020,1.0,0,0,5,7,1330,0,1924,0,98126,47.5377,-122.376,1410,5802
26336,20141120T000000,342000.0,4,2.5,2380,7792,2.0,0,0,3,8,2380,0,1993,0,98092,47.3273,-122.173,2260,7378
14666,20150320T000000,395900.0,3,1.75,1880,8706,1.0,0,0,3,7,940,940,1927,0,98155,47.7362,-122.292,1880,7200
16818,20150508T000000,565000.0,3,1.0,910,5212,1.0,0,0,3,7,910,0,1951,0,98115,47.6742,-122.284,1520,6300
20375,20140701T000000,1640000.0,3,3.25,3140,5445,2.0,0,3,4,10,2240,900,1913,0,98109,47.6406,-122.347,2950,5250
30543,20141230T000000,530000.0,3,0.75,920,20412,1.0,1,2,5,6,920,0,1950,0,98070,47.4781,-122.49,1162,54705
31120,20140805T000000,348000.0,3,2.5,2060,7458,2.0,0,0,3,9,2060,0,1989,0,98023,47.3045,-122.351,2480,7743
29527,20140807T000000,598500.0,4,2.5,2520,3980,2.0,0,0,3,8,2520,0,2005,0,98027,47.5401,-122.07,2610,3980
23993,20140611T000000,280000.0,3,2.5,1860,6607,2.0,0,0,3,7,1860,0,1989,0,98023,47.2891,-122.351,1760,6766
13704,20140604T000000,317000.0,3,1.0,1010,5400,1.0,0,0,3,6,1010,0,1959,0,98144,47.5746,-122.293,960,5400
15525,20140626T000000,315000.0,4,2.5,1940,10200,1.0,0,0,4,8,1140,800,1977,0,98042,47.4157,-122.161,1920,12600
14612,20150306T000000,397500.0,4,3.0,2350,9952,1.0,0,0,3,9,1650,700,1989,0,98031,47.4194,-122.211,2440,9100
21676,20140618T000000,570000.0,4,2.5,2290,6738,2.0,0,0,3,8,2290,0,1996,0,98029,47.5714,-122.005,2100,6261
25718,20150421T000000,359500.0,6,3.75,3190,4700,2.0,0,0,3,8,3190,0,2003,0,98042,47.3724,-122.105,2680,5640
25291,20141013T000000,577450.0,3,3.0,1730,1755,3.0,0,0,3,8,1730,0,2014,0,98117,47.6944,-122.377,1830,1804
12786,20150122T000000,370000.0,3,2.5,1070,1219,2.0,0,0,3,7,720,350,2004,0,98116,47.5618,-122.384,1070,1254
28574,20150414T000000,204000.0,3,1.0,1200,12500,1.5,0,0,3,6,1200,0,1936,0,98198,47.4162,-122.329,1200,7500
31185,20140819T000000,429000.0,3,1.75,2520,5043,1.0,0,0,3,8,1260,1260,1957,0,98126,47.5339,-122.372,1360,4920
29421,20140926T000000,170000.0,2,1.0,870,6537,1.0,0,0,3,6,870,0,1948,0,98168,47.4906,-122.306,1100,8701
20432,20140718T000000,497000.0,3,2.25,1870,9315,1.0,0,0,3,7,1350,520,1975,0,98034,47.705,-122.202,2230,9579
11693,20150416T000000,208000.0,2,1.0,700,5100,1.0,0,0,4,5,700,0,1953,0,98056,47.4957,-122.168,970,5811
24871,20140818T000000,449000.0,4,2.75,2090,14141,1.5,0,0,4,8,1680,410,1941,0,98166,47.4333,-122.347,1990,12920
17590,20150316T000000,370000.0,4,2.5,2570,7753,2.0,0,0,3,8,2570,0,1987,0,98058,47.4237,-122.162,2140,7615
19250,20140609T000000,585000.0,4,1.75,2470,131790,2.0,0,2,3,8,2470,0,1937,0,98070,47.4421,-122.444,1470,92747
18738,20140822T000000,355000.0,4,2.0,1770,8890,1.0,0,0,5,6,1770,0,1949,0,98166,47.4589,-122.353,1010,7620
20922,20150417T000000,410000.0,3,1.75,2160,4000,1.0,0,0,3,7,1080,1080,1953,0,98144,47.5721,-122.309,1260,3200
20827,20140922T000000,443000.0,3,1.75,1640,4579,1.0,0,0,4,6,1640,0,1916,0,98133,47.7061,-122.352,1580,5040
16760,20141217T000000,220000.0,3,1.75,1900,7680,1.0,0,0,3,7,1260,640,1959,0,98178,47.5081,-122.266,2000,7740
28536,20140820T000000,299000.0,4,2.0,2320,12000,1.0,0,0,3,7,1720,600,1943,2014,98108,47.5246,-122.325,1390,6000
25067,20141126T000000,425000.0,4,2.25,2200,8384,1.0,0,0,3,7,1250,950,1959,0,98155,47.753,-122.317,1750,8384
13441,20150211T000000,345000.0,3,1.75,1930,9000,1.0,0,1,4,7,1150,780,1951,0,98166,47.4539,-122.348,1590,9000
24720,20140929T000000,555000.0,3,3.5,2100,2479,2.0,0,0,3,9,1450,650,2011,0,98118,47.562,-122.292,1800,2457
14757,20140630T000000,255000.0,2,1.0,1320,9967,1.0,0,0,3,6,940,380,1919,0,98108,47.5693,-122.296,1970,7587
21092,20150122T000000,577000.0,3,2.25,2370,7878,2.0,0,0,3,8,2370,0,1985,0,98034,47.7281,-122.168,1870,7766
12849,20141117T000000,265000.0,3,2.75,1120,881,3.0,0,0,3,8,1120,0,1999,0,98103,47.6914,-122.343,1120,1087
11400,20150106T000000,608000.0,4,3.0,2400,7680,1.0,0,0,3,7,1200,1200,1956,0,98199,47.6466,-122.389,2670,6342
21523,20140527T000000,800000.0,4,2.5,2680,7200,1.0,0,0,3,8,1380,1300,1952,2013,98033,47.6835,-122.187,1950,8520
18766,20140603T000000,605000.0,5,2.75,2740,5616,1.5,0,0,5,7,1670,1070,1925,0,98115,47.6866,-122.317,1600,4592
29154,20141229T000000,307000.0,4,2.75,2520,6964,1.0,0,0,4,7,1260,1260,1987,0,98031,47.4038,-122.175,1930,6949
28053,20140825T000000,195000.0,3,1.5,1190,8726,1.0,0,0,3,7,1190,0,1956,0,98146,47.4887,-122.343,1390,8741
27710,20140626T000000,669000.0,2,1.75,1950,10766,1.0,0,3,4,6,1160,790,1952,0,98166,47.4504,-122.377,1780,11721
12346,20140811T000000,585000.0,3,1.75,2220,216493,1.0,0,2,3,8,2220,0,1989,0,98014,47.6624,-121.951,2900,169884
21803,20141007T000000,259950.0,2,1.0,770,6542,1.0,0,0,3,6,770,0,1948,0,98155,47.747,-122.301,1120,8149
13383,20150505T000000,225000.0,2,1.0,1070,6000,1.0,0,0,4,5,1070,0,1922,0,98178,47.495,-122.227,1910,6000
31520,20150423T000000,515000.0,3,1.75,1300,5120,1.5,0,0,4,6,1300,0,1925,0,98116,47.5589,-122.394,1090,5124
21737,20140725T000000,500000.0,3,1.5,2150,4000,1.5,0,0,3,7,1470,680,1928,0,98144,47.5733,-122.312,1750,4000
16687,20140825T000000,554000.0,3,2.0,1830,3500,1.5,0,0,5,7,1290,540,1909,0,98116,47.573,-122.383,1530,4000
27519,20140609T000000,345000.0,2,1.5,1340,1210,2.0,0,0,3,8,1120,220,2008,0,98144,47.588,-122.305,1340,1213
27035,20140731T000000,230000.0,4,1.5,1520,8800,1.0,0,0,4,7,1520,0,1960,0,98002,47.3136,-122.208,1370,8800
28061,20150316T000000,915557.0,5,3.25,3740,11536,2.0,0,0,4,9,2540,1200,1984,0,98006,47.5599,-122.108,2920,11258
32297,20150316T000000,622000.0,3,1.5,1650,3150,1.5,0,0,4,8,1650,0,1929,0,98122,47.6156,-122.297,1650,4500
26654,20141217T000000,570000.0,4,2.25,2380,36446,2.0,0,0,4,8,2380,0,1977,0,98077,47.7644,-122.072,2790,40005
15372,20140520T000000,499950.0,5,3.5,3200,43560,2.0,0,0,3,7,3200,0,1989,0,98059,47.475,-122.093,2730,43560
27217,20140925T000000,383000.0,3,1.0,1150,10196,1.0,0,0,4,7,1150,0,1957,0,98052,47.6788,-122.162,1410,8925
29339,20150421T000000,435000.0,4,2.5,2180,6500,2.0,0,0,3,7,1410,770,1945,0,98126,47.5365,-122.37,920,6500
29115,20150323T000000,374950.0,4,2.5,1980,12062,2.0,0,0,3,8,1980,0,1992,0,98031,47.4038,-122.167,2300,7902
24306,20140602T000000,492000.0,3,1.75,2770,39927,1.0,0,0,4,8,1580,1190,1978,0,98027,47.4669,-122.003,2420,36384
28604,20150501T000000,265000.0,4,1.0,1290,6034,1.0,0,0,3,6,1050,240,1950,0,98118,47.5223,-122.286,1060,6034
21153,20140520T000000,243000.0,2,1.0,1770,5522,1.5,0,0,4,7,960,810,1943,0,98178,47.4974,-122.231,1830,7378
18800,20140515T000000,744000.0,4,3.0,1980,5352,2.5,0,0,3,8,1980,0,1941,2005,98136,47.532,-122.385,1680,5352
14949,20141020T000000,724950.0,4,3.5,3010,174240,2.0,0,0,3,9,3010,0,2004,0,98045,47.4775,-121.691,2720,247856
18421,20140918T000000,272000.0,4,1.75,1390,10660,1.0,0,0,4,7,1030,360,1960,0,98198,47.4128,-122.323,1800,11960
18901,20150330T000000,430000.0,3,1.0,940,12521,1.5,0,0,4,7,940,0,1949,0,98133,47.7169,-122.331,1920,9046
19954,20140820T000000,532170.0,3,2.0,1360,3090,2.0,0,0,3,8,1360,0,1990,0,98103,47.6838,-122.353,1500,3090
21109,20140731T000000,349950.0,3,2.5,2390,6441,2.0,0,0,3,7,2390,0,2002,0,98038,47.3659,-122.029,2180,7346
31135,20141013T000000,470000.0,2,1.0,1190,5200,1.0,0,0,5,7,1190,0,1912,0,98103,47.6939,-122.348,1550,5100
25421,20140910T000000,415000.0,1,1.0,1230,3774,1.0,0,0,4,6,830,400,1924,0,98103,47.6886,-122.354,1300,3774
29877,20150330T000000,531000.0,3,2.25,1910,8390,1.0,0,0,3,7,1910,0,1979,0,98034,47.73,-122.216,2410,8390
26844,20140919T000000,389990.0,4,2.5,2245,4330,2.0,0,0,3,8,2245,0,2014,0,98038,47.3557,-122.063,2530,4478
31439,20150501T000000,342000.0,3,2.5,1960,3540,2.0,0,0,3,8,1960,0,2012,0,98038,47.3568,-122.055,1840,3825
19421,20141022T000000,625000.0,4,2.25,2220,36085,2.0,0,0,3,9,2220,0,1989,0,98075,47.5839,-121.991,3000,36906
18073,20141023T000000,570000.0,3,3.25,1570,1777,2.0,0,0,3,8,1260,310,2007,0,98107,47.6655,-122.369,1000,1777
11044,20140701T000000,563000.0,4,1.0,1410,3376,1.5,0,0,5,7,1410,0,1911,0,98107,47.6606,-122.365,1040,3600
30312,20141219T000000,808000.0,8,3.75,3460,4600,2.0,0,0,3,7,2860,600,1987,0,98105,47.6617,-122.289,2170,3750
25612,20150225T000000,285000.0,4,1.75,2130,8151,1.0,0,0,4,7,1330,800,1967,0,98031,47.3932,-122.201,1600,8587
25452,20141113T000000,2900000.0,5,4.0,5190,14600,2.0,0,1,3,11,5190,0,2013,0,98039,47.6102,-122.225,3840,19250
15564,20150211T000000,756000.0,3,2.5,3560,8297,1.0,0,2,4,8,1650,1910,1948,0,98199,47.6473,-122.407,2760,8297
19294,20141103T000000,447500.0,3,1.75,1950,6504,1.0,0,0,3,8,1530,420,1953,0,98115,47.6934,-122.328,1660,6552
11130,20150413T000000,630000.0,2,1.0,1050,8382,1.0,0,0,3,7,1050,0,1959,0,98040,47.5627,-122.221,2400,9525
15807,20140707T000000,575000.0,4,2.5,2400,6137,2.0,0,0,3,8,2400,0,1990,0,98074,47.6187,-122.04,2120,7468
26951,20140623T000000,329900.0,3,2.5,2242,4995,2.0,0,0,3,8,2242,0,2011,0,98092,47.2595,-122.202,1798,4942
13409,20140702T000000,580000.0,3,2.25,1900,3960,1.5,0,0,3,8,1200,700,1905,0,98122,47.6122,-122.298,1310,3960
28467,20141204T000000,1250000.0,5,2.75,3710,13874,1.5,0,3,4,9,2340,1370,1977,0,98006,47.5686,-122.154,3370,13874
29539,20150329T000000,334950.0,2,2.25,1240,750,2.0,0,0,3,7,1150,90,2008,0,98027,47.5322,-122.073,1240,750
18926,20140829T000000,461100.0,2,2.25,1210,1267,2.0,0,0,3,8,1120,90,2010,0,98117,47.6783,-122.376,1360,1349
30724,20141124T000000,210000.0,2,1.0,970,8874,1.0,0,0,3,7,970,0,1968,0,98056,47.4943,-122.178,1340,8175
27208,20140728T000000,411000.0,2,2.5,1590,2088,2.0,0,0,3,9,1590,0,1997,0,98033,47.6897,-122.175,2320,3174
18420,20150212T000000,500000.0,5,2.0,2300,7897,2.5,0,0,4,8,2300,0,1956,0,98133,47.7556,-122.356,2030,7902
26100,20141002T000000,529900.0,5,2.25,3030,9430,2.0,0,0,4,8,2600,430,1961,0,98133,47.7515,-122.353,2230,8425
31139,20140808T000000,488000.0,2,1.5,1000,5125,1.0,0,0,3,7,1000,0,1942,1968,98103,47.6926,-122.347,1090,5100
14028,20140722T000000,730000.0,4,2.5,3550,35689,2.0,0,0,4,9,3550,0,1991,0,98077,47.7503,-122.074,3350,35711
24128,20141219T000000,304500.0,4,2.5,2030,5202,2.0,0,0,3,8,2030,0,2001,0,98031,47.388,-122.176,2260,5232
28475,20150403T000000,320000.0,3,1.0,1630,5000,1.0,0,0,3,7,930,700,1954,0,98108,47.5497,-122.295,1630,5480
12871,20141219T000000,395000.0,2,1.0,1200,6014,1.0,0,0,4,6,600,600,1949,0,98118,47.5357,-122.28,1270,4652
27167,20141113T000000,1600000.0,3,2.25,3370,23065,1.0,1,4,3,10,1920,1450,1980,0,98028,47.7434,-122.263,3410,19688
16294,20150416T000000,779000.0,5,2.25,2830,7738,2.0,0,0,4,8,2830,0,1977,0,98006,47.5582,-122.136,2300,9840
31000,20140528T000000,236000.0,4,2.25,1830,9485,1.0,0,0,4,7,1200,630,1989,0,98023,47.2995,-122.387,1730,10109
27750,20150304T000000,260000.0,4,1.0,1220,7980,1.5,0,0,3,6,1220,0,1944,0,98178,47.4924,-122.237,1210,7920
13118,20141229T000000,620000.0,4,3.5,3880,8244,2.0,0,0,3,10,3060,820,2007,0,98019,47.7426,-121.976,3180,10947
15318,20141217T000000,830000.0,6,3.0,2530,9000,1.0,0,0,3,6,2530,0,1978,0,98033,47.6716,-122.199,1886,6000
13911,20140703T000000,1760000.0,3,2.0,2360,4800,2.0,0,0,3,9,2360,0,1909,2014,98112,47.6317,-122.312,2260,4800
21809,20140813T000000,765000.0,3,2.75,2250,9600,2.5,0,0,4,9,1830,420,1909,1991,98122,47.6033,-122.287,2060,4980
32357,20150325T000000,921000.0,4,2.5,2310,5362,2.0,0,4,4,8,2010,300,1928,0,98122,47.6044,-122.284,2530,5960
20901,20140523T000000,377691.0,5,1.75,2120,8399,1.0,0,0,4,7,1320,800,1942,0,98133,47.7621,-122.335,2120,8398
28705,20141216T000000,721000.0,3,2.25,2680,10440,1.0,0,1,3,8,1540,1140,1963,0,98116,47.561,-122.398,2140,7560
24366,20140609T000000,250000.0,5,1.5,2520,5753,1.5,0,0,4,7,1510,1010,1928,0,98022,47.2058,-121.997,1620,6875
21167,20141204T000000,160000.0,3,1.0,1200,8360,1.0,0,0,2,6,1200,0,1948,0,98118,47.5414,-122.281,1570,6823
13230,20140822T000000,1530000.0,4,3.5,5990,111078,2.0,0,0,3,11,5990,0,2004,0,98053,47.667,-121.994,4690,118918
10932,20140610T000000,745000.0,4,3.25,3490,7024,2.0,0,0,3,10,3490,0,2006,0,98075,47.5834,-121.972,3450,6866
21781,20140711T000000,385000.0,3,2.0,1860,7400,1.0,0,0,3,8,930,930,1922,2004,98166,47.4598,-122.352,1640,8461
18441,20150331T000000,257000.0,3,1.75,1430,7210,1.0,0,0,3,7,1430,0,1975,0,98031,47.4189,-122.168,1220,7777
28038,20150421T000000,229000.0,3,1.0,940,8400,1.0,0,0,3,7,940,0,1958,0,98056,47.5108,-122.165,1190,8400
17618,20140711T000000,578000.0,3,2.25,1790,9580,2.0,0,0,3,8,1790,0,1984,0,98006,47.5541,-122.162,2060,9995
18493,20140707T000000,588000.0,3,2.0,1860,4777,2.0,0,0,5,7,1860,0,1908,0,98115,47.6892,-122.311,1580,3822
22972,20150427T000000,750000.0,6,1.75,2750,9563,2.0,0,0,4,8,2750,0,1973,0,98052,47.6368,-122.097,2040,9563
23940,20140915T000000,299950.0,2,1.0,800,3000,1.0,0,0,3,6,800,0,1904,0,98118,47.5602,-122.292,1640,3400
28998,20150429T000000,415000.0,3,1.5,1270,1483,3.0,0,0,3,8,1270,0,2007,0,98115,47.6987,-122.317,1270,1413
22720,20150417T000000,360000.0,3,2.5,1480,3851,2.0,0,0,3,8,1480,0,1998,0,98072,47.7732,-122.163,1650,4716
13305,20140522T000000,249950.0,2,1.0,940,8532,1.0,0,0,4,7,940,0,1959,0,98166,47.4814,-122.343,1050,8100
25107,20140620T000000,420000.0,5,2.75,2280,10319,1.0,0,0,3,8,1300,980,1959,0,98177,47.7566,-122.363,2370,8056
31066,20150312T000000,500000.0,3,2.5,2270,5654,2.0,0,0,3,8,2270,0,1999,0,98133,47.7733,-122.351,1770,7840
19063,20150325T000000,231000.0,3,2.5,1370,7247,2.0,0,0,3,7,1370,0,1995,0,98032,47.3767,-122.303,1720,8085
17482,20140819T000000,320000.0,4,2.5,2050,8424,2.0,0,0,4,8,2050,0,1993,0,98022,47.196,-122.011,1970,8448
15662,20140617T000000,4670000.0,5,6.75,9640,13068,1.0,1,4,3,12,4820,4820,1983,2009,98040,47.557,-122.21,3270,10454
24284,20140707T000000,199990.0,3,1.0,1100,8560,1.0,0,0,3,6,1100,0,1961,0,98023,47.329,-122.338,1120,8470
29483,20141218T000000,348500.0,2,2.25,1550,1824,2.0,0,0,3,8,1550,0,2007,0,98106,47.5396,-122.368,1460,1826
30208,20140917T000000,282000.0,3,2.25,2420,7548,1.0,0,0,4,8,1370,1050,1967,0,98023,47.3112,-122.376,2150,8000
31611,20140523T000000,440000.0,4,2.5,2560,10400,1.0,0,0,4,7,1280,1280,1965,0,98027,47.5225,-122.04,1740,11050
22739,20141001T000000,251000.0,4,2.0,1650,5974,1.0,0,0,5,7,860,790,1972,0,98178,47.5008,-122.257,1940,6001
21851,20140828T000000,507000.0,3,2.25,2210,11585,1.0,0,0,4,7,1510,700,1958,0,98155,47.7574,-122.279,1870,14092
14788,20150409T000000,583500.0,4,1.75,2860,48351,1.0,0,0,3,8,1710,1150,1978,0,98077,47.7605,-122.085,2460,43560
28132,20150501T000000,324950.0,4,2.0,2160,4800,2.0,0,0,4,7,1290,870,1929,0,98055,47.4777,-122.212,1570,4800
22577,20140911T000000,665000.0,3,1.75,1800,8000,1.0,0,0,3,8,1800,0,1972,0,98008,47.6357,-122.119,1950,8500
27771,20150310T000000,477500.0,4,1.75,1860,9364,1.0,0,0,3,7,1080,780,1953,0,98125,47.731,-122.301,1800,9364
20692,20141222T000000,637500.0,4,3.0,2320,4468,2.0,0,0,3,8,2160,160,1999,0,98029,47.546,-122.009,2330,3541
21306,20150319T000000,390000.0,2,1.0,1140,8147,1.0,0,0,3,7,1140,0,1958,0,98125,47.7278,-122.289,1260,8148
29648,20141016T000000,193500.0,2,1.0,950,15996,1.0,0,0,4,7,950,0,1946,1995,98045,47.4987,-121.787,950,25510
27391,20140723T000000,551000.0,4,1.5,1470,5100,1.5,0,0,3,7,1470,0,1946,0,98117,47.6769,-122.381,1470,5100
29951,20141015T000000,473000.0,3,3.0,1380,1081,3.0,0,0,3,8,1380,0,2005,0,98107,47.6692,-122.39,1390,1140
27089,20140909T000000,205000.0,3,1.0,1010,8800,1.0,0,0,4,7,1010,0,1968,0,98002,47.2761,-122.208,1550,7700
24802,20141203T000000,652450.0,3,2.25,2230,11835,1.0,0,0,5,8,1630,600,1974,0,98006,47.563,-122.178,2190,10384
20245,20140609T000000,379000.0,4,1.5,2020,7560,1.0,0,0,4,7,2020,0,1960,0,98059,47.502,-122.146,1410,8080
21470,20141110T000000,1240000.0,3,2.5,2660,1973,3.0,0,3,3,9,1870,790,2007,0,98119,47.6264,-122.364,1640,1369
31567,20141202T000000,355000.0,3,1.75,2370,9750,1.0,0,0,4,7,1280,1090,1979,0,98045,47.4459,-121.773,1230,9775
29936,20150325T000000,292500.0,3,2.5,2095,3438,2.0,0,0,3,7,2095,0,2008,0,98002,47.3523,-122.213,1805,3402
20180,20150504T000000,352500.0,2,2.5,1570,2399,2.0,0,0,3,7,1180,390,2009,0,98106,47.5488,-122.364,1590,2306
13045,20150306T000000,325000.0,3,1.75,1840,17286,1.0,0,0,4,7,1440,400,1978,0,98030,47.371,-122.173,1840,14541
16413,20150108T000000,331500.0,4,1.75,1700,14756,1.0,0,0,3,7,850,850,1955,0,98006,47.5762,-122.143,1680,10250
28396,20150206T000000,605000.0,5,4.0,3040,6000,2.0,0,0,3,8,2280,760,2011,0,98065,47.5189,-121.876,3070,5558
22680,20140516T000000,605000.0,2,1.0,910,3600,1.0,0,0,4,7,910,0,1909,0,98119,47.6341,-122.361,1720,3600
24428,20140625T000000,374500.0,3,2.25,1400,11400,2.0,0,0,3,8,1400,0,1984,0,98028,47.7428,-122.231,2180,9248
23967,20140505T000000,309950.0,4,2.75,2310,5000,2.0,0,0,3,7,2310,0,2006,0,98038,47.3614,-122.035,1980,5000
20765,20150401T000000,550000.0,3,2.5,2080,2625,2.0,0,0,3,8,2080,0,2006,0,98029,47.5469,-121.997,1760,2772
29918,20140730T000000,360000.0,4,2.5,3200,7282,2.0,0,0,3,9,3200,0,2007,0,98188,47.4318,-122.286,3030,7290
29401,20140909T000000,495000.0,4,2.5,2020,7200,1.0,0,0,5,7,1010,1010,1968,0,98034,47.7289,-122.201,1620,7275
23829,20150427T000000,339000.0,3,1.0,1150,2496,1.0,0,0,3,6,1010,140,1947,0,98126,47.5194,-122.376,1340,1203
23853,20150317T000000,1080000.0,4,2.75,2640,5000,2.0,0,0,3,9,1840,800,1943,2004,98105,47.6619,-122.275,2010,5000
24549,20140717T000000,695000.0,3,1.75,2080,5687,1.5,0,0,4,8,2080,0,1924,0,98144,47.5776,-122.289,2300,5995
22355,20141028T000000,427500.0,4,2.5,3160,8726,2.0,0,0,3,9,3160,0,1999,0,98092,47.2582,-122.223,2500,8648
30717,20150430T000000,282000.0,3,2.25,1552,3600,2.0,0,0,3,7,1552,0,2012,0,98092,47.3198,-122.178,1677,3600
26413,20150325T000000,260000.0,4,2.5,2360,9647,1.0,0,2,3,8,1530,830,1964,0,98003,47.3367,-122.332,2580,9680
30584,20141103T000000,637000.0,4,2.75,2850,7510,2.0,0,0,3,8,2850,0,2008,0,98125,47.7097,-122.305,1510,8833
16850,20140626T000000,440000.0,4,1.5,1770,5750,2.0,0,0,3,7,1770,0,1947,0,98116,47.5621,-122.394,970,5750
21293,20150420T000000,309000.0,4,2.0,2240,9240,1.0,0,0,3,7,1120,1120,1968,0,98032,47.3666,-122.288,2040,8250
19655,20141009T000000,612500.0,4,2.0,1690,35346,1.0,0,0,3,7,1690,0,1967,0,98008,47.6149,-122.124,2050,37846
20226,20150504T000000,351000.0,1,0.75,930,6600,1.0,0,0,3,6,930,0,1924,0,98125,47.7127,-122.296,1590,6600
26481,20141024T000000,440500.0,3,2.5,1600,3172,2.0,0,0,3,7,1600,0,2002,0,98053,47.6868,-122.042,1690,3698
22791,20140812T000000,325000.0,4,2.5,1960,3543,2.0,0,0,3,7,1960,0,2004,0,98056,47.4849,-122.184,2420,3646
30319,20150303T000000,674000.0,5,1.75,2110,5000,1.5,0,0,4,7,1250,860,1946,0,98115,47.6745,-122.287,1720,5000
16985,20141201T000000,280000.0,2,1.5,1190,1265,3.0,0,0,3,7,1190,0,2005,0,98133,47.7274,-122.357,1390,1756
14474,20140629T000000,835000.0,3,2.25,2120,54014,2.0,0,0,4,9,2120,0,1964,0,98005,47.6482,-122.159,3280,50690
24328,20141014T000000,319990.0,3,2.25,1840,7326,1.0,0,0,5,7,1370,470,1979,0,98031,47.3958,-122.168,2050,7475
25524,20141223T000000,1130000.0,4,3.0,3180,4649,2.0,0,0,4,9,2070,1110,1925,0,98105,47.6583,-122.273,2720,5980
12665,20140917T000000,201000.0,3,1.0,960,15273,1.0,0,0,4,7,960,0,1963,0,98022,47.238,-122.039,1930,51400
29131,20150401T000000,546200.0,4,2.25,2090,8579,2.0,0,0,3,8,2090,0,1987,0,98074,47.6364,-122.03,1850,8843
28941,20140529T000000,83000.0,2,1.0,900,8580,1.0,0,0,3,5,900,0,1918,0,98168,47.4727,-122.27,2060,6533
14281,20150316T000000,276500.0,4,1.75,1400,6650,1.5,0,0,4,6,1400,0,1942,0,98168,47.4888,-122.332,1120,8645
27919,20140514T000000,802000.0,3,2.5,2580,13096,2.0,0,0,3,9,2580,0,1986,0,98052,47.6616,-122.144,2580,7988
26366,20150323T000000,219950.0,3,1.0,1060,10042,1.0,0,0,4,7,1060,0,1957,0,98188,47.4434,-122.283,1130,10925
18302,20150213T000000,355000.0,4,3.0,2580,9601,2.0,0,0,4,7,2130,450,1992,0,98070,47.3726,-122.433,1900,10092
24241,20141208T000000,550000.0,4,2.5,2850,6809,2.0,0,0,3,9,2850,0,2003,0,98019,47.7353,-121.973,2820,7500
14996,20141113T000000,840000.0,2,2.5,1680,975,3.0,0,0,3,9,1680,0,2009,0,98119,47.6321,-122.361,1680,977
12372,20140701T000000,260000.0,3,2.25,1920,9680,1.0,0,0,4,7,1300,620,1961,0,98031,47.412,-122.195,1500,9516
29616,20141106T000000,395000.0,3,2.0,1590,10229,1.0,0,0,3,7,1590,0,1966,0,98034,47.7239,-122.227,1320,10222
28280,20140729T000000,457000.0,3,2.5,2050,5694,2.0,0,2,3,8,2050,0,2004,0,98065,47.5331,-121.855,2680,7187
23494,20150116T000000,620000.0,3,1.75,2140,5808,1.0,0,1,3,7,1070,1070,1947,0,98119,47.6435,-122.373,1930,5808
27047,20141121T000000,299500.0,4,2.25,1600,15312,1.0,0,0,4,7,1080,520,1979,0,98045,47.4629,-121.743,1620,12375
22633,20141113T000000,545000.0,3,2.5,1990,5149,2.0,0,0,3,8,1990,0,2003,0,98075,47.5895,-122.019,2280,4506
30113,20150327T000000,830000.0,4,3.25,3330,7809,2.0,0,0,3,9,3330,0,2004,0,98075,47.5977,-121.976,3100,6465
11180,20140821T000000,326188.0,3,1.0,1300,8800,1.0,0,0,3,7,1300,0,1977,0,98053,47.64,-121.966,1600,12210
11698,20140721T000000,209995.0,2,1.0,700,7303,1.0,0,0,5,5,700,0,1953,0,98056,47.4934,-122.166,960,6060
12039,20141117T000000,403000.0,2,1.5,1240,1101,2.0,0,0,3,8,1080,160,2009,0,98144,47.5758,-122.309,1530,1209
27360,20140808T000000,994000.0,4,2.5,3470,20445,2.0,0,0,4,10,3470,0,1963,0,98040,47.547,-122.219,3360,21950
30852,20140826T000000,500000.0,4,2.5,2040,6685,2.0,0,0,3,8,2040,0,1998,0,98133,47.7413,-122.354,1890,8253
25346,20141017T000000,390000.0,3,1.0,1040,8075,1.0,0,0,4,7,1040,0,1961,0,98033,47.6701,-122.176,1450,8075
22229,20141117T000000,453000.0,2,1.5,1160,1269,2.0,0,0,3,7,970,190,2005,0,98103,47.6608,-122.335,1700,3150
23273,20140718T000000,470000.0,4,2.25,3380,9900,1.0,0,2,4,8,1690,1690,1969,0,98166,47.4438,-122.34,2390,9900
24021,20140707T000000,542500.0,3,2.5,2040,10086,2.0,0,0,3,8,2040,0,1987,0,98052,47.679,-122.113,1940,10272
13858,20150209T000000,315000.0,3,2.25,1530,7906,1.0,0,0,3,7,1150,380,1980,0,98058,47.4418,-122.136,1460,7875
13482,20140530T000000,425000.0,3,1.75,1510,44000,1.0,0,0,3,7,1240,270,1989,0,98045,47.4851,-121.716,2290,36242
16049,20150320T000000,680000.0,4,2.5,2440,6581,2.0,0,0,3,8,2440,0,2014,0,98133,47.7321,-122.334,1480,7432
24966,20140609T000000,229950.0,4,1.75,1300,21000,1.0,0,0,4,7,1300,0,1969,0,98001,47.3067,-122.285,2120,9920
28222,20140718T000000,552250.0,4,2.5,2580,5823,2.0,0,0,3,8,2580,0,2002,0,98065,47.5374,-121.875,2380,5823
29908,20140519T000000,446000.0,5,2.75,2190,12687,1.0,0,0,5,7,1370,820,1978,0,98028,47.7762,-122.257,2280,10784
14631,20140811T000000,1010000.0,4,3.5,3130,5000,3.0,0,0,3,10,3130,0,2014,0,98116,47.5656,-122.403,1950,5152
18584,20141015T000000,332000.0,4,2.5,2380,5737,2.0,0,0,3,7,2380,0,2010,0,98023,47.2815,-122.356,2380,5396
28949,20140820T000000,370000.0,5,3.0,2670,9920,1.0,0,0,3,8,1400,1270,1990,0,98001,47.3211,-122.277,1890,10341
20264,20141016T000000,340000.0,3,1.75,2140,13260,1.0,0,0,3,7,1240,900,1948,0,98146,47.5074,-122.353,1640,13260
24904,20140918T000000,720000.0,5,3.5,4140,7642,2.0,0,0,3,8,4140,0,2003,0,98075,47.591,-122.008,3330,6953
19556,20140905T000000,280000.0,2,1.0,910,4662,1.0,0,0,5,6,910,0,1942,0,98106,47.5232,-122.354,890,6050
11409,20141119T000000,215000.0,3,1.0,1690,7700,1.0,0,0,4,7,1690,0,1969,0,98003,47.3444,-122.304,1590,7700
27463,20140519T000000,565000.0,4,2.25,2110,10698,2.0,0,0,4,8,2110,0,1979,0,98027,47.5614,-122.082,2220,8252
21541,20150323T000000,450000.0,3,1.75,1390,11700,1.0,0,0,4,7,1390,0,1966,0,98033,47.7002,-122.192,1060,8686
18492,20140923T000000,625000.0,4,2.0,2190,3622,1.5,0,0,5,8,1990,200,1925,0,98115,47.6887,-122.312,1450,3082
30647,20140514T000000,372977.0,3,2.5,1690,1618,2.0,0,0,3,8,1150,540,2014,0,98029,47.5518,-121.998,1690,1618
30351,20140822T000000,375000.0,3,1.5,1240,7733,1.0,0,0,3,6,790,450,1941,0,98125,47.714,-122.283,1130,7733
18588,20140721T000000,1480000.0,3,2.25,4470,22518,2.0,0,2,3,9,3240,1230,1953,2004,98006,47.574,-122.18,2930,21837
24273,20140926T000000,169000.0,3,1.0,910,7686,1.0,0,0,3,7,910,0,1969,0,98001,47.3405,-122.288,1020,7686
20355,20141118T000000,549000.0,3,1.75,2000,6130,1.0,0,0,4,8,1120,880,1951,0,98117,47.6925,-122.388,2140,7150
25116,20140709T000000,749000.0,3,2.75,2820,5348,2.0,0,0,3,9,2820,0,2008,0,98052,47.7073,-122.118,3140,5640
15415,20141212T000000,340000.0,3,1.0,1450,9586,2.0,0,0,3,7,1450,0,1950,0,98155,47.7443,-122.326,1500,8592
17588,20141023T000000,520000.0,3,2.25,2030,16200,2.0,0,0,3,8,2030,0,1984,0,98027,47.5162,-122.057,2660,17958
20975,20141110T000000,264500.0,3,1.5,1580,14040,1.0,0,0,3,7,1050,530,1980,0,98001,47.2932,-122.267,2240,12000
22116,20140820T000000,240000.0,3,1.0,1340,7000,1.0,0,0,4,7,1340,0,1978,0,98042,47.3742,-122.149,1850,7904
30907,20141113T000000,720000.0,2,1.0,1580,2199,2.0,0,2,3,8,1580,0,1921,1995,98103,47.6541,-122.329,2170,4405
20233,20140611T000000,415000.0,4,2.5,2550,4500,2.0,0,0,3,7,2550,0,2009,0,98059,47.4916,-122.153,2340,4526
18748,20150224T000000,350000.0,3,2.75,1650,5700,2.0,0,0,4,7,1650,0,1988,0,98166,47.4563,-122.348,1320,7620
14020,20140710T000000,277950.0,4,2.5,1889,6000,2.0,0,0,3,7,1889,0,2012,0,98001,47.2676,-122.256,1990,6350
23305,20140723T000000,390000.0,4,2.5,1840,15496,2.0,0,0,3,8,1840,0,1991,0,98059,47.4683,-122.07,1840,15040
28753,20150218T000000,450000.0,2,1.0,1120,4590,1.0,0,0,3,7,1120,0,1924,0,98118,47.5663,-122.285,1120,5100
26014,20140701T000000,202000.0,1,1.0,590,833,1.0,0,0,4,7,590,0,1926,0,98122,47.6082,-122.299,780,1617
11637,20150102T000000,520000.0,3,1.0,940,3000,1.5,0,0,3,7,940,0,1903,0,98122,47.6033,-122.3,1210,3500
30883,20140807T000000,533000.0,4,1.0,1550,4750,1.5,0,0,3,7,1550,0,1919,0,98117,47.6824,-122.389,1320,4750
13647,20141020T000000,908800.0,3,3.0,3420,7826,2.0,0,0,4,8,2430,990,1939,0,98144,47.5873,-122.29,980,6300
16976,20150206T000000,750000.0,4,2.5,2540,6491,2.0,0,0,3,8,2540,0,1997,0,98008,47.6363,-122.117,1990,8447
11419,20140808T000000,274000.0,4,1.75,1940,7500,1.0,0,0,4,7,1720,220,1966,0,98030,47.3736,-122.215,2000,9000
25880,20140715T000000,316750.0,3,2.5,1256,1154,3.0,0,0,3,7,1256,0,2005,0,98125,47.7146,-122.311,1309,1232
27204,20140919T000000,665000.0,3,1.0,1260,24550,1.5,0,2,4,7,1260,0,1937,0,98136,47.5442,-122.396,2500,12320
20202,20140918T000000,269000.0,1,1.0,1020,7920,1.0,0,0,3,7,1020,0,1947,1983,98106,47.5385,-122.355,1000,7168
26364,20150312T000000,380000.0,5,3.25,3800,15500,1.0,0,0,3,7,2490,1310,1965,0,98032,47.3862,-122.28,2000,13980
13731,20140626T000000,280927.0,4,2.25,2070,7350,2.0,0,0,4,8,2070,0,1977,0,98032,47.3615,-122.274,2080,7210
26229,20150320T000000,480000.0,4,2.5,2080,7966,1.0,0,0,3,7,1200,880,1970,0,98011,47.7393,-122.181,1920,7500
27179,20150429T000000,234000.0,3,1.0,960,9624,1.0,0,0,3,7,960,0,1953,0,98155,47.7758,-122.301,1540,9624
22579,20150219T000000,330000.0,3,1.5,1690,10250,1.0,0,0,4,7,1690,0,1955,0,98166,47.4531,-122.344,1990,11084
21703,20140929T000000,207000.0,3,1.0,920,5546,1.0,0,0,2,6,920,0,1928,0,98125,47.7114,-122.284,1300,5546
32369,20150203T000000,690000.0,2,2.5,1990,1756,3.0,0,0,3,9,1780,210,2005,0,98102,47.6264,-122.323,1955,1438
24263,20150413T000000,338000.0,2,1.0,690,6400,1.0,0,0,3,6,690,0,1943,0,98126,47.5287,-122.367,1000,6400
12935,20140515T000000,1260000.0,4,2.5,3200,7535,2.0,0,0,3,9,3200,0,2006,0,98105,47.666,-122.276,1650,6850
30610,20140910T000000,585000.0,4,2.5,2370,15200,1.0,0,0,3,8,1660,710,1975,0,98052,47.6295,-122.089,2360,13879
24694,20140528T000000,432500.0,3,1.75,1980,5100,1.0,0,0,3,7,1270,710,1965,0,98103,47.6911,-122.347,1400,5100
13152,20150311T000000,399900.0,3,1.75,1260,12750,1.0,0,0,3,7,1260,0,1979,0,98034,47.7289,-122.233,1460,7865
21206,20150320T000000,249950.0,4,1.75,1620,10530,1.0,0,0,3,7,1620,0,1968,0,98030,47.3808,-122.211,1890,9975
19309,20150503T000000,279000.0,3,1.0,1010,7903,1.0,0,0,3,6,1010,0,1948,0,98155,47.766,-122.32,1010,7903
13512,20140521T000000,525000.0,3,1.0,1450,4000,1.0,0,1,4,8,950,500,1948,0,98118,47.5554,-122.266,1880,4000
29295,20141202T000000,343000.0,2,1.0,1180,9261,1.0,0,0,4,7,940,240,1957,0,98118,47.5492,-122.274,1700,6325
25762,20150211T000000,476000.0,3,2.25,1570,7187,1.0,0,0,4,8,1170,400,1980,0,98133,47.7604,-122.356,1660,8775
24947,20141125T000000,500000.0,4,2.0,2280,7200,1.0,0,0,4,7,2280,0,1956,0,98133,47.7132,-122.355,1100,7620
22094,20140606T000000,407193.0,4,2.0,1880,14653,2.0,0,0,3,8,1880,0,1978,0,98014,47.6959,-121.921,1750,14858
23643,20140807T000000,319000.0,4,2.5,1930,8336,2.0,0,0,3,8,1930,0,1995,0,98031,47.4016,-122.166,2280,7959
19226,20140522T000000,361000.0,3,1.0,1100,4046,1.5,0,4,4,6,1100,0,1922,0,98198,47.344,-122.331,2550,7847
22918,20140826T000000,787888.0,4,2.25,2580,21115,2.0,0,0,4,9,2580,0,1977,0,98040,47.5566,-122.219,2690,10165
25440,20141209T000000,725786.0,4,2.5,3070,5762,2.0,0,0,3,10,3070,0,2000,0,98075,47.5847,-122.08,3630,6500
12173,20140724T000000,672800.0,4,2.5,2740,10533,2.0,0,0,3,9,2740,0,1997,0,98074,47.6095,-122.006,2760,8603
14314,20150202T000000,338500.0,2,1.0,720,6050,1.0,0,0,2,5,720,0,1951,0,98125,47.7259,-122.29,1480,7280
21134,20141010T000000,605000.0,4,1.5,1880,3500,1.0,0,0,4,7,1080,800,1926,0,98103,47.6835,-122.347,1690,3500
27352,20140521T000000,442000.0,4,2.25,2080,12007,1.0,0,0,4,8,1220,860,1979,0,98074,47.6259,-122.051,2110,12459
27669,20150222T000000,467500.0,2,1.75,1490,4800,1.0,0,0,4,7,750,740,1918,0,98136,47.5496,-122.391,1400,6000
29382,20140602T000000,430000.0,2,1.0,990,4802,1.0,0,0,3,7,990,0,1947,0,98117,47.6876,-122.395,1180,5000
19212,20140617T000000,382500.0,4,2.5,2210,7079,2.0,0,0,3,8,2210,0,1993,0,98031,47.4206,-122.183,1970,7000
19819,20140707T000000,481000.0,4,2.5,2286,8269,2.0,0,0,3,8,2286,0,2002,0,98056,47.5174,-122.194,2110,4711
27327,20140530T000000,642000.0,3,2.5,2670,10082,1.0,0,0,3,10,2670,0,1987,0,98074,47.6359,-122.045,2740,10854
14382,20140624T000000,355000.0,2,2.25,930,747,2.0,0,0,3,8,630,300,2007,0,98144,47.5844,-122.316,940,6000
21468,20150326T000000,1230000.0,3,2.5,2660,1967,3.0,0,3,3,9,1870,790,2007,0,98119,47.6264,-122.363,1640,1369
30747,20140605T000000,229000.0,2,1.0,1190,7408,1.0,0,0,3,6,830,360,1941,0,98168,47.5094,-122.31,1140,7408
13453,20140507T000000,250000.0,1,1.0,1100,4373,1.0,0,0,2,6,820,280,1947,0,98166,47.4653,-122.338,1100,7500
12753,20150206T000000,530000.0,3,1.0,1500,5750,1.5,0,0,4,7,1050,450,1927,0,98126,47.5677,-122.376,1500,5060
14123,20141216T000000,995000.0,5,4.0,5610,22529,2.0,0,0,3,11,4090,1520,1996,0,98072,47.7239,-122.092,3860,24751
22297,20150219T000000,415000.0,6,2.0,2500,5200,1.0,0,0,3,8,1250,1250,1966,0,98118,47.5517,-122.268,1800,5200
29516,20140515T000000,689900.0,4,3.25,2740,7266,2.0,0,0,3,9,2060,680,2003,0,98027,47.5346,-122.066,3030,6546
29813,20150121T000000,219000.0,3,1.5,1740,5200,1.0,0,0,4,7,1060,680,1977,0,98042,47.3657,-122.094,1540,5200
13869,20140801T000000,178000.0,3,1.0,1100,5734,1.0,0,0,4,7,1100,0,1955,0,98030,47.3632,-122.174,1770,6050
14056,20141217T000000,440000.0,4,2.5,2798,5085,2.0,0,0,3,9,2798,0,2011,0,98092,47.3308,-122.187,2502,5707
10824,20150428T000000,872750.0,3,2.5,2870,13695,2.0,0,0,3,10,2870,0,1991,0,98052,47.6944,-122.102,2840,8472
16325,20141111T000000,250000.0,3,2.5,1790,6191,2.0,0,0,3,8,1790,0,1992,0,98031,47.4102,-122.195,1790,6758
15448,20140903T000000,360000.0,4,2.5,2340,13445,2.0,0,0,3,8,2340,0,1990,0,98042,47.374,-122.125,2340,11188
22073,20140725T000000,715000.0,4,2.5,2370,10000,1.0,0,0,5,8,1660,710,1974,0,98052,47.6383,-122.099,2480,9875
14401,20150428T000000,567000.0,3,2.25,1800,6875,1.0,0,0,4,8,1230,570,1974,0,98052,47.6773,-122.11,1800,8749
28663,20141016T000000,561750.0,5,1.75,2040,8996,1.0,0,2,4,7,1020,1020,1962,0,98008,47.588,-122.118,1950,8270
28524,20140715T000000,400000.0,5,1.75,2300,6720,2.0,0,0,3,7,2300,0,1905,0,98108,47.528,-122.32,1200,6000
31888,20150429T000000,555000.0,3,1.75,1270,9170,1.0,0,0,3,7,1270,0,1969,0,98052,47.6706,-122.151,1700,8500
18487,20150206T000000,680200.0,2,1.5,1960,6000,1.0,0,0,3,8,1210,750,1951,0,98103,47.6849,-122.333,2060,6000
28478,20140816T000000,320000.0,3,1.0,1330,5850,1.0,0,0,3,7,930,400,1954,0,98108,47.5498,-122.298,1440,5850
12944,20150209T000000,762500.0,4,2.25,3130,41382,2.0,0,0,3,9,3130,0,1986,0,98053,47.6683,-122.034,3130,54886
21641,20150320T000000,602000.0,4,2.5,2000,7376,2.0,0,0,3,8,2000,0,1990,0,98029,47.5719,-121.999,1950,5218
13668,20140813T000000,595000.0,4,1.75,2000,5100,1.0,0,0,4,7,1130,870,1949,0,98117,47.6798,-122.391,1540,5100
21612,20140904T000000,555000.0,3,2.5,2160,7584,2.0,0,0,3,8,2160,0,1988,0,98029,47.5751,-122.014,2160,7372
14303,20150223T000000,328500.0,3,2.25,1390,1407,3.0,0,0,3,7,1390,0,2004,0,98125,47.7227,-122.296,1390,1628
16934,20150507T000000,670000.0,4,2.25,2040,7031,2.0,0,0,3,8,2040,0,2012,0,98033,47.7016,-122.17,1670,7031
10969,20140826T000000,399950.0,3,1.0,1470,7930,1.0,0,0,3,7,1070,400,1950,0,98177,47.7013,-122.368,1440,8100
12531,20141001T000000,1160000.0,3,1.75,1640,10464,1.0,0,2,4,8,1640,0,1968,0,98004,47.5873,-122.205,2630,18872
21598,20140710T000000,545000.0,3,2.5,2060,7184,2.0,0,0,3,8,2060,0,1987,0,98029,47.567,-122.012,2230,7788
23028,20150305T000000,315000.0,4,2.25,2550,9736,1.0,0,0,4,8,2550,0,1967,0,98002,47.3193,-122.212,1770,9686
30189,20140715T000000,545000.0,3,2.5,2660,20369,2.0,0,0,3,8,2660,0,1992,0,98027,47.5234,-122.055,2720,12927
22712,20140812T000000,600000.0,3,1.0,1440,4300,1.5,0,0,3,8,1440,0,1929,0,98117,47.6847,-122.372,1640,4500
22325,20140507T000000,375000.0,3,2.5,1830,13042,2.0,0,0,3,8,1830,0,1990,0,98038,47.3738,-122.042,1940,6996
16435,20141208T000000,390000.0,3,1.5,1000,13991,1.0,0,0,4,7,1000,0,1956,0,98006,47.5643,-122.138,1520,11465
17196,20140715T000000,291000.0,3,1.0,1280,10500,1.5,0,0,4,5,1280,0,1941,0,98024,47.566,-121.894,1410,10500
19603,20150415T000000,499000.0,4,2.5,3100,5700,2.0,0,0,3,9,3100,0,2011,0,98038,47.3696,-122.058,3060,6000
17837,20150429T000000,418000.0,2,1.5,1480,1349,2.0,0,0,3,7,1240,240,2007,0,98136,47.5439,-122.386,1550,1349
17392,20150212T000000,601500.0,3,1.75,1460,10128,1.0,0,0,3,8,1460,0,1968,2000,98033,47.6709,-122.167,2240,10154
16278,20150508T000000,455000.0,4,2.5,1770,13168,2.0,0,0,3,7,1770,0,1990,0,98019,47.7306,-121.966,2050,14859
27730,20140911T000000,438400.0,2,1.0,1340,8100,1.0,0,0,4,7,1340,0,1953,0,98177,47.7218,-122.37,1700,8100
11669,20140826T000000,265000.0,3,1.75,1420,8250,1.0,0,0,3,7,1420,0,1954,0,98133,47.7535,-122.354,1740,8000
14803,20140913T000000,570000.0,3,2.0,1270,3090,2.0,0,0,5,7,1270,0,1911,0,98117,47.685,-122.359,1440,3090
29629,20150429T000000,805000.0,4,2.5,3450,33460,2.0,0,0,3,9,3450,0,1997,0,98077,47.7673,-122.1,2820,35250
25871,20140725T000000,280000.0,4,2.25,1834,7460,2.0,0,0,3,8,1834,0,2012,0,98042,47.3568,-122.163,1979,9008
17734,20150429T000000,750000.0,5,3.5,2990,212137,2.0,0,0,3,8,2450,540,1994,0,98024,47.5298,-121.887,1060,69260
12192,20150210T000000,610000.0,3,1.75,1110,10402,1.0,0,0,4,7,1110,0,1967,0,98006,47.5676,-122.177,2050,9660
16606,20140804T000000,500000.0,3,1.75,1570,8530,1.0,0,0,4,7,1190,380,1983,0,98033,47.6881,-122.184,1530,8708
25909,20150204T000000,510000.0,3,2.75,1950,12630,1.0,0,0,4,8,1230,720,1969,0,98052,47.6301,-122.107,1990,12196
18154,20150504T000000,850000.0,3,1.0,2280,4600,1.0,0,2,3,8,1250,1030,1936,0,98119,47.6378,-122.372,1910,4000
23264,20140711T000000,205000.0,3,1.5,1820,8585,1.0,0,0,4,7,1820,0,1962,0,98055,47.4479,-122.213,1740,10088
15158,20140709T000000,400000.0,3,2.0,1760,6875,1.0,0,0,4,8,1760,0,1967,0,98072,47.74,-122.093,1670,13650
31523,20140731T000000,360000.0,2,2.5,1233,1244,2.0,0,0,3,7,963,270,2007,0,98136,47.5533,-122.381,1230,1300
15610,20150127T000000,122000.0,2,1.0,860,6000,1.0,0,0,3,6,860,0,1945,0,98022,47.2109,-121.985,1300,6000
30731,20141121T000000,695000.0,3,3.5,2630,4713,2.0,0,2,3,9,2030,600,2008,0,98027,47.5473,-122.016,2450,4187
30833,20150211T000000,160000.0,4,2.25,1800,14722,1.0,0,0,3,7,1440,360,1962,0,98055,47.4874,-122.223,2400,10000
23974,20150330T000000,781000.0,3,1.75,1940,8729,1.0,0,0,3,8,1460,480,1960,0,98125,47.7027,-122.282,2250,9165
16443,20150410T000000,499990.0,3,1.75,1630,8400,1.0,0,0,4,7,1060,570,1955,0,98007,47.5983,-122.149,1630,7245
15419,20150324T000000,807100.0,4,2.5,2680,4499,2.0,0,0,3,9,2680,0,1999,0,98006,47.565,-122.125,2920,4500
11472,20140924T000000,824000.0,4,3.5,3650,57538,2.0,0,0,3,10,3650,0,1996,0,98077,47.7711,-122.041,3730,56257
27016,20141216T000000,560000.0,4,2.5,1790,9787,1.0,0,2,4,8,1240,550,1983,0,98056,47.5344,-122.189,1790,9787
12915,20140717T000000,1000000.0,4,2.75,3090,16538,3.0,0,0,4,8,2590,500,1919,1987,98116,47.5803,-122.403,1500,5130
11062,20140619T000000,380000.0,4,2.25,2150,20181,1.0,0,0,3,7,1090,1060,1963,0,98028,47.7627,-122.245,2150,10480
14007,20140825T000000,374000.0,3,1.5,1330,10640,1.0,0,0,3,7,1330,0,1976,0,98011,47.7364,-122.193,1460,8520
19613,20140728T000000,399900.0,4,2.5,2710,8127,2.0,0,0,3,8,2710,0,1994,0,98038,47.379,-122.032,2520,8436
16672,20140925T000000,240000.0,0,2.5,1810,5669,2.0,0,0,3,7,1810,0,2003,0,98038,47.3493,-122.053,1810,5685
19197,20140605T000000,463000.0,3,2.5,1640,29970,2.0,0,0,3,7,1640,0,1992,0,98053,47.6359,-121.974,1580,28399
18960,20141211T000000,685000.0,4,2.5,2770,10051,2.0,0,0,3,10,2770,0,1987,0,98074,47.6288,-122.043,2730,10675
18357,20141028T000000,353500.0,2,1.0,800,8775,1.0,0,0,3,6,800,0,1942,0,98125,47.7171,-122.307,1470,8976
21344,20140709T000000,759000.0,4,1.75,2100,4750,1.0,0,0,3,7,1340,760,1975,0,98103,47.6695,-122.333,1700,4125
14124,20150309T000000,991500.0,4,3.0,3820,26895,2.0,0,2,3,11,3820,0,1995,0,98072,47.7253,-122.092,3820,24751
11539,20140630T000000,896000.0,5,2.75,2520,16100,1.0,0,3,4,8,1570,950,1960,0,98040,47.528,-122.224,2760,16988
24445,20141121T000000,380000.0,4,3.25,2864,8035,3.0,0,0,3,8,2864,0,2014,0,98030,47.3746,-122.189,2419,8984
24798,20140520T000000,615000.0,4,2.75,2820,13193,1.0,0,0,3,8,1860,960,1965,0,98006,47.5579,-122.174,2580,13193
28806,20140926T000000,349500.0,4,2.5,2030,4596,2.0,0,0,3,8,2030,0,2014,0,98001,47.3515,-122.275,2040,4705
26151,20150203T000000,205000.0,3,1.75,1200,8631,1.0,0,0,3,7,1200,0,1959,0,98198,47.3864,-122.308,1564,8115
21327,20141125T000000,400950.0,4,2.5,2578,4554,2.0,0,0,3,9,2578,0,2014,0,98092,47.2603,-122.194,2647,4554
12281,20140909T000000,665000.0,4,3.5,2650,3474,2.0,0,0,3,8,2230,420,2011,0,98027,47.5377,-122.046,2330,3474
17344,20141017T000000,1550000.0,2,2.25,2950,15593,1.0,0,0,4,8,1560,1390,1942,1986,98039,47.6209,-122.236,2060,19855
29728,20141203T000000,260000.0,4,1.0,1740,8100,1.0,0,0,4,7,1020,720,1962,0,98058,47.467,-122.185,1600,8949
16597,20140822T000000,495000.0,2,2.0,1540,7110,1.0,0,0,3,7,960,580,1949,0,98117,47.6932,-122.395,1860,7065
27333,20140623T000000,675000.0,4,2.5,2810,11120,2.0,0,0,3,9,2810,0,1982,0,98074,47.6337,-122.044,3100,12672
19817,20141020T000000,500000.0,4,1.0,1160,20100,1.0,0,0,4,6,820,340,1913,0,98056,47.5175,-122.201,1670,10200
15973,20150316T000000,445000.0,2,1.0,930,7740,1.0,0,0,1,5,930,0,1932,0,98148,47.4611,-122.324,1620,8584
23498,20140507T000000,750000.0,3,2.75,2520,5401,1.0,0,0,4,7,1360,1160,1946,0,98119,47.6452,-122.373,1800,5036
29365,20140716T000000,699000.0,3,1.75,1670,5375,1.0,0,0,3,7,1270,400,1952,0,98199,47.6416,-122.397,1460,6125
15479,20140811T000000,314000.0,4,2.5,1870,8449,2.0,0,0,3,8,1870,0,1992,0,98188,47.4435,-122.274,2160,8113
23874,20141112T000000,495000.0,4,2.5,3390,7870,2.0,0,0,3,8,3390,0,2014,0,98188,47.4536,-122.274,1960,10069
20170,20140708T000000,368000.0,4,1.75,2100,11942,1.0,0,0,3,7,1030,1070,1964,0,98106,47.55,-122.356,1170,6986
17607,20140827T000000,690000.0,3,2.25,2430,8327,1.0,0,0,4,9,1430,1000,1978,0,98006,47.5534,-122.16,2550,10427
22954,20141003T000000,354000.0,2,1.0,1390,7740,1.0,0,0,4,6,1390,0,1925,0,98126,47.5232,-122.371,1290,7740
14591,20141121T000000,289200.0,3,2.25,1760,7023,2.0,0,0,3,7,1760,0,1995,0,98019,47.7468,-121.98,1760,7082
16835,20141202T000000,800000.0,4,2.5,4600,67369,2.0,0,0,3,10,4600,0,1990,0,98053,47.6417,-121.992,4600,67369
16838,20150303T000000,1350000.0,4,3.5,4680,12495,2.0,0,0,3,10,3040,1640,2008,0,98033,47.6984,-122.206,3240,10749
21135,20140709T000000,660000.0,3,1.0,1240,3500,1.0,0,0,4,7,1240,0,1927,0,98103,47.6835,-122.347,1650,3360
16631,20140509T000000,839900.0,4,3.5,3810,13592,1.0,0,1,3,9,2560,1250,2013,0,98056,47.5134,-122.2,3230,9311
22235,20141024T000000,525000.0,3,1.0,1550,6840,1.5,0,0,3,7,1550,0,1918,0,98103,47.6572,-122.335,2370,4560
31360,20150304T000000,225000.0,3,1.0,1490,15850,1.0,0,0,3,7,1490,0,1946,0,98133,47.7411,-122.347,1950,13228
11554,20141219T000000,319000.0,3,2.0,1640,9234,1.0,0,0,5,7,1060,580,1967,0,98118,47.5162,-122.274,2230,10354
14838,20150212T000000,339000.0,4,1.5,2390,7480,1.5,0,2,3,7,2390,0,1920,0,98178,47.504,-122.227,2850,6867
13627,20140624T000000,455000.0,2,1.5,1200,1259,2.0,0,0,3,8,1000,200,2015,0,98144,47.6001,-122.298,1320,1852
12152,20140619T000000,712000.0,3,2.75,3200,6699,2.0,0,0,3,9,3200,0,2004,0,98075,47.5884,-121.991,3020,6699
25885,20140903T000000,321000.0,4,2.25,1800,4500,2.0,0,0,4,8,1800,0,2004,0,98031,47.394,-122.183,2010,5050
22406,20150330T000000,1440000.0,4,3.5,4970,16582,2.0,0,3,4,11,3930,1040,1992,0,98006,47.5496,-122.12,3580,13335
20495,20140718T000000,465000.0,4,2.25,2340,13383,1.0,0,0,3,8,1170,1170,1983,0,98074,47.6211,-122.037,1810,12532
13655,20141030T000000,759000.0,3,2.0,2260,7200,1.0,0,3,3,7,1130,1130,1941,0,98144,47.5886,-122.288,2260,6000
20902,20140828T000000,439995.0,3,1.75,1570,8400,1.0,0,0,4,7,1570,0,1959,0,98133,47.76,-122.34,1860,8639
11215,20150407T000000,1050000.0,3,3.0,3250,5093,2.0,0,3,3,10,3250,0,2004,0,98146,47.5123,-122.39,2820,7752
18543,20140821T000000,338800.0,4,2.25,1800,2752,2.0,0,0,3,8,1800,0,2014,0,98106,47.5165,-122.346,1800,2752
30490,20150310T000000,472000.0,2,2.25,1800,2748,2.0,0,0,4,9,1800,0,1979,0,98008,47.6104,-122.113,1800,2755
21290,20141021T000000,229900.0,3,1.75,1100,7224,1.0,0,0,3,7,1100,0,1981,0,98032,47.3717,-122.277,1700,8447
30472,20141210T000000,329500.0,4,2.5,1820,7912,2.0,0,0,3,7,1820,0,1994,0,98038,47.3845,-122.029,1820,8168
13738,20140804T000000,1000000.0,5,2.5,4670,15857,2.0,0,0,3,11,4670,0,1998,0,98074,47.63,-122.011,3810,14824
27034,20140930T000000,235000.0,3,1.75,1200,9266,1.0,0,0,4,7,1200,0,1960,0,98002,47.314,-122.208,1200,9266
13703,20150318T000000,654500.0,4,1.0,1780,5000,1.5,0,0,3,8,1780,0,1947,0,98115,47.6761,-122.297,2030,5000
30672,20141027T000000,334500.0,3,2.5,1990,3694,2.0,0,0,3,8,1990,0,1989,0,98042,47.3872,-122.154,2110,3842
19394,20140507T000000,420000.0,3,2.25,1770,8165,2.0,0,0,3,7,1770,0,1977,0,98034,47.7166,-122.236,1650,8165
20959,20150128T000000,276000.0,3,1.75,2240,9200,1.0,0,0,4,7,1440,800,1968,0,98001,47.2635,-122.284,1740,9600
16155,20140929T000000,411500.0,5,3.0,2420,7740,1.0,0,0,5,7,1360,1060,1929,1969,98106,47.536,-122.358,1840,6780
30775,20140701T000000,820000.0,3,2.25,2880,9750,2.0,0,0,3,10,2880,0,1989,0,98006,47.5575,-122.119,2920,11090
10983,20140903T000000,345000.0,3,2.5,1620,5992,2.0,0,0,3,7,1620,0,2001,0,98019,47.736,-121.965,1620,4644
31739,20150416T000000,231500.0,2,1.0,1000,7615,1.0,0,0,4,6,1000,0,1943,0,98056,47.49,-122.191,1060,8000
31946,20141117T000000,239000.0,2,1.5,680,772,2.0,0,0,3,7,680,0,2005,0,98103,47.695,-122.343,690,1059
22241,20140917T000000,599950.0,2,1.0,1150,3775,1.0,0,0,3,7,1150,0,1917,0,98103,47.6539,-122.329,2240,3753
12197,20150413T000000,650000.0,3,1.0,1520,10227,1.0,0,0,4,6,1520,0,1951,0,98004,47.5872,-122.196,2710,10912
19741,20140610T000000,516200.0,3,2.0,2110,5150,1.0,0,0,5,6,1080,1030,1919,0,98118,47.5521,-122.271,1170,5107
17863,20150409T000000,430000.0,3,2.5,2075,39553,1.0,0,0,3,7,2075,0,2012,0,98038,47.3601,-122.032,1960,9047
20041,20140805T000000,250000.0,3,1.0,990,8100,1.0,0,0,3,6,990,0,1949,0,98146,47.4839,-122.341,1210,8100
26388,20140605T000000,275000.0,3,3.0,1390,1080,2.0,0,0,3,7,1140,250,2006,0,98118,47.5323,-122.281,1450,1081
29500,20140623T000000,550000.0,3,1.75,1840,8086,1.0,0,0,4,8,1840,0,1964,0,98052,47.67,-122.155,1840,8060
29762,20141022T000000,241000.0,2,1.75,1070,9750,1.5,0,0,3,7,1070,0,1995,0,98014,47.7131,-121.319,970,9750
17812,20140620T000000,325000.0,2,1.0,840,4239,1.0,0,0,3,7,840,0,1948,0,98126,47.5319,-122.382,1120,4494
28857,20141212T000000,220000.0,5,2.5,1760,10200,1.5,0,0,3,6,1760,0,1925,0,98106,47.5271,-122.351,1370,7620
17044,20141124T000000,360000.0,4,2.5,1950,5451,2.0,0,0,3,7,1950,0,2004,0,98058,47.4341,-122.144,2240,6221
12423,20140616T000000,92000.0,2,1.0,760,5500,1.5,0,0,3,5,760,0,1947,0,98168,47.5045,-122.329,1040,5515
31133,20150327T000000,415000.0,2,1.0,880,5100,1.0,0,0,4,7,880,0,1941,0,98103,47.694,-122.346,980,5100
30516,20140718T000000,330000.0,3,2.5,1870,4657,2.0,0,0,3,8,1870,0,2000,0,98055,47.4615,-122.214,2290,4795
13204,20140827T000000,1090000.0,4,3.0,3410,6541,2.0,0,2,3,9,2680,730,2007,0,98126,47.5416,-122.38,2300,6345
29384,20140702T000000,496000.0,2,1.0,900,9260,1.0,0,0,3,7,900,0,1946,0,98107,47.6695,-122.36,1230,6913
20757,20140616T000000,534500.0,3,2.5,1700,3150,2.0,0,0,3,8,1700,0,2005,0,98029,47.5505,-121.998,1700,3600
17911,20150422T000000,454000.0,5,2.25,2550,9200,1.0,0,0,4,8,1580,970,1975,0,98166,47.4673,-122.363,2090,9200
20938,20140606T000000,435000.0,2,1.0,1260,4080,1.5,0,0,5,7,1260,0,1926,0,98115,47.687,-122.32,1720,4080
31117,20140508T000000,347500.0,4,2.5,2460,7350,2.0,0,0,3,9,2460,0,1989,0,98023,47.3061,-122.349,2390,8568
28727,20150217T000000,319000.0,3,2.25,1220,2980,2.0,0,0,3,7,1220,0,1986,0,98034,47.7151,-122.203,1220,2140
26058,20141004T000000,199950.0,3,1.75,1550,6225,1.0,0,0,4,7,1550,0,1949,0,98002,47.3098,-122.218,1760,9496
13464,20141029T000000,265000.0,0,0.75,384,213444,1.0,0,0,3,4,384,0,2003,0,98070,47.4177,-122.491,1920,224341
30371,20140811T000000,925000.0,5,3.0,2710,4200,2.0,0,0,3,7,1890,820,1919,2014,98115,47.6754,-122.307,2150,4200
24835,20140829T000000,260000.0,3,1.75,1670,8511,1.0,0,0,3,7,1340,330,1985,0,98001,47.3257,-122.276,1580,7218
29942,20140604T000000,285000.0,3,2.5,2437,5136,2.0,0,0,3,7,2437,0,2011,0,98002,47.3517,-122.21,2437,4614
31586,20140620T000000,378000.0,4,2.5,1890,12236,1.0,0,0,3,7,1230,660,1978,0,98045,47.4491,-121.78,1390,11360
13781,20150409T000000,449000.0,5,2.5,2570,61855,1.0,0,0,4,7,1470,1100,1981,0,98092,47.3013,-122.109,1990,49658
20762,20140926T000000,360000.0,2,1.75,1230,1107,2.0,0,0,3,8,1230,0,2006,0,98029,47.5475,-121.999,1380,1107
15115,20141103T000000,399950.0,3,2.5,1400,4400,1.0,0,0,3,7,1400,0,1930,2014,98106,47.553,-122.365,1060,4400
15545,20150505T000000,600000.0,3,1.75,2040,5000,1.5,0,0,3,7,1780,260,1924,0,98115,47.6756,-122.299,1690,5000
29303,20150220T000000,565000.0,4,2.0,2070,7980,1.5,0,0,4,7,2070,0,1940,0,98146,47.5092,-122.386,1600,7980
12825,20140910T000000,209977.0,3,1.0,1170,6134,1.0,0,0,4,7,1170,0,1948,0,98168,47.4941,-122.312,1440,9823
29894,20141118T000000,225000.0,3,1.5,1390,12500,1.0,0,0,4,6,1390,0,1976,0,98014,47.6496,-121.908,1390,9000
22782,20150409T000000,324500.0,3,2.5,1590,4108,2.0,0,0,3,7,1590,0,2003,0,98056,47.4832,-122.181,2160,3912
11725,20140811T000000,450000.0,9,7.5,4050,6504,2.0,0,0,3,7,4050,0,1996,0,98144,47.5923,-122.301,1448,3866
25073,20140620T000000,2400000.0,6,4.5,5480,10800,2.0,0,3,4,9,4430,1050,1999,0,98119,47.6307,-122.367,2970,7200
29713,20140626T000000,235000.0,5,2.5,2500,9583,1.0,0,0,3,7,1300,1200,1979,0,98198,47.3946,-122.312,2120,19352
11948,20140523T000000,1200000.0,4,3.5,4740,172497,2.0,0,0,3,11,4740,0,2003,0,98053,47.6779,-122.075,2120,49658
23854,20141016T000000,235000.0,3,1.0,1270,7153,1.0,0,0,5,6,1270,0,1949,0,98055,47.4815,-122.226,1650,7153
16394,20140730T000000,475000.0,3,1.75,1260,10065,1.0,0,0,3,7,1260,0,1954,2014,98006,47.5727,-122.138,1320,10278
20455,20141202T000000,446950.0,5,2.5,2250,7945,1.0,0,0,4,7,1360,890,1977,0,98034,47.7316,-122.221,1820,7866
19947,20150325T000000,1170000.0,4,3.75,3920,4500,3.0,0,0,3,8,3920,0,2013,0,98103,47.6805,-122.346,2040,3000
25260,20140918T000000,497000.0,3,2.25,1460,1353,2.0,0,0,3,8,1050,410,2012,0,98116,47.5774,-122.412,1690,3776
21691,20141010T000000,280000.0,5,2.0,2110,7919,1.0,0,0,3,7,1110,1000,1966,0,98118,47.5164,-122.267,1590,5250
13182,20150312T000000,1810000.0,3,3.5,3780,8295,2.0,0,0,3,9,2430,1350,1951,0,98112,47.6394,-122.29,3780,9127
14065,20141110T000000,520000.0,3,2.5,2280,58712,2.5,0,3,3,9,2280,0,1987,0,98010,47.3053,-122.0,2240,24332
22163,20140911T000000,472000.0,3,1.75,2180,7200,1.0,0,3,4,8,1090,1090,1954,0,98178,47.5044,-122.235,2180,7140
24104,20140520T000000,479000.0,3,2.5,1260,889,3.0,0,0,3,8,1260,0,2008,0,98109,47.6277,-122.345,1340,1324
15422,20150313T000000,465000.0,3,1.75,1730,8073,1.0,0,0,3,8,1350,380,1971,0,98177,47.7694,-122.367,2500,8073
23393,20141028T000000,450000.0,2,1.0,1340,7250,1.0,0,0,4,7,1340,0,1951,0,98125,47.7015,-122.32,1450,7026
25952,20150414T000000,950000.0,4,3.0,2420,4800,1.5,0,0,3,7,1520,900,1919,0,98119,47.6453,-122.358,1090,3800
20655,20140530T000000,1260000.0,4,2.5,3150,13700,2.0,0,0,4,9,3150,0,1966,0,98040,47.5309,-122.224,3200,11900
19169,20140514T000000,486000.0,4,2.5,2150,39449,1.0,0,0,3,7,1420,730,1978,0,98024,47.5531,-121.892,2010,35717
16450,20141015T000000,413107.0,3,1.5,1420,7520,1.0,0,0,4,7,1420,0,1956,0,98007,47.601,-122.134,2000,7520
18529,20141202T000000,249000.0,3,1.0,1752,14626,2.0,0,2,3,8,1752,0,2005,0,98032,47.3755,-122.278,1800,9000
18046,20140926T000000,577000.0,5,2.75,1940,5000,2.0,0,0,5,7,1940,0,1951,0,98107,47.6704,-122.362,1940,4230
19233,20141201T000000,799000.0,4,3.5,3290,20107,2.0,0,4,3,10,2220,1070,1990,0,98198,47.355,-122.319,2990,16988
17423,20141030T000000,459000.0,3,1.75,1730,7807,1.0,0,0,3,7,1260,470,1976,0,98034,47.7211,-122.169,1800,7650
13209,20140708T000000,378500.0,3,2.5,2860,43821,2.0,0,0,4,9,2860,0,1990,0,98092,47.3163,-122.142,2370,65340
17543,20141014T000000,370000.0,3,1.75,1160,8774,1.0,0,0,3,7,1160,0,1972,0,98034,47.7159,-122.165,1990,7908
12239,20150410T000000,545000.0,4,2.25,1890,7210,1.0,0,0,3,8,1890,0,1967,0,98008,47.6342,-122.117,1920,7210
23109,20141006T000000,480000.0,3,1.75,1680,2552,1.0,0,0,4,7,840,840,1952,0,98117,47.6848,-122.391,1220,3880
26639,20140826T000000,310000.0,3,2.5,2370,6752,2.0,0,0,3,8,2370,0,1994,0,98003,47.2703,-122.312,1870,7455
18455,20140516T000000,772000.0,4,2.5,2110,3750,2.0,0,0,3,8,2110,0,2000,0,98117,47.6789,-122.363,1700,5000
20200,20150120T000000,165000.0,2,1.0,780,6380,1.0,0,0,3,6,780,0,1947,0,98106,47.5423,-122.351,1270,6960
16960,20141105T000000,740000.0,3,2.25,3440,44374,2.0,0,3,4,10,2190,1250,1979,0,98006,47.547,-122.111,3470,40185
10980,20150317T000000,278000.0,5,1.5,1820,8712,1.0,0,0,5,7,1090,730,1960,0,98032,47.3712,-122.289,1820,8712
31293,20140814T000000,1360000.0,5,3.75,4960,13990,2.0,0,2,3,11,3760,1200,2001,0,98006,47.5491,-122.137,5200,18116
24525,20150116T000000,539900.0,3,3.25,1300,1325,2.0,0,0,3,8,1080,220,2005,0,98103,47.6584,-122.346,1290,1323
28465,20141218T000000,950000.0,4,2.75,3800,12200,2.0,0,3,4,10,3800,0,1986,0,98006,47.5689,-122.156,3710,14796
17037,20141125T000000,258000.0,4,3.0,2710,7199,1.0,0,0,4,7,1710,1000,1967,0,98030,47.3789,-122.213,2070,9271
17481,20140605T000000,289000.0,3,2.0,1680,8424,1.0,0,0,3,7,1680,0,1993,0,98022,47.1969,-122.011,1990,8545
18387,20141001T000000,439000.0,2,1.0,800,5100,1.0,0,0,3,7,800,0,1945,0,98117,47.6775,-122.388,1330,5100
24271,20140515T000000,204700.0,4,2.0,1670,9987,1.0,0,0,3,7,1670,0,1967,0,98001,47.3406,-122.284,1640,7280
15893,20150402T000000,724950.0,4,2.5,2860,3638,1.5,0,2,5,7,1720,1140,1924,0,98107,47.6631,-122.361,1760,3880
20596,20141003T000000,124000.0,1,0.75,840,7203,1.5,0,0,3,6,840,0,1949,0,98168,47.4756,-122.301,1560,8603
26382,20150219T000000,315000.0,3,2.75,1780,15114,1.0,0,0,3,7,1080,700,1980,0,98003,47.258,-122.305,1792,10155
15083,20140820T000000,316000.0,3,0.75,1270,10092,1.0,0,0,5,7,1270,0,1971,0,98077,47.7567,-122.073,1300,10375
16735,20140610T000000,740000.0,3,2.5,3000,25341,2.0,0,0,3,9,3000,0,1995,0,98053,47.6724,-122.013,3000,32417
30267,20140822T000000,250000.0,3,2.25,1960,7414,1.0,0,0,3,7,1490,470,1984,0,98023,47.2977,-122.374,1580,8038
12929,20140923T000000,290000.0,1,0.75,740,1284,1.0,0,0,4,6,740,0,1928,0,98107,47.6741,-122.406,1430,3988
12088,20140717T000000,1100000.0,4,3.25,3190,11774,2.0,1,4,3,8,2610,580,1956,1991,98178,47.5033,-122.225,2240,8725
24621,20150407T000000,518000.0,4,1.75,2560,15000,1.0,0,0,3,7,1880,680,1974,0,98075,47.5952,-122.053,2210,15150
21652,20150223T000000,535500.0,3,2.5,2050,4976,2.0,0,0,3,8,2050,0,1994,0,98029,47.5689,-121.995,2050,5153
21362,20150213T000000,641000.0,3,1.75,1480,9603,1.0,0,0,3,7,1480,0,1952,0,98004,47.5915,-122.202,2660,10766
30985,20140709T000000,538000.0,3,2.5,3010,7014,2.0,0,0,3,8,3010,0,2009,0,98059,47.4949,-122.149,3030,6180
14658,20141204T000000,343000.0,2,1.5,1040,8526,1.0,0,0,5,6,1040,0,1953,0,98155,47.7349,-122.295,1310,8504
17131,20140924T000000,359950.0,5,2.25,2450,9432,2.0,0,0,3,8,2450,0,1973,0,98058,47.4519,-122.13,2310,9100
27319,20140506T000000,525000.0,3,2.5,2970,11985,1.0,0,0,3,9,1770,1200,1995,0,98074,47.6359,-122.052,2990,12049
22781,20140722T000000,349000.0,4,2.5,2280,4096,2.0,0,0,3,7,2280,0,2003,0,98056,47.4834,-122.182,2280,3600
23167,20141215T000000,710000.0,4,2.5,3060,5000,2.0,0,0,3,9,3060,0,2006,0,98059,47.5395,-122.188,2870,5548
29270,20140813T000000,224400.0,3,1.75,1070,7200,1.0,0,0,3,7,1070,0,1994,0,98010,47.3129,-122.023,1280,7200
14696,20140507T000000,365000.0,5,2.75,2410,5003,1.0,0,0,3,7,1410,1000,2008,0,98118,47.5298,-122.274,1590,5003
20363,20150323T000000,853000.0,4,2.25,3440,35025,2.0,0,0,3,10,3440,0,1988,0,98053,47.6674,-122.055,3210,35005
18651,20150114T000000,757500.0,5,2.25,3160,8065,2.0,0,0,3,8,3160,0,1977,0,98027,47.5678,-122.089,2540,7917
24387,20140722T000000,917000.0,4,2.5,3500,10891,2.0,0,2,3,10,3500,0,1995,0,98027,47.5533,-122.093,3820,13521
25572,20141124T000000,360000.0,4,2.0,1850,8827,1.0,0,0,3,7,1850,0,1969,0,98155,47.7406,-122.313,1310,6901
13291,20150305T000000,759950.0,4,3.5,2100,7560,2.0,0,0,5,8,2100,0,2005,0,98133,47.7076,-122.356,1250,7560
14663,20141016T000000,345000.0,2,1.0,1160,8504,1.0,0,0,4,7,1160,0,1949,0,98155,47.7364,-122.295,1320,8504
23553,20140509T000000,465000.0,4,2.5,1930,9653,1.0,0,0,4,9,1930,0,1968,0,98023,47.3367,-122.335,2100,10454
30251,20140904T000000,263850.0,4,2.25,2300,7524,2.0,0,0,4,8,2300,0,1978,0,98023,47.313,-122.388,2270,8025
29218,20150331T000000,480000.0,5,2.5,2040,9597,1.0,0,0,4,7,1240,800,1963,0,98052,47.6544,-122.134,1800,8553
24410,20141218T000000,420000.0,3,2.25,1800,9800,1.0,0,0,4,7,1300,500,1959,0,98028,47.7393,-122.244,1680,9545
19572,20141003T000000,518000.0,4,2.75,2440,12051,1.0,0,0,5,8,1440,1000,1966,0,98133,47.7456,-122.351,2030,8006
18647,20140702T000000,250000.0,3,2.25,1920,7738,1.0,0,0,3,8,1520,400,1965,0,98148,47.4562,-122.33,2170,8452
30309,20141219T000000,430000.0,1,1.0,630,1362,1.0,0,0,3,7,630,0,1943,0,98109,47.6342,-122.342,1090,1376
30853,20140908T000000,257000.0,2,1.0,770,9497,1.0,0,0,3,6,770,0,1950,0,98133,47.7407,-122.351,1550,7532
29839,20140626T000000,475580.0,3,1.75,1520,11085,1.0,0,0,3,8,1520,0,1983,0,98074,47.646,-122.068,2310,9647
15933,20140502T000000,257950.0,3,1.75,1370,5858,1.0,0,0,3,7,1370,0,1987,0,98198,47.3815,-122.313,1400,7500
15453,20140506T000000,284000.0,4,2.5,2000,5390,2.0,0,0,3,7,2000,0,2003,0,98042,47.3732,-122.129,2330,5390
26622,20141126T000000,106000.0,1,1.0,560,5700,1.0,0,0,3,5,560,0,1947,0,98146,47.511,-122.359,1120,5000
30097,20150204T000000,715000.0,4,2.5,2927,12171,2.0,0,0,3,10,2927,0,1998,0,98075,47.5948,-121.983,2967,12166
16453,20140728T000000,690000.0,3,1.0,1580,4000,2.0,0,0,3,8,1580,0,1905,0,98102,47.6363,-122.32,2190,4000
10963,20140728T000000,241000.0,3,2.0,1520,7131,1.0,0,0,3,8,1520,0,1993,0,98023,47.3061,-122.361,1890,7379
31393,20140912T000000,550000.0,4,1.75,2030,5688,2.0,0,4,4,9,1730,300,1939,0,98146,47.5071,-122.387,2320,11107
11928,20140825T000000,775000.0,3,1.75,1640,18730,1.5,0,0,4,7,1640,0,1946,0,98004,47.5975,-122.196,1670,12154
27923,20140521T000000,600000.0,3,2.25,2230,9053,2.0,0,0,4,9,2230,0,1987,0,98007,47.6594,-122.144,2390,8038
21757,20141125T000000,195000.0,2,1.0,720,9520,1.0,0,0,4,6,720,0,1947,0,98155,47.7678,-122.316,1450,8612
19986,20150317T000000,345000.0,4,1.5,1540,7168,1.0,0,0,3,7,1160,380,1964,0,98055,47.455,-122.198,1540,7176
14263,20140610T000000,165000.0,3,1.0,970,6600,1.0,0,0,3,7,970,0,1965,0,98168,47.4836,-122.332,1200,6600
24903,20140530T000000,490000.0,3,1.75,1920,5405,1.0,0,2,4,7,960,960,1947,0,98126,47.5583,-122.38,1190,5405
31319,20140923T000000,455000.0,4,2.5,2440,5001,2.0,0,0,3,8,2440,0,2005,0,98056,47.5108,-122.193,2260,5001
19573,20150214T000000,815000.0,3,2.5,3400,12442,2.0,0,0,3,9,3400,0,2001,0,98075,47.5611,-122.032,3250,8635
26191,20141226T000000,575000.0,4,1.5,1430,4163,1.5,0,0,3,7,1430,0,1910,0,98199,47.6606,-122.397,1500,4000
15026,20140829T000000,229000.0,3,1.0,1030,7800,1.0,0,0,3,7,1030,0,1954,0,98168,47.473,-122.324,1630,12664
11066,20150115T000000,547000.0,5,3.0,2200,103237,1.0,0,0,3,7,1160,1040,1971,0,98072,47.7726,-122.111,2300,103237
30846,20140919T000000,489000.0,3,2.0,1510,3000,1.0,0,0,4,7,910,600,1972,0,98115,47.6804,-122.319,1620,4000
22363,20150407T000000,537000.0,4,4.25,4883,26040,2.0,0,3,3,10,3859,1024,2006,0,98092,47.263,-122.216,3736,9870
14751,20141021T000000,999000.0,5,3.5,2810,2700,2.0,0,0,5,9,1900,910,1910,0,98117,47.6799,-122.363,1510,3800
16785,20140814T000000,328000.0,4,2.5,1990,3980,2.0,0,0,3,7,1990,0,2002,0,98058,47.4445,-122.17,1990,4373
18686,20140627T000000,410000.0,3,1.0,2710,19000,2.0,0,3,4,7,2710,0,1950,0,98166,47.4462,-122.359,2150,19000
12839,20140523T000000,360000.0,3,2.0,1270,1323,3.0,0,0,3,8,1270,0,2006,0,98103,47.6934,-122.342,1330,1323
12998,20150106T000000,240000.0,3,1.0,1550,12670,1.0,0,0,4,7,1550,0,1962,0,98056,47.5024,-122.169,1550,8880
20932,20150427T000000,485000.0,2,1.0,1080,4080,1.0,0,0,3,8,1080,0,1948,0,98115,47.6899,-122.32,1890,4080
30593,20150210T000000,280000.0,3,1.5,1670,11610,1.0,0,0,4,7,1670,0,1963,0,98055,47.4404,-122.191,1930,10200
25709,20150504T000000,658500.0,4,2.25,1900,5000,1.0,0,0,3,7,1400,500,1963,0,98199,47.6456,-122.387,1710,4994
19553,20141216T000000,235000.0,3,1.75,1370,14030,1.0,0,0,4,8,1370,0,1977,0,98092,47.2969,-122.163,2100,15260
21988,20140723T000000,394950.0,3,2.5,1090,7700,1.0,0,0,4,7,1090,0,1957,0,98008,47.607,-122.12,1740,7700
18291,20150506T000000,419950.0,3,2.25,1250,811,3.0,0,0,3,8,1250,0,2014,0,98136,47.5419,-122.388,1250,1232
22528,20150310T000000,230000.0,3,1.0,1380,10112,1.0,0,0,4,7,940,440,1963,0,98023,47.3196,-122.351,1240,10112
21843,20150124T000000,900000.0,3,3.0,2990,30869,2.0,0,0,3,10,2990,0,1951,2003,98155,47.7602,-122.278,1750,15802
24618,20140702T000000,575000.0,3,1.75,2680,8625,1.0,0,0,5,8,1590,1090,1974,0,98027,47.5316,-122.056,2620,14275
24974,20150504T000000,502000.0,4,1.75,1920,3844,1.0,0,0,3,7,1170,750,1967,0,98133,47.7041,-122.353,1480,3844
30783,20150326T000000,780000.0,4,2.25,2260,16188,1.0,0,0,3,10,2260,0,1984,0,98006,47.5637,-122.112,2840,10158
29375,20140703T000000,715000.0,3,4.0,2080,2250,3.0,0,4,3,8,2080,0,1997,0,98103,47.6598,-122.355,2080,2250
18042,20150313T000000,775000.0,3,3.0,1820,4300,1.5,0,0,4,8,1620,200,1914,1983,98107,47.6711,-122.364,1440,4300
13051,20141030T000000,330000.0,3,1.75,2020,11050,1.0,0,0,4,8,1320,700,1969,0,98059,47.4706,-122.119,1940,11050
31162,20140627T000000,288790.0,4,2.0,1350,942,3.0,0,0,3,7,1350,0,2008,0,98027,47.5401,-122.026,1390,942
17669,20150318T000000,760000.0,4,2.5,3220,4031,2.0,0,0,3,9,3220,0,2002,0,98033,47.688,-122.163,3150,5083
21141,20150507T000000,314950.0,3,2.0,1760,9732,1.0,0,0,3,7,1760,0,1996,0,98022,47.1923,-122.014,1910,9231
15277,20140715T000000,170000.0,3,1.5,1350,81549,1.0,0,0,2,7,1350,0,1966,0,98092,47.3099,-122.09,2220,93825
26575,20140724T000000,963990.0,4,3.25,3830,6765,2.0,0,0,3,9,3830,0,2014,0,98053,47.685,-122.016,3830,6507
17341,20140725T000000,1950000.0,4,3.5,4065,18713,2.0,0,0,4,10,4065,0,1987,0,98039,47.6209,-122.237,3070,18713
31566,20140522T000000,295000.0,4,2.0,980,10640,1.0,0,0,5,7,980,0,1978,0,98045,47.4462,-121.773,1230,9750
26354,20141030T000000,275000.0,3,2.0,1910,8050,1.0,0,0,4,7,1000,910,1980,0,98030,47.37,-122.17,1780,7344
23205,20150424T000000,1600000.0,5,2.5,3100,5374,2.5,0,0,4,9,3100,0,1906,0,98122,47.6154,-122.283,2180,5800
23085,20140512T000000,582000.0,4,1.75,2120,4650,1.0,0,1,3,7,1190,930,1951,0,98117,47.6964,-122.4,2070,6487
28324,20150213T000000,536000.0,4,2.5,2880,8833,2.0,0,0,3,7,2880,0,2006,0,98065,47.5388,-121.89,2570,5234
21449,20140822T000000,269950.0,3,2.25,1660,7003,2.0,0,0,3,7,1660,0,1996,0,98030,47.3599,-122.188,1840,6680
21650,20150304T000000,529000.0,3,2.5,1880,4499,2.0,0,0,3,8,1880,0,1993,0,98029,47.5664,-121.999,2130,5114
18436,20141007T000000,400000.0,3,2.5,1450,8064,1.0,0,0,3,8,1450,0,1984,0,98074,47.6256,-122.037,1710,9554
29772,20140813T000000,1050000.0,4,2.75,3950,12840,2.0,0,0,5,8,3950,0,1960,0,98040,47.5489,-122.219,2350,12507
13414,20140715T000000,750000.0,4,1.75,2670,6250,2.0,0,0,4,8,2020,650,1941,0,98199,47.6499,-122.391,1820,6250
32392,20150126T000000,429000.0,3,2.0,1490,1126,3.0,0,0,3,8,1490,0,2014,0,98144,47.5699,-122.288,1400,1230
14294,20150430T000000,208000.0,3,1.0,990,7420,1.0,0,0,5,6,990,0,1960,0,98002,47.2898,-122.221,1010,7420
21247,20141111T000000,283000.0,3,2.25,2130,8800,1.0,0,0,3,8,1270,860,1978,0,98030,47.383,-122.168,1960,8075
21733,20140604T000000,355000.0,2,1.75,1650,4000,1.0,0,0,4,7,950,700,1947,0,98108,47.5622,-122.319,1060,4110
23852,20141008T000000,603000.0,3,1.0,1790,5250,1.0,0,0,3,7,1400,390,1943,0,98105,47.6627,-122.276,1790,5250
25092,20150226T000000,350000.0,2,1.0,720,5820,1.0,0,1,5,6,720,0,1950,0,98028,47.7598,-122.255,952,5820
28058,20150304T000000,532500.0,3,3.25,3140,37120,1.0,0,0,3,9,1760,1380,1984,0,98065,47.5244,-121.842,2100,13500
31382,20140626T000000,249900.0,3,2.5,1630,7700,1.0,0,0,3,7,1120,510,1978,0,98031,47.3876,-122.211,1640,8160
21217,20150401T000000,502000.0,3,2.75,2010,11200,1.0,0,0,3,8,1360,650,1979,0,98028,47.7728,-122.253,2200,10640
27538,20140904T000000,624000.0,4,3.0,1540,4140,1.5,0,0,5,7,1540,0,1902,0,98107,47.6728,-122.396,1460,5000
19893,20140611T000000,230000.0,5,2.0,1910,7200,1.0,0,0,4,6,1110,800,1951,0,98178,47.4975,-122.261,1150,5948
29455,20140522T000000,349900.0,4,2.5,2052,3723,2.0,0,0,3,8,2052,0,2014,0,98003,47.2824,-122.295,2052,5250
27165,20140606T000000,535500.0,3,1.5,1730,40250,2.0,0,0,4,8,1730,0,1983,0,98072,47.7499,-122.111,1730,36250
15305,20150211T000000,259000.0,3,1.75,1260,3604,1.0,0,0,3,7,1260,0,2012,0,98042,47.3612,-122.103,1430,3767
30705,20150326T000000,196000.0,3,1.0,1000,8470,1.0,0,0,4,6,1000,0,1963,0,98023,47.3056,-122.37,1020,8470
23330,20150218T000000,495000.0,3,1.0,1570,5510,1.0,0,0,4,7,1070,500,1940,0,98115,47.6942,-122.319,1770,6380
32141,20140924T000000,542000.0,2,1.0,890,3060,1.0,0,0,3,7,770,120,1910,0,98105,47.6663,-122.326,1760,4080
27012,20141212T000000,600000.0,4,1.75,1700,7800,1.0,0,0,4,8,1700,0,1975,0,98052,47.651,-122.119,2430,8342
29914,20141226T000000,455000.0,3,2.5,1980,7309,2.0,0,0,3,7,1980,0,1993,0,98034,47.7257,-122.172,2060,9681
25611,20150421T000000,300000.0,3,2.25,2070,7225,1.0,0,0,3,8,1690,380,1979,0,98042,47.3551,-122.148,2070,7400
23699,20140515T000000,497000.0,4,2.5,2240,7200,2.0,0,0,3,8,2240,0,1995,0,98118,47.5636,-122.275,1860,6600
23191,20140710T000000,1980000.0,6,4.5,4800,9097,2.0,0,0,3,10,3580,1220,2007,0,98112,47.6259,-122.291,2180,6037
27489,20140826T000000,805000.0,4,2.5,3160,35225,2.0,0,1,3,9,2250,910,1992,0,98006,47.5672,-122.111,3460,17223
22111,20150402T000000,387000.0,3,1.5,1620,21929,2.0,0,0,3,7,1620,0,1990,0,98019,47.767,-121.903,1600,21679
14369,20141216T000000,315000.0,3,2.25,1370,1533,3.0,0,0,3,8,1370,0,2009,0,98133,47.7326,-122.343,1370,1125
25397,20140617T000000,210000.0,1,1.0,930,7129,1.0,0,0,3,6,930,0,1948,0,98133,47.7234,-122.333,1300,8075
22607,20140929T000000,815241.0,5,2.25,2060,4800,2.5,0,0,3,8,2060,0,1907,0,98105,47.66,-122.282,1740,4800
25618,20141008T000000,399950.0,3,1.0,1720,8910,1.0,0,0,4,7,1720,0,1954,0,98155,47.7736,-122.296,1870,8640
25673,20141215T000000,405000.0,4,2.5,1980,5020,2.0,0,0,3,7,1980,0,2007,0,98056,47.5147,-122.19,1980,5064
14468,20140812T000000,325000.0,2,1.0,1400,10800,1.0,0,0,4,7,1400,0,1974,0,98011,47.7726,-122.21,1560,11280
11727,20150415T000000,345000.0,2,1.5,830,1034,2.0,0,0,3,8,830,0,2009,0,98144,47.5926,-122.3,1130,2534
17077,20150403T000000,405000.0,4,2.5,2620,9359,2.0,0,0,3,9,2620,0,1987,0,98058,47.438,-122.152,2580,7433
15540,20140505T000000,618500.0,3,2.0,1800,5000,1.0,0,0,4,7,1080,720,1942,0,98115,47.6738,-122.297,1800,5000
29732,20140529T000000,332000.0,3,2.25,2270,8876,1.0,0,0,3,7,1380,890,1977,0,98058,47.4653,-122.176,2150,7455
29624,20140502T000000,459990.0,3,2.5,2680,5539,2.0,0,0,3,8,2680,0,2013,0,98045,47.4761,-121.734,2990,6037
16943,20141008T000000,360000.0,3,2.0,1970,79714,1.0,0,0,3,7,1070,900,1979,0,98058,47.4674,-122.107,1890,36626
31768,20140818T000000,305000.0,3,1.75,1650,9480,1.0,0,0,3,7,1220,430,1977,0,98034,47.726,-122.191,1540,8400
18321,20150427T000000,675000.0,3,1.5,1460,6480,1.0,0,2,4,7,980,480,1940,0,98117,47.6962,-122.397,2180,6912
29807,20140522T000000,180000.0,3,1.0,870,5330,1.0,0,0,3,6,870,0,1969,2014,98042,47.369,-122.077,840,5200
29027,20140731T000000,305000.0,3,2.0,1830,10873,1.0,0,0,3,8,1830,0,1989,0,98023,47.3066,-122.394,2490,8976
29260,20140818T000000,339900.0,3,2.5,2420,7423,2.0,0,0,3,8,2420,0,1990,0,98092,47.3199,-122.186,2260,7629
12524,20140520T000000,326000.0,6,3.0,1880,7200,1.0,0,0,4,7,1880,0,1966,0,98056,47.5029,-122.188,1540,13022
14623,20141017T000000,600000.0,4,2.5,2090,7290,1.0,0,0,5,8,1420,670,1966,0,98007,47.624,-122.142,2110,8436
20612,20141021T000000,265000.0,3,1.75,1820,32666,1.0,0,0,4,7,1820,0,1966,0,98022,47.1803,-121.974,2050,43560
12896,20140725T000000,311000.0,3,1.0,1640,12060,1.0,0,0,4,7,1640,0,1960,0,98059,47.4941,-122.151,1680,9147
28762,20150302T000000,585000.0,2,1.0,1110,6000,1.0,0,0,3,7,1010,100,1951,0,98118,47.5632,-122.282,1410,3500
25766,20140715T000000,310000.0,3,1.0,1210,9730,1.0,0,0,4,7,1210,0,1953,0,98133,47.762,-122.355,1470,9730
15692,20141013T000000,359000.0,3,2.25,1650,7218,1.0,0,0,3,7,1230,420,1985,0,98133,47.7237,-122.335,1690,7459
26132,20150319T000000,250000.0,4,3.0,2250,7882,2.0,0,0,3,8,1570,680,1986,0,98198,47.3703,-122.314,1550,7508
13519,20140912T000000,340000.0,3,2.5,1400,4800,1.0,0,0,3,7,1200,200,1921,0,98117,47.6865,-122.379,1440,3840
20683,20150223T000000,635000.0,3,3.0,2290,1407,2.5,0,0,3,8,1890,400,2014,0,98027,47.5446,-122.017,2230,1407
30334,20150205T000000,686500.0,2,1.75,1390,5025,1.5,0,0,4,8,1390,0,1928,0,98105,47.6701,-122.288,2160,5000
12422,20150311T000000,157000.0,3,1.0,1080,6250,1.0,0,0,2,5,1080,0,1950,0,98168,47.5045,-122.33,1070,6250
28687,20141229T000000,362950.0,4,1.75,2140,159865,1.0,0,0,4,7,1140,1000,1960,0,98031,47.4235,-122.218,1830,15569
15278,20150309T000000,270000.0,3,1.75,2840,9800,1.0,0,0,4,7,1420,1420,1977,0,98042,47.3516,-122.119,1650,9590
12498,20141009T000000,153503.0,2,2.5,1240,3649,2.0,0,0,3,7,1240,0,1986,0,98003,47.3241,-122.322,1400,3721
23401,20141120T000000,457000.0,2,1.75,2060,7192,1.0,0,0,3,7,1420,640,1940,0,98125,47.7038,-122.317,1860,7140
31371,20150421T000000,790000.0,4,2.5,2650,5000,2.0,0,0,3,8,2650,0,2007,0,98116,47.5605,-122.396,1110,6250
17952,20140605T000000,795000.0,4,2.25,2070,13084,1.0,0,0,4,8,1700,370,1967,0,98040,47.5606,-122.222,2520,10180
18166,20141111T000000,970000.0,4,1.75,4060,4000,2.0,0,3,3,10,2890,1170,1953,1995,98199,47.6375,-122.389,1860,4000
26825,20140604T000000,742000.0,3,3.25,1540,704,3.0,0,0,3,9,1540,0,2011,0,98122,47.6177,-122.308,1540,1456
13479,20140506T000000,280000.0,3,1.75,1630,11800,1.0,0,0,4,7,1630,0,1971,0,98045,47.4863,-121.73,2090,57428
16629,20150310T000000,450000.0,4,2.75,2980,13260,1.0,0,0,4,8,1800,1180,1979,0,98056,47.5152,-122.197,1920,10731
14522,20140723T000000,240000.0,3,1.75,1260,7362,1.0,0,0,3,7,1260,0,1984,0,98038,47.3602,-122.052,1530,7232
22540,20150323T000000,393000.0,5,2.0,1820,5054,1.0,0,0,4,7,910,910,1970,0,98108,47.5547,-122.299,1180,5628
26420,20141202T000000,420000.0,2,1.0,2100,4480,1.0,0,0,5,7,1400,700,1908,0,98126,47.574,-122.372,1570,4400
26097,20141111T000000,457000.0,3,1.75,1690,6375,1.0,0,0,3,8,1690,0,1903,2002,98024,47.5247,-121.926,1270,7774
15929,20150219T000000,269950.0,2,1.75,1340,7250,1.0,0,0,5,5,700,640,1949,0,98198,47.408,-122.327,1830,9750
18098,20150422T000000,494000.0,3,3.5,1570,1486,2.5,0,0,3,8,1330,240,2000,0,98199,47.652,-122.384,1610,1486
22740,20140731T000000,393000.0,4,2.0,1450,5456,1.0,0,0,5,7,1450,0,1951,0,98108,47.5442,-122.297,980,6100
13626,20140527T000000,345000.0,2,1.5,1180,844,2.0,0,0,3,7,990,190,2005,0,98144,47.5998,-122.3,1170,1400
18852,20140730T000000,410000.0,3,1.5,1750,32500,1.0,0,0,4,7,1750,0,1966,0,98027,47.5316,-121.959,1820,102801
25535,20150327T000000,499000.0,4,3.0,2030,12675,2.0,0,0,3,7,2030,0,1982,0,98177,47.7689,-122.379,1990,7705
24165,20140603T000000,575000.0,3,2.25,3800,33825,1.0,0,0,4,10,3330,470,1976,0,98042,47.3797,-122.152,3470,14484
13751,20150123T000000,162500.0,3,1.5,1390,7417,1.0,0,0,3,7,1390,0,1967,0,98001,47.3369,-122.275,1390,7665
28814,20141117T000000,185000.0,3,1.0,980,9135,1.0,0,0,3,7,980,0,1955,0,98001,47.3496,-122.289,1780,9135
17600,20141103T000000,305000.0,5,2.25,2660,8400,1.5,0,0,5,7,2660,0,1961,0,98092,47.2909,-122.189,1590,8165
12244,20140825T000000,589000.0,5,2.0,3930,10150,1.5,0,0,4,8,3070,860,1968,0,98008,47.6317,-122.114,2200,8190
31697,20150310T000000,205950.0,3,1.0,970,11963,1.0,0,0,4,6,970,0,1970,0,98198,47.3776,-122.315,1210,11963
27733,20150309T000000,230000.0,3,1.0,1250,8800,1.0,0,0,3,7,1250,0,1955,0,98146,47.497,-122.357,1480,8200
31032,20141106T000000,550000.0,4,1.75,2550,39460,1.0,0,0,3,8,1890,660,1982,0,98072,47.7707,-122.123,2560,38638
11120,20150223T000000,212000.0,4,2.0,1880,7500,1.0,0,0,5,6,980,900,1946,0,98178,47.495,-122.266,1670,14350
30327,20140611T000000,527000.0,2,1.75,1640,4080,1.0,0,0,3,7,840,800,1921,0,98105,47.6645,-122.326,1980,4080
27628,20141110T000000,535000.0,3,1.0,1090,3000,1.5,0,0,4,8,1090,0,1929,0,98117,47.6889,-122.375,1570,5080
19915,20140724T000000,159000.0,3,1.0,1360,20000,1.0,0,0,4,7,1360,0,1953,0,98001,47.2861,-122.253,1530,9997
28343,20140524T000000,440500.0,3,2.5,2460,4399,2.0,0,0,3,7,2460,0,2007,0,98065,47.5415,-121.884,2060,4399
19264,20140616T000000,554000.0,3,3.5,3380,108900,2.0,0,0,3,9,2700,680,1999,0,98058,47.4316,-122.075,2250,130680
13725,20140624T000000,305000.0,4,2.25,2210,9371,2.0,0,0,4,8,2210,0,1968,0,98032,47.3634,-122.279,2300,11584
25608,20140922T000000,996000.0,3,3.25,3620,8131,2.0,0,0,4,10,2730,890,1988,0,98040,47.5776,-122.214,2040,3776
13659,20140626T000000,1340000.0,4,3.5,3190,5040,2.0,0,3,3,10,2160,1030,2003,0,98144,47.5928,-122.29,2390,4800
18217,20141117T000000,285000.0,1,1.0,1060,54846,1.0,1,4,3,5,1060,0,1935,0,98070,47.4716,-122.445,2258,31762
11580,20150311T000000,430000.0,4,1.5,1560,6534,1.0,0,0,4,7,1560,0,1962,0,98007,47.6012,-122.152,1560,6969
32146,20141030T000000,1470000.0,4,2.5,2800,4000,2.0,0,0,3,9,2800,0,2011,0,98103,47.6695,-122.339,1770,4200
28095,20140814T000000,289500.0,3,1.0,960,6400,1.0,0,0,4,6,820,140,1944,0,98178,47.496,-122.239,1200,6600
14931,20150219T000000,89950.0,1,1.0,570,4080,1.0,0,0,3,5,570,0,1942,0,98146,47.5098,-122.334,890,5100
14173,20141021T000000,249000.0,4,2.0,1280,7560,1.0,0,0,5,6,1280,0,1959,0,98058,47.45,-122.175,1250,7690
20601,20140820T000000,279950.0,3,1.5,1520,7200,1.0,0,0,4,7,1160,360,1990,0,98198,47.3855,-122.302,1460,7200
22543,20141226T000000,795000.0,4,2.5,2920,14210,2.0,0,0,4,10,2920,0,1978,0,98007,47.6196,-122.15,2840,13702
25325,20150408T000000,635000.0,4,2.5,2070,11286,2.0,0,0,3,8,2070,0,1996,0,98056,47.5284,-122.173,2440,10826
19631,20141111T000000,1100000.0,5,3.25,4010,12110,2.0,0,0,3,11,4010,0,2003,0,98059,47.5228,-122.151,4010,12334
26754,20141016T000000,199000.0,4,2.0,1440,9477,1.0,0,0,3,5,1440,0,1943,0,98056,47.5093,-122.182,1440,9546
13653,20140701T000000,725000.0,3,1.75,1860,6000,2.0,0,2,4,8,1860,0,1959,0,98144,47.5981,-122.288,3030,7119
31658,20141216T000000,725000.0,2,1.0,2410,5930,2.0,0,0,3,9,1930,480,2007,0,98116,47.5657,-122.395,1540,5892
16464,20140623T000000,269500.0,3,1.75,1840,7412,1.0,0,0,4,7,1240,600,1976,0,98031,47.3933,-122.188,1980,7350
17192,20150309T000000,392500.0,3,1.0,1390,10500,1.5,0,0,3,6,1390,0,1940,0,98024,47.567,-121.893,1350,9800
27295,20140807T000000,390000.0,3,2.5,1690,10113,1.0,0,0,3,7,1310,380,1991,0,98028,47.7381,-122.223,1690,10113
22600,20140606T000000,969990.0,4,2.5,4150,8436,2.0,0,0,3,10,4150,0,2014,0,98075,47.5802,-122.039,4070,8438
19705,20140502T000000,285000.0,4,2.5,2200,9397,2.0,0,0,3,8,2200,0,1987,0,98001,47.3406,-122.269,2310,9176
29862,20150213T000000,868700.0,3,4.25,3840,6161,2.0,0,0,3,10,3840,0,2000,0,98074,47.6336,-122.064,3230,7709
17668,20140703T000000,815000.0,4,2.5,3150,4203,2.0,0,0,3,9,3150,0,2002,0,98033,47.688,-122.164,3150,5169
13880,20140925T000000,930000.0,3,2.5,3780,35273,1.5,0,0,3,10,3780,0,1986,0,98072,47.7499,-122.119,3450,35273
14819,20150312T000000,433495.0,4,2.25,3010,10925,2.0,0,0,4,9,3010,0,1988,0,98092,47.3326,-122.201,2690,10925
22434,20150126T000000,1680000.0,6,4.75,5770,16747,2.0,0,3,3,12,4500,1270,1998,0,98006,47.5512,-122.11,4470,14571
27568,20150318T000000,326000.0,2,1.0,1210,7440,1.0,0,0,3,6,780,430,1940,0,98155,47.7376,-122.322,1070,7440
19873,20150427T000000,210000.0,4,1.75,2090,6485,1.0,0,0,3,7,1280,810,1956,0,98178,47.4958,-122.265,2190,9600
30801,20150413T000000,840000.0,4,2.5,2480,4602,2.0,0,0,3,9,2480,0,2000,0,98052,47.6835,-122.161,3480,5739
31431,20150330T000000,700000.0,3,2.5,2060,10650,1.0,0,0,5,8,1050,1010,1976,0,98006,47.5627,-122.137,2690,8850
13695,20150506T000000,227500.0,3,1.0,1150,8848,1.0,0,0,3,7,1150,0,1968,0,98042,47.3626,-122.111,1220,9576
17993,20140516T000000,490000.0,3,2.0,1450,2400,1.5,0,0,3,8,1450,0,1900,2003,98107,47.6726,-122.381,1450,4275
16516,20140813T000000,407000.0,4,2.5,2927,6000,2.0,0,0,3,7,2927,0,2011,0,98042,47.3737,-122.16,2533,6000
27175,20150314T000000,307000.0,3,1.0,1020,8484,1.0,0,0,3,6,1020,0,1949,0,98155,47.7719,-122.31,1180,9660
22977,20140710T000000,675000.0,4,2.5,2390,5249,2.0,0,0,3,9,2390,0,2006,0,98074,47.6194,-122.026,2600,5342
13652,20140514T000000,1400000.0,3,2.5,2550,7200,2.0,0,2,3,10,2550,0,1981,2013,98144,47.5996,-122.288,2030,3500
32123,20140929T000000,719000.0,4,2.75,2210,3400,1.5,0,0,5,7,1470,740,1926,0,98115,47.6826,-122.311,1500,3400
15032,20140812T000000,270000.0,3,2.25,1400,3825,2.0,0,0,3,7,1400,0,2012,0,98042,47.3596,-122.082,2110,3825
16427,20140820T000000,565000.0,5,1.75,1910,9720,1.0,0,0,4,7,1390,520,1955,0,98006,47.5772,-122.159,1750,9720
25980,20141008T000000,330000.0,2,1.0,880,1753,2.0,0,0,4,7,880,0,1945,0,98199,47.6475,-122.397,1010,1748
27488,20140701T000000,1060000.0,4,2.5,4570,16015,2.0,0,2,3,11,4570,0,1990,0,98074,47.6246,-122.067,4490,17668
26805,20141215T000000,417000.0,3,1.75,1590,11454,1.0,0,0,4,8,1590,0,1979,0,98056,47.5049,-122.186,1970,9960
13325,20141226T000000,370000.0,4,2.5,2650,5706,2.0,0,0,3,9,2650,0,2005,0,98042,47.3515,-122.164,2760,5749
12585,20140917T000000,579000.0,4,2.75,3220,9825,2.0,0,0,3,8,3220,0,2012,0,98059,47.4863,-122.143,2820,8566
14905,20150127T000000,350000.0,3,1.0,1050,5518,1.0,0,0,3,7,1050,0,1948,0,98118,47.5564,-122.278,1490,4269
17374,20141007T000000,1230000.0,3,2.5,2860,4500,2.0,0,2,3,8,1980,880,1915,0,98119,47.6463,-122.371,2310,4500
17556,20150421T000000,313100.0,3,2.0,1730,12821,1.0,0,0,3,8,1730,0,1994,0,98001,47.353,-122.272,1980,11336
13000,20150423T000000,240000.0,3,1.0,1030,15264,1.0,0,0,4,7,1030,0,1962,0,98056,47.5016,-122.168,1430,14840
10976,20141020T000000,250000.0,3,1.75,1480,3900,1.0,0,0,4,7,1480,0,1980,0,98023,47.2977,-122.367,1830,6956
15909,20141008T000000,415000.0,3,1.0,1510,6083,1.0,0,0,4,6,860,650,1940,0,98115,47.6966,-122.324,1510,5712
16994,20141021T000000,675000.0,3,2.5,2320,98445,1.0,0,0,4,8,1380,940,1978,0,98072,47.7323,-122.116,2830,54014
16364,20140604T000000,1030000.0,3,1.75,2640,8000,1.0,0,3,4,9,1320,1320,1960,0,98040,47.5826,-122.246,2740,6000
29433,20140804T000000,121800.0,2,1.0,940,8384,1.0,0,0,3,5,940,0,1947,0,98146,47.5065,-122.364,1290,8384
15716,20150423T000000,1030000.0,3,2.75,2780,4000,2.0,0,2,5,8,1960,820,1904,0,98103,47.6565,-122.355,1490,4800
19202,20150128T000000,592000.0,4,2.5,2300,11165,2.0,0,0,4,8,2300,0,1979,0,98008,47.5794,-122.118,2170,11165
11374,20140828T000000,439000.0,3,1.75,1250,7030,1.0,0,0,3,7,1250,0,1965,0,98008,47.6285,-122.118,1460,7210
13029,20140828T000000,380000.0,5,2.5,2760,11340,2.0,0,0,4,9,2760,0,1978,0,98059,47.4769,-122.141,2470,11340
19936,20150303T000000,405000.0,3,2.0,1060,651,3.0,0,0,3,7,1060,0,2007,0,98103,47.6828,-122.345,1440,1501
27655,20150412T000000,285750.0,3,2.25,1960,17126,1.0,0,0,3,8,1400,560,1966,0,98055,47.4436,-122.21,2060,11466
27706,20141002T000000,425000.0,2,1.0,1170,5000,1.0,0,0,4,7,1030,140,1920,0,98136,47.5449,-122.388,1170,5850
32082,20140825T000000,710000.0,4,2.5,2630,8580,1.0,0,0,4,9,1700,930,1977,0,98005,47.5916,-122.166,2430,10240
26977,20140610T000000,695000.0,3,2.5,2550,45254,2.0,0,0,3,9,2550,0,2001,0,98053,47.6498,-121.964,2190,49222
16289,20150222T000000,390000.0,4,2.5,2610,7227,2.0,0,0,3,9,2610,0,2011,0,98010,47.314,-122.023,2630,7421
25707,20140822T000000,736500.0,3,2.0,2230,4800,1.5,0,0,4,7,1290,940,1915,0,98199,47.645,-122.386,1650,5040
26500,20150116T000000,479000.0,3,2.5,1690,3322,2.0,0,0,3,7,1690,0,2003,0,98053,47.6824,-122.036,1650,3446
23968,20140806T000000,300000.0,4,2.5,1910,4862,2.0,0,0,3,7,1910,0,2005,0,98038,47.3607,-122.034,2010,5091
28538,20141103T000000,337000.0,4,2.5,3200,5772,2.0,0,0,3,8,3200,0,2003,0,98042,47.3486,-122.153,3010,5772
29938,20140710T000000,273500.0,3,2.5,1550,3402,2.0,0,0,3,7,1550,0,2009,0,98002,47.3523,-122.212,2095,3402
25508,20150421T000000,269000.0,4,2.5,2060,3608,2.0,0,0,3,7,2060,0,2004,0,98198,47.362,-122.309,2060,3608
14798,20141002T000000,270000.0,4,2.5,1900,8282,1.0,0,0,3,7,1900,0,1968,1997,98022,47.2089,-122.003,1420,8350
29822,20140926T000000,220000.0,4,2.0,1620,5200,1.5,0,0,4,7,1620,0,1978,0,98042,47.3629,-122.091,1500,5200
19689,20140912T000000,510000.0,3,1.75,1920,43560,1.0,0,0,4,7,1340,580,1962,0,98074,47.6052,-122.044,2540,58806
19637,20150327T000000,572000.0,4,2.75,2700,7992,2.0,0,0,3,9,2700,0,2012,0,98059,47.4831,-122.135,2840,7992
15164,20150126T000000,484000.0,4,1.75,2440,16730,1.0,0,0,3,7,1390,1050,1976,0,98072,47.7406,-122.11,1390,11600
11137,20150310T000000,335000.0,3,1.5,1140,15890,1.0,0,0,3,7,840,300,1985,0,98045,47.4752,-121.757,1200,15247
29259,20140721T000000,359950.0,3,2.75,2540,8604,2.0,0,0,3,8,2540,0,1991,0,98092,47.3209,-122.185,2260,7438
21552,20141117T000000,627000.0,3,2.0,2310,10525,2.0,0,0,5,7,2310,0,1965,0,98033,47.6727,-122.174,1430,10523
29681,20140814T000000,875000.0,6,3.25,2820,4536,2.0,0,0,4,8,1930,890,1917,0,98105,47.6688,-122.309,2820,4536
13042,20140821T000000,305000.0,3,2.0,1490,7697,1.0,0,0,3,7,1490,0,1994,0,98059,47.4852,-122.164,1540,7529
31795,20150112T000000,800000.0,4,3.5,2370,3302,2.0,0,0,3,8,1610,760,1926,2014,98103,47.684,-122.341,2170,3800
25861,20141010T000000,430000.0,3,1.75,1720,15225,1.0,0,0,4,7,1020,700,1970,0,98075,47.579,-122.051,1860,13588
31785,20140617T000000,465950.0,4,2.5,2340,6896,2.0,0,0,3,7,2340,0,2001,0,98059,47.4896,-122.14,2950,6775
16947,20141120T000000,460000.0,4,2.0,2090,40419,1.0,0,0,4,7,2090,0,1984,0,98027,47.4691,-121.993,2380,63162
12858,20140623T000000,430000.0,2,1.5,950,4625,1.0,0,0,4,7,950,0,1949,0,98103,47.6912,-122.34,1440,4625
12557,20141117T000000,435000.0,5,1.0,2170,65340,1.5,0,0,4,7,1670,500,1930,0,98011,47.7555,-122.204,3170,12884
19546,20150331T000000,354000.0,3,1.0,990,7590,1.0,0,0,3,6,990,0,1959,0,98008,47.6228,-122.121,1100,7590
26287,20140708T000000,330000.0,3,2.25,2220,4060,1.0,0,0,3,7,1330,890,1993,0,98118,47.5188,-122.265,1930,5625
30274,20150505T000000,260000.0,3,1.75,1680,8725,1.0,0,0,3,8,1240,440,1978,0,98023,47.3107,-122.397,2020,8352
15066,20141203T000000,340000.0,3,1.75,1280,16200,1.0,0,0,3,8,1030,250,1976,0,98077,47.7427,-122.071,1160,10565
28341,20150406T000000,469900.0,3,2.5,2270,4399,2.0,0,0,3,7,2270,0,2007,0,98065,47.5415,-121.884,2060,4399
19555,20141109T000000,373000.0,3,2.5,2990,6771,1.0,0,0,3,7,1550,1440,2003,0,98106,47.5237,-122.353,1800,6771
30135,20140514T000000,337500.0,5,2.0,1700,7314,1.0,0,0,3,7,1000,700,1956,0,98108,47.549,-122.305,2000,7176
30109,20141013T000000,733000.0,4,3.5,3080,5974,2.0,0,0,3,9,3080,0,2003,0,98075,47.6007,-121.974,2950,5425
11353,20150223T000000,458500.0,3,1.75,1250,9605,1.0,0,0,3,7,1250,0,1964,0,98008,47.6325,-122.121,1570,9605
32247,20140509T000000,782000.0,4,2.5,2830,20345,2.0,0,0,3,10,1980,850,1979,0,98004,47.6462,-122.191,2830,13732
13460,20150311T000000,353000.0,4,2.75,2200,268329,1.0,0,0,3,7,1410,790,1989,0,98092,47.3224,-122.122,2240,58806
20153,20150405T000000,545000.0,5,4.0,1680,7268,1.0,0,0,3,8,1370,310,2008,0,98106,47.5571,-122.356,2040,8259
20376,20140910T000000,620000.0,3,2.25,1780,1429,3.0,0,0,3,8,1570,210,2007,0,98109,47.6413,-122.346,1470,1799
16042,20140702T000000,480000.0,3,2.0,1470,10052,1.0,0,0,4,8,1470,0,1956,0,98125,47.726,-122.316,1480,9780
12246,20141104T000000,550000.0,4,2.25,1650,7200,1.0,0,0,3,8,1650,0,1967,0,98008,47.6384,-122.116,2180,7950
29589,20140717T000000,445000.0,3,1.75,1490,10844,1.0,0,0,3,7,1210,280,1974,0,98008,47.6208,-122.106,2090,9944
14523,20140516T000000,250000.0,3,2.0,1900,6660,1.0,0,0,5,7,950,950,1966,0,98038,47.3594,-122.054,1690,8111
31450,20150429T000000,890000.0,4,2.25,2870,8393,1.0,0,0,4,8,1480,1390,1977,0,98040,47.5787,-122.245,2930,9850
13103,20141028T000000,320000.0,2,1.0,1210,7040,1.0,0,0,3,7,1210,0,1952,0,98155,47.745,-122.297,1210,7205
16410,20150217T000000,437000.0,4,1.75,1700,10642,1.0,0,0,4,7,850,850,1954,0,98006,47.5674,-122.142,1610,11200
20404,20140930T000000,176000.0,2,1.0,920,2332,1.0,0,0,4,8,920,0,1980,0,98198,47.3779,-122.32,1310,2853
16630,20141216T000000,739000.0,5,4.0,4660,9900,2.0,0,2,4,9,2600,2060,1979,0,98056,47.5135,-122.2,3380,9900
21033,20150501T000000,748000.0,3,2.5,2600,10183,1.0,0,0,3,8,1300,1300,2004,0,98033,47.6984,-122.201,1860,10401
18613,20150318T000000,555000.0,4,1.75,2320,4800,1.5,0,0,3,7,2170,150,1918,0,98117,47.6893,-122.365,1390,4800
17368,20150123T000000,952990.0,4,2.75,3550,6558,2.0,0,0,3,9,3550,0,2013,0,98052,47.7076,-122.115,3140,5617
11615,20141124T000000,3120000.0,3,3.5,4490,56609,2.0,1,4,3,12,4490,0,1993,0,98034,47.6997,-122.24,2710,51330
18411,20150409T000000,895950.0,5,2.75,3180,9255,2.0,0,0,3,9,3180,0,2014,0,98074,47.6232,-122.023,3180,7782
24934,20140827T000000,490000.0,3,2.25,2550,8588,1.0,0,4,3,9,2550,0,1989,0,98011,47.7711,-122.195,3050,8588
12568,20141009T000000,311000.0,5,3.0,2020,5917,1.0,0,0,3,7,1220,800,1993,0,98108,47.5482,-122.294,2130,5529
19621,20150402T000000,1150000.0,4,3.0,4160,13170,2.0,0,0,3,11,3040,1120,2001,0,98059,47.5182,-122.149,3780,13148
12219,20150326T000000,435000.0,4,2.5,3100,4699,2.0,0,0,3,9,3100,0,2010,0,98038,47.3785,-122.023,2450,5130
16118,20140521T000000,299900.0,3,2.5,2720,6014,2.0,0,0,3,7,2720,0,2002,0,98092,47.3344,-122.174,2760,6537
17132,20150102T000000,345000.0,4,2.25,2320,7350,2.0,0,0,3,8,2320,0,1973,0,98058,47.4512,-122.131,2170,7350
31771,20141118T000000,430000.0,3,1.75,1810,7300,1.0,0,0,4,7,1240,570,1976,0,98034,47.7299,-122.192,1460,7560
22987,20140807T000000,1090000.0,3,1.5,2560,4000,1.5,0,0,5,8,1660,900,1927,0,98112,47.6384,-122.279,2560,4000
22802,20140505T000000,736500.0,4,2.5,3180,21904,2.0,0,3,3,9,3180,0,2000,0,98059,47.515,-122.117,3715,29170
16448,20140602T000000,439800.0,3,1.5,1120,6900,1.0,0,0,5,7,1120,0,1956,0,98007,47.6023,-122.132,1300,7000
30890,20150507T000000,700000.0,4,2.0,2490,4700,1.0,0,0,4,7,1690,800,1952,0,98136,47.5254,-122.392,2240,5000
19869,20140620T000000,595000.0,3,2.75,3290,22649,2.0,0,0,4,8,3290,0,1993,0,98056,47.5241,-122.193,2750,6119
23512,20150108T000000,419000.0,3,2.5,2170,4517,2.0,0,0,3,8,2170,0,2002,0,98059,47.4819,-122.14,2610,4770
17523,20150428T000000,380000.0,3,2.5,2390,8102,2.0,0,0,4,8,2390,0,1986,0,98058,47.4378,-122.16,2310,8606
25607,20150108T000000,1200000.0,4,4.0,4050,9517,2.0,0,0,3,11,3360,690,1990,0,98040,47.5769,-122.215,3330,9436
20403,20140821T000000,178500.0,2,1.0,930,3447,1.0,0,0,4,8,930,0,1978,0,98198,47.3822,-122.318,1160,3447
14315,20140715T000000,355000.0,3,1.0,1600,5001,1.5,0,0,5,6,1080,520,1930,0,98125,47.7232,-122.289,1340,5001
28060,20140812T000000,961500.0,3,2.5,3910,14000,2.0,0,0,3,10,3910,0,1999,0,98008,47.6374,-122.12,2280,14000
32023,20140807T000000,799000.0,5,2.75,2500,19783,1.0,0,3,4,8,2500,0,1959,0,98005,47.5938,-122.174,1700,15375
18049,20140606T000000,595000.0,4,2.5,1990,2175,2.0,0,0,3,8,1680,310,2005,0,98107,47.6696,-122.371,1560,2087
32390,20141009T000000,276000.0,2,1.0,870,2676,1.0,0,0,3,7,820,50,2004,0,98144,47.5702,-122.287,1500,1719
21837,20140630T000000,445800.0,4,2.25,2070,39446,1.0,0,0,3,8,1470,600,1977,0,98155,47.7765,-122.276,2140,12043
11542,20141105T000000,269900.0,3,1.5,1420,22100,1.0,0,0,5,7,1420,0,1957,0,98042,47.4193,-122.149,1540,21780
19333,20150209T000000,599380.0,3,1.75,1270,7350,1.0,0,0,4,7,1270,0,1967,0,98005,47.6046,-122.168,1880,7350
16174,20141223T000000,285000.0,4,2.25,1960,10400,1.0,0,0,4,8,1220,740,1985,0,98023,47.3199,-122.392,1650,8660
23377,20140912T000000,435000.0,4,2.5,1700,6380,1.0,0,0,4,7,850,850,1940,0,98115,47.6988,-122.319,1380,6380
23714,20141017T000000,800000.0,4,2.25,2010,7200,1.0,0,1,4,8,1010,1000,1950,0,98118,47.5591,-122.267,2010,7200
18376,20150220T000000,700000.0,3,2.5,2230,4006,2.0,0,0,3,8,2230,0,2014,0,98133,47.73,-122.335,2230,4180
30728,20140715T000000,850000.0,6,3.25,4920,20590,1.0,0,3,4,9,2730,2190,1960,0,98118,47.5468,-122.267,3700,14994
27142,20141124T000000,315000.0,4,1.75,1850,8580,1.0,0,0,3,7,1140,710,1960,0,98178,47.4877,-122.24,2210,9240
20127,20140625T000000,1010000.0,4,4.5,4225,284011,2.0,0,0,4,11,4225,0,1985,0,98074,47.6118,-122.024,2870,14576
12914,20140710T000000,295000.0,2,1.0,740,4459,1.0,0,2,3,5,740,0,1915,0,98116,47.5704,-122.409,1490,4700
25879,20150108T000000,425000.0,3,1.5,1190,8100,1.0,0,0,3,7,830,360,1947,0,98125,47.7146,-122.311,1256,8100
25269,20140527T000000,326100.0,2,1.0,880,7683,1.0,0,0,3,6,880,0,1942,0,98177,47.7145,-122.361,1370,7695
26603,20150102T000000,782000.0,4,3.5,3780,7769,2.0,0,0,3,9,3110,670,2001,0,98052,47.691,-122.129,3310,7945
17736,20141027T000000,997950.0,4,3.5,4270,117176,2.0,0,0,3,9,4270,0,2008,0,98024,47.5352,-121.883,2610,5251
24681,20150304T000000,690000.0,3,1.0,1090,4000,1.5,0,0,4,7,1090,0,1945,0,98117,47.6846,-122.386,1520,4000
30948,20140819T000000,237000.0,3,1.75,2000,12208,1.0,0,0,3,7,1140,860,1979,0,98032,47.3752,-122.236,1060,8194
31477,20150313T000000,430000.0,2,1.0,950,6426,1.0,0,0,3,7,950,0,1949,0,98126,47.5653,-122.37,1360,2550
25098,20150415T000000,360000.0,4,2.0,1650,7552,1.0,0,0,4,7,860,790,1977,0,98155,47.7765,-122.324,1410,7199
24280,20150507T000000,306500.0,2,1.0,1420,16400,1.5,0,0,4,6,1420,0,1943,0,98023,47.3221,-122.344,1900,16400
15840,20150422T000000,562000.0,2,2.25,1300,1314,3.0,0,0,3,8,1300,0,2008,0,98103,47.6536,-122.356,1300,1312
25316,20140722T000000,255000.0,4,2.75,1760,9222,1.0,0,0,3,7,1140,620,1971,0,98023,47.3099,-122.362,1800,9222
17376,20140627T000000,687500.0,4,2.75,3190,10970,2.0,0,0,3,10,3190,0,1994,0,98075,47.5862,-122.029,2850,8416
11376,20150102T000000,748000.0,4,3.5,2770,3330,2.0,0,0,3,8,1970,800,2001,0,98052,47.6327,-122.109,2180,3380
16618,20140711T000000,575000.0,4,1.75,2440,8100,1.0,0,0,4,9,1620,820,1960,0,98177,47.7201,-122.361,2030,8100
16959,20141111T000000,998000.0,4,3.5,3500,43560,2.0,0,0,3,9,2850,650,2014,0,98006,47.5481,-122.103,3640,40545
23069,20140926T000000,245990.0,3,1.0,1040,8410,1.0,0,0,3,7,1040,0,1942,2014,98188,47.453,-122.289,1350,8410
23164,20140818T000000,454000.0,2,1.0,880,6731,1.0,0,0,4,7,880,0,1950,0,98116,47.5694,-122.395,1240,6731
28172,20150424T000000,585000.0,4,2.5,2910,6250,2.0,0,0,3,8,2910,0,1999,0,98065,47.538,-121.87,2550,6250
21707,20150305T000000,380000.0,4,2.0,1710,9996,1.0,0,0,3,7,1710,0,1950,0,98108,47.5472,-122.3,1550,6768
11258,20150326T000000,170000.0,1,0.75,850,5600,1.0,0,2,3,6,850,0,1903,1994,98019,47.7654,-121.48,900,12250
26894,20150214T000000,605000.0,3,1.75,1930,5400,2.0,0,2,3,9,1930,0,1978,0,98177,47.77,-122.391,2100,6840
30291,20150226T000000,275500.0,3,1.0,1060,7246,1.0,0,0,4,6,1060,0,1981,0,98056,47.4936,-122.165,1090,6694
20469,20150327T000000,585000.0,4,2.5,2200,9099,2.0,0,0,3,8,2200,0,1994,0,98034,47.733,-122.225,2270,8900
27666,20150302T000000,885000.0,4,3.5,3310,6000,2.0,0,2,3,8,2200,1110,2010,0,98136,47.5511,-122.391,1420,6000
15317,20141014T000000,649000.0,3,3.25,1720,936,2.0,0,0,3,8,1030,690,2004,0,98112,47.6201,-122.309,1720,1527
26314,20140716T000000,210000.0,2,1.0,1450,4750,1.0,0,0,3,7,850,600,1950,0,98118,47.5293,-122.272,1190,5000
17906,20140722T000000,475000.0,3,2.5,2630,185130,2.0,0,0,3,9,2630,0,1991,0,98014,47.7035,-121.894,2630,210394
21583,20140620T000000,455000.0,3,2.25,1470,4653,2.0,0,0,4,7,1470,0,1985,0,98029,47.5667,-122.018,1560,4119
17594,20150402T000000,360000.0,2,2.0,1770,7607,1.0,0,0,4,8,1770,0,1987,0,98058,47.4287,-122.163,2090,7109
19151,20150415T000000,423000.0,3,1.75,1100,10005,1.0,0,0,5,7,1100,0,1964,0,98056,47.5374,-122.173,1340,9709
22657,20140929T000000,230500.0,3,2.25,1690,7245,1.0,0,1,3,7,1160,530,1973,0,98003,47.3505,-122.305,1690,6720
13557,20140922T000000,365000.0,3,1.0,950,8450,1.0,0,0,3,7,950,0,1962,0,98033,47.6884,-122.186,1610,10080
17831,20150327T000000,775000.0,4,3.0,2000,5304,1.5,0,0,4,7,2000,0,1947,0,98115,47.6762,-122.285,1670,5304
19648,20140723T000000,587100.0,2,1.0,1190,6967,1.0,0,0,3,7,1190,0,1946,0,98040,47.5896,-122.243,1700,6968
27440,20141229T000000,275000.0,3,2.0,1540,10410,1.0,0,0,4,7,1540,0,1967,0,98198,47.3662,-122.315,1590,7725
30344,20140711T000000,640000.0,4,2.75,3040,7274,2.0,0,3,3,9,2320,720,1986,0,98125,47.7184,-122.28,2830,10080
20051,20140506T000000,562000.0,5,2.25,3040,8111,2.0,0,0,3,8,3040,0,1984,0,98052,47.7157,-122.103,2020,8304
24570,20140523T000000,1050000.0,3,4.0,4380,42769,2.0,0,0,5,11,4380,0,1983,0,98052,47.7167,-122.109,3630,35425
27778,20140528T000000,565000.0,7,4.5,4140,9066,1.0,0,0,3,7,2070,2070,1978,0,98125,47.7302,-122.291,1440,1865
12445,20140625T000000,308000.0,3,1.0,1640,18144,1.5,0,0,3,6,1640,0,1942,0,98168,47.5027,-122.33,1500,9065
26538,20140709T000000,740000.0,4,2.5,3360,15091,2.0,0,0,3,9,3360,0,1997,0,98052,47.6649,-122.135,1930,9936
10851,20140911T000000,1490000.0,5,3.5,3620,7821,2.0,0,2,3,10,2790,830,1958,2010,98040,47.5738,-122.215,2690,9757
10801,20140916T000000,280000.0,6,3.0,2400,9373,2.0,0,0,3,7,2400,0,1991,0,98002,47.3262,-122.214,2060,7316
15362,20150506T000000,298000.0,2,1.0,850,5000,1.0,0,0,3,5,850,0,1907,0,98055,47.4874,-122.207,910,4815
23659,20141114T000000,840000.0,5,2.75,2790,20824,1.0,0,0,3,9,1680,1110,1959,0,98115,47.6948,-122.282,2380,10465
21029,20140826T000000,425000.0,2,1.0,1430,13300,1.5,0,0,3,6,1230,200,1921,0,98033,47.6996,-122.203,1950,11421
19933,20150403T000000,365000.0,4,1.75,3080,32997,1.5,0,0,4,7,3080,0,1950,1982,98168,47.498,-122.321,1980,5711
20184,20140911T000000,452000.0,3,2.75,2300,5090,2.0,0,0,3,8,1700,600,2007,0,98106,47.545,-122.36,1530,9100
31460,20150511T000000,310000.0,3,1.0,1250,10723,1.0,0,0,4,7,1250,0,1961,0,98059,47.4894,-122.135,1520,10723
13743,20140618T000000,265000.0,4,1.5,2050,7100,1.0,0,0,3,7,1050,1000,1963,0,98001,47.3395,-122.28,1950,7350
30387,20141222T000000,600000.0,3,1.75,2300,12682,1.0,0,2,3,8,2300,0,1955,0,98028,47.7588,-122.27,2720,14643
22010,20140922T000000,390000.0,3,1.5,1180,7700,1.0,0,0,4,7,1180,0,1959,0,98007,47.6133,-122.133,1510,8800
13403,20141021T000000,387000.0,2,2.5,1170,1394,2.0,0,0,3,8,1170,0,2001,0,98122,47.6131,-122.297,1250,3136
19536,20150325T000000,425000.0,3,2.5,1800,14036,2.0,0,0,3,8,1800,0,1993,0,98019,47.7334,-121.97,2450,14025
22394,20150409T000000,845000.0,4,2.5,2970,9072,2.0,0,0,3,10,2970,0,1991,0,98006,47.562,-122.114,2740,8729
19559,20141229T000000,271000.0,2,1.0,710,4240,1.0,0,0,4,6,710,0,1942,0,98106,47.5226,-122.351,850,5200
26968,20141204T000000,340000.0,4,2.5,2690,6099,2.0,0,0,3,9,2690,0,1998,0,98092,47.3314,-122.171,2520,6168
11226,20150225T000000,500000.0,3,1.0,1440,54315,1.0,0,0,3,7,790,650,1974,0,98075,47.591,-122.01,2690,40518
21808,20141016T000000,850000.0,3,3.5,2620,11148,2.0,0,4,4,9,2060,560,1977,0,98008,47.5845,-122.115,2590,10796
20600,20141106T000000,215500.0,3,2.0,1380,9000,2.0,0,0,2,7,1380,0,1946,1982,98001,47.2613,-122.248,1460,9732
13996,20140709T000000,425000.0,2,1.0,1320,8830,1.0,0,0,3,7,1020,300,1939,0,98199,47.6433,-122.404,1620,8531
15101,20140821T000000,520000.0,11,3.0,3000,4960,2.0,0,0,3,7,2400,600,1918,1999,98106,47.556,-122.363,1420,4960
20115,20140624T000000,362500.0,4,1.75,1450,8450,1.0,0,0,3,7,1450,0,1960,0,98027,47.5289,-122.028,1540,8450
30711,20140603T000000,548000.0,3,2.5,2110,4099,2.0,0,0,3,8,2110,0,2001,0,98072,47.7508,-122.17,2110,4871
19496,20141107T000000,230000.0,3,1.0,1360,9310,1.0,0,0,4,7,1020,340,1980,0,98056,47.4901,-122.185,1480,8330
30196,20150513T000000,242150.0,4,1.75,1490,8544,1.0,0,0,4,7,1490,0,1970,0,98031,47.3894,-122.166,1180,8372
12365,20141016T000000,305000.0,2,1.5,800,2142,2.0,0,0,3,7,800,0,2006,0,98144,47.5917,-122.297,1320,2742
17492,20150402T000000,690000.0,3,1.5,1710,17707,1.0,0,0,4,7,1180,530,1947,0,98040,47.5393,-122.216,2590,9508
10982,20140701T000000,300000.0,3,2.25,1660,5128,2.0,0,0,3,7,1660,0,2001,0,98019,47.7362,-121.967,1680,4652
22645,20150506T000000,359000.0,4,2.5,2640,7883,2.0,0,0,3,8,2640,0,1990,0,98092,47.3124,-122.188,2150,7683
11859,20140815T000000,866800.0,4,3.5,2970,5000,2.0,0,2,3,9,2200,770,2001,0,98117,47.6772,-122.399,1470,4560
12785,20150422T000000,390000.0,3,2.5,1310,1254,2.0,0,0,3,7,850,460,2007,0,98116,47.5622,-122.384,1310,1372
29562,20140707T000000,593000.0,3,2.75,1830,1850,2.0,0,0,3,10,1690,140,2011,0,98027,47.5307,-122.074,2310,2680
18659,20140723T000000,865000.0,3,3.75,3830,219106,2.0,0,0,3,9,3830,0,1977,1999,98027,47.5432,-121.952,2440,219106
16347,20150220T000000,1080000.0,3,2.5,1990,1891,3.0,0,0,3,9,1990,0,2012,0,98102,47.6271,-122.324,1990,3600
11869,20141006T000000,760750.0,3,2.5,3190,49137,2.0,0,0,3,9,3190,0,1988,0,98074,47.6027,-122.043,3240,53143
20479,20140806T000000,365000.0,2,1.75,1270,7500,1.0,0,0,4,7,1270,0,1982,0,98074,47.6186,-122.063,1280,7500
31112,20141029T000000,389500.0,5,3.5,2960,12527,2.0,0,0,3,9,1940,1020,1986,0,98023,47.3134,-122.35,2210,10952
27920,20140821T000000,756000.0,3,2.5,2160,7525,2.0,0,0,3,9,2160,0,1986,0,98052,47.6608,-122.145,2470,7941
13943,20150119T000000,243000.0,3,1.75,1200,8034,1.0,0,0,5,7,1200,0,1975,0,98031,47.4135,-122.18,1270,7600
17838,20140623T000000,458500.0,3,2.0,1890,1599,2.0,0,0,3,9,1430,460,2012,0,98136,47.5438,-122.385,1780,1562
15471,20150211T000000,889950.0,5,3.5,3700,7055,2.0,0,0,3,9,3700,0,2014,0,98074,47.5929,-122.057,3170,6527
11080,20141201T000000,355000.0,5,2.5,2540,5100,2.0,0,0,3,7,2540,0,2014,0,98168,47.5123,-122.316,1400,9440
12273,20150420T000000,361500.0,4,2.75,2190,6740,2.0,0,0,3,7,2190,0,1995,0,98038,47.3804,-122.027,1950,7150
31116,20150504T000000,369000.0,4,2.5,2550,7349,2.0,0,0,3,9,2550,0,1989,0,98023,47.3059,-122.349,2400,8508
20152,20150429T000000,545000.0,5,3.75,2380,7268,1.0,0,0,3,8,1430,950,2008,0,98106,47.5571,-122.357,2040,10810
22079,20140729T000000,441000.0,3,2.0,1720,15000,1.0,0,0,3,9,1720,0,2011,0,98014,47.6927,-121.92,1900,15337
12228,20141128T000000,975000.0,4,3.5,3130,52322,2.0,0,0,3,9,2430,700,2011,0,98005,47.5932,-122.159,3200,5820
29439,20140828T000000,340000.0,3,1.75,1720,10710,1.0,0,0,3,7,860,860,1957,0,98146,47.5092,-122.362,1480,10359
29117,20140602T000000,580000.0,4,2.5,2220,7064,2.0,0,0,3,8,2220,0,1988,0,98029,47.5716,-122.022,2220,7451
20881,20150323T000000,349950.0,4,3.5,2796,3520,2.5,0,0,3,8,2796,0,2013,0,98001,47.3427,-122.278,2040,5195
21188,20141114T000000,430000.0,3,2.0,2350,12480,1.0,0,0,3,7,1600,750,1981,0,98028,47.7661,-122.262,2160,12000
26656,20141001T000000,655000.0,4,2.5,3340,34238,1.0,0,0,4,8,2060,1280,1977,0,98077,47.7654,-122.076,2400,36590
32192,20150414T000000,380000.0,4,2.5,1940,3200,2.0,0,0,3,8,1940,0,2004,0,98058,47.4583,-122.118,1900,3200
11820,20140619T000000,499000.0,3,1.75,1840,5000,1.0,0,0,4,7,920,920,1910,0,98117,47.6808,-122.376,1220,5000
28367,20140617T000000,386000.0,2,2.5,1620,3196,2.0,0,0,3,8,1620,0,2008,0,98065,47.5167,-121.878,1750,2828
26080,20141007T000000,250000.0,3,1.0,930,6060,1.0,0,0,4,6,930,0,1973,0,98118,47.5289,-122.28,1640,6364
26018,20141110T000000,593000.0,5,2.5,2640,4400,1.5,0,0,5,7,1840,800,1925,0,98122,47.605,-122.3,1720,4400
23199,20140618T000000,711000.0,4,1.75,1980,10800,1.0,0,0,5,6,990,990,1948,0,98040,47.5768,-122.222,2180,10800
23397,20150422T000000,458000.0,3,1.5,1470,9570,1.0,0,0,3,7,1280,190,1941,0,98125,47.7032,-122.306,1390,9570
12567,20140714T000000,308000.0,4,2.5,2330,4606,2.0,0,0,3,8,2330,0,2004,0,98031,47.3934,-122.184,2330,5783
25754,20140701T000000,739900.0,5,2.5,3290,5029,2.0,0,0,3,8,3290,0,2004,0,98075,47.5773,-122.056,2990,6441
16863,20140812T000000,850000.0,3,2.25,1950,3600,1.5,0,0,5,8,1430,520,1911,0,98119,47.637,-122.363,1950,3600
26648,20150313T000000,663500.0,2,1.0,1310,5200,1.0,0,0,3,7,910,400,1946,0,98115,47.6784,-122.304,1320,4794
19291,20150327T000000,325000.0,2,1.0,1060,6050,1.0,0,0,3,7,940,120,1939,0,98125,47.7028,-122.321,1540,5279
23733,20140805T000000,485000.0,3,1.75,2590,8384,1.0,0,0,4,8,1590,1000,1971,0,98011,47.7739,-122.199,2590,8800
19322,20140822T000000,600000.0,3,2.5,4930,77536,2.0,0,0,3,9,3930,1000,1981,0,98072,47.7634,-122.139,2760,7351
17714,20150305T000000,605000.0,3,2.5,2460,138085,2.0,0,0,4,9,2460,0,1977,0,98027,47.4572,-122.007,2090,219542
21322,20140619T000000,585000.0,4,2.5,2840,11044,2.0,0,0,3,8,2840,0,2001,0,98034,47.7134,-122.237,1934,9605
31008,20140602T000000,455000.0,2,1.0,1140,5720,1.0,0,0,3,7,850,290,1947,0,98115,47.6827,-122.298,1410,5832
20635,20150319T000000,299950.0,2,1.0,890,5200,1.0,0,0,4,6,890,0,1941,0,98126,47.5311,-122.373,950,5200
13012,20141029T000000,387000.0,3,1.75,1810,10800,1.0,0,0,5,8,1210,600,1968,0,98056,47.5236,-122.184,1800,10800
31069,20150107T000000,3570000.0,5,4.5,4850,10584,2.0,1,4,3,10,3540,1310,2007,0,98008,47.5943,-122.11,3470,18270
25796,20150415T000000,1850000.0,4,2.5,3830,11972,1.0,1,4,3,11,2370,1460,1981,0,98155,47.7404,-122.284,3080,12297
12687,20150129T000000,168500.0,2,1.0,1020,7742,1.0,0,0,4,6,1020,0,1935,1978,98168,47.499,-122.301,1510,7742
21409,20140502T000000,382500.0,4,1.75,1560,8700,1.0,0,0,4,7,1560,0,1967,0,98034,47.7274,-122.181,2080,8000
20865,20150116T000000,218500.0,3,1.75,1390,9328,1.0,0,0,4,7,1390,0,1987,0,98092,47.2766,-122.146,1550,8374
23975,20150309T000000,549500.0,3,1.75,1620,8438,1.0,0,0,4,8,1620,0,1961,0,98125,47.703,-122.281,2040,9450
12376,20150505T000000,250000.0,3,2.5,1730,7200,2.0,0,0,4,7,1730,0,1985,0,98031,47.4029,-122.196,1770,7396
30614,20140820T000000,1480000.0,4,3.5,5220,15411,2.0,0,3,3,11,3550,1670,2006,0,98075,47.592,-122.085,3110,14124
17290,20150508T000000,410000.0,4,2.5,3320,5034,2.0,0,0,4,7,3320,0,2006,0,98042,47.4011,-122.164,2580,4950
22377,20150401T000000,220000.0,3,2.5,1980,11900,2.0,0,0,3,8,1980,0,1990,0,98092,47.2656,-122.217,2130,9933
21145,20140725T000000,468000.0,4,1.75,2250,8580,1.0,0,0,4,7,1330,920,1958,0,98011,47.7633,-122.199,2250,10032
18297,20140714T000000,600000.0,4,1.5,1770,6014,1.5,0,0,4,7,1240,530,1946,0,98116,47.5773,-122.393,1740,6014
21605,20141010T000000,690000.0,5,3.25,3370,7313,2.0,0,0,4,8,2140,1230,1988,0,98029,47.5632,-122.015,2990,7806
21225,20140624T000000,751000.0,4,3.25,3090,9571,2.0,0,0,3,9,2370,720,2004,0,98052,47.7058,-122.131,3630,9110
31472,20141114T000000,335000.0,3,2.5,1090,1139,2.0,0,0,3,8,960,130,2009,0,98126,47.5664,-122.369,1400,1348
13312,20141003T000000,639000.0,4,2.5,1990,8034,2.0,0,0,4,10,1990,0,1989,0,98029,47.561,-122.018,2580,8034
28784,20140805T000000,460000.0,3,1.75,1370,8467,1.0,0,0,4,7,970,400,1972,0,98052,47.6644,-122.145,1650,8472
26032,20140901T000000,438924.0,3,1.5,1050,4590,1.0,0,0,3,7,850,200,1949,0,98115,47.6943,-122.29,1770,5400
15732,20141126T000000,525000.0,1,1.0,830,3200,1.0,0,0,3,7,830,0,1924,0,98103,47.6557,-122.348,1350,2512
13261,20141121T000000,674250.0,4,2.5,2780,35000,1.0,0,0,4,9,2780,0,1985,0,98072,47.7386,-122.091,2740,35072
16660,20150507T000000,284000.0,3,2.25,1580,7034,1.0,0,0,4,7,1180,400,1989,0,98038,47.3564,-122.04,1470,7358
15718,20140701T000000,500000.0,2,1.0,950,4500,1.0,0,2,3,7,850,100,1926,0,98103,47.6562,-122.354,1670,4000
26108,20140919T000000,699000.0,3,2.0,1820,4080,2.0,0,2,3,8,1820,0,1937,1987,98107,47.6735,-122.401,2160,5400
30273,20150414T000000,231000.0,3,1.75,1220,8817,1.0,0,0,3,7,1220,0,1978,0,98023,47.3111,-122.396,2000,8028
16610,20141101T000000,353000.0,3,2.5,1250,864,3.0,0,0,3,8,1250,0,2004,0,98115,47.6978,-122.318,1330,2298
15398,20150310T000000,441000.0,3,2.5,1890,11036,1.0,0,0,3,8,1460,430,1973,0,98133,47.7426,-122.354,2040,7524
13531,20141215T000000,500000.0,3,1.5,1680,17409,1.0,0,0,3,7,1680,0,1962,0,98033,47.6766,-122.176,1680,9101
22191,20140918T000000,299980.0,4,1.5,1580,10230,1.0,0,0,3,6,790,790,1945,2008,98178,47.5002,-122.246,1130,6955
30835,20150408T000000,767500.0,4,2.0,2350,4815,1.5,0,0,4,7,1450,900,1914,0,98103,47.6681,-122.338,1640,4013
16921,20150511T000000,640000.0,4,2.5,4090,215186,2.0,0,0,4,8,3670,420,1979,0,98092,47.2964,-122.116,2430,142005
11007,20141201T000000,495000.0,4,3.0,3620,403693,2.0,0,2,3,9,3620,0,1980,0,98022,47.2527,-121.98,2230,148811
17612,20150120T000000,760000.0,4,2.25,2590,12600,2.0,0,0,3,9,2590,0,1979,0,98006,47.5566,-122.162,2620,11050
18591,20150413T000000,392500.0,3,1.0,1100,7650,1.0,0,0,3,7,1100,0,1952,0,98133,47.7219,-122.354,1430,7650
30447,20140507T000000,100000.0,2,1.0,910,22000,1.0,0,0,3,6,910,0,1956,0,98001,47.2777,-122.252,1326,9891
24529,20141103T000000,660000.0,3,2.25,1570,1680,3.0,0,0,3,8,1570,0,2014,0,98103,47.6585,-122.348,1290,1870
22729,20141205T000000,299500.0,3,1.0,1280,6726,1.0,0,0,3,6,1280,0,1958,0,98144,47.5724,-122.301,1630,5000
23254,20140502T000000,440000.0,4,2.25,2160,8119,1.0,0,0,3,8,1080,1080,1966,0,98006,47.5443,-122.177,1850,9000
12686,20150223T000000,614000.0,4,2.75,2760,8160,1.5,0,2,4,8,1780,980,1940,0,98177,47.7248,-122.365,2720,8160
26377,20150331T000000,850000.0,2,1.5,2210,5000,1.0,0,2,3,8,1530,680,1951,0,98122,47.6122,-122.288,2700,5000
17800,20150327T000000,603500.0,3,1.75,2140,7280,1.0,0,0,3,7,1070,1070,1910,0,98117,47.6993,-122.377,2280,8400
30250,20140521T000000,318989.0,4,2.25,2000,9000,1.0,0,0,4,8,2000,0,1978,0,98023,47.3125,-122.387,2190,8374
13898,20140521T000000,1510000.0,4,3.25,3660,5800,2.5,0,0,3,10,3360,300,1909,1995,98112,47.6283,-122.312,3240,5800
25704,20140924T000000,296000.0,3,2.5,1560,5845,2.0,0,0,3,7,1560,0,2003,0,98038,47.3851,-122.029,1860,5752
29641,20140818T000000,550000.0,4,2.5,2890,9045,2.0,0,0,3,8,2890,0,2001,0,98019,47.7385,-121.965,2840,10114
19477,20140910T000000,419000.0,3,2.5,3310,21096,2.0,0,2,3,9,3310,0,2004,0,98023,47.3049,-122.386,3310,13835
16184,20141126T000000,705000.0,3,3.0,1970,20978,2.0,1,3,4,9,1770,200,1980,0,98070,47.3844,-122.438,2280,75396
24731,20140811T000000,390000.0,2,1.0,930,3100,1.0,0,0,3,6,930,0,1911,0,98144,47.5943,-122.302,1670,3800
11984,20140630T000000,669500.0,4,2.25,2500,4046,1.5,0,0,4,7,1520,980,1940,0,98117,47.6882,-122.382,1410,4046
25725,20140605T000000,355500.0,3,2.5,2600,5540,2.0,0,0,3,8,2600,0,2004,0,98038,47.3446,-122.041,2600,5540
19121,20141103T000000,508000.0,2,1.0,1200,2500,2.0,0,2,3,7,1090,110,1927,0,98112,47.6304,-122.301,2690,4800
20886,20140707T000000,445000.0,2,2.0,1240,2500,2.0,0,0,3,7,1240,0,1985,0,98117,47.6793,-122.395,1660,5000
29533,20141206T000000,615000.0,3,3.5,2710,3326,2.0,0,0,3,8,1650,1060,2005,0,98027,47.5371,-122.073,2280,2738
22891,20140904T000000,229000.0,3,2.0,1760,9900,1.0,0,0,4,7,1760,0,1943,0,98166,47.4783,-122.338,1190,9900
11530,20140814T000000,375000.0,4,2.5,2310,7800,2.0,0,0,3,8,2310,0,2011,0,98042,47.3737,-122.164,2310,7140
22521,20140826T000000,240000.0,3,1.75,1520,9600,1.0,0,0,3,8,1520,0,1966,0,98023,47.3263,-122.365,2060,9600
17081,20150423T000000,400000.0,3,2.5,2080,7877,2.0,0,0,3,9,2080,0,1987,0,98058,47.4395,-122.151,2550,7660
19257,20140509T000000,360000.0,2,1.0,1420,81892,1.0,0,0,3,7,1180,240,1956,0,98055,47.4342,-122.195,1490,1863
29965,20150324T000000,290000.0,3,2.0,1360,6685,1.0,0,0,3,7,1360,0,1952,0,98155,47.7365,-122.324,1300,8138
28742,20141001T000000,412000.0,2,1.0,1040,5120,1.0,0,0,3,7,1040,0,1901,0,98122,47.6048,-122.312,1250,4000
24007,20140929T000000,405000.0,2,2.5,1790,5400,2.0,0,0,4,8,1790,0,1979,0,98052,47.6606,-122.128,1700,5760
32214,20140610T000000,650000.0,4,2.25,2560,9731,2.0,0,0,4,7,2560,0,1973,0,98034,47.7261,-122.246,1860,9731
30969,20140909T000000,1100000.0,4,4.0,3770,8899,2.0,0,0,3,10,2940,830,2006,0,98074,47.6476,-122.079,3300,8308
24321,20150210T000000,593500.0,5,3.25,4300,50405,2.0,0,0,3,8,3220,1080,1972,0,98027,47.4615,-122.0,2680,41684
19969,20140623T000000,275000.0,3,1.0,1080,6000,1.0,0,0,4,7,1080,0,1952,0,98133,47.7579,-122.33,1200,7210
17841,20141104T000000,660000.0,3,2.25,2280,6150,2.0,0,2,3,8,2280,0,1984,0,98136,47.5423,-122.385,1920,6150
32007,20141208T000000,1320000.0,4,3.0,2860,10292,1.0,0,0,4,8,2860,0,1953,1999,98004,47.6286,-122.206,1840,10273
17280,20141218T000000,623500.0,4,3.0,1550,3350,1.0,0,0,3,7,860,690,1918,2014,98107,47.6583,-122.362,1310,5000
17917,20141029T000000,246950.0,3,3.5,1790,1682,2.0,0,0,3,7,1480,310,2006,0,98108,47.542,-122.321,1150,4000
13958,20140804T000000,1400000.0,4,2.5,4040,9630,1.0,0,3,4,9,2020,2020,1951,0,98199,47.6408,-122.41,3160,8025
29212,20140801T000000,1310000.0,5,2.5,2770,8100,2.0,0,0,3,9,2770,0,2002,0,98004,47.6341,-122.208,2070,8100
12472,20141105T000000,1850000.0,4,3.25,3480,6000,3.0,0,0,3,8,3480,0,2014,0,98109,47.6353,-122.353,2200,4080
28146,20140701T000000,307000.0,3,1.0,1150,6000,1.5,0,0,3,7,1150,0,1927,0,98045,47.4963,-121.787,1210,7700
23026,20140922T000000,848000.0,3,3.5,3010,5717,2.0,0,0,3,10,3010,0,2000,0,98007,47.5943,-122.15,2780,5138
28529,20141015T000000,315450.0,3,1.75,1130,7500,1.5,0,0,4,7,1130,0,1908,0,98108,47.5254,-122.318,1240,6000
24211,20150126T000000,610000.0,5,3.25,3490,23400,1.0,0,0,4,8,1890,1600,1957,0,98006,47.5701,-122.124,2660,12400
19650,20140619T000000,385000.0,3,1.75,2310,11200,1.0,0,0,4,8,1630,680,1978,0,98030,47.3637,-122.21,2350,13300
32021,20140926T000000,330000.0,3,1.75,1590,9417,1.0,0,0,4,7,1590,0,1954,0,98177,47.7617,-122.36,1600,9272
28916,20140626T000000,253500.0,3,1.0,1640,12384,1.0,0,0,4,7,1090,550,1954,0,98003,47.3256,-122.298,1550,11200
15821,20140905T000000,740000.0,4,2.0,2050,4400,1.5,0,0,4,9,2050,0,1922,0,98102,47.644,-122.319,2320,5500
13350,20140731T000000,446000.0,4,2.0,1940,6350,1.0,0,0,4,7,970,970,1951,0,98103,47.6948,-122.357,960,6350
27328,20150112T000000,565000.0,4,2.5,2500,12090,1.0,0,0,3,9,2500,0,1983,0,98074,47.6346,-122.045,3380,12760
10907,20140923T000000,393000.0,2,1.0,980,3350,1.0,0,0,4,7,980,0,1925,0,98103,47.6858,-122.352,1260,4000
18484,20140512T000000,635000.0,3,2.5,1570,1433,3.0,0,0,3,8,1570,0,2010,0,98103,47.6858,-122.336,1570,2652
24763,20140826T000000,400000.0,3,1.75,1330,9143,1.0,0,0,3,7,1330,0,1960,0,98006,47.5538,-122.176,1950,10384
15224,20141222T000000,379000.0,4,2.75,2410,5225,2.0,0,0,3,8,2410,0,2001,0,98058,47.4244,-122.151,2300,5378
23650,20141010T000000,490000.0,3,2.25,2380,6000,1.0,0,0,3,8,2040,340,1961,0,98115,47.6955,-122.275,1680,7200
13846,20141202T000000,387500.0,4,2.5,3190,9856,2.0,0,0,3,8,3190,0,1979,0,98058,47.4445,-122.126,2260,7996
23945,20141209T000000,323000.0,3,1.75,1910,8329,1.0,0,0,3,8,1910,0,2004,0,98022,47.19,-122.016,2510,9259
25501,20140512T000000,201000.0,3,1.0,1460,9750,1.0,0,0,4,7,1460,0,1969,0,98042,47.3242,-122.144,1270,9750
23875,20140801T000000,289950.0,4,1.75,1500,8400,1.0,0,0,3,7,1200,300,1956,0,98188,47.4531,-122.273,1780,9913
29132,20150504T000000,550000.0,3,2.5,1980,9061,2.0,0,0,4,8,1980,0,1987,0,98074,47.6366,-122.029,1930,8869
24679,20150120T000000,352500.0,2,2.5,980,1010,3.0,0,0,3,8,980,0,2008,0,98117,47.6844,-122.387,980,1023
27392,20140626T000000,663000.0,3,2.0,1480,3876,1.0,0,0,5,7,860,620,1928,0,98117,47.6808,-122.382,1660,3774
31146,20140828T000000,456000.0,3,2.0,1870,8442,1.5,0,0,5,7,1060,810,1927,0,98117,47.6964,-122.365,1640,6174
28101,20140613T000000,153000.0,3,1.0,1270,6405,1.5,0,0,3,6,1270,0,1944,0,98178,47.4959,-122.241,1110,6405
13082,20141216T000000,645000.0,4,2.25,2070,8720,1.0,0,0,5,8,1360,710,1974,0,98033,47.6678,-122.182,2180,8510
31728,20140924T000000,425000.0,2,1.0,2110,4920,1.5,0,0,3,7,1460,650,1911,0,98103,47.6872,-122.339,1390,4732
11662,20150415T000000,265000.0,3,1.0,1360,5967,1.0,0,0,3,6,1360,0,1954,0,98178,47.4973,-122.256,1360,6052
21422,20140826T000000,474950.0,5,2.5,2080,8347,1.0,0,0,4,7,1460,620,1975,0,98034,47.7334,-122.168,1840,7713
25108,20150420T000000,419600.0,3,1.75,1680,8460,1.0,0,0,3,7,1180,500,1976,0,98133,47.7554,-122.353,1890,9529
21697,20150423T000000,824500.0,4,2.5,2610,3500,1.5,0,0,5,7,1610,1000,1927,0,98115,47.6848,-122.326,1820,3900
14647,20140820T000000,319000.0,2,1.0,780,8271,1.0,0,0,4,6,780,0,1924,0,98115,47.7,-122.3,2220,8271
11889,20150102T000000,440000.0,4,2.75,2420,10200,1.0,0,0,3,8,1220,1200,1962,0,98034,47.72,-122.236,2240,9750
30644,20150413T000000,395000.0,2,1.75,1210,1161,2.0,0,0,3,8,1210,0,2014,0,98029,47.5513,-121.998,1700,2285
24152,20140819T000000,303000.0,4,2.5,2100,6783,2.0,0,0,3,8,2100,0,2003,0,98042,47.3504,-122.141,2100,6192
18967,20140505T000000,398750.0,3,2.5,2230,4000,2.0,0,0,3,7,2230,0,1954,0,98144,47.5801,-122.306,1310,4000
32255,20150225T000000,1300000.0,3,2.0,2350,15021,1.0,0,0,4,8,1770,580,1976,0,98004,47.6408,-122.219,3530,15715
27205,20150112T000000,338500.0,4,2.5,2390,6111,2.0,0,0,3,8,2390,0,1997,0,98030,47.3677,-122.173,2520,6500
17208,20140626T000000,879000.0,4,2.75,4230,31747,2.0,0,0,4,10,4230,0,1985,0,98072,47.731,-122.132,4080,35576
12489,20150401T000000,1070000.0,3,2.5,2130,3545,3.0,0,0,5,9,2130,0,1990,0,98109,47.6389,-122.349,1970,3464
27397,20140925T000000,417000.0,2,1.0,1190,5100,1.5,0,0,2,7,1190,0,1928,0,98117,47.6773,-122.382,1920,5100
29225,20140729T000000,267500.0,3,1.75,1650,7807,1.0,0,0,3,7,1650,0,1986,0,98030,47.3514,-122.167,1810,8475
19274,20141030T000000,685100.0,4,2.5,2790,5423,2.0,0,0,3,9,2790,0,1999,0,98074,47.6085,-122.017,2450,6453
26897,20140821T000000,1300000.0,2,2.5,2910,19449,2.0,1,4,5,9,1940,970,1985,0,98177,47.7729,-122.393,2540,23598
16295,20150102T000000,625000.0,3,2.25,1920,8412,1.0,0,2,3,8,1460,460,1977,0,98006,47.5578,-122.132,2490,8700
32153,20140714T000000,980000.0,5,2.5,2750,6000,1.5,0,0,3,8,1750,1000,1904,1994,98103,47.6729,-122.334,1520,4158
26662,20150417T000000,595000.0,4,2.5,2360,43017,2.0,0,0,3,9,2360,0,1989,0,98077,47.774,-122.077,2750,40334
17529,20150211T000000,419625.0,4,2.5,2680,11590,2.0,0,0,4,9,2680,0,1988,0,98058,47.4395,-122.163,2580,8225
23051,20150220T000000,278500.0,4,1.0,1540,8400,1.0,0,0,3,7,770,770,1971,0,98058,47.4278,-122.152,1520,9891
13983,20141007T000000,485000.0,3,1.0,1130,5758,1.0,0,0,3,7,960,170,1939,0,98199,47.6413,-122.401,1510,6000
15551,20150309T000000,635000.0,5,1.75,2240,4750,1.0,0,0,4,7,1120,1120,1920,0,98115,47.6727,-122.293,1980,4750
22770,20150501T000000,625000.0,3,2.5,3220,6409,2.0,0,0,3,9,3220,0,2008,0,98059,47.4815,-122.127,3330,6231
12290,20140804T000000,1240000.0,5,3.25,5790,13726,2.0,0,3,3,10,4430,1360,2014,0,98006,47.5388,-122.114,5790,13726
14006,20141201T000000,283450.0,5,2.75,2770,6116,1.0,0,0,3,7,1490,1280,1979,0,98168,47.4847,-122.291,1920,6486
14606,20141024T000000,567500.0,3,2.5,3090,67082,2.0,0,0,3,9,3090,0,1990,0,98038,47.4032,-122.023,3650,62290
14336,20141204T000000,385000.0,4,2.5,2630,5701,2.0,0,0,3,7,2630,0,2010,0,98042,47.375,-122.16,2770,5939
17526,20140916T000000,348000.0,4,2.5,2720,7697,1.0,0,0,4,8,2120,600,1987,0,98058,47.4391,-122.161,2340,7700
24473,20150224T000000,386000.0,3,1.5,1550,8000,1.0,0,0,3,6,1330,220,1980,0,98118,47.5536,-122.286,1150,5150
30649,20140804T000000,472217.0,3,2.5,2010,2212,2.0,0,0,3,8,1390,620,2014,0,98029,47.5523,-121.998,1690,1619
32064,20141218T000000,299900.0,4,2.5,1580,3632,2.0,0,0,3,7,1580,0,2011,0,98038,47.3672,-122.019,1950,3800
23221,20140916T000000,260000.0,4,2.75,2250,7345,1.0,0,0,4,8,1320,930,1984,0,98023,47.2895,-122.37,1800,6950
17585,20140826T000000,756000.0,4,2.5,2730,10753,2.0,0,0,3,9,2730,0,1991,0,98006,47.5414,-122.133,3090,10740
21675,20141110T000000,575000.0,4,2.5,2040,5508,2.0,0,0,4,8,2040,0,1996,0,98029,47.5719,-122.007,2130,5496
25769,20140714T000000,385000.0,3,1.0,1030,3000,1.0,0,0,3,7,830,200,1924,0,98115,47.6813,-122.317,1830,3000
26970,20140519T000000,390000.0,4,2.5,2490,8290,2.0,0,0,3,9,2490,0,1999,0,98092,47.3305,-122.171,2690,7008
12958,20140618T000000,540000.0,4,2.5,2050,34222,2.0,0,0,4,8,2050,0,1989,0,98077,47.7572,-122.022,2240,51400
14143,20141119T000000,576925.0,4,2.5,2630,6100,2.0,0,0,3,8,2630,0,2004,0,98072,47.7735,-122.167,2360,5765
30020,20141014T000000,439888.0,2,2.0,1300,6515,1.0,0,0,3,8,1300,0,2005,0,98053,47.7078,-122.013,1640,6009
23880,20140813T000000,249000.0,3,1.75,2120,18335,1.0,0,0,3,7,1380,740,1961,0,98188,47.451,-122.273,2050,18333
17483,20141105T000000,302000.0,3,1.0,1600,1950,2.0,0,0,2,7,1600,0,1906,0,98122,47.6028,-122.312,1310,1138
13211,20140710T000000,540500.0,3,2.0,2800,185130,1.0,0,0,3,8,2320,480,1996,0,98038,47.4133,-122.006,2200,72055
31496,20140722T000000,425000.0,3,1.75,1380,8182,1.0,0,0,5,7,1380,0,1942,0,98133,47.7513,-122.349,1300,8188
27802,20150121T000000,205000.0,4,1.5,1420,8063,1.0,0,0,3,7,940,480,1962,0,98198,47.4174,-122.316,1330,7515
20054,20141119T000000,2400000.0,4,3.75,4090,24825,2.0,0,0,4,11,3400,690,1926,0,98102,47.6338,-122.319,3910,11500
23628,20150211T000000,600000.0,5,2.25,2760,6350,1.0,0,0,3,7,1380,1380,1958,0,98126,47.5561,-122.379,2060,6342
26148,20140820T000000,278000.0,5,1.75,2170,9752,1.0,0,0,3,7,1100,1070,1962,0,98003,47.3355,-122.331,1810,10609
22852,20150421T000000,675000.0,3,2.75,3370,5350,1.5,0,1,4,7,2310,1060,1910,0,98136,47.5373,-122.39,1720,5618
29179,20141107T000000,574000.0,3,2.0,2060,7000,1.0,0,0,4,9,2060,0,1988,0,98029,47.5644,-122.012,2110,7000
21815,20140916T000000,155000.0,2,1.0,810,4755,1.0,0,0,3,7,810,0,1980,0,98118,47.5313,-122.28,1180,4755
17821,20150105T000000,423000.0,4,2.25,2200,9351,1.0,0,0,5,7,1290,910,1962,0,98133,47.7448,-122.333,1910,8660
29841,20140630T000000,530000.0,4,2.25,1980,15086,2.0,0,0,3,8,1980,0,1981,0,98074,47.647,-122.064,2100,10927
26260,20141230T000000,495000.0,3,2.25,2100,3000,2.0,0,0,3,7,2100,0,1996,0,98144,47.595,-122.306,1650,4500
19984,20140828T000000,546800.0,4,2.25,2170,10000,1.0,0,0,3,8,1420,750,1975,0,98008,47.6219,-122.109,2390,11000
17738,20150314T000000,399950.0,3,2.25,1560,11997,1.0,0,0,3,7,1260,300,1988,0,98065,47.5378,-121.742,1820,36590
31637,20140617T000000,430000.0,3,2.0,1730,9000,1.0,0,0,3,8,1370,360,1978,0,98027,47.5202,-122.047,2390,10000
13891,20150312T000000,293000.0,2,2.25,1610,1968,2.0,0,0,4,7,1610,0,1979,0,98056,47.5184,-122.196,1950,1968
25377,20140603T000000,390000.0,3,2.0,1080,7236,1.0,0,0,5,7,1080,0,1947,0,98125,47.7143,-122.32,1120,8008
18163,20150423T000000,545000.0,3,2.0,1550,4000,1.0,0,0,3,7,940,610,1955,0,98199,47.6379,-122.387,1880,4000
18189,20150415T000000,394000.0,3,2.5,2550,5349,2.0,0,0,3,7,2550,0,2004,0,98038,47.3504,-122.026,2640,5400
24946,20140520T000000,475000.0,4,1.75,1650,7775,1.0,0,0,4,7,1150,500,1950,0,98133,47.715,-122.354,1390,7200
25255,20140811T000000,639950.0,2,1.75,1780,4520,1.0,0,0,5,7,890,890,1925,0,98116,47.5798,-122.404,1560,4520
18160,20140826T000000,370000.0,2,1.5,1010,2102,2.0,0,0,3,7,1010,0,1984,0,98119,47.6374,-122.375,1480,2632
12845,20140505T000000,406100.0,3,2.25,1410,1332,3.0,0,0,3,8,1410,0,2005,0,98103,47.6916,-122.34,1430,1448
28525,20150212T000000,315000.0,4,2.0,1210,4250,1.0,0,0,4,7,1210,0,1941,0,98108,47.5275,-122.321,1210,6000
24784,20140806T000000,480000.0,3,1.75,1600,8400,1.0,0,0,5,8,1600,0,1963,0,98006,47.5479,-122.179,2210,8400
23318,20140908T000000,550000.0,4,3.0,2360,6678,1.0,0,0,3,8,1760,600,1949,0,98115,47.6919,-122.313,1640,6380
21288,20141222T000000,250000.0,4,1.75,1710,7140,1.0,0,0,5,7,1010,700,1968,0,98032,47.3745,-122.275,1770,8960
29632,20140508T000000,980000.0,5,2.5,3160,11470,1.0,0,0,4,9,1780,1380,1971,0,98040,47.5368,-122.216,3260,11470
16093,20141201T000000,467000.0,3,1.75,2660,5511,1.0,0,0,3,8,1330,1330,1948,0,98108,47.5575,-122.3,2030,6111
16519,20150311T000000,230000.0,2,1.0,800,17965,1.0,0,0,4,5,800,0,1942,0,98058,47.4693,-122.161,1500,8925
29266,20141111T000000,519950.0,5,3.5,2440,10200,2.0,0,0,4,7,2440,0,1974,0,98075,47.5814,-122.003,2000,10568
12744,20150319T000000,246500.0,3,1.5,1170,11530,1.0,0,0,3,7,1170,0,1960,0,98198,47.4211,-122.29,1550,8605
31554,20150423T000000,354000.0,4,2.5,2340,5420,2.0,0,0,3,8,2340,0,2003,0,98038,47.3773,-122.029,2420,6252
26852,20141110T000000,1570000.0,5,4.5,6070,14731,2.0,0,0,3,11,6070,0,2004,0,98059,47.5306,-122.134,4750,13404
21671,20150409T000000,517500.0,4,2.5,1520,3370,2.0,0,0,3,8,1520,0,1994,0,98029,47.5696,-122.004,1860,4486
16096,20141022T000000,294950.0,4,2.25,1740,9600,1.0,0,2,3,7,1160,580,1957,0,98188,47.432,-122.276,1630,9600
16227,20150414T000000,1250000.0,5,3.25,3950,44431,1.0,0,0,3,10,2100,1850,1969,0,98005,47.6451,-122.173,3860,45870
28025,20140609T000000,1640000.0,5,3.5,4220,26784,1.0,0,0,3,10,2110,2110,1958,2006,98004,47.6003,-122.206,3450,33945
32186,20140903T000000,345000.0,3,2.5,1870,3584,2.0,0,0,3,8,1870,0,2003,0,98058,47.4521,-122.121,1900,3920
25247,20150122T000000,367500.0,2,2.0,1030,600,2.0,0,0,3,8,680,350,2004,0,98116,47.5788,-122.41,1120,1267
17337,20141106T000000,328000.0,3,1.75,1470,7650,1.0,0,0,3,7,1130,340,1983,0,98059,47.4818,-122.161,1590,7500
19110,20150122T000000,781000.0,3,2.5,2070,4463,1.5,0,0,5,8,1780,290,1931,0,98115,47.6853,-122.305,2070,5000
28918,20150415T000000,251000.0,3,1.75,1350,10125,1.0,0,0,3,8,1350,0,1967,0,98003,47.3334,-122.298,1520,9720
20218,20150313T000000,398500.0,3,1.0,1200,15960,1.5,0,0,3,6,1200,0,1945,0,98125,47.7163,-122.299,1120,7800
17171,20150311T000000,320000.0,3,2.25,1880,7350,1.0,0,0,3,8,1390,490,1984,0,98058,47.4457,-122.123,1910,8400
10919,20141007T000000,1030000.0,5,3.5,5050,16500,2.0,0,2,3,11,5050,0,2001,0,98075,47.5863,-121.967,4570,16500
22031,20150506T000000,515000.0,3,2.5,3000,8250,1.0,0,0,4,8,1760,1240,1963,0,98008,47.6191,-122.112,2040,8250
13670,20150327T000000,555000.0,3,1.0,1250,4590,1.5,0,0,3,6,970,280,1903,0,98115,47.6757,-122.327,1830,4080
27219,20140618T000000,315000.0,3,2.5,1730,6368,2.0,0,0,3,7,1730,0,1993,0,98038,47.3505,-122.032,1780,6597
14914,20140812T000000,474000.0,2,1.0,1050,403365,1.0,0,3,5,6,1050,0,1905,0,98022,47.2221,-122.059,1760,108900
14190,20140603T000000,580135.0,4,2.5,3150,5886,2.0,0,0,3,8,3150,0,2014,0,98059,47.4787,-122.122,2650,5886
28620,20150226T000000,181000.0,2,1.5,720,5120,1.0,0,0,3,6,720,0,1954,0,98106,47.5218,-122.357,1150,2566
12097,20140929T000000,725000.0,4,3.0,2420,12000,1.0,0,0,3,9,2420,0,1984,0,98077,47.7267,-122.063,3100,13020
17406,20150106T000000,320000.0,3,1.0,1230,7492,1.0,0,0,3,7,1230,0,1955,0,98155,47.7633,-122.315,1710,7238
16260,20140925T000000,340000.0,3,1.75,1210,9635,1.0,0,0,4,7,1210,0,1987,0,98019,47.7382,-121.98,1550,10707
17346,20140709T000000,2680000.0,5,3.0,4290,20445,2.0,0,0,4,11,4290,0,1985,0,98039,47.6217,-122.239,3620,22325
14760,20140812T000000,327000.0,4,2.5,1630,5361,2.0,0,0,3,7,1630,0,1999,0,98144,47.5704,-122.294,1920,5046
21903,20140905T000000,306000.0,3,1.0,910,8658,1.0,0,0,3,7,910,0,1955,0,98155,47.7586,-122.303,1170,10200
26358,20140905T000000,233500.0,3,1.5,1580,10517,1.0,0,0,4,6,1580,0,1957,0,98002,47.2903,-122.214,1400,10658
11370,20140609T000000,500000.0,4,1.75,2240,9886,1.5,0,0,4,7,2240,0,1965,0,98008,47.6294,-122.116,1540,8040
20161,20140521T000000,270000.0,3,1.75,1390,10905,1.0,0,0,3,6,860,530,1957,0,98106,47.5517,-122.36,1390,10839
27881,20141016T000000,535000.0,5,2.75,2620,6389,2.0,0,0,3,9,2620,0,2007,0,98028,47.77,-122.236,2620,4504
31361,20150325T000000,227000.0,2,1.0,1040,9100,1.0,0,0,4,7,1040,0,1937,0,98133,47.7407,-122.347,1950,13228
20519,20140905T000000,500000.0,3,2.25,2010,7447,2.0,0,0,3,8,2010,0,1985,0,98028,47.747,-122.248,2230,7846
30352,20150508T000000,455000.0,2,1.0,910,5759,1.0,0,0,3,6,910,0,1951,0,98125,47.7153,-122.284,1520,7518
13710,20150425T000000,1220000.0,4,2.25,2570,9600,2.5,0,0,4,9,2570,0,1962,0,98040,47.5791,-122.241,2570,13200
16324,20141203T000000,1710000.0,5,3.0,4290,17100,1.0,0,3,3,9,2480,1810,1972,2007,98040,47.5473,-122.211,3550,16988
20021,20150327T000000,330000.0,3,2.5,1660,2890,2.0,0,0,3,7,1660,0,2001,0,98108,47.5434,-122.293,1540,2890
13148,20150330T000000,740000.0,5,3.5,3990,5000,2.0,0,0,3,8,2910,1080,2004,0,98118,47.54,-122.27,1310,5000
16983,20150325T000000,299950.0,2,1.5,1390,1756,3.0,0,0,3,7,1390,0,2005,0,98133,47.7274,-122.357,1340,1756
14033,20150105T000000,400000.0,6,2.5,3060,17112,1.0,0,0,4,8,1530,1530,1967,0,98058,47.4379,-122.146,2690,16038
24204,20141208T000000,310000.0,3,1.0,1210,7649,1.0,0,0,4,7,1210,0,1956,0,98155,47.7693,-122.32,1210,6760
19297,20150122T000000,465000.0,5,3.0,2010,7264,1.0,0,0,3,7,1290,720,1990,0,98103,47.6945,-122.33,1510,7326
21624,20140822T000000,599000.0,4,2.5,2640,6738,2.0,0,0,4,8,2640,0,1989,0,98029,47.5787,-122.0,2180,5782
22555,20150105T000000,276750.0,3,2.0,1620,12482,1.0,0,0,4,7,1290,330,1989,0,98042,47.3584,-122.086,1560,8499
28087,20150420T000000,542500.0,4,2.25,1750,10160,1.0,0,0,3,8,1320,430,1972,0,98005,47.5909,-122.158,2170,11165
18200,20150501T000000,250000.0,2,1.75,1350,4023,1.0,0,0,3,7,1350,0,2005,0,98038,47.3493,-122.023,1370,3570
20023,20150429T000000,320000.0,3,2.5,1530,2890,2.0,0,0,3,7,1530,0,2001,0,98108,47.5434,-122.293,1540,2890
15179,20140708T000000,527700.0,5,2.5,2820,9375,1.0,0,0,4,8,1550,1270,1968,0,98006,47.5707,-122.128,2820,9375
26912,20150223T000000,350000.0,3,1.0,1080,7000,1.0,0,0,4,6,1080,0,1916,0,98133,47.7637,-122.351,1410,7214
19214,20140612T000000,315000.0,3,2.5,1880,7000,2.0,0,0,3,8,1880,0,1993,0,98031,47.4206,-122.184,1880,7000
14282,20150227T000000,309000.0,3,1.0,1140,6400,1.0,0,0,3,7,1140,0,1962,0,98168,47.4902,-122.331,1340,6650
12060,20140709T000000,305000.0,3,1.5,1800,12196,1.0,0,0,4,7,1800,0,1966,0,98023,47.333,-122.345,1490,11730
14349,20150423T000000,353000.0,3,2.0,1210,14499,1.0,0,0,3,7,1210,0,1984,0,98045,47.4705,-121.754,1570,15360
24923,20150320T000000,562200.0,3,1.5,1900,5250,1.0,0,0,4,7,1500,400,1943,0,98117,47.6991,-122.392,1810,5250
13394,20150416T000000,1000000.0,3,3.0,2880,3750,2.0,0,0,3,9,2220,660,1909,1991,98122,47.6155,-122.29,1910,4000
13694,20140825T000000,204000.0,3,1.0,1000,12070,1.0,0,0,4,7,1000,0,1968,0,98042,47.3621,-122.11,1010,12635
19106,20140828T000000,490000.0,4,2.5,2430,42646,1.0,0,0,3,7,1450,980,1989,0,98014,47.6164,-121.953,2000,38159
16176,20140821T000000,289950.0,3,2.5,2070,5013,2.0,0,0,3,8,2070,0,1987,0,98023,47.3202,-122.395,1670,5013
14939,20141223T000000,760000.0,4,2.5,3580,97574,2.0,0,0,3,9,3580,0,2004,0,98038,47.3901,-122.071,2510,27068
24822,20140612T000000,706000.0,3,2.75,1900,6400,1.0,0,0,5,7,1410,490,1942,0,98105,47.6697,-122.281,1350,6400
26802,20140926T000000,240000.0,3,2.0,1220,17652,1.0,0,0,4,7,1220,0,1980,0,98059,47.4712,-122.1,1990,17652
23219,20140821T000000,203000.0,2,1.0,1440,6650,1.0,0,0,3,7,970,470,1980,0,98023,47.2896,-122.369,1600,6847
31996,20141110T000000,700000.0,3,2.0,1940,4500,1.0,0,3,3,7,1090,850,1926,0,98107,47.6659,-122.359,1700,4500
19686,20150427T000000,361000.0,2,2.5,1320,48787,1.0,0,0,3,8,1320,0,2004,0,98027,47.5157,-121.924,1830,155073
26674,20141107T000000,614000.0,4,2.25,2880,9996,1.0,0,0,4,8,1920,960,1981,0,98072,47.7584,-122.143,2410,10584
12041,20140616T000000,335000.0,3,1.5,2040,6000,1.0,0,0,3,7,1340,700,1957,0,98118,47.5218,-122.286,1190,6000
20086,20140619T000000,600000.0,3,2.0,2540,237402,1.0,0,0,3,9,2540,0,2007,0,98022,47.2688,-122.024,2200,229125
22534,20141223T000000,539500.0,4,3.5,2710,5722,2.0,0,0,4,8,2040,670,1997,0,98108,47.5591,-122.302,2500,5722
23864,20140807T000000,198000.0,2,1.0,790,14200,1.0,0,0,3,7,790,0,1951,0,98188,47.459,-122.285,1430,10000
19372,20150407T000000,1080000.0,3,2.75,2770,5800,1.0,0,0,4,8,1650,1120,1959,0,98199,47.6496,-122.413,2340,5800
13712,20140708T000000,690000.0,4,2.5,3220,35400,2.0,0,0,3,9,3220,0,1991,0,98072,47.7547,-122.114,3050,35252
25993,20140819T000000,465000.0,3,1.75,1720,5280,1.0,0,0,4,8,900,820,1943,0,98199,47.6493,-122.401,1600,6000
20618,20140703T000000,390000.0,4,2.0,1900,76877,1.0,0,0,3,8,1900,0,2004,0,98042,47.3491,-122.113,1740,34848
24067,20140612T000000,850000.0,4,2.25,2130,11843,2.0,0,0,4,9,2130,0,1972,0,98040,47.5358,-122.225,2380,11643
11271,20141013T000000,706000.0,4,2.5,3280,16575,1.0,0,0,3,9,2190,1090,1972,0,98188,47.426,-122.285,1570,13209
31680,20141007T000000,779950.0,4,2.75,2990,4298,2.0,0,0,3,9,2990,0,2014,0,98052,47.7101,-122.108,2990,4837
17391,20140618T000000,295000.0,3,2.0,1380,8682,1.0,0,0,4,7,1380,0,1966,0,98148,47.4238,-122.322,1410,10594
11694,20150423T000000,268000.0,4,1.5,1730,7020,1.5,0,0,4,5,1730,0,1953,0,98056,47.4939,-122.167,1110,7020
23062,20140623T000000,360000.0,4,1.5,1720,6417,1.0,0,0,3,7,1720,0,1953,0,98125,47.7268,-122.311,1430,6240
22254,20150401T000000,805000.0,3,1.75,1080,3200,1.0,0,0,4,7,880,200,1926,0,98103,47.6503,-122.338,1780,5200
23095,20140818T000000,410000.0,2,1.0,1480,4080,1.0,0,0,3,7,1050,430,1949,0,98117,47.6842,-122.393,1310,4080
21347,20141125T000000,790000.0,3,1.75,2050,4080,2.0,0,0,3,8,2050,0,1991,0,98105,47.6698,-122.325,1890,4080
25939,20150305T000000,525000.0,3,2.0,1790,11430,1.0,0,0,3,7,1190,600,1985,0,98074,47.6319,-122.035,1700,12114
22533,20140521T000000,360000.0,2,0.75,850,7710,1.0,0,2,5,6,550,300,1909,0,98108,47.5588,-122.301,2500,6022
17099,20150113T000000,515000.0,5,2.5,3810,15916,1.5,0,0,5,8,3810,0,1967,0,98058,47.4521,-122.14,2470,11662
16858,20140725T000000,340000.0,4,2.25,2230,6791,2.0,0,0,3,8,2230,0,2005,0,98038,47.3769,-122.028,2420,6297
27662,20140605T000000,875000.0,3,3.5,3250,6000,2.0,0,0,3,10,2500,750,2001,0,98136,47.5533,-122.391,1650,6000
23884,20141229T000000,377500.0,4,2.5,2640,10720,2.0,0,0,3,8,2640,0,1999,0,98188,47.4485,-122.278,1680,10018
11084,20140822T000000,625000.0,3,1.75,2240,6050,1.0,0,0,4,8,1250,990,1950,0,98116,47.5658,-122.4,1720,6050
28764,20150409T000000,400000.0,4,2.0,2060,3060,2.0,0,0,3,7,2060,0,1968,0,98118,47.5631,-122.285,1630,3766
12911,20140717T000000,350000.0,3,1.75,1250,13775,1.0,0,2,3,7,1250,0,1990,0,98045,47.4981,-121.772,1260,13707
13561,20140708T000000,999000.0,4,2.5,3130,10849,2.0,0,0,3,10,3130,0,2013,0,98033,47.6828,-122.186,2470,9131
17678,20140714T000000,396800.0,4,2.5,2200,6018,2.0,0,0,3,8,2200,0,2010,0,98019,47.7338,-121.966,2480,5899
29193,20140624T000000,236000.0,4,2.75,2000,5827,2.0,0,0,3,7,2000,0,1997,0,98038,47.3629,-122.026,1710,6929
32127,20140818T000000,625000.0,3,1.0,1240,4080,1.0,0,0,3,7,1240,0,1925,0,98103,47.667,-122.333,2060,4080
15079,20140605T000000,250000.0,3,2.5,1510,10384,1.0,0,0,2,7,1030,480,1976,0,98077,47.758,-122.071,1490,10000
15495,20140505T000000,740000.0,4,1.75,2010,3600,1.5,0,0,3,7,2010,0,1902,0,98119,47.6337,-122.371,2010,3600
15859,20140716T000000,565000.0,4,1.0,1540,2452,1.5,0,0,4,7,1540,0,1906,0,98103,47.6522,-122.348,1290,3360
26381,20140812T000000,190500.0,3,2.0,1390,10155,1.0,0,0,3,7,1130,260,1980,0,98003,47.2575,-122.305,1790,10155
25089,20150429T000000,351000.0,3,2.5,2594,4455,2.0,0,0,3,8,2594,0,2012,0,98001,47.3054,-122.276,2981,4950
12706,20150428T000000,512000.0,2,2.0,1270,3881,1.0,0,0,4,6,610,660,1926,0,98105,47.6694,-122.298,1370,5000
27166,20140507T000000,405000.0,3,2.25,1660,8307,1.0,0,0,4,8,1660,0,1961,0,98133,47.7575,-122.352,2510,7800
28774,20140730T000000,600000.0,4,2.5,3010,7953,2.0,0,0,3,9,3010,0,2000,0,98056,47.522,-122.19,2670,6202
26729,20150218T000000,330000.0,4,1.0,1100,5000,1.5,0,0,5,6,1100,0,1904,0,98055,47.4868,-122.204,1560,4838
30527,20141230T000000,208400.0,2,2.5,1570,1268,3.0,0,0,3,7,1570,0,2007,0,98106,47.534,-122.365,1570,1300
30063,20140916T000000,485000.0,2,2.0,1510,3961,1.0,0,0,3,8,1510,0,2010,0,98053,47.709,-122.018,1510,3962
11246,20140918T000000,505000.0,4,2.25,2350,12540,2.0,0,0,3,8,2350,0,1968,0,98177,47.7732,-122.382,2090,7964
21416,20141212T000000,371000.0,4,1.75,1610,11305,1.0,0,0,3,7,1610,0,1968,0,98034,47.727,-122.176,1870,11850
25240,20150203T000000,450000.0,4,2.0,1960,5008,1.0,0,0,3,6,980,980,1900,1988,98144,47.5958,-122.299,1175,2315
22040,20150317T000000,670000.0,4,1.75,1930,9310,1.0,0,0,4,9,1930,0,1968,0,98008,47.6158,-122.108,2110,10290
11380,20140521T000000,360000.0,3,2.5,1530,1131,3.0,0,0,3,8,1530,0,2009,0,98103,47.6993,-122.346,1530,1509
28954,20150310T000000,300000.0,3,1.5,1810,8232,1.0,0,0,3,8,1810,0,1988,0,98001,47.3195,-122.273,2260,8491
26521,20140908T000000,581000.0,3,2.5,2600,4438,2.0,0,0,3,7,2600,0,2004,0,98053,47.6799,-122.034,2600,4904
22909,20150223T000000,241500.0,3,2.0,1310,7349,1.0,0,0,3,7,870,440,1995,0,98030,47.3639,-122.186,1690,6580
13472,20141114T000000,605000.0,5,2.75,2910,13332,2.0,0,0,4,8,2910,0,1940,1991,98146,47.4977,-122.359,1760,8900
24960,20141016T000000,530000.0,3,2.25,2160,8114,1.0,0,0,3,8,1460,700,1960,0,98133,47.7176,-122.35,2160,8000
21678,20150415T000000,612000.0,3,2.5,2180,5496,2.0,0,0,3,8,2180,0,1994,0,98029,47.5723,-122.007,2120,5496
29771,20140521T000000,567000.0,3,2.5,2540,6093,2.0,0,0,3,9,2540,0,1999,0,98034,47.7042,-122.236,2540,5924
21254,20150116T000000,176500.0,3,1.0,930,9900,1.5,0,0,4,5,930,0,1910,0,98032,47.3745,-122.231,930,7200
30000,20140530T000000,415000.0,2,1.75,1340,4664,1.0,0,0,3,8,1340,0,2004,0,98053,47.7182,-122.034,1350,4236
28541,20150106T000000,325000.0,4,2.5,2260,5702,2.0,0,0,3,8,2260,0,2002,0,98042,47.3488,-122.151,2450,6381
22019,20140930T000000,527000.0,4,2.25,2380,5250,1.0,0,0,4,7,1410,970,1961,0,98008,47.6164,-122.115,2150,8560
11701,20150121T000000,216000.0,3,1.0,1280,8712,1.0,0,0,4,7,1280,0,1956,0,98003,47.3298,-122.297,1420,8800
23373,20141201T000000,443000.0,2,1.0,1130,5413,1.0,0,0,3,7,880,250,1939,0,98115,47.6971,-122.315,1250,5413
18399,20150504T000000,712000.0,3,2.0,1700,5100,1.5,0,0,4,7,1500,200,1924,0,98117,47.679,-122.39,1700,5100
19381,20150430T000000,1180000.0,4,2.0,2590,7220,2.0,0,2,4,10,2590,0,1930,0,98199,47.647,-122.41,2530,6380
18465,20140910T000000,1290000.0,5,3.5,3210,4060,2.0,0,2,3,10,2290,920,1917,2003,98117,47.6801,-122.357,1940,5000
16440,20140515T000000,395300.0,3,1.5,1120,7000,1.0,0,0,3,7,1120,0,1955,0,98007,47.5987,-122.146,1470,7950
24785,20141017T000000,500000.0,3,1.75,1530,8829,1.0,0,0,5,8,1530,0,1972,0,98006,47.545,-122.171,2060,9226
11638,20141009T000000,890000.0,5,1.0,2590,4652,2.0,0,0,4,8,2310,280,1907,0,98122,47.6038,-122.294,2360,4650
19188,20150204T000000,399950.0,4,2.0,2420,31465,1.0,0,0,3,9,2420,0,1984,0,98092,47.3131,-122.115,2560,32186
10899,20150413T000000,275000.0,4,1.75,1680,19405,1.0,0,0,4,7,1560,120,1959,0,98055,47.4552,-122.202,2000,12900
32124,20150504T000000,603000.0,3,2.25,1700,2800,2.0,0,0,5,7,1150,550,1926,0,98115,47.6819,-122.311,1500,3400
26744,20140603T000000,230000.0,3,2.0,1440,5600,1.0,0,0,4,6,720,720,1942,2007,98056,47.4947,-122.185,1120,5700
23639,20140807T000000,620000.0,3,2.25,1660,3478,1.5,0,0,4,7,1100,560,1929,0,98117,47.6773,-122.372,1610,3478
17974,20150304T000000,632500.0,4,2.0,1770,5000,2.0,0,0,4,7,1770,0,1906,0,98107,47.6748,-122.386,1550,5000
23053,20140502T000000,308500.0,2,1.0,850,6174,1.0,0,0,4,7,850,0,1950,0,98155,47.7352,-122.328,1100,6174
27800,20140925T000000,260000.0,4,2.5,2050,12500,1.0,0,0,3,7,1300,750,1965,0,98198,47.42,-122.319,1790,7900
19064,20150107T000000,261590.0,2,1.0,760,6407,1.0,0,0,3,6,760,0,1943,0,98178,47.4977,-122.259,1050,8580
28005,20140722T000000,585000.0,3,1.75,1740,9500,1.0,0,3,4,8,1150,590,1958,0,98146,47.4919,-122.365,2110,9450
17826,20150323T000000,539950.0,3,2.5,1330,2183,3.0,0,0,3,8,1330,0,2014,0,98117,47.6987,-122.365,1310,5000
16161,20150413T000000,357500.0,3,3.0,1730,1442,2.0,0,0,3,8,1440,290,2008,0,98106,47.5344,-122.348,1370,1524
21695,20150506T000000,460000.0,2,2.5,1880,40575,1.0,0,0,3,9,1880,0,1987,0,98024,47.5614,-121.899,1930,32935
21147,20140709T000000,590000.0,3,2.5,2650,9380,1.0,0,0,5,8,1680,970,1975,0,98155,47.7756,-122.273,2310,9600
12139,20140814T000000,1150000.0,10,5.25,4590,10920,1.0,0,2,3,9,2500,2090,2008,0,98004,47.5861,-122.113,2730,10400
16063,20141203T000000,474000.0,2,1.0,1090,3160,1.0,0,0,3,7,840,250,1926,0,98109,47.6385,-122.344,1070,3160
20401,20140924T000000,202200.0,2,1.75,1330,2159,1.0,0,0,4,8,1330,0,1979,0,98198,47.3822,-122.32,1220,3679
15680,20140623T000000,1700000.0,3,2.75,2810,18731,2.0,1,4,4,10,2810,0,1974,0,98052,47.6361,-122.093,3120,14810
32178,20140512T000000,335000.0,3,2.5,1940,4927,2.0,0,0,3,8,1940,0,2004,0,98058,47.4479,-122.12,2070,4892
27629,20140611T000000,545000.0,2,1.25,1240,2150,2.0,0,0,3,8,1240,0,2014,0,98117,47.6884,-122.374,1340,5289
32032,20140609T000000,625000.0,3,1.75,2210,16200,1.0,0,0,3,8,1390,820,1958,0,98005,47.5924,-122.175,2050,16200
27997,20150422T000000,950000.0,3,3.0,3610,17483,2.0,0,2,4,8,3610,0,1954,0,98146,47.4852,-122.357,2230,12600
20586,20140606T000000,680000.0,3,2.25,2270,23900,1.0,0,0,3,9,1820,450,1975,0,98177,47.7506,-122.372,2520,28300
20238,20141014T000000,610685.0,4,2.5,2520,6023,2.0,0,0,3,9,2520,0,2014,0,98056,47.5137,-122.167,2520,6023
21684,20140701T000000,337000.0,3,2.25,1460,941,3.0,0,0,3,8,1460,0,2006,0,98133,47.7145,-122.356,1490,1399
18494,20150507T000000,616500.0,3,2.0,2080,4549,1.0,0,0,5,7,1040,1040,1954,0,98115,47.6886,-122.309,1620,4549
12597,20150203T000000,765000.0,3,1.0,1270,6500,1.0,0,0,4,7,1270,0,1956,0,98033,47.6874,-122.214,2260,7200
21320,20150401T000000,355000.0,3,1.0,900,37800,1.0,0,0,4,5,700,200,1923,0,98034,47.7146,-122.234,1750,11998
11906,20140612T000000,173000.0,2,1.0,820,10450,1.0,0,0,4,7,820,0,1965,0,98055,47.4261,-122.199,1240,11200
11934,20150219T000000,990400.0,3,2.5,2100,4097,2.0,0,0,3,9,2100,0,2008,0,98004,47.5983,-122.2,1820,4764
13316,20141030T000000,770000.0,4,2.5,3560,6187,2.0,0,0,3,9,3560,0,2003,0,98029,47.5593,-122.016,3190,6981
15925,20150115T000000,291850.0,3,1.5,1060,9711,1.0,0,0,3,7,1060,0,1963,0,98198,47.4095,-122.315,1650,9711
20995,20140527T000000,399950.0,3,3.0,1296,1051,3.0,0,0,3,8,1296,0,2009,0,98125,47.7175,-122.284,1520,1939
28973,20140827T000000,632000.0,5,2.5,2260,10087,1.0,0,0,3,8,1520,740,1967,0,98008,47.5982,-122.128,2500,9440
28758,20150324T000000,404500.0,2,2.0,1320,3060,1.5,0,0,4,6,1320,0,1910,0,98118,47.5643,-122.284,1410,3264
30231,20140908T000000,415000.0,4,2.25,2520,8000,1.0,0,2,3,8,1680,840,1970,0,98023,47.3202,-122.383,2300,8000
26553,20140715T000000,362764.0,3,2.0,1460,4350,2.0,0,0,3,7,1460,0,2008,0,98053,47.696,-122.026,1740,4622
22497,20141121T000000,550000.0,3,1.5,2440,7200,1.0,0,0,3,7,2440,0,1949,0,98118,47.5604,-122.274,1920,6900
27197,20141209T000000,1380000.0,5,3.5,5150,12230,2.0,0,2,3,10,3700,1450,2007,0,98008,47.6249,-122.09,2940,13462
26037,20150427T000000,476500.0,3,1.0,1200,6120,1.0,0,0,4,7,950,250,1945,0,98115,47.6929,-122.287,1550,6120
21457,20141022T000000,303100.0,3,1.5,1640,5650,1.0,0,0,3,8,1640,0,1952,0,98178,47.509,-122.251,1640,5650
24101,20150127T000000,850000.0,2,2.5,1611,2210,2.0,0,2,3,10,1611,0,2005,0,98109,47.6291,-122.347,2070,2182
32404,20140514T000000,800000.0,3,1.0,1700,4400,1.5,0,0,4,8,1700,0,1906,0,98122,47.612,-122.292,1610,4180
14503,20140916T000000,425000.0,4,1.0,1080,6095,1.5,0,0,4,6,1080,0,1924,0,98103,47.6962,-122.346,1200,5060
25658,20141117T000000,254950.0,2,1.0,700,8100,1.0,0,0,3,6,700,0,1949,0,98155,47.7492,-122.311,1230,8100
12584,20150416T000000,600000.0,4,2.75,3110,11225,2.0,0,0,3,8,3110,0,2012,0,98059,47.4865,-122.143,2610,8535
20828,20140613T000000,385000.0,3,2.25,1920,4833,1.0,0,0,4,7,1060,860,1921,0,98133,47.7067,-122.352,1580,5134
29407,20140515T000000,839000.0,3,1.0,1230,12305,1.0,0,0,3,7,1230,0,1955,1990,98004,47.6095,-122.195,2100,7960
15269,20141031T000000,515000.0,3,2.5,2100,7851,2.0,0,0,3,8,2100,0,1986,0,98052,47.7242,-122.105,2100,8187
28014,20141023T000000,675000.0,3,2.25,2770,15886,2.0,0,0,3,10,2770,0,1982,0,98177,47.7464,-122.362,3290,15886
13671,20140731T000000,1310000.0,5,3.5,3270,4080,2.0,0,0,3,9,2180,1090,2011,0,98115,47.6754,-122.327,1410,4080
25171,20140807T000000,350000.0,3,1.0,1390,4820,1.0,0,0,4,7,910,480,1926,0,98133,47.704,-122.343,1320,4820
16919,20140523T000000,549900.0,4,3.0,2830,213879,2.0,0,0,4,8,2830,0,1987,0,98092,47.2925,-122.107,2250,213008
18848,20150501T000000,1650000.0,4,4.5,5550,16065,2.0,0,0,3,9,3880,1670,2003,0,98040,47.5455,-122.214,3470,16488
24122,20140603T000000,328500.0,3,2.5,1950,8130,2.0,0,0,4,9,1950,0,1990,0,98042,47.3875,-122.161,2350,7691
21662,20150227T000000,612500.0,4,2.5,2550,10623,2.0,0,0,3,9,2550,0,1992,0,98029,47.5695,-121.992,2750,8100
19507,20141020T000000,414950.0,4,1.75,2200,8545,1.0,0,0,4,7,1100,1100,1918,1982,98133,47.7481,-122.353,1940,9315
17175,20140523T000000,388000.0,4,2.5,2440,7155,2.0,0,0,3,8,2440,0,1993,0,98058,47.4501,-122.126,2450,8109
24029,20140609T000000,1230000.0,4,2.5,2740,16007,2.0,0,0,3,9,2740,0,1984,0,98039,47.6353,-122.229,2760,16008
10873,20150221T000000,1510000.0,5,3.0,3300,33474,1.0,0,3,3,9,1870,1430,1957,1991,98040,47.5673,-122.21,3836,20953
26245,20140624T000000,485000.0,3,2.5,1500,5412,1.0,0,0,5,7,900,600,1920,0,98136,47.5499,-122.394,1090,5412
13159,20150317T000000,420000.0,3,1.5,1540,7506,1.0,0,0,5,7,1540,0,1961,0,98155,47.7565,-122.325,2180,7653
19489,20140625T000000,585000.0,4,2.75,2890,6825,1.0,0,0,3,8,1560,1330,1973,0,98034,47.734,-122.182,1900,10120
25780,20140701T000000,1700000.0,4,2.75,3770,10900,2.0,0,2,5,9,3070,700,1924,0,98144,47.5849,-122.29,3000,5000
26333,20140625T000000,235000.0,4,2.0,1570,9415,2.0,0,0,4,7,1570,0,1984,0,98092,47.3168,-122.174,1550,8978
16841,20150410T000000,505000.0,2,1.0,810,5060,1.0,0,0,3,6,810,0,1941,0,98116,47.5635,-122.394,900,5060
29383,20140626T000000,200500.0,3,1.75,1260,9346,1.0,0,0,4,7,1260,0,1963,0,98030,47.3713,-122.186,1800,9705
26322,20140730T000000,1280000.0,4,4.0,4390,17832,1.0,0,0,4,11,2430,1960,1994,0,98059,47.5283,-122.143,3090,12369
22222,20140912T000000,522000.0,3,1.0,1150,7080,1.0,0,0,3,7,1150,0,1952,0,98125,47.7106,-122.288,1490,7921
19607,20141023T000000,898000.0,3,2.25,2650,12845,1.0,0,3,3,9,1770,880,1977,0,98034,47.7209,-122.256,2650,12902
24471,20141209T000000,597500.0,3,1.75,2030,32565,1.0,0,0,3,8,1600,430,1981,0,98052,47.7112,-122.098,2910,34190
19679,20140909T000000,620000.0,4,2.5,1840,220308,2.0,0,0,3,8,1840,0,2000,0,98038,47.4306,-122.049,1890,65340
15136,20150306T000000,615000.0,3,2.5,2980,43301,1.0,0,0,4,8,1930,1050,1978,0,98077,47.7631,-122.093,2890,35915
30848,20141029T000000,645000.0,4,1.5,2550,4000,1.5,0,0,4,7,1760,790,1926,0,98115,47.6811,-122.318,1840,4000
14553,20141021T000000,118000.0,1,1.0,670,7957,1.0,0,0,4,6,670,0,1978,0,98038,47.3594,-122.056,1600,7957
27566,20140814T000000,335900.0,2,1.0,1120,7440,1.0,0,0,4,7,1120,0,1939,0,98155,47.7405,-122.323,1170,7440
20646,20140702T000000,2270000.0,4,3.25,4040,18916,1.0,0,0,4,9,4040,0,1954,0,98039,47.6155,-122.238,3000,18831
12314,20150102T000000,519000.0,3,1.75,1560,26099,1.0,0,3,4,8,1560,0,1973,0,98070,47.5023,-122.467,1760,19687
17325,20140918T000000,2950000.0,5,4.75,6240,47480,1.0,0,3,3,11,4610,1630,2003,0,98040,47.5317,-122.233,4170,17668
16442,20150204T000000,419900.0,3,1.5,1450,7000,1.0,0,0,3,7,1450,0,1955,0,98007,47.5983,-122.15,1490,7245
25974,20150317T000000,510000.0,2,1.0,810,6480,1.0,0,0,5,6,810,0,1942,0,98199,47.6493,-122.398,1920,6000
30378,20141014T000000,896000.0,4,1.75,2660,3520,2.0,0,0,4,8,2080,580,1917,0,98115,47.6743,-122.308,2100,4080
23364,20150403T000000,970000.0,2,1.0,1290,5376,1.0,0,0,3,6,1290,0,1945,0,98115,47.6966,-122.315,1180,5376
14059,20140507T000000,503000.0,3,2.75,1540,6760,1.0,0,0,5,7,1210,330,1980,0,98034,47.7163,-122.212,1540,7416
15793,20150423T000000,385000.0,4,3.0,2253,7700,2.0,0,0,3,7,2253,0,1957,2014,98198,47.3935,-122.3,1786,9052
22183,20140904T000000,150000.0,3,1.0,1450,6776,1.0,0,0,3,7,1450,0,1952,0,98178,47.5056,-122.244,1680,7200
28482,20141020T000000,420000.0,4,2.5,1940,5414,2.0,0,0,3,8,1940,0,1997,0,98108,47.5461,-122.299,2050,6307
31687,20140609T000000,831000.0,4,2.5,2030,3905,1.5,0,0,4,7,1630,400,1926,0,98103,47.6547,-122.34,2000,3905
17518,20140912T000000,250000.0,4,2.5,2040,5770,2.0,0,0,3,7,2040,0,1994,0,98038,47.3522,-122.059,1570,6753
20593,20141018T000000,1850000.0,5,3.25,3680,6060,2.0,0,0,5,9,2630,1050,1925,0,98112,47.6341,-122.304,3050,5850
23959,20140729T000000,419900.0,4,2.5,2750,5767,2.0,0,0,3,9,2750,0,2005,0,98038,47.3595,-122.038,2800,5376
26019,20150311T000000,540000.0,5,1.0,2480,4400,1.5,0,0,3,7,1640,840,1919,0,98122,47.6046,-122.3,1940,4400
22639,20140611T000000,560200.0,3,2.5,1990,3984,2.0,0,0,3,8,1990,0,2004,0,98075,47.5914,-122.017,2320,3984
30732,20140614T000000,735000.0,4,2.75,2450,4187,2.0,0,2,3,8,2450,0,2010,0,98027,47.5471,-122.016,2320,4187
31716,20140826T000000,480000.0,2,1.0,1030,3060,1.0,0,2,4,7,790,240,1918,0,98103,47.6779,-122.353,1390,3060
18781,20140723T000000,272000.0,3,2.5,1790,6371,2.0,0,0,3,8,1790,0,1998,0,98092,47.3291,-122.168,1850,6371
25898,20140603T000000,420000.0,3,1.75,1660,9600,1.0,0,0,3,8,1380,280,1981,0,98011,47.7601,-122.167,2030,9500
20339,20150401T000000,415000.0,3,1.75,1340,63597,1.0,0,0,4,7,1340,0,1963,0,98038,47.4379,-122.011,1950,87120
22570,20140515T000000,749400.0,4,2.5,3240,20301,2.0,0,0,3,10,3240,0,1985,0,98052,47.719,-122.114,3010,23650
24724,20140731T000000,230000.0,3,1.75,1140,1165,2.0,0,0,3,8,1140,0,2014,0,98108,47.5638,-122.295,1150,1552
15897,20140502T000000,440000.0,2,1.0,800,4850,1.0,0,0,4,7,800,0,1944,0,98107,47.6639,-122.364,1150,4365
23347,20141015T000000,250000.0,2,1.0,890,6380,1.0,0,0,3,6,890,0,1951,0,98115,47.691,-122.303,990,6380
28387,20141215T000000,425000.0,4,2.5,1950,5000,2.0,0,0,3,8,1950,0,2012,0,98065,47.515,-121.872,2710,5000
24355,20140918T000000,559950.0,5,3.0,2730,9519,1.0,0,0,3,8,1670,1060,2014,0,98155,47.7504,-122.307,1150,9519
17729,20140513T000000,575000.0,3,1.75,1580,11750,1.0,0,0,4,7,1180,400,1951,0,98118,47.5368,-122.265,2150,11750
28121,20150114T000000,333500.0,3,2.5,2196,7475,2.0,0,0,3,8,2196,0,2006,0,98030,47.3803,-122.204,1860,6755
12145,20141022T000000,1500000.0,4,3.25,3070,10375,2.0,0,0,3,10,2180,890,1962,2005,98004,47.5862,-122.198,2500,11194
28472,20141101T000000,350000.0,3,1.75,2090,6258,1.0,0,0,3,7,1390,700,1956,0,98108,47.5503,-122.301,1790,5793
13275,20140514T000000,450000.0,3,2.5,2910,17172,2.0,0,0,3,10,2910,0,1989,0,98003,47.2789,-122.331,2910,20048
27941,20140825T000000,900000.0,3,2.5,2850,11535,1.0,0,1,3,8,1680,1170,1952,2008,98155,47.748,-122.288,2670,9942
28059,20140625T000000,454000.0,3,1.0,1970,22144,1.0,0,0,4,7,1970,0,1970,0,98065,47.5234,-121.841,1970,13500
18299,20150402T000000,450600.0,2,1.0,840,7020,1.5,0,0,4,7,840,0,1943,0,98136,47.5513,-122.394,1310,7072
19115,20140603T000000,530000.0,3,1.75,1250,6041,1.5,0,0,5,7,1250,0,1942,0,98115,47.69,-122.304,1180,6042
28293,20140910T000000,368000.0,3,2.5,2080,4307,2.0,0,0,3,7,2080,0,2004,0,98065,47.53,-121.848,2080,4947
27013,20140626T000000,580000.0,4,1.75,1720,6975,1.0,0,0,3,8,1420,300,1975,0,98052,47.6506,-122.121,2210,7875
19857,20150313T000000,249000.0,3,1.75,1400,5648,1.5,0,0,5,6,1400,0,1917,0,98056,47.5133,-122.196,2320,9420
15310,20140825T000000,850000.0,5,3.5,3150,4120,2.0,0,0,3,8,2460,690,1911,2007,98115,47.6754,-122.315,2080,4160
17653,20150313T000000,175000.0,2,1.0,1330,28270,1.5,0,0,3,6,1330,0,1925,0,98168,47.4824,-122.274,1210,6926
19646,20140924T000000,212000.0,3,1.75,1100,9750,1.0,0,0,4,6,1100,0,1967,0,98023,47.2955,-122.362,1100,9900
27704,20141022T000000,850000.0,4,3.25,3450,6500,2.0,0,0,3,8,2450,1000,1994,0,98136,47.5437,-122.388,1750,6500
22150,20141007T000000,750000.0,2,2.0,2180,21392,2.0,0,0,3,8,2180,0,1934,1979,98034,47.7162,-122.246,2890,22000
28285,20140528T000000,515000.0,4,2.5,2680,7178,2.0,0,0,3,8,2680,0,2004,0,98065,47.5325,-121.856,2540,7133
25516,20141217T000000,236000.0,3,1.75,1300,8976,1.0,0,0,3,7,1300,0,1967,0,98003,47.3357,-122.305,1430,9750
17610,20150414T000000,998000.0,3,2.25,3370,11757,2.0,0,2,4,9,3370,0,1980,0,98006,47.5573,-122.16,2690,10500
12094,20140812T000000,3200000.0,4,3.25,7000,28206,1.0,1,4,4,12,3500,3500,1991,0,98075,47.5928,-122.086,4913,14663
18435,20150414T000000,382500.0,3,1.5,1090,9862,1.0,0,0,3,8,1090,0,1987,0,98074,47.6256,-122.036,1710,9862
28565,20150421T000000,268000.0,3,1.0,1420,6000,1.0,0,0,3,6,1420,0,1941,0,98146,47.4913,-122.336,1480,6000
15802,20150310T000000,562500.0,3,2.5,2030,7549,1.0,0,0,3,8,2030,0,1988,0,98074,47.6187,-122.044,2040,7130
19362,20150227T000000,1870000.0,4,3.75,3790,8797,2.0,0,0,3,11,3290,500,2006,0,98039,47.6351,-122.236,2660,12150
11515,20140520T000000,483945.0,2,1.75,1480,5120,1.0,0,0,4,6,840,640,1951,0,98116,47.558,-122.392,1090,5120
16352,20140821T000000,190000.0,2,1.0,930,11450,1.0,0,0,3,6,930,0,1946,0,98178,47.4862,-122.264,1150,11450
25356,20140505T000000,309950.0,3,2.5,1880,7838,2.0,0,0,3,7,1880,0,1994,0,98055,47.4439,-122.19,1810,7915
21984,20150327T000000,650000.0,5,2.25,2400,13450,1.0,0,0,5,7,1200,1200,1957,0,98008,47.6007,-122.117,1950,10361
28901,20140808T000000,418900.0,3,1.5,1470,11112,1.0,0,0,3,7,1470,0,1954,0,98155,47.7462,-122.294,1460,11407
11632,20140610T000000,306888.0,2,1.5,1010,7719,2.0,0,0,3,7,1010,0,1981,0,98056,47.5128,-122.189,1210,7719
28216,20141119T000000,515000.0,3,2.5,2430,4203,2.0,0,0,3,8,2430,0,2001,0,98065,47.5346,-121.875,2500,4798
16801,20150427T000000,543000.0,3,1.5,1710,8364,2.0,0,2,3,7,1710,0,1944,0,98136,47.5175,-122.393,2430,9040
17269,20150127T000000,480000.0,4,2.5,2480,5100,2.0,0,0,3,8,2480,0,2007,0,98019,47.7383,-121.969,2270,5115
15946,20140804T000000,229500.0,1,1.0,1180,22000,1.0,0,2,3,6,1180,0,1948,0,98198,47.4007,-122.323,1890,11761
31831,20150206T000000,443500.0,2,1.0,940,6804,1.0,0,0,3,7,940,0,1949,0,98177,47.7047,-122.373,1150,6930
18637,20150304T000000,413252.0,3,0.75,1110,3960,1.0,0,0,3,7,1110,0,1951,0,98117,47.6834,-122.366,1610,5530
11143,20150213T000000,312000.0,3,2.5,2070,25710,1.0,0,0,5,6,2070,0,1917,0,98022,47.2032,-121.964,1350,17998
18019,20140822T000000,371000.0,2,1.5,1110,1189,3.0,0,0,3,8,1110,0,2000,0,98107,47.6711,-122.377,1420,1311
19587,20140826T000000,595000.0,3,2.0,1530,6773,1.0,0,0,4,8,1530,0,1984,0,98033,47.6653,-122.194,2240,7201
27993,20141211T000000,357000.0,3,1.5,1340,11744,1.0,0,0,2,7,1340,0,1950,0,98146,47.4947,-122.36,2020,13673
28628,20140724T000000,290000.0,2,1.5,770,850,2.0,0,0,3,7,770,0,2006,0,98116,47.5644,-122.388,1350,915
14532,20141231T000000,240000.0,3,1.75,1590,7931,1.0,0,0,3,7,1190,400,1979,0,98038,47.3628,-122.05,1680,7931
12711,20140602T000000,939000.0,4,2.75,3270,12880,2.0,0,0,3,9,3270,0,2014,0,98033,47.6679,-122.172,2420,7505
27537,20141211T000000,429000.0,4,1.0,1350,3333,1.5,0,0,3,7,1350,0,1912,0,98107,47.6727,-122.397,1530,5000
26668,20150416T000000,537000.0,4,2.25,2640,8800,1.0,0,0,3,8,1620,1020,1980,0,98072,47.7552,-122.148,2500,11700
20792,20141112T000000,663000.0,3,2.5,1910,5125,2.0,0,0,3,9,1910,0,2006,0,98029,47.5481,-121.995,1910,3215
30814,20140813T000000,408000.0,3,3.0,1500,1473,2.0,0,0,3,8,1120,380,2000,0,98122,47.6063,-122.305,1720,1976
27849,20140617T000000,259000.0,3,2.0,1870,5909,1.0,0,0,3,7,1270,600,1986,0,98030,47.3665,-122.183,1870,7887
13745,20140801T000000,160000.0,3,1.75,1610,7392,1.0,0,0,4,7,1610,0,1964,0,98001,47.3413,-122.28,1450,7392
26501,20140721T000000,528000.0,3,2.5,2020,5613,2.0,0,0,3,7,2020,0,2003,0,98053,47.6835,-122.035,2020,4609
21535,20140630T000000,461000.0,3,1.75,3600,8666,2.0,0,0,4,6,2400,1200,1948,0,98033,47.6893,-122.167,2290,8200
21103,20150303T000000,310000.0,3,2.5,1890,6300,2.0,0,0,3,7,1890,0,2003,0,98038,47.3673,-122.031,2100,6525
16646,20140623T000000,1580000.0,4,2.5,4570,74487,2.0,0,4,5,12,4570,0,1948,1985,98177,47.7282,-122.372,3810,74487
21961,20150305T000000,675000.0,4,2.5,1770,9858,1.0,0,2,3,8,1770,0,1971,0,98155,47.7382,-122.287,2470,9858
21172,20141120T000000,329000.0,3,2.25,2450,6500,2.0,0,0,4,8,2450,0,1985,0,98030,47.3739,-122.172,2200,6865
29097,20140629T000000,265000.0,3,1.0,1800,7650,1.0,0,0,5,7,1800,0,1957,0,98056,47.4922,-122.178,1230,7650
14547,20140826T000000,254950.0,4,2.0,2180,8800,1.0,0,0,5,7,1170,1010,1977,0,98038,47.3676,-122.046,1630,8800
32018,20141219T000000,229000.0,3,1.0,1020,8100,1.0,0,0,3,7,1020,0,1954,0,98198,47.3586,-122.314,1020,8100
22490,20140926T000000,235000.0,3,1.0,960,5030,1.0,0,0,3,7,960,0,1955,0,98118,47.5611,-122.28,1460,5400
31354,20141215T000000,675000.0,3,2.5,1300,1590,2.0,0,0,3,8,1100,200,2014,0,98109,47.6384,-122.343,1070,1223
26506,20140721T000000,635000.0,6,2.5,3880,5700,2.0,0,0,3,7,3880,0,2003,0,98053,47.6816,-122.038,2620,5070
14466,20140610T000000,435000.0,5,2.25,1970,15247,1.0,0,0,3,7,1450,520,1986,0,98024,47.5669,-121.905,1300,10800
10959,20140520T000000,260000.0,4,2.5,1990,6671,2.0,0,0,3,7,1990,0,1989,0,98023,47.3078,-122.358,1862,6566
11603,20140701T000000,800000.0,3,3.5,3830,221284,2.0,0,0,3,10,3530,300,1993,0,98077,47.7641,-122.023,2920,148539
19056,20140717T000000,785000.0,4,2.75,2900,17400,1.0,0,0,4,8,2410,490,1978,0,98052,47.6431,-122.108,2620,12240
24191,20140623T000000,835000.0,4,2.5,3030,29163,2.0,0,0,3,10,3030,0,1998,0,98053,47.6569,-122.02,2780,40669
32191,20150330T000000,479950.0,3,2.5,2780,6000,2.0,0,0,3,9,2780,0,2004,0,98058,47.4569,-122.118,1940,3466
15906,20140819T000000,869900.0,6,4.5,2750,4400,2.0,0,0,3,8,1770,980,1987,0,98103,47.6883,-122.335,1860,4400
24453,20140523T000000,439950.0,4,2.5,2380,12067,2.0,0,0,3,7,2380,0,2002,0,98059,47.4873,-122.144,2330,8621
11248,20140603T000000,941500.0,5,3.5,3490,9680,2.0,0,4,3,9,2460,1030,1980,0,98177,47.7757,-122.391,3080,13489
18069,20141124T000000,495000.0,3,2.25,1280,1517,2.0,0,0,3,8,1080,200,2008,0,98107,47.6651,-122.368,1280,1681
21398,20150304T000000,390000.0,5,1.75,2250,8970,1.0,0,0,4,7,1500,750,1966,0,98034,47.7217,-122.188,1940,8710
32395,20141218T000000,303000.0,2,1.5,1000,1075,2.0,0,0,3,7,840,160,2007,0,98144,47.5708,-122.288,1000,1083
30006,20140905T000000,381000.0,2,2.0,1340,4447,1.0,0,0,3,8,1340,0,2004,0,98053,47.7175,-122.033,1350,4458
31400,20140825T000000,828000.0,4,2.5,2120,10841,1.0,0,0,4,8,1500,620,1979,0,98006,47.556,-122.156,3130,10950
27049,20141014T000000,280000.0,3,2.25,1360,9600,2.0,0,0,3,7,1360,0,1992,0,98045,47.4687,-121.749,1200,10400
28273,20141002T000000,428000.0,3,2.5,2340,3466,2.0,0,0,3,7,2340,0,2004,0,98065,47.5322,-121.851,1970,3739
18513,20140801T000000,385000.0,4,1.5,2040,10726,1.0,0,0,3,7,1380,660,1954,0,98177,47.772,-122.358,1610,10020
18024,20141015T000000,505000.0,2,2.5,1430,1201,3.0,0,0,3,8,1430,0,2009,0,98107,47.6707,-122.381,1430,1249
11772,20150126T000000,537500.0,5,2.5,4340,9108,1.0,0,0,5,8,2170,2170,1979,0,98118,47.5384,-122.276,2030,6812
19511,20150414T000000,389000.0,3,1.75,1820,8028,1.0,0,0,3,7,1220,600,1980,0,98133,47.7466,-122.355,1940,11100
11052,20141203T000000,365500.0,2,1.0,1140,15624,1.0,0,0,4,6,1140,0,1909,0,98177,47.7673,-122.367,2110,15493
10858,20140814T000000,446450.0,3,1.5,1480,7749,1.0,0,0,5,7,1480,0,1960,0,98126,47.5144,-122.379,1140,5320
31473,20150213T000000,400000.0,2,2.5,1410,1281,2.0,0,0,3,8,1090,320,2008,0,98126,47.5659,-122.37,1410,2550
29707,20150304T000000,343000.0,5,3.5,2473,9282,2.0,0,1,5,7,2473,0,1963,0,98198,47.3966,-122.308,2040,10920
15836,20150218T000000,622500.0,2,1.75,1510,851,3.0,0,0,3,8,1420,90,2013,0,98107,47.6536,-122.358,1300,1338
20282,20150416T000000,460000.0,3,2.0,2930,29136,2.0,0,0,3,8,2240,690,1990,0,98010,47.3102,-122.042,2110,29362
29545,20150504T000000,346100.0,2,1.75,1150,698,2.0,0,0,3,7,1150,0,2013,0,98027,47.5323,-122.071,1150,757
26737,20140528T000000,151000.0,2,1.0,720,4222,1.0,0,0,4,5,720,0,1942,0,98056,47.4965,-122.186,860,4785
28650,20150427T000000,450000.0,2,1.0,740,5100,1.0,0,0,4,7,740,0,1947,0,98115,47.6787,-122.301,920,5100
20651,20140507T000000,515000.0,3,1.75,1580,9147,1.0,0,1,4,7,1210,370,1967,0,98008,47.6069,-122.112,2600,23564
14524,20140904T000000,230000.0,3,2.0,1310,7332,1.0,0,0,3,7,1310,0,1987,0,98038,47.3597,-122.051,1530,7362
19442,20140714T000000,200000.0,1,1.5,1010,1157,2.0,0,0,3,8,950,60,2007,0,98126,47.5492,-122.372,1360,1688
24335,20140721T000000,731688.0,4,3.0,2630,5772,2.0,0,0,3,9,2630,0,2006,0,98052,47.6952,-122.133,3460,6158
18380,20150402T000000,412000.0,4,1.5,1960,5000,1.0,0,0,3,7,980,980,1912,0,98106,47.5688,-122.363,1300,5000
23195,20150115T000000,495000.0,2,1.75,1280,4000,1.0,0,0,4,7,730,550,1929,0,98116,47.5798,-122.383,2250,5382
30719,20140908T000000,834950.0,5,3.5,3630,4911,2.0,0,0,3,9,2790,840,2014,0,98034,47.718,-122.156,3600,4992
31921,20140715T000000,775000.0,5,1.5,1720,5000,1.5,0,0,3,8,1720,0,1915,0,98103,47.6627,-122.355,1720,5000
24760,20140523T000000,550000.0,3,2.0,1830,9152,1.0,0,0,5,8,1830,0,1959,0,98006,47.5531,-122.181,1770,9220
22286,20140522T000000,275000.0,1,0.75,1170,14149,1.0,0,0,5,7,880,290,1962,0,98022,47.2653,-121.91,1130,24513
20289,20150409T000000,735000.0,4,2.25,2410,4250,1.5,0,0,5,7,1460,950,1929,0,98117,47.6849,-122.376,1360,5074
23927,20141208T000000,355000.0,4,3.0,2590,7213,2.0,0,0,3,8,2590,0,2001,0,98001,47.2609,-122.289,2550,6800
15098,20150305T000000,308000.0,3,2.5,1250,1150,2.0,0,0,3,8,1080,170,2009,0,98106,47.5582,-122.363,1250,1150
29343,20140521T000000,452000.0,4,2.0,1660,6150,1.0,0,0,3,6,850,810,1945,0,98126,47.5371,-122.368,1110,6250
16391,20140812T000000,500000.0,2,1.0,1640,14100,1.0,0,0,4,7,1140,500,1954,0,98006,47.5712,-122.143,1520,13527
13800,20141110T000000,439000.0,2,1.75,1620,113862,1.5,0,0,3,7,1620,0,1995,0,98045,47.4821,-121.719,1560,54806
22944,20140530T000000,280000.0,2,1.0,1880,7560,1.0,0,0,3,6,940,940,1919,0,98126,47.5261,-122.374,1280,7560
26331,20150429T000000,190000.0,3,1.0,950,7610,1.0,0,0,3,7,950,0,1983,0,98092,47.3188,-122.174,1360,7938
23325,20140715T000000,448000.0,2,1.0,1110,5413,1.0,0,0,3,6,890,220,1937,0,98115,47.6925,-122.32,1300,5413
29603,20140513T000000,700000.0,3,2.5,2030,8398,2.0,0,0,4,9,2030,0,1975,0,98008,47.6272,-122.095,2450,8104
17785,20150423T000000,1550000.0,3,3.25,3530,4920,2.0,0,0,3,9,2660,870,2015,0,98109,47.641,-122.357,1900,4200
14358,20140709T000000,630000.0,3,1.75,1710,8767,1.0,0,0,4,8,1710,0,1986,0,98033,47.6945,-122.188,2050,9200
26957,20140702T000000,340000.0,4,2.5,1954,4805,2.0,0,0,3,8,1954,0,2005,0,98055,47.4297,-122.19,1714,3259
18829,20140929T000000,348000.0,3,2.0,2360,6145,1.0,0,0,3,8,2360,0,2011,0,98030,47.3564,-122.198,2304,5880
22735,20141009T000000,969500.0,3,3.25,2080,3025,2.0,0,2,4,8,1220,860,1984,0,98122,47.6051,-122.289,2680,6518
12424,20150406T000000,220000.0,2,1.0,840,9000,1.0,0,0,5,6,840,0,1951,0,98168,47.5033,-122.329,1350,10400
13849,20141105T000000,305000.0,4,2.25,1950,7700,1.0,0,0,3,8,1350,600,1979,0,98058,47.4441,-122.125,2150,7350
28406,20140623T000000,633634.0,4,3.5,2960,6000,2.0,0,0,3,9,2960,0,2014,0,98065,47.5183,-121.886,2960,6000
15538,20140902T000000,500000.0,2,1.0,930,3750,1.0,0,0,4,7,930,0,1909,0,98115,47.6733,-122.296,1740,4300
19002,20141223T000000,383000.0,3,1.5,1400,14850,1.5,0,0,4,7,1400,0,1910,0,98070,47.4471,-122.464,1350,14850
25697,20150319T000000,685000.0,3,1.75,2210,8955,1.0,0,1,3,8,1560,650,1974,0,98033,47.6621,-122.189,2210,8976
30625,20141114T000000,1540000.0,4,4.5,5770,10050,1.0,0,3,5,9,3160,2610,1949,0,98115,47.677,-122.275,2950,6700
28466,20140604T000000,1130000.0,5,3.5,3880,13885,2.0,0,3,4,9,2540,1340,1979,0,98006,47.5696,-122.156,3690,13885
15687,20150115T000000,465000.0,2,1.5,1450,27075,1.0,0,0,3,7,1450,0,1940,0,98133,47.7281,-122.353,1890,10599
24730,20140731T000000,230000.0,3,1.5,1040,1264,2.0,0,0,3,9,900,140,2015,0,98144,47.5951,-122.301,1350,3000
15272,20140617T000000,605000.0,3,2.25,2010,10760,2.0,0,0,3,8,2010,0,1985,0,98052,47.7276,-122.103,2240,9357
16213,20141211T000000,525000.0,2,1.5,1480,43645,1.0,0,0,3,8,1480,0,1974,2006,98027,47.5484,-122.045,1600,34326
21160,20140929T000000,610000.0,3,2.25,2320,38186,2.0,0,0,3,8,2320,0,1980,0,98053,47.6645,-122.068,2875,37523
27848,20140514T000000,266000.0,3,2.5,1780,7214,1.0,0,0,4,7,1400,380,1986,0,98030,47.3667,-122.182,1520,7228
15683,20150330T000000,960000.0,3,2.5,1730,4102,3.0,1,4,3,8,1730,0,1996,0,98074,47.645,-122.084,2340,16994
19168,20140916T000000,640000.0,4,2.75,2100,11894,1.0,0,0,4,8,1720,380,1968,0,98004,47.6006,-122.194,2390,9450
32273,20141103T000000,549900.0,3,2.0,1280,960,2.0,0,0,3,9,1040,240,2014,0,98122,47.602,-122.311,1280,1173
17910,20150107T000000,390000.0,4,2.0,2290,9200,1.5,0,0,3,7,2290,0,1920,0,98166,47.4678,-122.363,2140,9200
20389,20140723T000000,835000.0,4,3.0,4480,42717,2.0,0,0,3,9,4480,0,1987,0,98077,47.7711,-122.088,3140,41632
14710,20140905T000000,345000.0,2,2.25,860,696,2.0,0,0,3,9,860,0,2009,0,98118,47.5663,-122.29,1100,3000
11378,20141216T000000,375000.0,3,2.5,1530,1131,3.0,0,0,3,8,1530,0,2009,0,98103,47.6993,-122.346,1530,1445
29600,20140904T000000,606150.0,4,1.75,1770,9848,1.0,0,0,3,8,1370,400,1967,0,98008,47.6208,-122.099,2040,9587
24821,20140910T000000,375000.0,3,1.5,1630,16170,1.0,0,0,3,7,1630,0,1988,0,98034,47.7104,-122.235,1630,9931
11787,20150505T000000,653000.0,2,1.5,1290,5141,1.0,0,0,4,7,1050,240,1947,0,98115,47.6878,-122.29,1290,5406
19092,20140715T000000,641000.0,2,1.0,1420,5332,1.0,0,0,3,8,1070,350,1953,0,98105,47.6694,-122.275,2400,5406
22425,20141006T000000,1620000.0,4,3.25,4250,12281,2.0,0,4,3,12,3020,1230,1996,0,98006,47.5507,-122.113,4940,12941
17904,20140507T000000,535000.0,3,1.75,2720,149410,1.5,0,0,3,9,2720,0,1988,0,98014,47.7092,-121.892,2560,149410
11754,20141202T000000,625000.0,3,2.5,1860,10027,2.0,0,0,3,8,1860,0,1993,0,98033,47.6775,-122.165,1530,9204
26941,20140924T000000,640000.0,4,2.5,2970,34981,2.0,0,0,3,9,2970,0,1998,0,98077,47.7365,-122.037,3170,30277
27933,20140903T000000,1140000.0,4,2.5,3370,10602,2.0,0,0,3,10,3370,0,1999,0,98007,47.6591,-122.147,2950,9949
15717,20150223T000000,390000.0,1,1.0,710,4000,1.0,0,0,4,6,610,100,1928,0,98103,47.6562,-122.354,1440,4500
28398,20140603T000000,575000.0,4,2.75,3120,7644,2.0,0,0,3,10,3120,0,2010,0,98065,47.5156,-121.884,2980,6050
11485,20140618T000000,267000.0,3,2.25,1584,2800,2.0,0,0,3,7,1584,0,2012,0,98002,47.3454,-122.214,1584,2800
22504,20141120T000000,805000.0,5,3.0,2350,6480,2.0,0,3,4,7,1650,700,1924,1962,98118,47.558,-122.266,1840,7200
27807,20140613T000000,215000.0,2,1.0,710,7200,1.0,0,0,3,6,710,0,1943,0,98178,47.4903,-122.245,960,7200
12902,20141220T000000,420000.0,3,2.5,2720,8622,2.0,0,0,3,8,2720,0,2002,0,98059,47.4954,-122.163,1950,8603
12036,20150203T000000,527200.0,3,1.75,1460,4000,1.0,0,2,4,7,730,730,1929,0,98144,47.5768,-122.307,1360,4000
25212,20141015T000000,1070000.0,3,2.25,2890,21480,2.0,0,4,3,8,1790,1100,1941,1989,98146,47.5027,-122.381,2110,8107
13077,20141014T000000,403000.0,3,1.75,1270,10790,1.0,0,0,3,7,1270,0,1956,0,98033,47.6647,-122.177,1270,10790
30874,20150406T000000,285000.0,2,1.5,990,1380,3.0,0,0,3,7,990,0,2001,0,98133,47.7218,-122.356,1050,1380
26585,20141015T000000,1050000.0,4,3.25,3830,8331,2.0,0,0,3,9,3830,0,2014,0,98053,47.6906,-122.019,4080,8425
20477,20141113T000000,356000.0,3,1.5,1140,7500,1.0,0,0,3,7,1140,0,1976,0,98074,47.619,-122.064,1380,7500
29736,20150325T000000,295000.0,3,2.0,1400,7384,1.0,0,0,3,7,1150,250,1979,0,98058,47.4655,-122.174,1820,7992
20648,20150108T000000,899000.0,4,2.25,2290,40946,1.0,0,3,4,8,1550,740,1960,0,98008,47.616,-122.103,2790,20076
12674,20141201T000000,800000.0,6,4.25,5480,189050,2.0,0,0,4,10,5140,340,1991,0,98031,47.412,-122.168,2470,10429
19422,20140912T000000,585000.0,4,2.5,2330,45860,2.0,0,0,3,9,2330,0,1989,0,98075,47.5842,-121.992,2930,5020
18910,20141208T000000,290000.0,2,1.0,1340,9840,1.0,0,0,3,7,1340,0,1949,0,98133,47.7202,-122.339,1610,8949
25953,20150220T000000,550000.0,3,1.0,1110,6000,1.0,0,0,3,7,1110,0,1904,0,98109,47.6461,-122.357,1460,6000
17146,20140604T000000,320000.0,3,1.5,1650,9380,1.0,0,0,5,7,1130,520,1978,0,98058,47.4525,-122.162,1720,8856
15324,20140616T000000,460000.0,2,1.0,890,2100,1.0,0,0,4,6,760,130,1919,0,98107,47.656,-122.359,1600,4250
21802,20141017T000000,395000.0,4,2.0,1780,8149,1.5,0,0,4,7,1780,0,1948,0,98155,47.745,-122.302,1180,8149
28740,20140512T000000,505000.0,4,1.75,1940,4800,1.0,0,0,5,7,1030,910,1922,0,98122,47.6054,-122.314,1450,4800
27844,20140826T000000,470000.0,4,2.75,2150,9820,1.0,0,0,4,8,1220,930,1979,0,98011,47.7758,-122.2,2060,9830
23047,20150113T000000,832000.0,4,2.25,3190,52953,2.0,0,0,4,10,3190,0,1980,0,98075,47.5933,-122.075,3190,51400
23705,20140714T000000,380000.0,3,1.0,1020,4800,1.0,0,0,3,7,1020,0,1944,0,98118,47.5615,-122.272,1400,5465
12868,20140613T000000,285000.0,3,1.75,1840,8601,1.0,0,0,3,7,920,920,1905,2014,98118,47.5359,-122.276,1390,7452
13353,20140606T000000,500000.0,4,1.0,1720,4011,1.5,0,0,4,7,1720,0,1904,0,98107,47.6719,-122.396,1580,3784
