id,Date,Bedrooms,Bathrooms,Sqft_living,Sqft_lot,Floors,Waterfront,View,Condition,Grade,Sqft_above,Sqft_basement,Yr_built,Yr_renovated,zipcode,Lat,Long,Sqft_living15,Sqft_lot15
25484,20150310T000000,4,3.5,3950,6240,2.0,0,0,3,11,3950,0,2015,0,98112,47.6221,-122.29,2040,6240
31530,20150420T000000,2,2.0,1384,1822,2.0,0,0,3,7,1384,0,1990,0,98028,47.7525,-122.244,1078,1315
30518,20140930T000000,3,1.5,1790,7526,1.0,0,0,3,7,1790,0,1953,2014,98004,47.6387,-122.207,2080,10943
13355,20141107T000000,4,4.0,1550,6596,1.5,0,0,5,7,1550,0,1907,0,98107,47.6711,-122.398,1830,4850
19691,20141216T000000,3,2.25,2100,40510,2.0,0,0,3,10,1320,780,1979,0,98074,47.6154,-122.047,2380,33450
23080,20140924T000000,3,2.5,2260,9577,2.0,0,0,3,8,1700,560,1925,2004,98117,47.6928,-122.399,1740,10240
20342,20141007T000000,2,1.0,1620,9855,1.0,0,4,3,8,1320,300,1948,0,98136,47.5264,-122.384,1820,7700
29374,20141008T000000,2,3.25,1840,1500,3.0,0,0,3,8,1840,0,2001,0,98103,47.6595,-122.354,1910,2500
21283,20150416T000000,4,2.5,1996,4547,2.0,0,0,3,7,1996,0,2009,0,98042,47.3365,-122.051,2180,5127
30576,20140609T000000,3,2.5,2590,7237,2.0,0,0,3,8,2590,0,2004,0,98125,47.7113,-122.309,1670,7648
22647,20141205T000000,3,2.75,1740,8436,1.0,0,0,3,7,1140,600,1967,0,98003,47.3456,-122.305,1550,8436
30376,20150218T000000,4,2.5,2910,4680,1.5,0,0,5,9,1850,1060,1937,0,98115,47.6745,-122.31,1960,4120
20235,20150428T000000,4,2.5,2730,4526,2.0,0,0,3,7,2730,0,2009,0,98059,47.491,-122.153,2190,4572
18177,20141106T000000,3,2.5,1920,9812,2.0,0,0,3,8,1920,0,2000,0,98028,47.7633,-122.243,1830,10534
28848,20150323T000000,3,1.0,910,7620,1.0,0,2,3,7,910,0,1971,0,98106,47.5278,-122.343,1660,7620
22240,20150324T000000,3,1.0,1280,3900,1.0,0,0,4,7,1280,0,1921,0,98103,47.6545,-122.336,2020,4560
16276,20150427T000000,3,2.25,1370,5000,2.0,0,0,3,7,1370,0,1990,0,98019,47.7372,-121.981,1600,7724
29017,20140509T000000,2,2.0,1150,6634,1.0,0,0,3,7,860,290,1940,0,98115,47.7001,-122.309,1680,6892
30548,20140512T000000,4,3.25,3270,5187,2.0,0,0,3,9,3110,160,2014,0,98052,47.6966,-122.133,3600,5825
14428,20140805T000000,4,2.0,1700,8043,1.0,0,0,3,7,850,850,1954,0,98168,47.4758,-122.288,1540,13260
24500,20141118T000000,3,2.5,1430,1250,3.0,0,0,3,7,1430,0,2007,0,98103,47.6904,-122.342,1360,1269
10945,20140515T000000,3,2.25,1590,7748,2.0,0,0,4,7,1590,0,1991,0,98003,47.2857,-122.3,1590,7606
10993,20140728T000000,3,0.75,1040,15000,1.0,0,0,3,6,1040,0,1941,0,98028,47.7639,-122.234,1410,19000
32079,20140602T000000,3,2.0,1380,4500,1.0,0,0,3,7,1380,0,2008,0,98038,47.3661,-122.021,1620,4000
26862,20140825T000000,4,4.0,4920,50621,2.0,0,0,3,10,4280,640,2012,0,98053,47.6575,-122.006,4920,74052
14180,20150112T000000,3,2.25,1960,44634,1.0,0,0,3,7,1130,830,1984,0,98028,47.7769,-122.253,1970,44634
25277,20140627T000000,5,1.0,1170,6757,1.0,0,0,4,6,800,370,1944,0,98125,47.7332,-122.304,1590,6794
16559,20150127T000000,4,2.0,1530,7816,1.0,0,0,3,7,1530,0,1955,0,98133,47.7309,-122.332,1480,7816
23693,20141010T000000,5,3.75,3360,6000,2.0,0,0,3,8,2640,720,1963,1999,98118,47.558,-122.277,1930,6000
25653,20140620T000000,4,2.5,2970,4400,2.0,0,0,3,8,2970,0,2014,0,98052,47.705,-122.114,3010,4892
12250,20140609T000000,4,2.0,2030,9300,1.0,0,0,4,8,2030,0,1976,0,98052,47.6658,-122.149,1800,9018
30538,20140620T000000,2,1.0,1240,27042,1.0,0,1,3,6,1000,240,1943,0,98070,47.5026,-122.465,2140,20059
27834,20141023T000000,3,1.5,1280,7742,1.0,0,0,3,7,1280,0,1973,0,98001,47.3323,-122.276,1566,7696
27363,20140919T000000,3,1.75,2040,81021,1.0,0,0,3,8,2040,0,1980,0,98053,47.6536,-122.045,2260,39280
27129,20140515T000000,3,1.5,1260,10350,1.0,0,0,3,7,1260,0,1959,0,98008,47.6357,-122.123,1800,10350
11155,20140611T000000,3,2.5,2600,7465,2.0,0,0,3,9,2600,0,1988,0,98011,47.7387,-122.217,2660,7683
31094,20141121T000000,6,2.75,2940,7350,1.0,0,0,3,8,1780,1160,1978,0,98023,47.3103,-122.339,2120,8236
23519,20150115T000000,4,2.75,2830,8126,2.0,0,0,3,8,2830,0,2005,0,98059,47.4863,-122.14,2830,7916
28368,20150421T000000,2,2.0,1750,2731,2.0,0,0,3,8,1750,0,2012,0,98065,47.5169,-121.878,1650,2731
20351,20141120T000000,3,2.75,2590,223027,2.0,0,0,3,9,2590,0,1983,0,98074,47.6145,-122.001,3410,212137
15504,20150311T000000,2,1.0,1070,8130,1.0,0,0,3,7,1070,0,1942,0,98117,47.697,-122.37,1360,7653
20154,20150512T000000,4,2.0,1640,5014,1.0,0,0,4,7,930,710,1982,0,98106,47.5545,-122.356,1600,5452
26332,20150316T000000,3,2.0,1660,7958,1.0,0,0,3,7,1130,530,1983,0,98092,47.3187,-122.171,1550,7647
14512,20140613T000000,4,2.5,1880,7965,2.0,0,0,3,7,1880,0,2000,0,98038,47.3642,-122.052,1570,7584
21842,20140821T000000,4,3.25,3330,33826,2.0,0,0,5,8,3330,0,1924,0,98155,47.7596,-122.275,2580,28707
28072,20141222T000000,4,1.75,1500,12560,1.0,0,0,4,7,1000,500,1977,0,98002,47.2918,-122.197,1700,9020
16541,20140815T000000,4,3.25,3640,60086,2.0,0,0,3,10,3640,0,2005,0,98074,47.6328,-122.016,2900,51721
27744,20150205T000000,5,1.75,1720,14040,1.0,0,0,4,8,1150,570,1956,0,98133,47.7365,-122.339,1750,7800
32379,20141113T000000,3,1.0,950,3621,1.0,0,0,4,6,950,0,1947,0,98144,47.575,-122.289,1540,4080
22062,20140909T000000,2,1.0,1040,20524,1.0,0,3,3,6,1040,0,1949,1989,98014,47.6981,-121.875,1880,38996
30569,20140723T000000,3,2.5,2330,8627,1.0,0,0,4,7,1480,850,1980,0,98055,47.4543,-122.21,1940,9607
12218,20150226T000000,4,2.5,2420,4981,2.0,0,0,3,9,2420,0,2009,0,98038,47.3785,-122.023,2420,5000
22971,20140716T000000,5,2.25,2340,9225,2.0,0,0,3,8,2340,0,1973,0,98052,47.6369,-122.098,2140,9348
27353,20140725T000000,3,2.25,1890,12236,1.0,0,0,3,8,1890,0,1978,0,98074,47.6232,-122.047,2390,12323
13740,20150414T000000,4,2.25,1730,8400,1.0,0,0,3,7,1730,0,1962,0,98001,47.3386,-122.288,1550,7920
15510,20140813T000000,3,2.0,1320,1298,3.0,0,0,3,7,1320,0,1995,0,98117,47.6959,-122.376,1380,1503
17830,20140912T000000,4,2.5,3236,9608,2.0,0,0,3,10,3236,0,2005,0,98030,47.3838,-122.195,3236,9660
23623,20150422T000000,2,1.5,1300,4000,1.5,0,0,4,6,1300,0,1900,0,98144,47.5937,-122.301,1480,4000
22016,20150407T000000,3,1.75,1550,8134,1.0,0,0,4,7,1550,0,1959,0,98008,47.6136,-122.121,1360,8000
27157,20140818T000000,3,1.0,1170,7395,1.0,0,0,4,7,1170,0,1969,0,98055,47.4627,-122.19,1430,7920
29676,20141008T000000,3,1.5,1640,2720,1.5,0,0,3,8,1640,0,1929,0,98115,47.6869,-122.317,1490,4375
12866,20141024T000000,4,2.0,1370,8837,1.5,0,0,3,7,1370,0,1955,0,98188,47.4386,-122.285,1360,9000
16149,20150312T000000,3,1.0,1270,4000,1.0,0,0,3,7,1120,150,1954,0,98106,47.5293,-122.354,1220,4600
29583,20140827T000000,4,2.75,2210,10800,1.0,0,0,4,8,1170,1040,1997,0,98074,47.6086,-122.059,2210,10800
19439,20140723T000000,3,2.5,2150,4084,2.0,0,0,3,8,2150,0,2007,0,98126,47.5488,-122.372,1750,2385
27633,20140805T000000,4,2.0,2450,5000,2.0,0,4,5,8,2200,250,1919,0,98116,47.5619,-122.405,2360,6090
26029,20150316T000000,4,2.25,1750,6120,1.0,0,0,3,7,1150,600,1962,0,98115,47.6958,-122.29,1350,6120
20793,20140716T000000,4,2.5,2980,5000,2.0,0,0,3,10,2980,0,2006,0,98027,47.5431,-121.997,3140,5500
25485,20150403T000000,4,4.25,4645,7757,2.0,0,0,3,10,3855,790,2006,0,98112,47.6248,-122.29,2150,6970
23288,20140616T000000,4,1.5,2220,9496,1.0,0,0,4,7,1490,730,1954,0,98004,47.6233,-122.206,1800,8286
23159,20141112T000000,2,1.0,1070,6625,1.0,0,0,3,7,830,240,1950,0,98116,47.5736,-122.393,1310,6625
25827,20140512T000000,4,2.5,2380,7066,2.0,0,0,4,7,2380,0,1997,0,98031,47.3982,-122.172,2310,8127
12769,20140826T000000,2,1.0,820,4025,1.0,0,2,5,6,820,0,1922,0,98126,47.5649,-122.38,1410,5750
30061,20140519T000000,2,2.5,2380,9374,1.0,0,2,3,8,2380,0,2011,0,98053,47.7095,-122.019,1610,5000
28047,20150106T000000,3,2.75,3170,34850,1.0,0,0,5,9,3170,0,1957,0,98033,47.6611,-122.169,3920,36740
11766,20141003T000000,3,1.5,1020,10152,1.0,0,0,5,6,1020,0,1959,0,98056,47.4971,-122.168,1320,8892
28218,20150422T000000,4,3.0,2640,5267,2.0,0,0,3,7,2640,0,2001,0,98065,47.5298,-121.88,2640,5670
24687,20150114T000000,4,2.5,1670,8056,1.0,0,0,3,7,1170,500,1961,0,98168,47.4884,-122.319,1360,8056
14731,20140626T000000,4,2.5,3200,22651,1.0,0,0,5,8,1610,1590,1970,0,98031,47.3931,-122.183,2030,5500
25755,20141028T000000,3,2.5,1940,8347,2.0,0,0,3,8,1940,0,1990,0,98042,47.3654,-122.164,1940,7131
24403,20140822T000000,4,2.5,2760,6440,2.0,0,0,3,10,2760,0,1999,0,98075,47.5836,-122.026,3070,8127
31389,20150422T000000,3,2.5,1730,4286,2.0,0,0,3,7,1730,0,1999,0,98148,47.432,-122.329,1780,4343
28590,20141124T000000,3,2.0,2620,10107,1.0,0,3,3,7,2620,0,1982,0,98198,47.4096,-122.329,1730,7812
20005,20140910T000000,3,3.0,1720,70567,1.0,0,2,5,7,1720,0,1966,0,98027,47.4936,-122.069,2740,70567
14148,20150327T000000,4,1.75,2960,11347,1.0,0,0,4,8,1570,1390,1946,0,98166,47.4738,-122.353,1660,8911
24764,20140822T000000,5,2.0,2560,14467,1.0,0,0,3,8,1280,1280,1960,0,98006,47.5547,-122.178,2200,10267
11537,20150427T000000,3,1.75,1450,61419,1.0,0,0,4,8,1450,0,1976,0,98092,47.3343,-122.16,2256,82328
19488,20150421T000000,3,1.75,2020,11095,1.0,0,0,4,7,1480,540,1975,0,98034,47.7351,-122.183,2030,10710
12972,20150107T000000,4,2.5,2050,3784,2.0,0,0,3,8,2050,0,2001,0,98034,47.7189,-122.181,2050,3366
16243,20150318T000000,5,3.25,3160,10587,1.0,0,0,5,7,2190,970,1960,0,98034,47.7238,-122.165,2200,7761
12523,20141013T000000,4,1.0,1300,18836,1.0,0,0,4,7,1300,0,1941,0,98056,47.5029,-122.188,1540,8498
31777,20140516T000000,4,2.25,2270,7800,1.0,0,0,3,7,1290,980,1977,0,98034,47.7278,-122.192,1480,7280
29961,20150506T000000,4,1.5,1100,9600,1.0,0,0,4,6,1100,0,1960,0,98033,47.7,-122.175,1100,9630
11804,20150121T000000,2,1.0,980,5000,1.0,0,0,3,6,980,0,1904,0,98107,47.6744,-122.369,1270,4500
30083,20140821T000000,4,2.5,3730,9847,2.0,0,0,3,10,3730,0,1997,0,98075,47.587,-121.976,3490,10219
21805,20140917T000000,4,2.5,2810,11560,1.0,0,0,5,7,1740,1070,1962,0,98008,47.5846,-122.12,1970,11560
12412,20150318T000000,4,1.75,1440,8536,1.0,0,0,4,7,1440,0,1961,0,98033,47.6775,-122.18,1720,9748
14018,20141212T000000,3,2.5,1676,18778,2.0,0,0,3,7,1676,0,1997,0,98014,47.6521,-121.905,1410,18778
13169,20141205T000000,3,2.25,2230,10026,1.0,0,0,3,8,1430,800,1975,0,98052,47.6647,-122.153,2230,9340
29550,20150209T000000,4,3.5,2950,3737,2.0,0,0,3,10,2270,680,2012,0,98027,47.5313,-122.074,2580,3581
29492,20150331T000000,3,1.0,1060,4650,1.0,0,0,3,7,910,150,1950,0,98116,47.5784,-122.393,1480,4750
12199,20140707T000000,3,1.5,1820,12686,1.0,0,0,4,7,1820,0,1952,0,98004,47.5886,-122.195,3020,11550
10815,20140805T000000,3,2.0,1410,2700,2.0,0,0,4,7,1410,0,1902,0,98122,47.6029,-122.302,1750,4000
29307,20150225T000000,4,3.5,2700,2868,2.0,0,0,3,11,1920,780,2006,0,98118,47.5685,-122.286,1430,3858
15330,20140725T000000,3,2.5,3136,54450,1.5,0,0,5,8,3136,0,1910,0,98070,47.3999,-122.472,2300,54450
21137,20140721T000000,3,2.75,1850,8820,2.0,0,0,4,8,1850,0,1993,0,98022,47.1928,-122.01,1850,8651
16668,20150409T000000,5,2.5,2260,7040,2.0,0,0,3,8,2260,0,1999,0,98038,47.352,-122.038,2180,6910
31995,20141027T000000,4,1.5,1220,3780,1.5,0,0,3,7,1220,0,1927,0,98107,47.6667,-122.36,1400,3185
27468,20140502T000000,2,2.0,1350,2560,1.0,0,0,3,8,1350,0,1976,0,98052,47.6344,-122.107,1790,2560
21178,20140719T000000,3,2.5,2060,5115,2.0,0,0,3,9,2060,0,2014,0,98092,47.3261,-122.163,2648,4500
21124,20141125T000000,4,2.25,1880,3000,2.0,0,0,3,8,1760,120,1909,1977,98103,47.6864,-122.349,1880,3000
26469,20141023T000000,4,2.5,2770,5612,2.0,0,0,3,7,2770,0,2001,0,98053,47.686,-122.036,2770,5177
26503,20140807T000000,3,2.5,1690,4898,2.0,0,0,3,7,1690,0,2003,0,98053,47.6834,-122.038,2220,4933
25593,20150109T000000,4,2.5,3270,9650,1.0,0,3,4,9,2320,950,1971,0,98166,47.409,-122.333,2340,17357
26539,20141210T000000,3,2.5,1940,8196,2.0,0,0,3,8,1940,0,1991,0,98052,47.6786,-122.151,2070,8514
16500,20150211T000000,3,2.5,1750,6725,1.0,0,0,3,7,1330,420,1993,0,98038,47.352,-122.058,1670,7744
13642,20140507T000000,3,2.0,2540,7200,1.5,0,3,4,8,1600,940,1905,0,98144,47.5972,-122.292,2040,5900
16705,20141027T000000,3,2.0,2010,33090,1.5,0,2,5,8,2010,0,1986,0,98022,47.2133,-122.007,1840,22620
28086,20141216T000000,4,2.25,1920,8910,1.0,0,0,4,8,1200,720,1969,0,98005,47.5897,-122.156,2250,8800
32210,20140506T000000,3,1.0,1010,7034,1.0,0,0,3,7,1010,0,1954,0,98055,47.49,-122.22,1440,10994
17256,20140606T000000,2,1.5,1490,4080,1.0,0,0,3,7,930,560,1956,0,98126,47.5344,-122.381,1320,4080
11751,20140715T000000,3,2.5,3050,7410,1.5,0,0,5,8,1950,1100,1950,0,98115,47.6772,-122.296,1890,5814
26223,20150410T000000,4,2.5,2440,5737,2.0,0,0,4,8,1700,740,1929,0,98119,47.6472,-122.367,2020,5543
25999,20150326T000000,3,3.0,1460,1200,3.0,0,0,3,8,1460,0,2006,0,98117,47.7,-122.367,1460,1245
17066,20150421T000000,5,1.0,1950,6250,1.5,0,0,4,7,1450,500,1917,0,98136,47.5511,-122.386,1950,6250
28766,20150309T000000,2,1.0,690,6000,1.0,0,0,3,6,690,0,1949,0,98118,47.5621,-122.283,840,3030
24601,20150311T000000,3,2.0,1390,8245,1.0,0,0,2,7,1390,0,1984,0,98001,47.2669,-122.254,1260,8245
22702,20150327T000000,4,1.0,1690,3417,1.5,0,0,3,7,1690,0,1907,0,98199,47.663,-122.402,1970,4800
12848,20140522T000000,3,2.25,1280,959,3.0,0,0,3,8,1280,0,2005,0,98103,47.6914,-122.343,1130,1126
22814,20141014T000000,3,2.0,1480,2502,2.0,0,0,3,7,1480,0,1991,0,98103,47.6969,-122.338,1850,5000
18677,20140811T000000,3,2.5,3050,33920,1.0,0,0,3,8,3050,0,2004,0,98052,47.7034,-122.072,1970,60984
23909,20141229T000000,5,2.0,2220,6000,1.5,0,0,4,7,1390,830,1925,0,98144,47.5822,-122.295,1600,6000
29010,20150317T000000,3,1.75,1300,5111,1.0,0,0,4,7,1300,0,1959,0,98115,47.7005,-122.314,1370,5111
16167,20140708T000000,2,1.0,630,4200,1.0,0,0,3,6,630,0,1930,0,98106,47.5329,-122.348,970,4200
16485,20140530T000000,4,2.5,2280,7200,2.0,0,0,3,8,2280,0,1994,0,98030,47.3829,-122.207,2250,7200
29971,20140606T000000,2,2.0,2280,6815,1.0,0,0,3,8,2280,0,2002,0,98053,47.7103,-122.027,2280,6750
23112,20150420T000000,4,1.75,1620,7560,1.0,0,3,4,7,1380,240,1947,0,98117,47.6981,-122.4,2170,8650
27526,20141113T000000,4,1.5,1420,6720,1.5,0,0,3,7,1420,0,1925,0,98108,47.5518,-122.311,1560,5600
13177,20150331T000000,4,3.75,3600,16101,1.0,0,0,3,9,3600,0,1951,0,98112,47.6308,-122.287,3650,9506
16869,20140811T000000,2,2.0,1313,3600,1.0,0,0,3,8,1313,0,1904,2012,98119,47.6369,-122.365,1080,3600
32065,20150211T000000,4,2.25,1660,3200,2.0,0,0,3,7,1660,0,2011,0,98038,47.3666,-122.019,1960,3558
28746,20140911T000000,3,2.5,2340,3630,2.0,0,0,3,9,2340,0,1998,0,98122,47.6059,-122.307,1820,5120
19281,20140624T000000,4,5.0,4550,18641,1.0,1,4,3,10,2600,1950,2002,0,98074,47.6053,-122.077,4550,19508
31304,20141030T000000,3,2.0,2210,5000,1.5,0,2,3,7,1710,500,1909,0,98103,47.6754,-122.357,1920,5000
20535,20150227T000000,4,1.0,1230,8316,1.5,0,0,3,7,1230,0,1963,0,98034,47.7269,-122.24,1490,8316
18904,20150217T000000,2,1.0,1370,10038,1.5,0,0,4,7,1370,0,1922,0,98133,47.719,-122.339,1610,8822
15854,20140718T000000,3,2.5,1730,1301,3.0,0,0,3,9,1730,0,2011,0,98103,47.653,-122.352,1330,1240
13391,20140924T000000,4,2.75,1920,4627,1.0,0,0,3,8,1010,910,1998,0,98178,47.5003,-122.23,1910,7210
25068,20140623T000000,3,1.0,880,9238,1.5,0,0,5,6,880,0,1946,0,98155,47.7494,-122.319,1170,9238
11874,20140630T000000,4,1.5,1800,3245,1.5,0,0,4,8,1800,0,1929,0,98103,47.6605,-122.331,1800,4275
10804,20140811T000000,3,1.0,1460,43000,1.0,0,0,3,7,1460,0,1952,0,98166,47.4434,-122.347,2250,20023
18652,20141216T000000,4,4.5,5270,12195,2.0,1,4,3,11,3400,1870,1979,0,98027,47.5696,-122.09,3390,9905
26792,20140507T000000,3,1.0,1040,16986,1.0,0,0,4,7,1040,0,1968,0,98059,47.4812,-122.097,1660,16986
17968,20150202T000000,4,1.0,1530,3900,1.5,0,0,4,7,1530,0,1908,0,98107,47.6748,-122.379,1300,3900
21312,20140528T000000,2,1.75,2050,11900,1.0,0,0,4,8,2050,0,1950,0,98004,47.6209,-122.219,2980,11900
27347,20150305T000000,5,2.5,3470,12003,2.0,0,0,3,8,3470,0,1978,0,98074,47.624,-122.048,2220,12283
30122,20140831T000000,5,3.25,4100,7578,2.0,0,2,3,10,4100,0,2011,0,98075,47.5955,-121.974,3710,8156
12593,20140828T000000,5,4.5,6085,142725,3.0,0,0,3,11,6085,0,2000,0,98014,47.6085,-121.952,4830,128457
28200,20141106T000000,3,2.5,2120,4500,2.0,0,0,3,7,2120,0,2000,0,98065,47.5322,-121.88,2530,4816
11122,20140703T000000,4,2.0,2490,9525,2.0,0,0,5,9,2490,0,1968,0,98040,47.5639,-122.217,2770,9525
17983,20150126T000000,4,3.5,2140,2278,3.0,0,0,3,9,2140,0,2005,0,98107,47.6734,-122.38,1540,2285
16496,20140528T000000,3,2.0,1480,7480,1.0,0,0,4,7,1480,0,1992,0,98038,47.3542,-122.055,1680,7146
27250,20140801T000000,3,1.75,1530,6300,1.0,0,0,3,6,1530,0,1942,2004,98126,47.516,-122.375,920,6300
32293,20150504T000000,2,1.5,1120,1024,2.0,0,0,3,8,1120,0,1970,1998,98122,47.6175,-122.298,1120,1549
25424,20150212T000000,3,1.0,1260,4080,1.5,0,0,4,7,1260,0,1928,0,98103,47.6893,-122.354,1130,3876
30663,20150423T000000,3,2.5,2283,3996,2.0,0,0,3,8,2283,0,2008,0,98031,47.4221,-122.192,1760,3992
22486,20140815T000000,3,1.75,980,6002,1.0,0,0,4,6,980,0,1942,0,98033,47.6643,-122.203,1150,6054
15155,20150311T000000,4,2.5,1930,14196,1.0,0,0,4,7,1330,600,1977,0,98072,47.7407,-122.097,1470,12852
11990,20140623T000000,3,3.75,1950,8625,1.0,0,0,3,8,1360,590,1959,0,98178,47.505,-122.258,1950,6670
13748,20140821T000000,4,2.5,2360,7350,1.0,0,0,4,7,1440,920,1965,0,98001,47.3417,-122.277,1450,7305
19304,20140912T000000,3,2.5,3680,203860,1.5,0,0,3,9,3680,0,1994,0,98014,47.6903,-121.929,2410,144183
20936,20140703T000000,3,1.0,1390,4814,1.5,0,0,3,6,1390,0,1908,0,98115,47.6881,-122.32,1730,3990
11557,20150417T000000,3,1.0,1410,18600,1.0,0,0,5,7,1410,0,1960,0,98059,47.5031,-122.152,1610,24941
21575,20141012T000000,3,2.5,1630,7586,2.0,0,0,3,8,1630,0,1986,0,98029,47.5689,-122.023,2090,7330
27753,20141105T000000,3,1.0,1340,7260,1.5,0,0,3,6,1340,0,1944,0,98178,47.4934,-122.237,1210,7260
22584,20150119T000000,5,1.75,2190,8250,1.0,0,2,3,7,1190,1000,1963,0,98055,47.4887,-122.223,2570,8250
17879,20140724T000000,4,3.0,2180,12196,2.0,0,0,4,7,2180,0,1968,0,98027,47.5338,-122.033,1500,6534
14814,20140512T000000,4,2.75,3300,12090,2.0,0,0,3,8,3300,0,1953,0,98004,47.6294,-122.218,3180,12239
28385,20150218T000000,3,2.0,1650,5027,1.5,0,0,3,7,1650,0,2009,0,98065,47.515,-121.874,2430,6000
29073,20140528T000000,4,2.75,1680,9545,1.0,0,0,4,7,1080,600,1979,0,98028,47.739,-122.243,1890,9545
16334,20141027T000000,2,1.0,1550,3200,1.5,0,0,3,8,1550,0,1927,0,98112,47.6368,-122.306,1800,3937
32254,20150102T000000,4,3.5,3100,2261,2.0,0,2,3,9,2250,850,1981,0,98033,47.6512,-122.202,2660,2000
19249,20140709T000000,4,2.75,1970,37026,1.0,0,0,4,8,1970,0,1961,0,98070,47.4375,-122.446,1970,51836
22748,20140728T000000,5,3.0,3070,5252,2.0,0,0,3,8,3070,0,2005,0,98042,47.3666,-122.128,2760,5203
12981,20140822T000000,5,2.75,3010,4919,2.0,0,0,3,9,3010,0,2014,0,98074,47.6067,-122.052,3230,5415
25359,20140612T000000,5,2.75,2990,7420,2.0,0,0,3,8,2990,0,1996,0,98059,47.4944,-122.162,2290,7678
17015,20141014T000000,2,1.75,1010,4000,1.5,0,0,5,7,1010,0,1919,0,98105,47.6665,-122.287,1470,4000
21383,20140725T000000,3,2.5,1420,814,2.0,0,0,3,8,1140,280,2008,0,98136,47.5429,-122.387,1340,1382
27244,20140818T000000,2,1.0,940,5000,1.0,0,0,3,6,940,0,1951,0,98126,47.5186,-122.374,940,5000
31347,20140516T000000,3,1.75,1560,4049,1.5,0,2,3,7,1000,560,1926,0,98126,47.5666,-122.375,1430,3738
11668,20141119T000000,2,1.5,1820,7800,1.0,0,0,4,7,1240,580,1956,0,98133,47.7513,-122.357,1400,7800
11140,20140715T000000,3,1.75,1510,15744,1.0,0,0,3,7,1510,0,1985,0,98045,47.476,-121.755,1470,15744
21313,20140618T000000,4,3.0,6430,27517,2.0,0,0,3,12,6430,0,2001,0,98004,47.6208,-122.219,3720,14592
25928,20140812T000000,2,1.0,1090,10481,1.0,0,0,2,7,780,310,1981,0,98074,47.632,-122.03,1160,10533
11301,20150203T000000,4,2.5,2010,6294,2.0,0,0,3,7,2010,0,2000,0,98028,47.776,-122.24,1870,4394
11579,20150323T000000,3,1.0,1320,5000,1.5,0,0,3,7,1320,0,1912,0,98116,47.5711,-122.386,1320,4179
27930,20140925T000000,4,2.5,2820,15000,2.0,0,0,4,9,2820,0,1985,0,98052,47.7255,-122.101,2440,15000
26793,20140617T000000,3,2.5,2970,21907,2.0,0,0,3,9,2970,0,1998,2006,98059,47.4741,-122.099,2040,27917
31641,20150116T000000,4,2.5,2680,9928,1.0,0,0,4,8,1340,1340,1974,0,98027,47.5219,-122.052,2180,10478
15313,20150507T000000,5,2.75,2670,4000,2.0,0,0,4,7,1800,870,1914,0,98105,47.6711,-122.315,2460,4000
15014,20140502T000000,5,2.5,2210,9655,1.0,0,0,3,8,1460,750,1976,0,98011,47.7698,-122.222,2080,8633
19591,20150428T000000,3,2.25,1770,7667,1.0,0,0,3,8,1270,500,1966,0,98177,47.7724,-122.362,2180,8103
16113,20140904T000000,4,2.5,2030,39049,1.0,0,0,4,7,1530,500,1953,0,98166,47.4413,-122.345,2400,14605
19478,20140904T000000,5,1.75,2980,53578,1.0,0,0,4,9,2230,750,1976,0,98027,47.4908,-122.059,2860,75546
18121,20140604T000000,3,2.5,1520,2208,2.0,0,0,3,8,1040,480,2007,0,98119,47.6419,-122.374,1610,1618
13067,20150331T000000,4,2.5,2544,4071,2.0,0,0,3,9,2544,0,2013,0,98030,47.341,-122.179,2358,4179
16238,20141217T000000,4,2.75,2160,8148,1.0,0,0,3,7,1410,750,1978,0,98125,47.7261,-122.306,2060,8100
19797,20140703T000000,3,1.75,1830,7969,1.0,0,0,3,7,930,900,1950,2008,98055,47.4667,-122.214,1790,7425
12252,20141022T000000,3,2.25,2150,9900,1.0,0,0,3,8,1450,700,1977,0,98052,47.6647,-122.149,2170,9500
21377,20150331T000000,3,1.5,980,7770,1.0,0,0,4,7,980,0,1968,0,98033,47.6923,-122.201,1470,7350
16642,20141215T000000,4,2.25,2530,5000,1.5,0,0,4,7,1690,840,1925,0,98117,47.6806,-122.36,1530,5000
15574,20150429T000000,3,1.5,1940,3570,2.0,0,0,4,8,1740,200,1916,0,98105,47.6618,-122.325,1580,3570
29723,20150319T000000,3,2.5,2370,55321,3.0,0,0,4,8,2370,0,1982,0,98074,47.6148,-122.057,2590,41553
24648,20141007T000000,5,2.0,2280,5400,1.5,0,0,4,7,1340,940,1947,0,98105,47.6674,-122.279,1770,5000
30284,20140825T000000,4,2.5,2600,11280,1.5,0,0,3,7,1570,1030,1961,0,98003,47.336,-122.304,1660,11200
19943,20150512T000000,3,1.75,2010,3090,1.5,0,0,5,7,1510,500,1926,0,98103,47.682,-122.348,1600,3150
32139,20141120T000000,5,2.75,2590,6120,2.0,0,0,3,8,2590,0,1909,0,98105,47.6667,-122.327,1390,3060
17174,20140623T000000,5,2.5,3390,9760,1.0,0,0,5,8,1750,1640,1978,0,98058,47.4462,-122.137,2360,9600
22369,20150122T000000,4,2.25,2140,8874,2.0,0,0,3,8,2140,0,1986,0,98092,47.2654,-122.217,2140,8789
28618,20141001T000000,3,2.5,1210,2046,2.0,0,0,3,9,920,290,2008,0,98106,47.5212,-122.357,1070,651
19195,20140523T000000,4,3.0,4060,35621,1.0,0,0,3,9,2030,2030,1989,0,98092,47.3059,-122.108,2950,35259
26916,20150407T000000,3,1.0,1060,12000,1.0,0,0,3,7,1060,0,1952,0,98133,47.7703,-122.35,1550,10500
19438,20140722T000000,2,2.5,1400,2958,2.0,0,0,3,8,1400,0,2007,0,98126,47.5496,-122.373,1540,2385
22149,20140815T000000,4,2.5,3420,17038,2.0,0,0,3,9,3420,0,2007,0,98034,47.718,-122.241,2520,14190
23695,20150422T000000,3,1.0,1660,7650,1.5,0,0,3,7,1350,310,1910,0,98118,47.5576,-122.277,1750,5760
24696,20140609T000000,3,2.0,1310,2550,1.0,0,0,3,7,780,530,1986,0,98103,47.6911,-122.35,1460,5100
22383,20150406T000000,3,2.5,1450,8977,1.0,0,0,3,8,1450,0,1990,0,98092,47.2576,-122.214,2410,8850
21127,20140530T000000,3,1.75,1680,3000,1.0,0,2,4,6,840,840,1900,0,98103,47.686,-122.346,1540,3700
15131,20141104T000000,3,2.5,2990,32239,2.0,0,0,4,8,2990,0,1978,0,98077,47.7718,-122.095,2990,36497
29070,20150427T000000,3,1.75,1940,7306,1.0,0,0,3,8,1470,470,1982,0,98052,47.6632,-122.153,2360,8865
18887,20150226T000000,3,1.0,2480,8906,1.0,0,0,3,7,1240,1240,1969,0,98118,47.5366,-122.289,1800,8906
26264,20140814T000000,6,2.0,2350,6554,2.0,0,1,3,8,2000,350,1905,0,98178,47.5115,-122.256,1560,6554
14538,20141111T000000,3,1.75,1380,7500,1.0,0,0,3,7,1380,0,1988,0,98038,47.3628,-122.045,1530,7500
26991,20140613T000000,3,1.0,1280,8184,1.5,0,0,4,6,1280,0,1947,0,98155,47.7467,-122.319,1120,8184
22757,20141007T000000,3,1.75,1560,5760,1.0,0,0,5,6,780,780,1927,0,98106,47.5272,-122.359,1320,7680
15743,20150511T000000,2,1.5,960,1829,2.0,0,0,3,7,960,0,2005,0,98122,47.6032,-122.308,1470,1829
31729,20140503T000000,3,1.0,1010,9945,1.0,0,0,4,6,1010,0,1973,0,98065,47.5324,-121.763,1390,12710
31722,20150325T000000,4,4.25,5040,16048,1.0,0,3,3,10,3420,1620,1950,0,98105,47.6702,-122.26,3960,14000
18849,20140605T000000,4,1.75,1830,29110,2.0,0,0,3,8,1230,600,1990,0,98040,47.5449,-122.215,3630,16488
16871,20140716T000000,4,3.0,2500,5000,1.5,0,0,4,7,1460,1040,1926,0,98103,47.6895,-122.331,1720,4500
11448,20150403T000000,4,2.0,1610,4770,1.0,0,0,4,7,1230,380,1941,0,98126,47.5333,-122.381,1180,6120
23339,20150220T000000,3,2.0,1108,1128,3.0,0,0,3,7,1108,0,2009,0,98115,47.6961,-122.318,1285,1253
16082,20150210T000000,3,1.75,1910,5753,1.0,0,3,3,8,1110,800,1941,0,98115,47.6898,-122.327,1630,5580
24031,20150311T000000,2,1.0,1030,5934,1.0,0,0,4,7,1030,0,1928,0,98115,47.6828,-122.287,1420,5588
20613,20140527T000000,4,2.5,3250,235063,1.0,0,2,3,9,3250,0,1973,0,98092,47.2582,-122.113,1600,44287
15071,20140513T000000,3,1.0,1390,12823,1.0,0,0,4,7,1390,0,1968,0,98077,47.7438,-122.075,1390,10095
14214,20140716T000000,4,2.5,3620,16000,2.0,0,0,3,9,3620,0,1976,0,98038,47.3711,-122.06,2590,16000
27146,20140529T000000,4,3.25,4430,21000,2.0,0,0,3,10,4430,0,1952,2007,98039,47.6398,-122.237,3930,20000
23190,20150218T000000,2,1.0,790,4000,1.0,0,2,3,7,790,0,1908,0,98112,47.6248,-122.301,1700,4200
25155,20140626T000000,4,1.0,1200,2171,1.5,0,0,3,7,1200,0,1933,0,98133,47.7076,-122.342,1130,1598
15779,20150204T000000,3,1.0,1090,10620,1.5,0,0,3,7,1090,0,1959,0,98032,47.3748,-122.294,1380,10620
15411,20141113T000000,4,2.5,3360,13636,2.0,0,0,3,10,3360,0,1987,0,98074,47.6373,-122.042,2980,10615
15480,20140820T000000,3,2.5,4190,9624,2.0,0,0,3,10,4190,0,1999,0,98006,47.5642,-122.127,3650,8321
27178,20141211T000000,8,3.25,4300,10441,2.0,0,0,4,8,2800,1500,1979,0,98059,47.4786,-122.131,1780,10457
20181,20140520T000000,2,2.5,1590,2656,2.0,0,0,3,7,1220,370,2009,0,98106,47.5489,-122.364,1590,2306
22919,20141203T000000,2,1.75,1810,7523,1.0,0,0,3,8,1170,640,1962,1980,98027,47.5695,-122.087,2090,7523
21574,20140613T000000,3,2.5,1580,6065,2.0,0,0,3,8,1580,0,1985,0,98029,47.5692,-122.021,1770,6700
11591,20140527T000000,4,2.5,3330,7399,2.0,0,0,3,9,3330,0,2009,0,98052,47.679,-122.153,2640,8601
31783,20150212T000000,4,2.5,3170,5340,2.0,0,0,3,7,3170,0,2000,0,98059,47.4911,-122.138,3010,5340
17947,20140804T000000,2,1.0,1330,4140,1.0,0,0,4,7,930,400,1919,1940,98115,47.6802,-122.306,1410,5100
29320,20140713T000000,4,2.25,2030,8764,2.0,0,0,4,8,2030,0,1983,0,98052,47.7214,-122.11,1950,8750
14729,20140625T000000,4,2.25,2050,9583,2.0,0,2,3,8,1770,280,1965,0,98198,47.3978,-122.313,2230,9730
21447,20140624T000000,4,3.0,2560,5606,2.0,0,0,3,9,2560,0,2004,0,98092,47.3274,-122.178,2667,7334
24930,20140821T000000,3,1.0,1660,6992,1.0,0,0,5,7,1260,400,1952,0,98155,47.7576,-122.318,1390,7359
11664,20141017T000000,2,1.0,960,5508,1.0,0,0,3,6,770,190,1951,0,98118,47.5307,-122.277,1280,5304
17999,20140804T000000,3,2.5,1320,1310,3.0,0,0,3,8,1320,0,2006,0,98107,47.6719,-122.38,1350,1250
11500,20150421T000000,4,2.0,2270,18450,1.0,0,0,3,7,2270,0,1961,0,98001,47.3264,-122.262,2150,18450
25253,20140523T000000,3,1.75,1240,3600,1.5,0,0,5,7,1240,0,1926,0,98116,47.5797,-122.405,1660,3600
28007,20150421T000000,3,1.75,2650,11774,1.0,0,1,3,8,2240,410,1952,0,98146,47.4909,-122.363,2650,10120
29739,20141126T000000,5,2.5,2390,8775,1.0,0,0,4,7,1270,1120,1980,0,98058,47.4639,-122.17,1800,8000
11909,20140616T000000,3,1.75,1400,6956,1.0,0,0,4,7,1400,0,1957,0,98031,47.4233,-122.198,1400,9375
25265,20140911T000000,3,2.25,1190,1149,2.0,0,0,3,8,1050,140,2008,0,98116,47.5818,-122.387,1210,1316
28743,20140514T000000,3,1.75,1830,5120,1.5,0,2,5,8,1830,0,1903,0,98122,47.6051,-122.311,2120,5120
11828,20150202T000000,3,1.75,2000,5680,1.0,0,0,4,7,1080,920,1903,0,98117,47.6805,-122.366,1230,4535
29529,20141030T000000,3,3.25,2440,2812,2.0,0,0,3,8,1710,730,2005,0,98027,47.5362,-122.072,2440,2836
23957,20140627T000000,4,2.5,2570,4865,2.0,0,0,3,8,2570,0,2005,0,98038,47.3588,-122.038,2570,4933
29751,20140507T000000,3,1.75,1640,10762,1.0,0,0,3,7,1130,510,1988,0,98042,47.3586,-122.074,1680,10259
27133,20150311T000000,4,2.5,2090,3777,2.0,0,0,3,8,2090,0,2012,0,98038,47.3595,-122.042,2160,3993
18211,20150128T000000,3,2.5,1610,3848,2.0,0,0,3,8,1610,0,2006,0,98055,47.4497,-122.188,1610,3049
21275,20140502T000000,3,2.5,2540,5050,2.0,0,0,3,7,2540,0,2006,0,98042,47.3358,-122.055,2280,5050
13423,20150218T000000,3,2.5,2410,11900,1.0,0,2,4,9,1600,810,1989,0,98023,47.3384,-122.34,3090,11902
25118,20140526T000000,4,2.5,2700,8810,2.0,0,0,3,9,2700,0,2004,0,98052,47.7041,-122.116,2730,5100
28880,20140520T000000,4,3.5,3120,5086,2.0,0,0,3,9,2480,640,2008,0,98115,47.6762,-122.288,1880,5092
16733,20150302T000000,3,2.0,2660,257875,1.0,0,2,4,8,1530,1130,1976,0,98024,47.553,-121.887,1710,64033
26961,20140515T000000,4,2.5,2710,5880,2.0,0,0,3,9,2710,0,1998,0,98092,47.3314,-122.172,2520,6000
12153,20140820T000000,4,2.5,3070,5936,2.0,0,0,3,9,3070,0,2005,0,98075,47.5902,-121.988,3160,5936
26490,20140822T000000,3,2.5,1650,5683,2.0,0,0,3,7,1650,0,2003,0,98053,47.683,-122.035,1650,4193
24133,20150108T000000,3,2.25,2090,7500,1.0,0,0,4,7,1280,810,1977,0,98031,47.3951,-122.172,1800,7350
32365,20140917T000000,3,3.0,3040,5067,3.0,0,2,3,10,3040,0,1993,0,98118,47.5409,-122.267,1820,5998
28431,20140519T000000,4,2.5,3190,8684,1.0,0,3,5,9,1680,1510,1967,0,98006,47.5619,-122.162,3160,8684
20341,20140601T000000,1,1.0,750,4000,1.0,0,0,3,6,750,0,1918,0,98136,47.5243,-122.39,1770,4850
14187,20141027T000000,3,1.5,1340,6500,1.0,0,0,3,7,1340,0,1972,0,98034,47.7168,-122.192,1620,7107
19244,20140813T000000,3,2.0,1760,43575,1.0,0,0,3,7,1160,600,1988,0,98010,47.3565,-121.94,1760,46038
17493,20141021T000000,4,3.5,4300,8406,2.0,0,1,3,11,3580,720,1987,0,98040,47.5396,-122.214,2770,10006
26830,20140728T000000,3,3.0,2260,1834,2.0,0,0,3,8,1660,600,2002,0,98122,47.6111,-122.308,2260,1834
20734,20140827T000000,4,2.5,2120,3640,2.0,0,0,3,8,2120,0,2005,0,98029,47.5521,-121.996,2190,3640
14168,20140728T000000,3,1.0,1460,10914,1.0,0,0,4,7,1460,0,1959,0,98058,47.4511,-122.173,1490,8314
23353,20140726T000000,3,1.0,1020,5410,1.0,0,0,4,7,880,140,1928,0,98115,47.6924,-122.31,1580,5376
25806,20140609T000000,3,2.5,1210,1420,3.0,0,0,3,8,1210,0,2008,0,98103,47.6977,-122.349,1190,1407
10805,20150401T000000,3,1.0,1430,7599,1.5,0,0,4,6,1010,420,1930,0,98168,47.4783,-122.265,1290,10320
18460,20140625T000000,3,2.25,1700,3333,1.5,0,0,3,7,1100,600,1924,0,98117,47.6784,-122.361,1700,3750
10813,20150424T000000,2,1.0,840,12750,1.0,0,0,3,6,840,0,1925,0,98055,47.484,-122.211,1480,6969
24508,20141201T000000,2,1.0,910,4725,1.0,0,0,3,7,910,0,1949,0,98115,47.676,-122.281,1600,5200
23698,20140902T000000,4,2.0,2380,10800,2.0,0,2,3,8,2380,0,1925,0,98118,47.5682,-122.275,2112,6600
19258,20141104T000000,4,2.0,1480,15000,1.0,0,0,4,7,1480,0,1957,0,98055,47.4312,-122.196,1450,8768
23549,20140612T000000,3,2.5,2050,6420,1.0,0,3,3,8,1730,320,1956,0,98116,47.5708,-122.405,2370,7620
29468,20150427T000000,4,2.5,2300,22445,2.0,0,0,4,8,2300,0,1992,0,98014,47.6454,-121.902,2640,21886
15394,20140611T000000,3,2.5,3370,19585,2.0,0,0,3,7,3200,170,1951,0,98133,47.7388,-122.339,1730,9430
24266,20140612T000000,5,4.0,4410,14380,2.0,0,0,3,11,4410,0,2006,0,98052,47.6463,-122.121,2720,11454
22536,20150408T000000,2,1.5,2070,5432,2.0,0,0,3,7,1370,700,1951,0,98108,47.5571,-122.299,2070,5505
14884,20140613T000000,3,2.0,2910,6600,2.0,0,0,4,7,1920,990,1900,1988,98118,47.5576,-122.281,1370,5500
26343,20140528T000000,3,2.5,1680,6755,2.0,0,0,3,8,1680,0,1994,0,98092,47.3293,-122.17,1860,7257
31244,20140616T000000,2,1.5,1090,4000,1.0,0,0,3,8,970,120,1951,0,98116,47.5798,-122.393,1700,4000
21969,20140513T000000,3,1.5,1240,7735,1.0,0,0,4,7,1240,0,1957,0,98008,47.601,-122.122,1260,7500
21121,20150312T000000,2,1.0,880,2970,1.0,0,0,3,7,880,0,1927,0,98103,47.6868,-122.349,1370,3060
13807,20140918T000000,3,2.25,1960,10385,1.0,0,0,3,8,1960,0,1988,0,98008,47.5736,-122.109,2800,12632
23458,20150420T000000,3,2.5,2370,4324,2.0,0,0,3,8,2370,0,2006,0,98038,47.3515,-121.999,2370,4348
28274,20150325T000000,3,2.5,1970,3667,2.0,0,0,3,7,1970,0,2004,0,98065,47.5321,-121.851,1970,3739
30718,20150421T000000,4,2.25,1677,3600,2.0,0,0,3,7,1677,0,2012,0,98092,47.32,-122.178,1677,3600
29775,20140814T000000,4,2.5,2790,15653,2.0,0,0,4,10,2790,0,1964,0,98040,47.5477,-122.215,3520,15653
30349,20141119T000000,3,1.75,2280,3446,2.0,0,0,3,8,2280,0,1949,1991,98125,47.715,-122.282,1610,6670
25400,20140829T000000,2,1.0,990,8250,1.0,0,0,3,7,990,0,1955,0,98133,47.7252,-122.331,1080,8168
22732,20150511T000000,4,1.75,1400,8374,1.0,0,0,3,7,1400,0,1953,0,98166,47.4735,-122.344,1420,8360
13853,20150213T000000,3,1.75,1320,7725,1.0,0,0,3,8,1320,0,1978,0,98058,47.4425,-122.133,2020,7210
16744,20140805T000000,5,3.5,4510,16305,2.0,0,0,3,10,2820,1690,2003,0,98074,47.6346,-122.011,4330,18741
31649,20141230T000000,4,2.25,1910,8005,1.0,0,0,3,8,1280,630,1960,0,98125,47.7259,-122.298,1860,8010
13276,20141209T000000,3,2.5,2870,25663,2.0,0,0,3,10,2870,0,1988,0,98003,47.2769,-122.333,2950,24347
25975,20140507T000000,4,2.0,2210,8556,1.0,0,1,4,8,1210,1000,1954,0,98199,47.6498,-122.396,2190,7975
24762,20140624T000000,3,1.75,1150,10466,1.0,0,0,5,7,1150,0,1959,0,98006,47.5531,-122.177,1350,10384
21938,20140820T000000,4,3.0,2760,13113,1.0,0,0,4,8,1760,1000,1974,0,98028,47.7669,-122.268,1900,13113
11822,20141218T000000,3,3.5,2670,3000,2.0,0,0,3,9,1870,800,2014,0,98117,47.6813,-122.372,1750,5000
17361,20140916T000000,3,1.75,1540,12600,1.0,0,0,4,7,1160,380,1980,0,98038,47.3624,-122.031,1540,11656
21760,20140916T000000,3,1.0,1390,8333,1.0,0,0,3,7,1390,0,1982,0,98155,47.7652,-122.31,1320,7090
15575,20140505T000000,3,1.75,1480,2185,2.5,0,0,3,9,1480,0,2005,0,98034,47.6945,-122.17,1480,2441
20310,20150411T000000,3,1.75,1240,4550,1.5,0,0,4,7,1240,0,1951,0,98116,47.5803,-122.398,2110,5700
27643,20140602T000000,3,1.5,1840,9990,2.0,0,0,5,8,1840,0,1961,0,98177,47.7145,-122.369,2100,12474
11614,20140924T000000,4,3.25,3160,10043,2.0,0,2,3,9,3160,0,2011,0,98034,47.7001,-122.238,3450,10043
12677,20150326T000000,3,1.0,1560,8100,1.0,0,0,4,8,1140,420,1952,0,98177,47.7261,-122.364,2130,8100
26655,20140716T000000,4,2.5,2360,43088,2.0,0,0,3,8,2360,0,1977,0,98077,47.7661,-122.071,2850,39216
18700,20141211T000000,3,1.5,1630,9282,1.0,0,0,4,7,1630,0,1963,0,98022,47.2021,-122.002,1420,9282
18563,20150325T000000,3,1.75,1520,7700,1.0,0,0,3,7,820,700,1969,0,98034,47.7226,-122.219,1420,7674
14885,20140603T000000,2,1.0,1230,6600,1.0,0,0,3,7,1130,100,1906,0,98118,47.5573,-122.282,1260,5060
31790,20140819T000000,4,2.5,2250,4495,2.0,0,0,3,7,2250,0,2008,0,98042,47.3663,-122.114,2250,4500
18540,20140620T000000,4,2.75,3730,8014,2.0,0,0,3,10,3730,0,2012,0,98074,47.6036,-122.059,3670,8279
20047,20150331T000000,3,1.75,2110,7129,1.0,0,0,3,8,1280,830,1982,0,98052,47.7219,-122.102,1810,8674
26227,20150423T000000,4,2.5,1910,8947,1.0,0,0,4,8,1160,750,1970,0,98011,47.7374,-122.183,1920,7350
22958,20140716T000000,2,2.0,1900,7740,1.0,0,0,4,7,1150,750,1923,0,98126,47.5227,-122.372,1140,7740
29660,20141028T000000,2,1.0,1000,5026,1.0,0,0,5,5,760,240,1915,0,98002,47.297,-122.225,990,5026
16247,20141126T000000,3,3.0,2330,10327,1.0,0,0,3,9,2330,0,1998,0,98034,47.7239,-122.164,2200,4629
15628,20140609T000000,4,2.5,4250,19387,2.0,0,2,4,9,3260,990,1972,0,98040,47.5578,-122.212,3690,17024
17405,20141107T000000,3,1.0,1520,8870,1.5,0,0,4,7,1520,0,1951,0,98155,47.7638,-122.317,1520,7800
23015,20140630T000000,2,2.5,1780,2067,2.0,0,0,5,9,1780,0,1974,0,98004,47.6132,-122.21,2320,2067
29396,20141103T000000,3,2.0,1670,4438,1.0,0,0,3,7,1670,0,2014,0,98022,47.1948,-121.974,1670,4558
25712,20140724T000000,3,1.0,1370,4040,1.5,0,0,3,7,1370,0,1906,0,98103,47.6867,-122.354,1220,3030
14916,20150508T000000,3,3.0,2450,211266,1.5,0,3,3,8,2450,0,2004,0,98022,47.2215,-122.067,2300,263492
20760,20140923T000000,4,2.5,1950,3720,2.0,0,0,3,8,1950,0,2004,0,98029,47.5503,-121.997,1720,3720
13855,20140909T000000,3,1.75,1870,7500,1.0,0,0,5,8,1320,550,1978,0,98058,47.4428,-122.134,1870,7275
14101,20140721T000000,2,1.0,1030,9192,1.0,0,0,4,6,1030,0,1959,0,98058,47.4565,-122.181,1030,9190
14919,20140717T000000,3,2.0,1110,8724,1.0,0,0,4,7,1110,0,1990,0,98002,47.3056,-122.206,1390,7750
20446,20140611T000000,4,2.75,2240,27820,1.5,0,0,4,8,2240,0,1976,0,98075,47.5936,-122.054,2330,20000
27897,20150212T000000,3,2.5,2390,8000,2.0,0,0,3,8,2390,0,1995,0,98042,47.3895,-122.154,2070,7585
11255,20150123T000000,3,1.75,2110,56192,1.0,0,0,3,7,1480,630,1978,0,98072,47.7701,-122.138,2570,46609
28139,20140731T000000,3,1.75,2100,9066,1.0,0,0,3,8,1440,660,1962,0,98188,47.4294,-122.292,2000,9132
16382,20140814T000000,4,2.5,1850,7850,2.0,0,0,3,8,1850,0,1985,0,98052,47.6914,-122.103,1830,8140
12125,20140627T000000,2,1.0,720,11400,1.0,0,0,5,6,720,0,1951,0,98133,47.7641,-122.341,1690,8075
24323,20150108T000000,4,3.0,3680,35736,1.5,0,0,4,8,2320,1360,1970,0,98027,47.4703,-122.015,3210,39512
32089,20140825T000000,3,1.5,1800,9216,1.0,0,0,4,7,1800,0,1950,0,98001,47.2739,-122.249,1400,10022
31187,20140722T000000,4,1.5,1850,6125,1.5,0,0,3,6,1110,740,1945,0,98126,47.5352,-122.37,990,6125
16799,20150105T000000,5,2.75,2990,6768,2.0,0,0,3,9,2990,0,2014,0,98006,47.5462,-122.182,2870,6768
22392,20140709T000000,5,4.75,5780,17004,2.0,0,0,3,11,4260,1520,2006,0,98040,47.5802,-122.212,3460,10855
27667,20141023T000000,3,2.0,1840,6000,1.0,0,0,4,6,1840,0,1908,1944,98136,47.5508,-122.392,2010,6000
29754,20141216T000000,3,2.0,2290,9450,1.0,0,0,3,9,1670,620,1979,0,98008,47.5692,-122.1,2750,11700
16595,20150501T000000,3,2.5,1220,1475,3.0,0,0,3,8,1220,0,2000,0,98117,47.6909,-122.395,1220,1546
14363,20140708T000000,4,2.5,2620,8331,2.0,0,0,3,9,2620,0,1991,0,98058,47.4357,-122.159,2760,8174
18843,20150210T000000,4,4.0,2630,59586,1.0,0,0,3,7,1470,1160,1963,0,98055,47.4496,-122.209,2230,5715
25133,20150318T000000,4,2.25,2200,6967,2.0,0,0,3,8,2200,0,1986,0,98011,47.7355,-122.202,1970,7439
21991,20150414T000000,4,1.75,2070,9120,1.0,0,0,4,7,1250,820,1958,0,98008,47.6045,-122.123,1650,8400
12414,20150413T000000,3,1.75,1480,2200,2.0,0,0,3,7,1480,0,1995,0,98103,47.6969,-122.35,1360,2190
19944,20150116T000000,4,2.75,2420,4635,1.5,0,0,5,7,2420,0,1905,0,98103,47.682,-122.347,1590,3150
24098,20150320T000000,3,1.0,1500,2555,2.0,0,2,3,7,1500,0,1910,0,98109,47.627,-122.353,1820,2555
14330,20141212T000000,3,3.5,2350,10739,1.0,0,2,5,7,1340,1010,1940,0,98125,47.7288,-122.284,2580,11026
24467,20150426T000000,3,2.5,1580,6860,2.0,0,0,3,7,1580,0,1995,0,98055,47.4447,-122.188,1580,7050
11930,20150220T000000,4,1.75,1900,10454,1.0,0,0,4,7,1180,720,1954,0,98004,47.5933,-122.195,2060,11325
19039,20140717T000000,3,1.5,1360,2030,3.0,0,0,3,8,1360,0,2008,0,98103,47.6961,-122.349,1360,1167
18948,20140919T000000,2,1.0,920,5850,1.0,0,0,4,6,920,0,1900,0,98108,47.5441,-122.304,1640,5476
30888,20141118T000000,5,2.0,2740,3838,1.0,0,0,4,7,1370,1370,1959,0,98117,47.6819,-122.393,1660,4040
26282,20150417T000000,5,2.5,2340,1989,2.0,1,4,3,8,2340,0,1959,0,98118,47.5193,-122.257,2200,3230
23762,20140729T000000,4,2.75,2230,10160,1.0,0,0,3,7,1400,830,1968,0,98168,47.5123,-122.32,1740,10080
12087,20141022T000000,3,2.0,1030,7260,1.0,0,0,3,6,1030,0,1947,0,98146,47.5113,-122.347,1380,8100
14195,20140911T000000,4,3.5,2970,6587,2.0,0,0,3,8,2260,710,2014,0,98059,47.4776,-122.122,2970,5690
30700,20150430T000000,3,1.0,990,8840,1.0,0,0,3,6,990,0,1966,0,98023,47.3074,-122.371,1120,8625
23137,20140818T000000,4,3.0,1680,6003,1.0,0,0,3,7,1150,530,1997,0,98002,47.2885,-122.218,1820,6207
22815,20150312T000000,2,1.5,1030,798,3.0,0,0,3,8,1030,0,2008,0,98103,47.6975,-122.34,1020,1026
22635,20140827T000000,4,2.5,2280,4602,2.0,0,0,3,8,2280,0,2003,0,98075,47.5895,-122.019,2280,4193
31845,20140709T000000,4,3.5,3650,38546,2.0,0,0,3,9,2550,1100,1996,0,98045,47.4776,-121.73,2860,34284
30586,20141027T000000,3,1.75,1720,7200,1.0,0,0,3,7,1420,300,1959,0,98125,47.7062,-122.304,1380,8000
24237,20150126T000000,4,2.0,2130,9579,1.0,0,0,4,7,1250,880,1968,0,98001,47.3069,-122.271,1590,9800
16207,20140623T000000,3,2.0,1340,8505,1.0,0,0,3,6,1340,0,1931,0,98168,47.4727,-122.297,1370,9000
30415,20141211T000000,3,2.5,3090,20785,2.0,0,0,4,10,3090,0,1991,0,98075,47.5602,-122.03,3400,7566
27573,20150205T000000,5,3.5,2880,5000,2.0,0,0,3,8,2260,620,2012,0,98038,47.3455,-122.023,2590,4800
14962,20140929T000000,6,2.5,2680,11250,1.0,0,0,5,7,1340,1340,1967,0,98033,47.6553,-122.19,2200,9875
23331,20150415T000000,3,1.0,1230,6380,1.5,0,0,3,7,1230,0,1927,0,98115,47.6947,-122.315,1250,6380
28815,20141211T000000,3,2.25,2520,78408,2.0,0,0,3,9,2520,0,1988,0,98001,47.3514,-122.279,1490,29972
10915,20141001T000000,4,3.5,4460,16271,2.0,0,2,3,11,4460,0,2001,0,98075,47.5862,-121.97,4540,17122
32101,20141107T000000,4,2.5,3270,9578,2.0,0,0,3,9,3270,0,1993,0,98027,47.5373,-122.051,3120,8784
30192,20150504T000000,2,2.75,1370,1140,2.0,0,0,3,8,1080,290,2009,0,98133,47.7053,-122.342,1370,1090
27341,20141111T000000,3,1.5,1560,20251,1.0,0,0,5,7,1200,360,1989,0,98074,47.619,-122.054,1560,19119
32290,20140815T000000,1,1.0,860,4800,1.0,0,0,3,6,860,0,1907,0,98122,47.6146,-122.299,1380,4800
31013,20150428T000000,3,1.75,1250,5963,1.0,0,0,4,7,1250,0,1953,0,98115,47.6796,-122.301,970,5100
17400,20140815T000000,3,1.0,1040,11900,1.0,0,0,5,6,1040,0,1972,0,98070,47.4332,-122.446,1250,9600
30038,20150317T000000,2,1.75,1930,4601,1.0,0,0,3,8,1930,0,2006,0,98053,47.7196,-122.022,1670,4500
14311,20141029T000000,2,1.5,1430,1650,3.0,0,0,3,7,1430,0,1999,0,98125,47.7222,-122.29,1430,1650
19026,20150318T000000,4,1.75,2040,6348,1.0,0,0,3,7,1020,1020,1962,0,98103,47.6964,-122.336,1770,5047
27621,20141124T000000,3,1.0,1170,3348,1.5,0,0,4,7,1170,0,1924,0,98117,47.687,-122.378,1590,4219
28158,20150130T000000,3,2.5,1470,4675,2.0,0,0,3,7,1470,0,1999,0,98065,47.5261,-121.827,1500,4385
21668,20140625T000000,4,2.5,2030,3974,2.0,0,0,3,8,2030,0,1994,0,98029,47.5692,-122.006,1780,3953
20280,20141211T000000,4,3.25,3520,19354,1.0,0,2,4,9,2010,1510,1978,0,98006,47.5572,-122.147,2630,19354
20741,20140707T000000,4,2.75,2330,3920,2.0,0,0,3,9,2330,0,2005,0,98029,47.5525,-121.99,2410,4063
31388,20140703T000000,4,2.5,2040,5523,2.0,0,0,3,7,2040,0,1999,0,98148,47.432,-122.328,1720,6646
20468,20140807T000000,3,1.75,1440,7112,1.0,0,0,3,7,1180,260,1979,0,98034,47.7304,-122.227,1570,9152
22585,20150421T000000,5,1.75,2190,8250,1.0,0,2,3,7,1190,1000,1963,0,98055,47.4887,-122.223,2570,8250
16326,20141030T000000,3,2.25,2190,8834,1.0,0,0,3,7,1390,800,1987,0,98001,47.2633,-122.244,1490,8766
14973,20140523T000000,2,1.0,780,13500,1.0,0,0,4,7,780,0,1946,1989,98077,47.7383,-122.074,2200,67518
30341,20140610T000000,4,2.0,2750,7807,1.5,0,0,5,7,2250,500,1916,0,98125,47.7168,-122.287,1510,7807
28599,20150313T000000,5,2.0,2050,10200,1.0,0,0,3,6,1430,620,1956,0,98198,47.4136,-122.333,1940,8625
19699,20150420T000000,3,1.75,1500,7800,1.0,0,0,3,7,1500,0,1968,0,98092,47.3141,-122.192,1490,7800
18536,20140716T000000,3,2.5,2290,6328,2.0,0,0,3,8,2290,0,2001,0,98146,47.5103,-122.382,1600,6180
26473,20140606T000000,4,2.5,2560,5593,2.0,0,0,3,7,2560,0,2001,0,98053,47.6886,-122.037,2800,5890
23577,20140911T000000,3,2.5,2040,15463,1.0,0,0,3,8,1340,700,1968,0,98003,47.3334,-122.322,2370,12672
14898,20141113T000000,2,1.0,790,6000,1.0,0,0,3,7,790,0,1948,0,98118,47.5543,-122.273,960,6000
24938,20150427T000000,4,2.0,1820,9450,1.0,0,0,3,7,1100,720,1962,0,98155,47.7607,-122.329,1540,9450
21002,20141001T000000,3,2.5,2510,4600,2.0,0,2,3,10,2510,0,2006,0,98034,47.7051,-122.223,2560,7500
21146,20150218T000000,3,1.0,1760,6927,1.0,0,0,3,7,1050,710,1962,0,98011,47.7623,-122.2,2060,9120
31175,20140604T000000,3,3.25,1540,1487,2.0,0,0,3,8,1540,0,2011,0,98027,47.5397,-122.027,1620,1104
30015,20150204T000000,2,2.0,1930,5479,1.0,0,0,3,8,1930,0,2005,0,98053,47.7054,-122.011,1900,5479
14307,20150507T000000,2,2.0,1320,1462,3.0,0,0,3,7,1320,0,1997,0,98125,47.7223,-122.29,1430,1650
22123,20140513T000000,4,1.5,2180,22870,1.0,0,0,4,6,1280,900,1954,1975,98042,47.3187,-122.081,2420,22614
28526,20150501T000000,2,1.0,1100,6000,1.5,0,0,4,6,1100,0,1900,0,98108,47.5275,-122.323,1280,6000
21018,20141106T000000,3,2.0,1430,14250,1.0,0,0,3,7,1430,0,1953,0,98033,47.701,-122.199,1530,11475
24149,20141028T000000,4,3.0,2290,8250,2.0,0,0,3,9,2290,0,1990,0,98042,47.3739,-122.156,2290,8250
12437,20140625T000000,2,1.0,2060,8398,1.0,0,0,3,7,1260,800,1962,0,98168,47.509,-122.324,1690,13495
27968,20150513T000000,3,2.5,1370,9253,1.0,0,0,3,7,1090,280,1994,0,98042,47.3717,-122.073,1470,9253
16285,20150304T000000,3,1.75,1770,7508,1.0,0,0,3,7,1270,500,1962,0,98133,47.7354,-122.343,1690,8880
21214,20150203T000000,3,1.75,1510,9720,1.0,0,0,3,7,1510,0,1948,1976,98028,47.7728,-122.258,1520,10037
32022,20150211T000000,4,2.25,2010,15375,1.0,0,0,4,8,2010,0,1957,0,98005,47.5956,-122.174,1930,15375
21875,20141126T000000,3,2.25,2620,10659,1.0,0,0,3,7,1660,960,1976,0,98155,47.7643,-122.273,1820,12071
20391,20141226T000000,2,2.0,1360,5433,1.0,0,0,3,8,1360,0,1974,2003,98198,47.3804,-122.32,1160,5264
17223,20150410T000000,3,2.5,2380,16080,1.0,0,2,4,9,1340,1040,1964,0,98136,47.5262,-122.386,2560,10070
25559,20140806T000000,4,2.5,3100,36562,2.0,0,0,3,10,3100,0,1994,0,98077,47.7646,-122.065,3080,39351
28500,20140827T000000,3,1.5,1060,9225,1.0,0,0,4,7,1060,0,1955,0,98003,47.3217,-122.318,1270,9375
12779,20140627T000000,3,3.25,2310,3075,2.0,0,0,3,8,1730,580,2005,0,98116,47.5644,-122.383,2310,3075
26693,20150505T000000,3,2.5,1910,4941,2.0,0,0,3,8,1910,0,1999,0,98075,47.5989,-122.016,1910,4941
27460,20140919T000000,2,1.75,1680,8187,1.0,0,0,4,8,1680,0,1983,0,98027,47.5603,-122.081,2390,7801
21836,20150320T000000,3,2.5,3080,13880,2.0,0,0,3,9,3080,0,1990,0,98038,47.3726,-122.025,2780,15318
18338,20150410T000000,3,1.75,1740,46580,1.0,0,0,4,7,1740,0,1980,0,98010,47.3583,-121.927,1576,54685
25398,20150420T000000,3,2.25,2050,6648,1.0,0,0,3,7,1230,820,1990,0,98133,47.7258,-122.332,1760,7200
18722,20150102T000000,3,1.75,2300,6200,1.0,0,0,4,7,1150,1150,1970,0,98198,47.4176,-122.323,1740,6600
30826,20150428T000000,4,3.0,3250,2760,2.5,0,0,3,8,2420,830,1905,2007,98122,47.6104,-122.303,1260,2780
28614,20141023T000000,3,2.0,1160,1174,2.0,0,0,3,7,790,370,2007,0,98106,47.5225,-122.357,1160,994
11463,20141008T000000,2,2.5,1170,809,2.0,0,0,3,9,1170,0,2007,0,98103,47.6875,-122.339,1170,1121
16404,20140805T000000,3,1.5,1690,9708,1.5,0,0,5,7,1690,0,1954,0,98006,47.5732,-122.136,1570,9858
25391,20150331T000000,2,1.0,1630,12059,1.0,0,0,3,7,1270,360,1947,0,98125,47.7228,-122.314,1660,8800
18133,20140916T000000,2,0.75,1040,4000,1.0,0,0,3,7,930,110,1909,0,98119,47.6489,-122.372,1700,4800
29402,20150112T000000,3,1.5,1330,8636,1.0,0,0,4,7,1330,0,1968,0,98034,47.7289,-122.203,1370,7475
17913,20150513T000000,2,1.0,760,4000,1.5,0,0,3,6,760,0,1910,0,98108,47.5462,-122.32,1130,4000
13250,20150212T000000,3,2.5,2410,7225,2.0,0,0,3,8,2410,0,1991,0,98125,47.7211,-122.31,1940,8347
25961,20150225T000000,2,1.0,900,4800,1.0,0,0,4,6,780,120,1944,0,98199,47.6575,-122.4,1270,5520
21054,20140714T000000,3,3.0,4560,16339,2.0,0,2,3,10,4040,520,2001,0,98034,47.7024,-122.243,2620,11561
21366,20150430T000000,3,2.0,1370,8137,1.0,0,0,4,7,1370,0,1988,0,98003,47.2802,-122.303,1660,8840
20304,20140619T000000,4,2.5,2310,4079,2.0,0,0,3,8,2310,0,2008,0,98117,47.6937,-122.361,1220,4800
30479,20140808T000000,3,2.25,1860,9210,2.0,0,0,3,7,1860,0,1994,0,98038,47.3864,-122.03,1530,8091
26728,20141017T000000,2,2.0,1070,4500,1.0,0,0,4,6,910,160,1932,0,98055,47.4896,-122.204,1280,4500
30920,20140522T000000,3,1.75,1610,7200,1.0,0,0,3,8,1090,520,1973,0,98112,47.6279,-122.287,3790,7200
31236,20140610T000000,4,2.5,3340,12248,2.0,0,1,3,9,2470,870,1998,0,98126,47.5858,-122.379,2110,5679
11920,20150327T000000,3,2.5,2530,623779,1.0,0,0,4,8,2530,0,1980,0,98038,47.4188,-121.949,2120,100623
23476,20140925T000000,4,2.5,2800,6567,2.0,0,0,3,9,2800,0,2006,0,98038,47.3555,-122.002,3400,5900
26395,20141205T000000,2,2.25,1470,1101,2.0,0,0,3,8,1340,130,2005,0,98115,47.6768,-122.301,1470,1582
30163,20140701T000000,4,1.5,2550,5055,2.0,0,0,4,10,2550,0,1910,0,98112,47.636,-122.301,1970,4431
14478,20150505T000000,5,4.5,5160,44315,2.0,0,0,3,12,5160,0,1996,0,98005,47.6568,-122.154,4760,44315
30803,20140617T000000,4,2.5,2150,37647,2.0,0,0,3,8,2150,0,1991,0,98042,47.3117,-122.083,2410,42193
30879,20150506T000000,3,1.0,1240,5758,1.5,0,0,4,6,960,280,1910,0,98116,47.5675,-122.396,1460,5750
11033,20140710T000000,2,2.0,970,9750,1.0,0,0,5,6,970,0,1940,0,98146,47.5073,-122.372,1850,9000
22328,20140630T000000,4,2.5,2570,7859,2.0,0,0,3,8,2570,0,1992,0,98038,47.3736,-122.045,2150,7284
19038,20140522T000000,3,1.5,1360,885,3.0,0,0,3,8,1360,0,2008,0,98103,47.6961,-122.349,1360,1167
15232,20150310T000000,3,2.5,1640,6991,1.0,0,0,3,7,1110,530,1967,0,98125,47.7255,-122.327,1860,7342
11644,20140723T000000,4,3.0,2290,2350,2.0,0,1,3,9,1610,680,1924,2011,98116,47.574,-122.415,1610,3820
13795,20150305T000000,2,1.0,910,9753,1.0,0,0,3,5,910,0,1947,0,98032,47.3897,-122.236,1160,7405
13201,20140918T000000,3,1.5,1790,229125,2.0,0,3,3,7,1790,0,1987,0,98022,47.2309,-122.009,1970,216928
29556,20150514T000000,4,3.5,2630,3757,2.0,0,0,3,10,2200,430,2008,0,98027,47.5322,-122.075,2620,2699
14784,20140625T000000,3,1.75,1500,13430,1.0,0,0,3,7,1500,0,1977,0,98072,47.7527,-122.082,1500,13430
28152,20150408T000000,4,2.5,2020,7200,1.5,0,0,4,6,2020,0,1954,0,98065,47.5223,-121.818,1440,7200
14158,20141111T000000,3,1.0,1010,7690,1.0,0,0,4,6,1010,0,1958,0,98058,47.4501,-122.176,1010,7619
17476,20140923T000000,4,2.5,2740,8400,1.5,0,2,3,8,2740,0,1993,0,98022,47.1947,-122.008,2030,8638
30421,20150223T000000,1,2.0,1780,188465,2.0,0,0,3,10,1780,0,2001,0,98045,47.4506,-121.768,1780,21094
24933,20150317T000000,3,2.25,2730,7521,2.0,0,2,3,9,2730,0,1992,0,98011,47.7704,-122.196,2700,8204
23065,20150323T000000,3,1.5,1230,7200,1.0,0,0,3,7,1230,0,1953,0,98125,47.7281,-122.311,1400,6240
19014,20140721T000000,3,2.5,3800,104979,2.0,0,0,3,8,3210,590,2005,0,98045,47.4304,-121.841,2040,109771
19420,20140523T000000,4,2.5,2560,36601,2.0,0,0,4,9,2560,0,1987,0,98075,47.5851,-121.992,2790,36601
18727,20140731T000000,3,1.5,1900,9737,1.0,0,0,4,7,1200,700,1968,0,98031,47.4125,-122.207,1670,9737
15100,20150505T000000,5,3.0,2320,8400,1.0,0,0,3,7,1510,810,1963,0,98106,47.557,-122.365,1200,4800
12333,20140718T000000,2,1.0,1440,43560,1.0,0,0,4,7,1150,290,1965,0,98027,47.4916,-122.082,1870,56628
26755,20150409T000000,6,2.0,1750,17685,1.0,0,0,4,5,1750,0,1943,0,98056,47.5096,-122.178,1750,9209
20231,20140613T000000,4,2.5,2050,5276,2.0,0,0,3,7,2050,0,2006,0,98059,47.491,-122.15,2480,5447
11697,20140617T000000,2,1.5,1480,7276,1.0,0,0,4,6,940,540,1978,0,98056,47.4942,-122.166,1090,6710
18811,20140731T000000,3,1.75,1120,4000,1.0,0,0,4,7,870,250,1916,0,98107,47.6684,-122.368,1470,4000
29929,20150423T000000,2,1.75,1660,11747,1.0,0,0,3,7,830,830,1981,0,98155,47.7661,-122.306,1900,19850
15886,20140929T000000,4,3.5,3530,7202,2.0,0,0,3,9,2660,870,2000,0,98177,47.7339,-122.36,2810,8100
18618,20140612T000000,5,2.75,2820,4608,1.0,0,0,3,7,1450,1370,1967,0,98117,47.6886,-122.361,1620,3840
24839,20150321T000000,3,1.0,1140,9639,1.0,0,0,4,7,1140,0,1967,0,98001,47.3112,-122.265,1140,9639
30768,20150209T000000,4,2.5,2780,11904,1.0,0,1,5,8,1730,1050,1951,0,98004,47.6209,-122.216,3590,13860
12081,20140522T000000,3,1.0,910,6000,1.0,0,0,2,6,910,0,1956,0,98146,47.5065,-122.338,1090,6957
28661,20140509T000000,3,2.0,1400,7293,1.0,0,0,4,7,1400,0,1963,0,98008,47.586,-122.12,1600,7960
12278,20140902T000000,3,1.5,1250,8710,1.0,0,0,4,7,1250,0,1953,0,98004,47.6245,-122.198,1750,9185
18802,20150312T000000,2,1.0,1220,6300,1.0,0,0,3,7,760,460,1942,0,98136,47.5299,-122.387,1850,4886
16109,20141113T000000,3,2.5,2090,8653,2.0,0,0,3,8,2090,0,1989,0,98011,47.7498,-122.184,2090,6396
15790,20140603T000000,3,2.5,2290,2798,3.0,0,0,4,9,2290,0,1953,1983,98102,47.641,-122.315,2260,5000
12343,20140703T000000,3,2.5,2780,33503,1.5,0,1,4,8,2110,670,1969,0,98075,47.5844,-122.081,3150,15542
15621,20150128T000000,4,2.25,2400,17842,2.0,0,0,4,7,2400,0,1973,0,98002,47.2866,-122.217,1610,12100
21503,20150429T000000,3,1.0,1300,11520,1.0,0,0,3,6,1300,0,1958,0,98033,47.6829,-122.195,1440,8064
12111,20150303T000000,3,2.0,1590,5200,1.0,0,0,3,7,1320,270,1939,0,98103,47.6864,-122.341,1620,5150
27692,20150227T000000,2,2.25,1300,2104,2.0,0,0,3,8,1010,290,2011,0,98136,47.5477,-122.388,1430,1850
17972,20141024T000000,3,2.5,1260,1102,3.0,0,0,3,8,1260,0,2007,0,98107,47.675,-122.387,1320,2500
27601,20140718T000000,4,2.25,1930,3500,1.5,0,0,5,8,1540,390,1916,0,98122,47.6167,-122.29,1800,5000
18388,20140721T000000,2,1.0,680,2550,1.0,0,0,4,5,680,0,1901,0,98117,47.6767,-122.388,1120,5100
28788,20140613T000000,4,2.25,2010,7575,1.0,0,0,3,7,1220,790,1974,0,98034,47.7328,-122.2,1820,7831
13691,20150113T000000,3,1.5,1150,27319,1.0,0,0,4,6,1150,0,1976,0,98070,47.3933,-122.454,1700,30691
12102,20150225T000000,4,2.0,3390,16025,2.0,0,0,4,10,3390,0,1987,0,98077,47.7222,-122.056,3950,15277
17920,20140815T000000,4,3.0,2740,2811,2.0,0,0,3,8,2240,500,2003,0,98072,47.7738,-122.158,2740,3596
27954,20140807T000000,4,1.75,2220,4760,1.0,0,0,3,7,1320,900,1918,0,98106,47.5215,-122.348,940,4760
19293,20150304T000000,4,2.5,2160,8158,1.0,0,0,4,8,1660,500,1952,0,98115,47.6948,-122.328,1520,7208
16131,20140528T000000,3,1.75,1300,4127,1.0,0,0,4,6,650,650,1918,1953,98106,47.5353,-122.352,1420,4000
15637,20141014T000000,3,1.0,1010,11880,1.0,0,0,3,7,1010,0,1960,0,98030,47.3762,-122.219,1150,9435
19089,20140916T000000,4,3.5,2800,6750,2.0,0,0,3,9,1890,910,1951,2002,98105,47.669,-122.275,2370,6120
32286,20150410T000000,3,2.0,1180,1800,2.0,0,2,3,8,1180,0,1994,0,98122,47.6168,-122.301,1500,1948
19349,20150324T000000,3,2.5,2000,7205,2.0,0,0,3,8,2000,0,1998,0,98003,47.3499,-122.302,2180,7611
19019,20140508T000000,4,3.25,3820,24166,2.0,0,1,4,11,3310,510,1990,0,98040,47.5263,-122.227,2900,18786
17253,20141112T000000,3,1.0,1000,4080,1.0,0,0,4,7,740,260,1945,0,98126,47.5351,-122.381,1480,4080
29034,20140516T000000,4,2.5,2280,7568,2.0,0,0,4,7,2280,0,2001,0,98056,47.5115,-122.194,2280,5312
21645,20140925T000000,3,2.5,1930,5080,2.0,0,0,4,8,1930,0,1990,0,98029,47.5694,-122.001,2190,5085
11092,20141027T000000,3,1.75,1660,4800,1.0,0,0,3,7,960,700,1941,1996,98116,47.5734,-122.412,1510,4800
15025,20140512T000000,3,1.5,2020,11358,1.0,0,0,4,6,1190,830,1956,0,98033,47.6641,-122.185,2370,9520
25772,20150313T000000,2,1.0,860,10500,1.0,0,0,3,6,860,0,1943,0,98024,47.5662,-121.886,950,10500
20668,20150205T000000,2,1.75,1980,8550,1.0,0,0,3,7,990,990,1981,0,98117,47.6989,-122.369,1480,6738
19280,20140519T000000,4,3.5,3410,10769,2.0,0,0,3,10,3410,0,2008,0,98004,47.6081,-122.198,2650,10058
13620,20140630T000000,4,2.75,3330,9143,2.0,0,0,4,10,3330,0,1995,0,98033,47.6821,-122.19,2390,9143
21526,20150416T000000,4,2.5,3430,7200,2.0,0,0,3,9,3430,0,2014,0,98033,47.6842,-122.196,1530,7800
21741,20150406T000000,3,1.5,1490,12186,1.0,0,0,4,7,1490,0,1950,0,98155,47.7739,-122.322,1180,14285
24543,20140622T000000,3,1.75,2870,5000,1.5,0,0,4,8,1840,1030,1907,0,98144,47.5788,-122.292,2200,5000
22772,20140505T000000,4,2.5,2910,6338,2.0,0,0,3,8,2910,0,2008,0,98059,47.4804,-122.126,2500,5877
23238,20141001T000000,2,1.0,1370,5922,1.0,0,2,3,8,1130,240,1941,0,98199,47.6473,-122.406,2460,6759
25621,20140812T000000,3,1.0,1250,9472,1.0,0,0,4,6,1250,0,1972,0,98059,47.495,-122.154,1590,9600
25513,20150127T000000,4,2.5,1954,5075,2.0,0,0,3,8,1954,0,2007,0,98001,47.2606,-122.253,1934,5000
20102,20141017T000000,3,2.0,1260,4125,1.0,0,0,3,6,1260,0,1998,0,98188,47.4401,-122.279,1300,9091
15883,20140827T000000,4,2.5,2270,11500,1.0,0,0,3,8,1540,730,1967,0,98034,47.7089,-122.241,2020,10918
30017,20140617T000000,3,2.5,2300,6009,1.0,0,0,3,8,2300,0,2005,0,98053,47.7067,-122.013,1640,5931
30242,20150422T000000,4,3.0,2540,8800,1.0,0,1,3,9,1620,920,1977,0,98023,47.3204,-122.387,2540,8800
30194,20140825T000000,3,1.75,2430,11448,1.0,0,1,5,7,1620,810,1949,0,98117,47.6971,-122.391,2140,8144
11295,20140530T000000,4,3.25,4140,20734,1.0,0,1,3,10,3300,840,1977,2005,98004,47.6344,-122.215,4020,20008
27904,20140619T000000,4,2.5,2850,4650,2.0,0,0,3,8,2850,0,2004,0,98038,47.3552,-122.026,2850,4650
22517,20150209T000000,4,1.75,1810,7480,1.0,0,0,3,7,1230,580,1977,0,98023,47.3275,-122.361,1870,9594
26520,20141209T000000,4,3.0,3280,4904,2.0,0,0,3,7,3280,0,2005,0,98053,47.6802,-122.033,2600,5004
26954,20150427T000000,3,2.5,1572,4000,2.0,0,0,3,8,1572,0,2013,0,98092,47.2615,-122.198,1608,5175
32056,20150102T000000,3,1.75,2160,7140,1.0,0,0,4,7,1670,490,1978,0,98023,47.3026,-122.374,1930,7350
16235,20140905T000000,3,1.75,1330,9417,1.0,0,0,5,6,710,620,1936,0,98125,47.7231,-122.301,1690,7937
25964,20140821T000000,2,1.75,1960,6000,1.0,0,0,4,7,980,980,1904,0,98199,47.6531,-122.401,1650,6000
14745,20150403T000000,5,3.0,2240,94960,1.0,0,0,3,6,2240,0,1985,0,98045,47.481,-121.788,1780,43400
20877,20140918T000000,3,2.5,1410,1332,2.0,0,0,3,7,960,450,2014,0,98108,47.5683,-122.314,1410,1343
15914,20140908T000000,1,1.0,720,5196,1.0,0,0,3,7,720,0,1911,0,98103,47.6928,-122.337,1580,5762
15218,20140806T000000,3,2.0,1950,8698,1.0,0,0,3,8,1950,0,1999,0,98042,47.39,-122.153,2330,7212
18741,20150323T000000,3,1.75,1450,7620,1.0,0,0,4,7,1050,400,1955,0,98166,47.4569,-122.354,1380,7620
27051,20141202T000000,2,1.75,1550,9230,1.0,0,0,3,6,970,580,1969,0,98045,47.4701,-121.744,1550,10856
28246,20140603T000000,3,2.5,1970,4036,2.0,0,0,4,7,1970,0,2003,0,98065,47.5335,-121.869,1960,5020
14027,20150428T000000,2,1.0,770,5040,1.0,0,0,3,5,770,0,1930,0,98144,47.5964,-122.299,1330,2580
15355,20140915T000000,3,2.0,1080,9225,1.0,0,0,2,7,1080,0,1955,0,98146,47.4842,-122.346,1410,9840
31091,20150428T000000,4,2.25,3220,7889,2.0,0,0,3,8,3220,0,1978,0,98023,47.3112,-122.339,2120,7651
10958,20150120T000000,4,2.0,1610,6650,1.0,0,0,3,7,1610,0,1989,0,98023,47.3085,-122.358,1960,6650
22596,20150320T000000,3,2.5,2653,4510,2.0,0,0,3,8,2653,0,2006,0,98031,47.4145,-122.166,2653,4927
21095,20141121T000000,4,2.5,1990,5511,2.0,0,0,3,8,1990,0,1994,0,98030,47.3585,-122.191,1850,6031
31839,20140729T000000,5,1.75,2840,10220,1.0,0,0,4,7,2210,630,1954,0,98177,47.764,-122.36,2000,9750
27063,20141120T000000,3,1.5,1280,4031,2.0,0,0,4,6,1280,0,1985,0,98002,47.3342,-122.215,1150,4500
11905,20150402T000000,4,1.75,1320,7694,1.0,0,0,3,7,1320,0,1928,1972,98148,47.4297,-122.325,1620,8468
30591,20141217T000000,3,1.75,1740,8528,1.0,0,0,4,7,1290,450,1939,0,98125,47.7097,-122.303,1610,8528
14472,20141018T000000,3,2.5,2240,41339,1.0,0,0,4,9,2240,0,1945,1992,98005,47.6483,-122.163,2900,45738
27799,20150326T000000,3,1.0,980,8000,1.0,0,0,4,6,980,0,1954,0,98198,47.42,-122.317,1240,8000
12114,20141203T000000,2,1.0,950,3960,1.0,0,0,3,7,950,0,1941,0,98103,47.6885,-122.337,1320,4050
11385,20150330T000000,3,2.25,1550,1485,3.0,0,0,3,8,1550,0,2011,0,98103,47.6989,-122.346,1550,1480
18878,20140711T000000,3,2.5,3190,6899,2.0,0,0,3,9,3190,0,2014,0,98034,47.7153,-122.221,3190,6899
31130,20140624T000000,3,1.0,2150,7007,1.0,0,0,3,6,2150,0,1954,0,98177,47.7615,-122.362,1720,9000
29525,20141110T000000,3,2.5,2320,3980,2.0,0,0,3,8,2320,0,2003,0,98027,47.5391,-122.07,2580,3980
18005,20140829T000000,2,2.0,1370,1878,3.0,0,0,3,8,1370,0,2004,0,98107,47.6721,-122.387,1280,1878
15644,20150424T000000,4,1.75,2250,292288,1.0,0,0,4,7,2250,0,1963,0,98042,47.3787,-122.091,1550,23798
25488,20150323T000000,4,2.5,2130,4000,2.0,0,0,3,8,2130,0,2014,0,98146,47.5108,-122.362,1830,7217
22305,20140724T000000,6,4.0,3020,13237,2.0,1,4,3,8,2840,180,1942,1983,98144,47.5924,-122.287,3680,12620
19205,20150105T000000,2,1.0,920,5029,1.0,0,0,4,7,920,0,1938,0,98115,47.6726,-122.265,1230,5029
13105,20140613T000000,3,1.0,1290,6566,1.0,0,0,5,7,1290,0,1976,0,98023,47.3004,-122.377,1690,6860
13136,20141028T000000,4,3.0,3640,5096,2.0,0,0,3,8,2740,900,2010,0,98118,47.5428,-122.27,1910,9189
26597,20141223T000000,3,1.0,1240,18000,1.0,0,0,2,7,1240,0,1943,0,98198,47.3514,-122.315,1240,18000
32312,20140505T000000,2,1.0,1140,5400,1.0,0,0,5,7,1140,0,1908,0,98112,47.6205,-122.294,1520,4800
19074,20150327T000000,3,2.5,2070,4689,2.0,0,0,3,8,2070,0,2013,0,98038,47.3545,-122.056,1880,4593
11256,20140813T000000,3,2.75,1560,77536,1.0,0,0,3,7,1400,160,1978,0,98072,47.7695,-122.126,2210,41449
29786,20141008T000000,4,1.5,1450,5530,1.0,0,0,4,6,1450,0,1969,0,98042,47.3613,-122.087,1060,5200
11723,20140707T000000,3,1.0,1390,6000,1.0,0,0,3,5,1390,0,1954,0,98056,47.4977,-122.175,1170,6000
20466,20140728T000000,3,1.75,1790,6980,1.0,0,0,3,7,1330,460,1980,0,98034,47.7311,-122.226,1770,8081
27261,20140604T000000,3,2.25,1250,7500,1.0,0,0,5,7,1250,0,1942,0,98146,47.5123,-122.373,1280,7392
12777,20140815T000000,3,1.75,1700,5750,1.5,0,2,5,7,1450,250,1925,0,98126,47.5643,-122.38,1700,5750
27747,20140818T000000,3,1.75,1550,7410,1.5,0,0,5,7,1550,0,1944,0,98178,47.4951,-122.237,1250,7467
32406,20150406T000000,3,1.75,1740,4400,1.5,0,0,3,8,1740,0,1903,0,98122,47.6115,-122.292,1740,4400
25740,20150406T000000,3,1.0,1200,9194,1.0,0,0,4,7,1200,0,1952,0,98155,47.7362,-122.319,1330,8650
26650,20140509T000000,3,3.0,2480,45302,1.0,0,0,4,8,1620,860,1976,0,98077,47.7591,-122.073,1260,14100
15583,20140922T000000,4,2.5,2240,9701,2.0,0,0,3,9,2240,0,1989,0,98023,47.3086,-122.392,2240,9410
17275,20140819T000000,2,1.0,750,6350,1.0,0,0,3,5,750,0,1920,0,98103,47.6938,-122.356,920,6350
27121,20141007T000000,3,1.75,1970,8540,1.0,0,3,4,8,1130,840,1950,0,98177,47.7213,-122.365,2280,8540
13533,20140722T000000,3,1.5,2240,13288,1.0,0,0,3,7,2240,0,1953,0,98033,47.6762,-122.17,2150,9900
23674,20140805T000000,3,1.75,1490,7150,1.0,0,0,5,6,1490,0,1967,0,98059,47.5015,-122.124,1350,9100
16778,20140620T000000,3,2.25,2140,3000,2.0,0,0,3,9,2140,0,1905,2006,98103,47.6767,-122.351,1430,4712
23805,20140728T000000,2,2.0,1450,2272,1.0,0,0,4,6,750,700,1924,0,98112,47.633,-122.282,2170,4370
25721,20141027T000000,4,2.5,2620,5457,2.0,0,0,3,8,2620,0,2003,0,98001,47.3148,-122.27,2740,5816
13658,20140620T000000,5,3.25,3840,4800,3.0,0,3,3,10,2750,1090,2008,0,98144,47.5929,-122.29,2060,4800
20206,20150406T000000,3,1.5,970,5488,1.0,0,0,3,7,970,0,1976,0,98106,47.5366,-122.359,1040,5488
26046,20150414T000000,4,2.0,2580,4500,2.0,0,0,4,9,1850,730,1905,0,98102,47.6245,-122.316,2590,4100
29373,20150213T000000,2,2.25,2160,2578,3.0,0,0,3,8,2160,0,2005,0,98103,47.6607,-122.354,1800,2142
19863,20140722T000000,3,2.25,3270,168000,2.0,0,0,4,10,3270,0,1982,0,98056,47.5197,-122.191,3220,7963
22542,20150219T000000,4,2.5,3080,13870,2.0,0,0,4,9,3080,0,1981,0,98007,47.6197,-122.149,2920,12221
23663,20150504T000000,5,2.5,3070,7200,2.0,0,0,3,8,3070,0,2005,0,98059,47.4939,-122.137,2590,7200
29161,20140924T000000,4,2.5,1850,7199,2.0,0,0,4,7,1850,0,1989,0,98031,47.4031,-122.172,1940,7432
14213,20140702T000000,3,1.75,1730,7416,1.5,0,0,3,7,1730,0,1954,0,98133,47.76,-122.349,1390,6490
26774,20140805T000000,1,1.0,780,1033,1.0,0,0,3,7,780,0,1922,1985,98122,47.6155,-122.306,1040,1319
15204,20140523T000000,3,1.0,1800,5612,1.0,0,0,4,7,1200,600,1942,0,98126,47.525,-122.378,1450,5250
31735,20140620T000000,4,2.75,3260,4900,2.0,0,0,3,9,3260,0,2013,0,98059,47.4812,-122.123,3260,6132
31747,20140608T000000,3,2.75,3400,7200,2.0,0,2,3,9,2470,930,2009,0,98056,47.4878,-122.191,1580,8676
25432,20140922T000000,3,3.25,1340,1151,3.0,0,0,3,7,1340,0,2008,0,98103,47.6904,-122.346,1290,1200
14913,20150424T000000,5,3.0,2560,5445,1.5,0,0,4,7,1760,800,1927,0,98108,47.5502,-122.311,1080,5445
21864,20141118T000000,5,3.25,2860,20790,1.0,0,0,4,7,1800,1060,1965,0,98155,47.7757,-122.295,1920,9612
22674,20141020T000000,5,3.5,3090,3600,2.0,0,0,3,9,2060,1030,2000,0,98112,47.6217,-122.309,2240,3904
20340,20140519T000000,4,3.5,3370,435600,2.0,0,3,3,9,3370,0,2005,0,98045,47.4398,-121.738,2790,114868
12790,20140930T000000,2,2.0,1690,4200,2.0,0,0,3,7,1690,0,1906,0,98112,47.621,-122.303,1540,4200
12890,20141009T000000,4,2.0,2430,199940,1.0,0,0,3,8,1310,1120,1961,0,98038,47.4116,-122.029,2220,150282
13628,20150312T000000,3,2.5,1610,1320,2.0,0,0,3,7,1280,330,2007,0,98144,47.6,-122.298,1480,1602
31992,20150401T000000,4,1.75,1820,6137,1.5,0,3,4,7,1690,130,1911,0,98107,47.6681,-122.36,2130,5100
30544,20140617T000000,3,1.75,1160,6134,1.0,0,0,3,7,1160,0,1998,0,98002,47.3414,-122.218,1330,6301
22357,20140605T000000,4,2.5,2390,6426,2.0,0,0,3,9,2390,0,1999,0,98092,47.2586,-122.221,2520,6700
28020,20141027T000000,4,2.5,2660,8027,2.0,0,0,3,8,2660,0,1997,0,98045,47.4831,-121.781,2480,8095
12925,20150114T000000,4,2.5,4700,49658,2.0,0,0,3,10,4700,0,1999,0,98075,47.5878,-122.022,2870,49658
14566,20140609T000000,3,2.5,2630,77972,2.0,0,0,3,9,2630,0,2004,0,98019,47.745,-121.916,2250,75794
19854,20141217T000000,2,1.75,1700,18000,1.0,0,0,3,8,1700,0,1972,0,98056,47.5066,-122.194,1700,8225
24493,20140623T000000,4,2.5,2300,6158,2.0,0,0,3,9,2300,0,1999,0,98115,47.6943,-122.299,2170,6434
18955,20150415T000000,4,2.5,2650,11108,2.0,0,0,3,10,2650,0,1987,0,98074,47.6304,-122.051,2650,11585
16958,20140710T000000,6,4.25,5720,10213,2.0,0,0,3,10,4170,1550,2004,0,98006,47.5464,-122.116,4300,10224
25258,20150323T000000,3,3.5,1660,2298,2.0,0,0,3,8,1260,400,2009,0,98116,47.5809,-122.403,1500,2198
22002,20141008T000000,5,1.5,2170,8610,1.0,0,0,4,7,1230,940,1959,0,98008,47.6111,-122.126,1670,8610
11971,20141028T000000,5,2.5,2070,4698,2.0,0,0,3,7,2070,0,1999,0,98038,47.3539,-122.024,2010,4698
23524,20150325T000000,2,1.0,1100,7200,1.0,0,0,4,6,1100,0,1944,0,98058,47.4752,-122.172,1390,7200
29184,20140909T000000,2,1.75,1340,1368,2.0,0,0,3,7,1060,280,2006,0,98122,47.618,-122.311,2480,1707
11127,20150421T000000,4,3.25,3410,10125,2.0,0,0,3,10,3410,0,2007,0,98040,47.5653,-122.223,2290,10125
14749,20150323T000000,5,1.75,2640,7722,1.5,0,0,4,7,1650,990,1915,0,98117,47.6802,-122.361,1750,4000
29143,20141118T000000,4,2.5,2350,7245,2.0,0,0,3,8,2350,0,1993,0,98074,47.6318,-122.023,2350,9419
17927,20150511T000000,3,2.5,2450,3582,2.0,0,0,3,9,2450,0,2008,0,98072,47.7749,-122.159,2490,5449
29129,20150223T000000,3,2.25,1570,8111,2.0,0,0,3,8,1570,0,1984,0,98074,47.6324,-122.028,1990,7875
29071,20150421T000000,3,2.0,1490,7431,1.0,0,0,4,7,1490,0,1966,0,98052,47.6697,-122.162,1700,7725
13341,20140529T000000,5,3.25,2900,12160,1.0,0,0,4,8,1890,1010,1967,0,98005,47.6154,-122.168,2590,12160
30172,20140526T000000,3,1.5,1690,9144,1.0,0,0,4,7,1140,550,1956,0,98028,47.739,-122.253,1840,10600
26253,20140528T000000,2,2.0,1700,3171,1.0,0,0,5,5,850,850,1927,0,98002,47.3025,-122.224,1380,5906
21338,20141001T000000,4,1.0,1560,4080,1.5,0,0,3,7,1560,0,1923,0,98103,47.6711,-122.331,1890,4080
20124,20150317T000000,4,2.25,2860,26136,1.0,0,0,3,8,1640,1220,1977,0,98005,47.6033,-122.158,2670,25040
29078,20150213T000000,5,1.5,2550,6300,1.0,0,0,4,7,1560,990,1959,0,98056,47.5014,-122.172,1380,6300
19973,20141217T000000,3,2.5,2470,7700,2.0,0,0,4,8,2470,0,1990,0,98031,47.4096,-122.17,2400,7700
23792,20140904T000000,2,3.0,2330,3600,2.0,0,0,5,10,1870,460,1927,1979,98112,47.6316,-122.282,2950,7200
10846,20140505T000000,3,2.25,2010,6000,1.0,0,0,3,8,1330,680,1975,0,98052,47.6912,-122.115,2080,8260
21104,20150312T000000,3,2.5,1890,6560,2.0,0,0,3,7,1890,0,2003,0,98038,47.3684,-122.031,2390,7570
28898,20140625T000000,3,1.5,2330,11740,1.0,0,0,3,8,1330,1000,1954,0,98155,47.7481,-122.292,2630,11740
30214,20150219T000000,4,2.25,2930,9840,1.0,0,0,4,8,1560,1370,1977,0,98023,47.3103,-122.382,2800,8374
19541,20141110T000000,3,1.0,940,7811,1.0,0,0,3,6,940,0,1959,0,98008,47.6195,-122.118,1180,7490
12696,20150401T000000,4,2.5,2720,5771,2.0,0,0,3,8,2720,0,2015,0,98056,47.4917,-122.17,1940,4184
18760,20150414T000000,3,1.5,1130,7200,1.0,0,0,3,7,1130,0,1954,0,98178,47.5041,-122.253,1130,7200
16146,20141027T000000,3,1.75,1170,4000,1.0,0,0,3,6,720,450,1943,2013,98106,47.5306,-122.354,1130,4000
23781,20150218T000000,3,1.0,1440,13824,1.0,0,0,4,7,1440,0,1957,0,98040,47.5872,-122.241,2540,12092
11446,20150227T000000,3,2.25,1445,1512,2.0,0,0,3,7,1300,145,2004,0,98027,47.5341,-122.069,1445,1082
23572,20140902T000000,3,1.75,1600,14250,1.0,0,0,3,7,1070,530,1979,0,98023,47.3272,-122.355,2140,14960
24175,20140812T000000,4,2.5,2260,13755,1.0,0,0,4,9,2260,0,1975,0,98042,47.3767,-122.161,2650,13650
20666,20150428T000000,2,1.0,940,6350,1.0,0,0,4,5,940,0,1942,0,98103,47.698,-122.357,1490,6350
12136,20140918T000000,4,2.5,3490,18521,2.0,0,0,4,9,3490,0,1990,0,98077,47.7406,-122.07,2850,18521
27712,20150407T000000,3,3.25,5480,57990,2.0,1,4,3,11,5480,0,1991,0,98166,47.4558,-122.371,2500,22954
26829,20140519T000000,3,1.75,2010,4905,1.0,0,0,5,7,1230,780,1912,0,98122,47.6105,-122.309,2210,1834
31966,20140826T000000,3,2.75,2180,3703,2.0,0,0,3,8,2180,0,2004,0,98011,47.776,-122.169,2190,3963
22941,20140818T000000,3,1.0,1050,7560,1.0,0,0,3,7,1050,0,1951,0,98126,47.525,-122.371,1490,7560
27909,20141104T000000,3,2.5,1870,9135,1.0,0,0,3,7,1250,620,1984,0,98074,47.6269,-122.06,1550,9100
27120,20141030T000000,4,2.25,2490,6973,1.0,0,0,4,8,1490,1000,1953,0,98199,47.6516,-122.409,1780,5612
21380,20140709T000000,4,1.75,2000,3988,1.0,0,4,4,7,1000,1000,1958,0,98116,47.5925,-122.391,1690,4144
27759,20150416T000000,3,2.5,1300,1362,2.0,0,0,3,8,880,420,2008,0,98144,47.5893,-122.317,1300,1251
24786,20141204T000000,4,2.25,2270,8480,1.0,0,0,5,8,1310,960,1973,0,98006,47.5448,-122.174,1910,9050
29003,20150213T000000,3,1.75,1730,6130,1.0,0,0,3,7,1480,250,1941,0,98115,47.6978,-122.316,1730,6131
12356,20141216T000000,1,1.0,920,8282,1.5,0,0,3,6,920,0,1944,1980,98011,47.761,-122.214,2260,14025
15156,20140606T000000,3,1.75,1910,12596,1.0,0,0,3,7,1340,570,1977,0,98072,47.7399,-122.099,1550,13310
26644,20141015T000000,3,1.75,1700,8481,2.0,0,0,3,7,1700,0,1993,0,98003,47.2623,-122.305,1830,6600
27325,20150412T000000,3,2.5,2820,14250,2.0,0,0,3,11,2820,0,1991,0,98074,47.6396,-122.054,2820,12600
31900,20140618T000000,3,3.25,1540,1428,3.0,0,0,3,9,1540,0,2013,0,98103,47.6648,-122.353,1660,3300
30784,20140702T000000,5,3.25,3760,9792,2.0,0,0,3,9,2550,1210,1984,0,98006,47.5654,-122.115,2960,16500
15509,20140923T000000,3,3.25,1600,1298,3.0,0,0,3,8,1600,0,1999,0,98117,47.6954,-122.375,1600,1348
15395,20150427T000000,3,1.5,1600,8040,1.0,0,0,4,7,1050,550,1965,0,98133,47.7471,-122.337,1810,7819
12168,20141217T000000,4,2.5,3720,8633,2.0,0,0,3,10,3720,0,1999,0,98074,47.6085,-122.013,3515,9660
20130,20140617T000000,4,4.25,3010,4887,2.0,0,3,4,10,1940,1070,1951,1996,98115,47.6933,-122.272,2540,9375
10831,20140624T000000,4,2.5,2341,9594,2.0,0,0,3,9,2341,0,1997,0,98052,47.6993,-122.115,2850,9421
28561,20141218T000000,3,2.5,1950,3000,2.0,0,0,3,7,1950,0,2001,0,98146,47.4938,-122.337,1620,6000
20789,20140922T000000,3,3.25,3310,5000,2.0,0,0,3,9,3310,0,2006,0,98029,47.5558,-122.001,2670,4907
16103,20140826T000000,4,2.5,2480,8626,2.0,0,0,3,10,2480,0,2001,0,98001,47.3185,-122.262,2990,9033
17946,20150316T000000,3,1.5,1710,5120,2.0,0,0,4,7,1710,0,1920,0,98115,47.6801,-122.305,1530,5170
24552,20141030T000000,2,1.0,1840,4322,1.0,0,0,4,7,1160,680,1914,0,98144,47.5764,-122.289,1750,4322
11785,20150429T000000,4,2.25,2440,9889,1.0,0,0,3,7,1540,900,1952,0,98115,47.6932,-122.3,1710,6284
29535,20150330T000000,3,2.5,2140,2867,2.0,0,0,3,8,1960,180,2005,0,98027,47.5357,-122.073,2280,2836
14668,20150408T000000,4,2.5,3440,14554,2.0,1,4,3,8,2170,1270,2012,0,98155,47.7364,-122.286,3170,11810
16741,20150506T000000,3,1.75,1430,12632,1.0,0,0,3,7,1430,0,1959,0,98008,47.6371,-122.123,1750,10350
29264,20141224T000000,3,1.5,1540,20281,1.0,0,0,3,7,1540,0,1977,0,98075,47.5817,-122.007,1710,21090
29708,20150506T000000,5,1.5,1790,11656,2.0,0,0,3,7,1790,0,1963,0,98198,47.3961,-122.308,2040,9790
13346,20150403T000000,3,1.5,1590,21600,1.5,0,0,4,7,1590,0,1971,0,98022,47.2159,-121.966,1780,21600
13540,20140528T000000,3,2.5,1550,12920,2.0,0,0,5,7,1550,0,1999,0,98033,47.6973,-122.194,2610,10800
15772,20140519T000000,5,1.75,1250,10530,1.0,0,0,4,7,1250,0,1966,0,98007,47.6101,-122.138,1560,8190
24975,20140505T000000,4,2.0,1480,3844,1.5,0,0,5,7,1480,0,1928,0,98133,47.7042,-122.352,1480,3844
20632,20140513T000000,4,4.5,5030,11023,2.0,0,2,3,11,3250,1780,2008,0,98040,47.5722,-122.236,3640,11490
31262,20140717T000000,2,1.5,1590,4500,1.0,0,0,4,7,920,670,1946,0,98116,47.5831,-122.392,1900,4450
22895,20141014T000000,3,2.0,1130,7200,1.0,0,0,4,6,1130,0,1944,0,98166,47.4779,-122.342,1270,7500
22074,20150413T000000,2,1.5,1440,136778,1.0,0,0,4,8,1140,300,1956,0,98072,47.7608,-122.118,1740,21600
22722,20150501T000000,2,3.0,1160,1073,2.0,0,0,3,7,880,280,2007,0,98144,47.5788,-122.315,1250,4812
19117,20140612T000000,3,1.75,1590,8219,1.5,0,0,5,6,970,620,1938,0,98034,47.7146,-122.217,2030,7504
17484,20140513T000000,5,3.25,3370,17458,1.0,0,2,5,10,2000,1370,1982,0,98040,47.5591,-122.229,4240,15202
17162,20141006T000000,3,2.25,2480,8755,2.0,0,0,3,8,2480,0,1979,0,98058,47.4543,-122.125,2280,9940
24593,20150219T000000,5,1.5,1720,12551,1.0,0,0,3,7,1720,0,1967,0,98027,47.5241,-122.053,1560,12960
18541,20140828T000000,5,3.25,4130,7197,2.0,0,0,3,10,4130,0,2012,0,98074,47.6022,-122.06,3730,7202
18649,20150217T000000,2,1.0,1140,15120,1.0,0,0,4,6,990,150,1932,0,98055,47.4521,-122.196,2320,11250
28946,20140822T000000,4,2.75,2060,7350,1.0,0,0,3,7,1210,850,1978,0,98001,47.3424,-122.275,1940,7420
32055,20150219T000000,4,2.25,2050,7700,2.0,0,0,3,7,2050,0,1977,0,98023,47.3009,-122.375,1780,7700
11759,20141027T000000,4,2.25,2090,45738,2.0,0,0,3,8,2090,0,1987,0,98053,47.6876,-122.049,3420,45738
13761,20140818T000000,5,2.0,3180,10800,1.0,0,0,3,8,1910,1270,1968,0,98052,47.6354,-122.103,2440,9750
24752,20140506T000000,4,2.25,2260,29930,2.0,0,0,4,8,1400,860,1977,0,98006,47.5689,-122.126,2770,29930
17334,20150122T000000,4,4.0,7850,89651,2.0,0,0,3,12,7850,0,2006,0,98027,47.5406,-121.982,6210,95832
29009,20140716T000000,2,1.75,1710,8645,1.0,0,0,4,7,1510,200,1923,0,98115,47.7005,-122.313,1280,5366
22201,20150226T000000,3,2.5,1950,3730,2.0,0,0,3,9,1950,0,1996,0,98033,47.6731,-122.199,2080,4000
13431,20150318T000000,4,2.0,1830,10416,1.0,0,0,3,7,1370,460,1958,0,98146,47.4878,-122.341,1830,9271
18785,20140929T000000,3,2.75,1670,1350,3.0,0,0,3,9,1350,320,2014,0,98116,47.5764,-122.408,1520,4800
28825,20150211T000000,3,1.75,1330,36537,1.0,0,0,4,7,1330,0,1989,0,98092,47.3126,-122.129,1650,35100
20697,20150306T000000,3,2.5,1740,3082,2.0,0,0,3,8,1740,0,2000,0,98029,47.5489,-122.006,1910,3075
21599,20141105T000000,3,2.5,2280,12498,2.0,0,0,4,9,2280,0,1987,0,98029,47.5688,-122.014,2330,8844
21065,20140722T000000,3,2.75,1830,3200,2.0,0,0,3,8,1830,0,1991,0,98034,47.7155,-122.218,2030,3331
16348,20140605T000000,3,1.0,1690,4250,1.0,0,0,3,7,1020,670,1967,0,98178,47.4945,-122.258,1820,8865
26004,20141203T000000,3,1.75,1520,5500,1.5,0,0,5,7,1520,0,1936,0,98116,47.5839,-122.383,2310,5500
26681,20140701T000000,4,2.5,2280,42077,2.0,0,0,3,8,2280,0,1994,0,98042,47.3424,-122.077,2280,36236
17267,20140825T000000,2,2.0,1180,3200,1.0,0,1,4,6,590,590,1945,0,98136,47.5275,-122.383,1350,4000
17513,20150212T000000,3,1.75,1910,12321,1.0,0,0,4,7,1100,810,1952,0,98004,47.5995,-122.198,1910,11761
12326,20150408T000000,3,2.5,1930,8254,2.0,0,0,3,7,1930,0,2014,0,98146,47.4973,-122.346,1540,8849
11897,20140805T000000,3,2.25,1980,8775,1.0,0,0,3,7,1290,690,1959,0,98177,47.7753,-122.359,1550,9240
11526,20140618T000000,4,2.5,2790,7938,2.0,0,0,3,9,2790,0,1997,0,98074,47.6223,-122.026,2780,7779
20214,20150401T000000,3,2.0,1410,11995,1.0,0,0,4,8,1410,0,1965,0,98006,47.5718,-122.127,2690,12650
31903,20140612T000000,3,2.5,1250,1103,3.0,0,2,3,8,1250,0,2005,0,98103,47.6619,-122.352,1250,1188
19490,20150319T000000,3,2.75,2390,21804,1.0,0,0,3,8,1450,940,1973,0,98034,47.7339,-122.183,2390,10136
15322,20150121T000000,3,2.75,1820,7517,1.0,0,0,3,9,1820,0,1997,0,98116,47.5705,-122.406,2540,8035
10991,20140506T000000,6,3.0,3470,117612,1.5,0,0,3,7,3470,0,1924,0,98028,47.7663,-122.234,2120,17100
23566,20150307T000000,3,1.0,910,8008,1.0,0,0,3,7,910,0,1971,0,98034,47.726,-122.22,1480,7404
13913,20150512T000000,3,1.5,2200,2880,2.0,0,0,5,7,1440,760,1904,0,98112,47.6308,-122.312,2440,4640
28796,20150415T000000,3,2.0,1860,3600,1.5,0,0,3,7,1110,750,1915,0,98122,47.6102,-122.296,1680,3695
26170,20140513T000000,3,3.5,2876,5086,2.0,0,0,3,8,2360,516,2007,0,98072,47.7511,-122.173,2390,4419
23648,20150410T000000,3,2.5,2320,7140,2.0,0,0,3,8,2320,0,1990,0,98003,47.275,-122.295,2360,7955
25518,20140604T000000,4,1.75,2200,7475,1.0,0,0,5,7,1100,1100,1955,0,98118,47.543,-122.28,1600,5766
29194,20140916T000000,3,2.0,1570,4625,1.5,0,0,5,8,1570,0,1927,0,98117,47.68,-122.399,1760,4625
21132,20140702T000000,2,1.0,700,3000,1.0,0,0,4,6,700,0,1918,0,98103,47.6846,-122.346,1560,4500
32147,20140902T000000,3,1.0,1640,6516,1.5,0,0,4,7,1440,200,1935,0,98103,47.6693,-122.339,1770,4000
27585,20140514T000000,3,2.5,3030,30007,1.5,0,0,4,10,3030,0,1992,0,98077,47.743,-122.036,3360,34983
27989,20140813T000000,3,3.75,2460,7630,1.0,0,0,5,8,1940,520,1976,0,98177,47.7147,-122.373,2000,7326
22340,20150507T000000,5,2.5,2803,8550,1.0,0,0,3,8,2803,0,1963,2011,98003,47.3032,-122.306,1810,8550
27690,20140924T000000,2,1.75,2320,6250,1.0,0,0,3,7,1400,920,1948,0,98136,47.5468,-122.386,1420,6250
31082,20140729T000000,3,2.0,2740,23505,2.0,0,4,3,10,2740,0,1988,0,98001,47.319,-122.26,2800,16400
12115,20150311T000000,2,1.0,890,4730,1.0,0,0,3,7,890,0,1941,0,98103,47.6876,-122.341,1330,5904
22137,20150413T000000,5,4.0,4780,118047,2.0,0,0,3,11,4780,0,1994,0,98077,47.7243,-122.052,4040,31760
23302,20140523T000000,4,3.5,4390,11600,2.0,0,3,3,11,3060,1330,1990,0,98040,47.5862,-122.246,3240,12000
28708,20141021T000000,4,3.75,2130,34689,1.5,1,4,3,9,2130,0,1955,0,98136,47.5489,-122.398,3030,28598
13144,20150508T000000,4,2.0,1950,3757,1.0,0,0,4,6,1160,790,1908,0,98118,47.5372,-122.269,1720,3757
19429,20140516T000000,3,2.5,1480,1663,2.0,0,0,3,9,1180,300,2012,0,98126,47.5443,-122.375,1380,1537
31212,20140820T000000,3,2.5,1740,1236,3.0,0,2,3,8,1740,0,2008,0,98116,47.5891,-122.387,1740,1280
20521,20141024T000000,4,2.5,2600,9355,1.0,0,0,3,9,1840,760,1983,0,98028,47.7446,-122.249,2250,7691
19722,20150224T000000,2,1.5,750,2964,1.0,0,0,5,5,750,0,1919,0,98118,47.5518,-122.277,1350,3090
23230,20140731T000000,3,1.75,2450,8603,1.0,0,0,5,8,1340,1110,1940,0,98199,47.6536,-122.414,2280,5779
32128,20140811T000000,2,1.0,970,4284,1.0,0,0,3,7,970,0,1905,0,98103,47.6667,-122.333,2050,4284
31765,20150424T000000,3,1.75,1510,7700,1.0,0,0,3,7,1510,0,1968,0,98034,47.7283,-122.194,1440,7416
20258,20150318T000000,4,2.0,1850,9126,1.0,0,0,5,7,1850,0,1963,0,98059,47.5009,-122.164,1730,9110
11650,20150430T000000,4,2.5,2240,6920,1.0,0,0,5,8,1380,860,1974,0,98146,47.5011,-122.375,1540,7000
11936,20140911T000000,3,2.5,2290,14374,2.0,0,0,3,8,2290,0,1983,2012,98075,47.5886,-122.074,2290,33450
21698,20140829T000000,4,2.5,4070,7800,3.0,0,0,4,8,3390,680,2002,0,98115,47.6838,-122.327,2020,6760
26281,20150203T000000,3,1.0,1420,8000,1.0,0,4,3,7,1420,0,1950,0,98118,47.5169,-122.255,1780,8295
12529,20140527T000000,4,2.25,2290,10687,2.0,0,0,3,9,2290,0,1978,0,98004,47.5878,-122.202,2290,10300
15795,20141114T000000,3,1.0,1860,9225,1.0,0,0,3,7,1860,0,1957,0,98198,47.3904,-122.3,1740,12204
20295,20140611T000000,3,1.75,1170,8182,1.0,0,0,3,7,1170,0,1962,0,98155,47.7368,-122.298,1610,8183
14200,20140825T000000,5,2.75,2410,19447,2.0,0,2,3,10,2290,120,1968,0,98040,47.5549,-122.211,2980,19447
23706,20141015T000000,4,1.75,2540,7200,1.0,0,0,4,7,1270,1270,1947,0,98118,47.5579,-122.271,1650,7200
21734,20140820T000000,2,2.0,1960,4018,1.0,0,0,5,7,980,980,1950,0,98108,47.5629,-122.32,1240,4641
18718,20140505T000000,2,1.0,1200,8063,1.0,0,0,4,6,1200,0,1958,0,98198,47.4204,-122.324,1200,7500
31468,20141029T000000,3,3.25,1680,1478,2.0,0,0,3,8,1360,320,2009,0,98126,47.5674,-122.369,1530,2753
29064,20140812T000000,3,2.0,1670,13775,1.0,0,0,3,8,1670,0,1968,0,98045,47.4873,-121.783,2130,14500
25983,20150326T000000,2,1.0,900,1818,2.0,0,0,4,7,900,0,1945,0,98199,47.6485,-122.397,1570,1830
23986,20150113T000000,3,2.75,1900,8200,2.0,0,0,4,7,1900,0,1984,0,98031,47.402,-122.183,1620,8200
13971,20141211T000000,2,2.0,1340,5350,1.5,0,0,3,8,1340,0,1941,0,98199,47.6384,-122.403,2210,5350
29959,20140710T000000,5,4.25,6070,171626,2.0,0,0,3,12,6070,0,1999,0,98024,47.5954,-121.95,4680,211267
26660,20140806T000000,4,2.5,2510,47044,2.0,0,0,3,9,2510,0,1987,0,98077,47.7699,-122.085,2600,42612
11046,20140924T000000,2,1.0,1230,2726,1.5,0,0,3,7,880,350,1920,0,98117,47.6815,-122.359,1710,3750
14845,20150430T000000,7,4.0,2960,2665,2.0,0,0,3,9,1950,1010,1927,2013,98144,47.5835,-122.313,1970,4410
30790,20140807T000000,3,1.75,1710,4080,1.0,0,0,4,7,1130,580,1979,0,98136,47.5563,-122.392,1200,4080
16219,20140716T000000,3,1.0,1120,10176,1.0,0,0,3,6,920,200,1905,0,98118,47.5235,-122.277,1350,7500
22442,20140620T000000,4,3.5,4410,36200,2.0,0,0,3,11,4410,0,1989,0,98006,47.5487,-122.126,4760,35860
19980,20140701T000000,3,1.75,1400,9546,1.0,0,0,4,7,1400,0,1984,0,98003,47.3179,-122.331,1660,8550
12643,20140702T000000,4,2.5,2050,5787,2.0,0,0,3,7,2050,0,2002,0,98198,47.3527,-122.315,2030,6615
17197,20141015T000000,3,1.75,1320,9675,1.5,0,0,4,7,1320,0,1970,0,98024,47.5695,-121.902,1160,9675
12965,20140808T000000,3,2.5,1980,39932,2.0,0,0,3,8,1980,0,1994,0,98011,47.7433,-122.196,2610,12769
12884,20150428T000000,1,1.0,620,8685,1.0,0,0,4,5,620,0,1976,0,98198,47.4095,-122.29,1300,12150
29089,20140722T000000,2,1.75,1900,13122,1.0,1,4,3,7,1100,800,1954,0,98178,47.5121,-122.248,1650,13160
18086,20141016T000000,3,1.0,1360,3737,1.5,0,0,4,6,1360,0,1910,0,98107,47.6751,-122.362,1820,4500
11771,20150420T000000,3,2.5,2790,53143,2.0,0,0,4,9,2790,0,1991,0,98077,47.7687,-122.036,2740,47916
27386,20140701T000000,2,1.0,1250,3825,1.0,0,0,3,7,850,400,1929,0,98117,47.6805,-122.38,1370,4998
28673,20140915T000000,4,1.75,2230,7957,1.0,0,0,4,7,2230,0,1967,0,98008,47.5859,-122.122,2230,8040
22039,20140820T000000,3,1.75,1430,8400,1.0,0,0,4,7,1430,0,1961,0,98008,47.6073,-122.127,1570,7800
17902,20140909T000000,4,3.0,2980,44431,2.0,0,0,2,10,2640,340,1981,0,98034,47.7154,-122.161,2010,7332
20872,20140902T000000,3,1.5,2480,5280,1.5,0,0,5,7,1620,860,1947,0,98108,47.5575,-122.303,2090,4800
23009,20150511T000000,5,3.75,5020,8694,2.0,0,1,3,12,3970,1050,2007,0,98004,47.6146,-122.213,4190,11275
25419,20141104T000000,4,1.5,1790,3952,1.5,0,0,4,8,1790,0,1932,0,98103,47.689,-122.352,1200,3876
31952,20140822T000000,3,3.0,2090,7634,1.0,0,0,3,8,1450,640,2001,0,98019,47.7408,-121.974,2090,9600
27608,20140528T000000,3,1.0,1100,4600,1.0,0,0,3,7,1100,0,1917,0,98116,47.5686,-122.385,1200,5175
20880,20141013T000000,4,2.5,2632,4117,2.0,0,0,3,8,2632,0,2013,0,98001,47.3428,-122.278,2040,5195
15223,20140708T000000,3,2.0,2560,14680,1.0,0,0,3,8,1330,1230,1987,0,98052,47.648,-122.118,2390,13848
23859,20140520T000000,3,2.5,1700,4105,2.0,0,0,3,8,1700,0,1992,0,98122,47.6078,-122.292,1880,3665
23796,20150326T000000,3,3.0,4040,7200,1.5,0,2,4,9,3340,700,1930,0,98112,47.6288,-122.284,3450,10800
23776,20140911T000000,2,1.0,910,3750,1.0,0,0,3,7,910,0,1904,0,98117,47.6772,-122.369,1160,4000
30255,20150506T000000,4,2.75,2690,8874,1.0,0,0,3,8,1370,1320,1980,0,98023,47.3078,-122.383,1990,7875
16303,20140522T000000,4,2.25,2350,8140,1.0,0,0,4,8,1430,920,1977,0,98006,47.5579,-122.129,2640,8700
14357,20150324T000000,3,2.75,2460,6413,2.0,0,0,3,9,2460,0,2004,0,98028,47.7497,-122.245,2440,6092
14480,20140626T000000,4,1.75,2110,265716,1.0,0,0,4,8,2110,0,1979,0,98053,47.657,-122.026,2110,110597
31125,20141007T000000,6,4.5,3900,9100,2.0,0,0,3,8,2870,1030,1979,0,98052,47.6612,-122.137,2080,9216
31406,20141016T000000,2,1.5,1430,8137,1.0,0,0,3,7,1130,300,1934,0,98125,47.7307,-122.29,1430,8137
17103,20150417T000000,4,2.75,2580,11900,1.0,0,0,4,7,1620,960,1967,0,98058,47.4475,-122.159,1570,9375
13329,20150429T000000,4,2.5,2240,9934,1.0,0,0,4,8,1490,750,1968,0,98005,47.6147,-122.166,2640,11622
22723,20150410T000000,3,2.75,1160,1073,2.0,0,0,3,7,880,280,2007,0,98144,47.5788,-122.315,1250,5400
24997,20150224T000000,3,1.75,1290,4811,1.0,0,0,3,7,1290,0,1996,0,98032,47.3912,-122.234,1310,4811
29667,20141110T000000,3,1.0,1040,8125,1.0,0,0,3,7,1040,0,1956,0,98003,47.3171,-122.316,1200,9375
15691,20140729T000000,4,2.5,2650,7200,2.0,0,0,3,8,2250,400,1979,0,98133,47.7317,-122.354,2110,7269
16070,20140904T000000,3,2.25,2230,4551,1.5,0,2,5,8,1450,780,1928,0,98178,47.5078,-122.236,2060,7200
10967,20140917T000000,4,2.75,2370,7320,2.0,0,0,3,7,2370,0,1989,0,98023,47.3071,-122.36,1960,7320
25295,20140807T000000,3,2.5,2290,9142,1.0,0,0,3,8,2290,0,1972,0,98117,47.691,-122.387,1770,8035
29496,20140605T000000,3,1.75,960,8106,1.0,0,0,3,7,960,0,1962,0,98052,47.6737,-122.156,1650,8035
29548,20141222T000000,2,2.25,1150,711,2.0,0,0,3,7,1150,0,2013,0,98027,47.5323,-122.07,1150,748
20150,20140714T000000,3,1.75,1170,8148,1.0,0,0,3,7,1170,0,1952,0,98155,47.7479,-122.318,1200,8147
31495,20140822T000000,3,2.0,2110,6900,1.5,0,0,5,6,1220,890,1955,0,98178,47.504,-122.26,1350,7683
26822,20140808T000000,3,2.25,1590,929,2.0,0,0,3,9,1060,530,2014,0,98122,47.6172,-122.31,1510,1193
13504,20140812T000000,1,1.0,1180,4000,1.5,0,2,4,8,840,340,1910,0,98118,47.5561,-122.266,1420,4000
31036,20140717T000000,3,2.5,1490,3840,2.0,0,0,3,7,1490,0,2002,0,98042,47.374,-122.133,2060,4384
28899,20140626T000000,3,1.5,1530,23660,1.0,0,0,3,7,1530,0,1952,0,98155,47.7467,-122.295,1800,11407
11969,20150213T000000,4,2.5,2230,5500,2.0,0,0,3,7,2230,0,1999,0,98038,47.3533,-122.023,1910,5500
16040,20141103T000000,4,4.25,5710,24663,2.0,0,0,3,11,5710,0,2007,0,98092,47.3065,-122.158,4060,23847
21572,20141209T000000,2,2.0,1480,6075,1.0,0,0,5,7,740,740,1919,0,98118,47.5317,-122.276,1230,6053
12928,20140613T000000,4,2.0,3140,10875,1.0,0,1,3,7,1940,1200,1939,1969,98199,47.6656,-122.406,3300,10080
15549,20141113T000000,4,1.75,2250,4750,1.5,0,0,4,7,1420,830,1924,0,98115,47.6738,-122.292,1930,4750
17069,20140625T000000,2,1.0,900,2910,1.0,0,0,5,7,900,0,1924,0,98115,47.6859,-122.322,1320,2910
16226,20150326T000000,5,2.5,3150,50094,2.0,0,0,4,9,3150,0,1969,0,98005,47.6387,-122.177,3600,48787
32121,20140815T000000,3,1.75,1740,3060,1.0,0,0,5,8,950,790,1930,2014,98115,47.6816,-122.31,1800,3960
32217,20140618T000000,4,2.5,2610,4595,2.0,0,0,3,8,2610,0,2008,0,98028,47.7728,-122.235,2440,4588
20904,20140620T000000,3,2.5,1870,5013,2.0,0,0,3,8,1870,0,2003,0,98011,47.7552,-122.221,2040,5555
20328,20141203T000000,3,2.0,2690,435600,2.0,0,0,3,8,2690,0,1992,0,98070,47.3477,-122.519,1700,163350
31660,20150326T000000,4,2.5,2410,7950,2.0,0,0,3,8,2410,0,1997,0,98034,47.7185,-122.226,1920,7713
12811,20140903T000000,3,1.75,1360,10742,1.0,0,0,5,7,960,400,1971,0,98058,47.4351,-122.173,1830,9000
14434,20150128T000000,3,1.5,1680,8712,1.0,0,0,3,8,1680,0,1964,0,98059,47.4811,-122.149,1850,8797
19950,20140508T000000,2,1.5,1020,1060,3.0,0,0,3,8,1020,0,2008,0,98103,47.6801,-122.348,1340,1415
19377,20150203T000000,5,4.5,5620,5800,3.0,0,3,3,11,4700,920,1999,0,98199,47.6482,-122.412,2360,5800
27177,20140724T000000,3,1.75,1400,10350,1.0,0,0,4,7,1400,0,1976,0,98059,47.479,-122.132,1780,10457
30517,20141231T000000,3,1.0,1160,10732,1.0,0,0,3,7,1160,0,1953,0,98004,47.6391,-122.205,2390,13656
30688,20150420T000000,3,2.5,1880,3054,2.0,0,0,3,8,1880,0,1988,0,98007,47.6091,-122.147,1840,3815
22942,20141216T000000,3,1.0,1010,7920,1.0,0,0,3,6,1010,0,1925,0,98126,47.5249,-122.37,1520,7560
17530,20140630T000000,4,2.5,2290,11173,2.0,0,0,4,8,2290,0,1988,0,98058,47.4314,-122.164,2290,10404
15513,20140716T000000,2,2.5,1290,1445,3.0,0,0,3,8,1290,0,1999,0,98117,47.6955,-122.376,1470,1503
23102,20140610T000000,3,2.0,2080,3880,1.0,0,0,5,7,1160,920,1954,0,98117,47.686,-122.391,1330,3880
11109,20140722T000000,3,1.75,1770,10125,2.0,0,0,3,7,1770,0,1944,1978,98133,47.7289,-122.353,1680,9825
26672,20150413T000000,4,2.25,2270,12000,1.0,0,0,4,7,1360,910,1979,0,98072,47.7559,-122.148,2500,10120
27466,20140613T000000,3,2.25,1580,12177,1.0,0,0,3,7,1200,380,1981,0,98074,47.6254,-122.045,1660,11374
18273,20141114T000000,4,2.5,1720,5805,2.0,0,0,3,8,1720,0,2000,0,98092,47.3286,-122.208,2360,7700
13100,20150213T000000,4,2.75,1950,9720,1.0,0,0,3,7,1400,550,1986,0,98031,47.3969,-122.205,2300,10530
19715,20150424T000000,3,1.0,930,3348,1.0,0,0,4,6,930,0,1926,0,98118,47.5532,-122.277,1210,3348
27037,20150414T000000,3,1.0,1230,9440,1.0,0,0,3,7,1230,0,1978,0,98045,47.4657,-121.747,1230,10296
21620,20150505T000000,3,2.5,1800,3933,2.0,0,0,3,8,1800,0,1989,0,98029,47.5746,-122.009,1800,4659
23335,20150107T000000,3,1.0,1290,6380,1.5,0,0,3,7,1290,0,1930,0,98115,47.6951,-122.319,1630,6380
12873,20150106T000000,4,2.5,2220,5900,2.0,0,0,3,8,2220,0,2014,0,98117,47.6956,-122.36,1620,5900
17965,20141027T000000,2,1.0,730,2600,1.0,0,0,4,6,730,0,1918,0,98107,47.6751,-122.379,1480,3900
20058,20140728T000000,4,2.0,2970,52567,2.0,0,0,3,8,2970,0,1924,1985,98072,47.7333,-122.128,3280,46676
32300,20150504T000000,2,1.5,880,2400,1.5,0,0,3,7,880,0,1929,0,98122,47.6144,-122.295,1220,4440
28861,20150102T000000,2,1.0,750,6480,1.0,0,0,3,6,750,0,1943,0,98106,47.5195,-122.35,1050,6390
19231,20150123T000000,4,3.0,2320,13068,2.0,0,2,3,8,2320,0,1998,0,98198,47.3497,-122.317,2220,25265
23980,20140814T000000,4,2.5,3690,11468,2.0,0,0,3,11,3690,0,1987,0,98027,47.5699,-122.092,3370,10751
17576,20140622T000000,4,2.5,2810,10613,2.0,0,0,3,9,2810,0,1989,0,98006,47.5424,-122.141,2800,9933
31957,20140729T000000,4,2.5,3080,4553,2.5,0,0,3,8,3080,0,2008,0,98052,47.7066,-122.112,2750,4929
13520,20150326T000000,3,2.5,1400,4800,1.0,0,0,3,7,1200,200,1921,0,98117,47.6865,-122.379,1440,3840
20967,20140509T000000,4,2.0,2190,14439,1.0,0,0,4,7,1180,1010,1977,0,98001,47.2702,-122.29,2160,14439
11974,20140601T000000,4,2.0,2630,16475,2.0,0,0,4,8,2630,0,1953,0,98004,47.639,-122.219,2670,15001
17130,20141119T000000,3,1.75,1610,7350,1.0,0,0,3,8,1610,0,1974,0,98058,47.4503,-122.131,2120,7350
18208,20150326T000000,2,1.75,910,2550,1.0,0,0,3,6,910,0,2004,0,98038,47.3494,-122.022,1310,2550
14840,20150417T000000,3,1.0,1320,9239,1.0,0,0,4,7,1320,0,1968,0,98092,47.312,-122.183,1320,8415
11327,20150423T000000,3,2.5,2370,5321,2.0,0,0,3,8,2370,0,2014,0,98038,47.37,-122.019,2370,4357
27214,20140606T000000,3,1.75,1480,7040,1.0,0,0,3,7,1480,0,1974,0,98033,47.6723,-122.169,2040,7810
27191,20150408T000000,3,2.25,1810,5107,2.0,0,0,3,8,1810,0,1989,0,98033,47.6882,-122.171,1760,5454
19605,20150427T000000,4,3.0,2810,6000,2.0,0,0,3,9,2810,0,2007,0,98038,47.3689,-122.057,2790,6000
31924,20141106T000000,4,2.5,2410,7069,2.0,0,0,3,9,2410,0,1993,0,98034,47.7094,-122.234,2240,7184
23662,20140904T000000,4,2.5,1970,8545,2.0,0,0,3,8,1970,0,2004,0,98059,47.4893,-122.138,2590,7200
27918,20140523T000000,3,2.5,2390,9157,2.0,0,0,3,9,2390,0,1984,0,98052,47.6617,-122.15,2360,8250
29753,20150414T000000,3,1.75,1260,9600,1.0,0,0,4,7,1260,0,1988,0,98042,47.3592,-122.076,1640,9946
31881,20141010T000000,3,1.75,1270,7700,1.0,0,0,4,7,1270,0,1968,0,98052,47.6711,-122.148,1510,7700
21099,20141117T000000,5,3.5,3430,6872,2.0,0,0,3,10,2830,600,2002,0,98031,47.4065,-122.207,3650,6600
26285,20150102T000000,3,2.0,1600,7995,1.0,0,0,3,7,1600,0,1950,1984,98118,47.5177,-122.257,2440,6900
29859,20140804T000000,4,3.25,3270,6027,2.0,0,0,3,10,3270,0,2001,0,98074,47.6346,-122.063,3270,6546
13048,20140806T000000,3,1.75,1750,11180,1.0,0,0,3,8,1750,0,1968,0,98059,47.4713,-122.117,1730,11180
26430,20140905T000000,3,1.75,1720,7800,1.0,0,0,4,7,1170,550,1978,0,98052,47.6928,-122.125,1760,7276
16884,20140716T000000,4,1.75,2140,49658,1.0,0,0,5,7,2140,0,1959,0,98010,47.3583,-121.922,1720,99316
31773,20141202T000000,3,1.5,1590,6750,1.0,0,0,3,7,1080,510,1976,0,98034,47.73,-122.191,1590,7400
30476,20140521T000000,3,2.25,1800,10500,2.0,0,0,3,7,1800,0,1995,0,98038,47.3879,-122.032,1870,8555
28919,20141021T000000,3,1.75,1240,7560,1.0,0,0,3,8,1070,170,1967,0,98003,47.333,-122.3,1650,7560
14162,20150401T000000,3,1.0,1170,7560,1.0,0,0,3,6,1170,0,1958,0,98058,47.4514,-122.178,1170,7560
16467,20140806T000000,4,2.75,2310,7851,1.0,0,0,4,8,1790,520,1989,0,98006,47.5473,-122.187,2230,7359
25335,20140904T000000,3,1.0,1180,6000,1.0,0,0,3,7,1180,0,1950,0,98115,47.6853,-122.286,1680,6000
29441,20140801T000000,4,2.0,2630,9099,1.5,0,0,3,7,1830,800,1944,2009,98146,47.5067,-122.361,1430,6825
20072,20140731T000000,3,2.25,1780,4252,2.0,0,0,4,8,1540,240,1989,0,98144,47.6004,-122.292,2220,4000
31065,20150410T000000,5,1.75,2110,8500,1.0,0,0,3,7,1100,1010,1962,0,98133,47.7737,-122.35,2020,8500
20641,20141028T000000,4,3.0,2230,108900,1.0,0,0,3,7,1410,820,1978,0,98065,47.52,-121.845,1960,65340
19186,20141118T000000,3,1.75,1290,7205,1.5,0,0,3,7,1290,0,1971,0,98034,47.7329,-122.237,1340,7214
27788,20140519T000000,5,3.0,2100,9752,1.0,0,0,3,8,1200,900,2007,0,98003,47.3341,-122.304,1270,10200
14494,20140602T000000,2,1.0,1170,6000,1.0,0,0,4,7,970,200,1941,0,98103,47.6994,-122.354,2130,6002
27247,20150306T000000,2,1.0,740,6840,1.0,0,0,3,6,740,0,1942,0,98126,47.5168,-122.373,740,6840
11363,20141110T000000,5,1.5,1420,9900,1.0,0,0,3,7,1050,370,1964,0,98008,47.6348,-122.118,1580,8075
15958,20140813T000000,3,2.25,1470,7518,1.0,0,0,3,7,1160,310,1985,0,98003,47.2725,-122.3,1720,8300
13499,20140701T000000,3,2.25,1600,45613,2.0,0,0,4,8,1600,0,1983,0,98072,47.7523,-122.117,2320,43005
32386,20150210T000000,3,3.0,1520,4080,2.0,0,0,5,7,1520,0,1948,0,98144,47.572,-122.29,1320,4080
27625,20140609T000000,3,1.5,2070,5386,1.0,0,0,4,7,1140,930,1948,0,98117,47.6896,-122.374,1770,5386
13643,20150507T000000,4,3.25,2320,5900,1.5,0,2,4,9,2320,0,1910,0,98144,47.597,-122.292,2320,6240
31822,20140623T000000,4,2.75,2700,37011,2.0,0,0,3,9,2700,0,1984,0,98042,47.3496,-122.088,2700,37457
25738,20140702T000000,3,2.0,1110,7231,1.0,0,0,4,7,1110,0,1991,0,98031,47.4036,-122.191,1550,7245
24993,20141107T000000,2,1.0,760,5240,1.0,0,0,3,6,760,0,1949,0,98032,47.388,-122.234,980,5080
20004,20140611T000000,5,2.25,2520,49222,2.0,0,0,4,8,2520,0,1978,0,98027,47.4918,-122.064,2780,55321
30143,20140611T000000,4,2.75,2414,7693,2.0,0,0,3,8,2414,0,2006,0,98002,47.3046,-122.222,1500,7177
19887,20141113T000000,2,1.0,1190,11400,1.0,0,0,3,7,1190,0,1951,0,98178,47.5012,-122.265,1410,11400
24384,20150424T000000,5,2.75,1510,5700,2.0,0,1,4,7,1510,0,1946,0,98105,47.6653,-122.27,2190,5700
11292,20140826T000000,4,4.0,4810,18851,2.0,0,3,3,11,4810,0,2007,0,98004,47.6364,-122.214,3970,19929
13942,20140509T000000,4,2.25,1930,7452,1.0,0,0,3,7,1430,500,1984,0,98031,47.4098,-122.189,1714,7200
31748,20140710T000000,4,2.0,2680,13680,2.0,0,2,4,7,2350,330,1943,1965,98056,47.4887,-122.192,1430,11000
30233,20140618T000000,3,2.25,1720,9000,1.0,0,0,4,8,1320,400,1969,0,98023,47.3191,-122.383,1930,8000
30942,20141031T000000,3,1.75,1590,2500,1.5,0,0,4,7,1190,400,1908,0,98105,47.6668,-122.299,1420,3800
13005,20141113T000000,2,1.0,940,5000,1.0,0,0,3,7,940,0,1950,0,98155,47.7518,-122.279,1800,7400
27890,20140718T000000,3,2.5,2480,4136,2.0,0,0,3,8,2480,0,2009,0,98059,47.493,-122.147,2510,4314
24684,20140708T000000,2,1.0,880,4000,1.0,0,0,3,7,880,0,1940,0,98117,47.6848,-122.386,1150,4000
10922,20141030T000000,4,2.5,3210,8938,2.0,0,0,3,10,3210,0,2005,0,98075,47.582,-121.971,3740,8108
31984,20141027T000000,3,2.5,1365,1090,3.0,0,0,3,7,1315,50,2003,0,98115,47.6776,-122.324,1360,1124
24516,20140731T000000,3,3.0,1560,1466,3.0,0,0,3,8,1560,0,2006,0,98103,47.6604,-122.352,1530,2975
27831,20140703T000000,4,2.5,1700,9000,1.0,0,0,5,7,1700,0,1972,0,98034,47.7306,-122.233,1370,7592
28112,20140708T000000,4,2.5,1910,10300,1.0,0,0,3,8,1910,0,1921,1968,98177,47.7581,-122.359,1910,7750
25948,20141001T000000,3,1.0,1010,6000,1.5,0,0,3,7,1010,0,1919,1977,98119,47.6438,-122.357,1960,4000
18697,20141212T000000,4,3.5,3640,6049,2.0,0,0,3,9,3640,0,2014,0,98052,47.7049,-122.125,3590,6104
11687,20150319T000000,2,1.0,700,5000,1.0,0,0,5,6,700,0,1952,0,98056,47.4927,-122.172,1040,5200
27282,20140729T000000,3,1.0,1090,10114,1.0,0,0,4,7,1090,0,1955,0,98002,47.2975,-122.223,1380,7800
21841,20141125T000000,3,1.75,1760,11371,1.0,0,0,5,8,1760,0,1959,0,98155,47.7616,-122.273,2220,19884
26927,20141001T000000,3,1.0,1830,13900,1.0,0,0,3,7,1830,0,1951,0,98133,47.7654,-122.352,1840,10667
28833,20150202T000000,3,1.75,1510,10248,1.0,0,0,3,7,1510,0,1969,0,98023,47.2929,-122.371,1510,9753
27122,20150402T000000,3,1.75,1680,8100,1.0,0,2,3,8,1680,0,1950,0,98177,47.7212,-122.364,1880,7750
13593,20140512T000000,4,3.75,3280,11000,2.0,0,0,3,10,2320,960,2008,0,98033,47.6855,-122.201,2400,8351
21112,20140915T000000,3,2.5,1690,17383,2.0,0,0,3,7,1690,0,2003,0,98038,47.3691,-122.031,2610,7999
25868,20150413T000000,3,1.0,1830,12036,1.0,0,0,3,7,1550,280,1977,0,98042,47.3126,-122.043,1810,12036
28546,20140925T000000,4,1.0,1520,7298,1.5,0,0,3,7,1520,0,1960,0,98198,47.3706,-122.31,1520,7298
22627,20141124T000000,3,2.5,2280,5000,2.0,0,3,4,9,2280,0,1926,0,98105,47.6574,-122.278,2200,5000
26969,20150425T000000,3,2.5,1850,4957,2.0,0,0,3,8,1850,0,1999,0,98092,47.3311,-122.17,2400,6367
21980,20140919T000000,4,1.75,2060,7900,1.0,0,0,4,7,1070,990,1957,0,98008,47.6028,-122.12,1830,8000
32168,20150327T000000,3,2.25,1880,6565,1.0,0,0,4,8,1420,460,1972,0,98008,47.6396,-122.113,2060,7280
13168,20140918T000000,4,1.75,1650,8560,1.0,0,0,3,8,1650,0,1970,0,98052,47.6652,-122.146,1700,8560
24413,20140515T000000,3,2.25,1180,9630,2.0,0,0,3,7,1180,0,1986,0,98028,47.7352,-122.232,2660,5979
12083,20140702T000000,5,1.0,1590,6700,1.5,0,0,3,6,1090,500,1942,0,98146,47.5075,-122.35,1370,8040
19751,20141027T000000,3,2.5,2540,5237,2.0,0,0,3,8,2540,0,2011,0,98118,47.5492,-122.276,1800,4097
24636,20140814T000000,3,1.75,2200,11520,1.0,0,0,4,7,2200,0,1952,0,98133,47.7659,-122.341,1690,8038
32223,20140812T000000,3,3.0,1720,954,3.0,0,0,3,8,1460,260,2006,0,98119,47.648,-122.358,1720,1294
18576,20141125T000000,3,1.75,2130,4400,1.0,0,0,3,7,1430,700,1922,0,98102,47.6417,-122.325,1710,3300
11355,20150406T000000,4,2.0,1420,9301,1.0,0,0,4,7,1420,0,1963,0,98008,47.6325,-122.121,1530,8075
29341,20140708T000000,2,1.0,800,7260,1.0,0,0,3,7,800,0,1953,0,98126,47.5359,-122.367,1010,7440
16105,20140613T000000,3,2.5,2070,8337,2.0,0,0,3,8,2070,0,1997,0,98030,47.3658,-122.176,2030,7248
27596,20150422T000000,3,3.0,2390,8993,2.0,0,0,3,8,1680,710,1988,0,98003,47.3532,-122.306,1820,10362
28024,20150504T000000,4,2.5,2400,8320,2.0,0,0,3,8,2400,0,1999,0,98045,47.4808,-121.781,2430,9258
13706,20140506T000000,4,2.5,3040,6425,2.0,0,0,3,8,3040,0,2008,0,98052,47.6788,-122.117,3040,7800
21534,20150306T000000,4,2.0,2120,7806,1.0,0,0,4,6,1770,350,1949,0,98033,47.6859,-122.166,1560,9920
31452,20141229T000000,3,2.25,1320,963,2.0,0,0,3,7,1040,280,2007,0,98106,47.5199,-122.357,1300,1285
17955,20140717T000000,4,1.0,1270,6459,1.5,0,0,3,7,1270,0,1918,0,98118,47.5441,-122.273,1300,4100
21771,20140926T000000,0,0.0,290,20875,1.0,0,0,1,1,290,0,1963,0,98024,47.5308,-121.888,1620,22850
14900,20141030T000000,3,1.0,1560,5225,1.5,0,0,3,7,1260,300,1927,0,98118,47.5554,-122.279,1560,5322
25866,20140910T000000,4,2.5,2210,13721,2.0,0,0,3,8,2210,0,2009,0,98042,47.3122,-122.039,1850,12951
20269,20140804T000000,4,1.75,2480,11010,1.0,0,0,4,9,1630,850,1966,0,98040,47.5378,-122.219,2770,10744
14411,20140919T000000,3,2.5,2440,18674,2.0,0,0,4,8,2440,0,1994,0,98042,47.3672,-122.126,2530,10603
28642,20150226T000000,5,2.5,2620,12763,1.0,0,0,3,7,1400,1220,1979,0,98034,47.72,-122.213,2390,9156
32239,20141003T000000,4,3.5,2584,5005,2.0,0,0,3,8,2584,0,2014,0,98023,47.296,-122.35,2767,5201
11726,20140815T000000,3,2.0,1400,2445,1.0,0,0,3,7,840,560,2002,0,98144,47.5926,-122.299,1400,3200
15008,20150421T000000,3,1.75,1320,7840,1.0,0,0,3,8,1320,0,1966,0,98007,47.6024,-122.143,2050,7644
22460,20140919T000000,4,2.5,2780,6737,2.0,0,0,3,9,2780,0,2002,0,98006,47.5656,-122.122,2750,7950
25262,20141224T000000,2,1.0,1510,6807,1.0,0,0,3,7,1090,420,1939,0,98133,47.711,-122.353,1460,6807
14639,20140911T000000,3,2.5,1780,4650,2.0,0,0,3,7,1780,0,2011,0,98038,47.386,-122.047,3050,3848
22110,20141011T000000,1,1.0,1390,60984,1.0,0,0,3,6,1390,0,1960,0,98019,47.7652,-121.903,1620,24225
29693,20141008T000000,3,2.5,1770,3993,2.0,0,0,3,8,1770,0,1999,0,98074,47.6027,-122.02,1820,4046
16192,20150427T000000,5,1.75,2190,16788,1.0,0,2,3,8,1380,810,1978,0,98030,47.3764,-122.176,1920,8366
31516,20140808T000000,2,1.0,770,2971,1.0,0,2,3,7,770,0,1923,0,98102,47.6358,-122.322,1440,4000
11609,20141022T000000,4,2.5,2960,26742,1.0,0,3,3,8,1480,1480,1949,1996,98115,47.6846,-122.268,2500,9460
22220,20140821T000000,4,3.0,2120,5520,1.5,0,0,3,8,1420,700,1985,0,98125,47.7085,-122.286,2020,8700
13899,20150324T000000,4,2.25,3260,4640,2.0,0,0,5,9,2360,900,1907,0,98112,47.6272,-122.312,3240,5800
11144,20141126T000000,3,1.75,1240,10361,1.0,0,0,3,6,1240,0,1987,0,98042,47.37,-122.151,1240,8834
21465,20140910T000000,2,2.5,1280,1051,2.0,0,0,3,8,1080,200,2009,0,98119,47.6273,-122.359,1580,1279
19081,20140708T000000,3,1.0,1650,6400,1.0,0,0,4,7,980,670,1954,0,98106,47.52,-122.365,1230,6400
27368,20150425T000000,3,1.75,1770,2800,1.5,0,0,3,7,1770,0,1914,0,98103,47.6631,-122.357,1630,3254
32069,20150504T000000,3,2.5,2090,3821,2.0,0,0,3,7,2090,0,2008,0,98038,47.3655,-122.017,2040,4200
23979,20140808T000000,4,2.25,2880,8882,2.0,0,0,4,8,2480,400,1965,0,98115,47.6999,-122.284,2460,9610
31282,20141014T000000,4,2.5,2210,5077,1.5,0,0,4,8,1480,730,1912,0,98126,47.5719,-122.377,1740,5000
28381,20140909T000000,4,2.5,2710,6937,2.0,0,0,3,7,2710,0,2009,0,98065,47.5153,-121.871,2380,5866
20528,20140902T000000,3,2.0,1310,9855,1.0,0,0,3,7,1310,0,1962,0,98034,47.7296,-122.241,1310,8370
13092,20150320T000000,4,2.5,2830,10677,2.0,0,0,3,9,2830,0,1993,0,98011,47.742,-122.208,2970,9619
31626,20150206T000000,3,1.75,1680,10685,1.0,0,0,4,7,1680,0,1966,0,98033,47.6556,-122.193,3340,10390
19261,20150116T000000,4,3.0,3120,157875,2.0,0,0,4,8,3120,0,1977,0,98058,47.444,-122.187,1580,7050
19037,20150316T000000,3,1.5,1360,1167,3.0,0,0,3,8,1360,0,2008,0,98103,47.6962,-122.349,1360,1167
18683,20150416T000000,4,3.5,2780,9550,2.0,0,4,5,10,2530,250,1978,0,98166,47.454,-122.373,2724,10634
15578,20140721T000000,2,2.0,890,5000,1.0,0,0,3,6,890,0,1917,0,98118,47.5158,-122.264,1860,5000
31938,20140513T000000,3,1.0,1440,5000,2.0,0,0,3,7,1440,0,1910,0,98103,47.6741,-122.354,1850,4500
15775,20141003T000000,3,1.0,940,7125,1.5,0,0,4,7,940,0,1958,0,98032,47.3756,-122.297,1170,7125
28186,20150305T000000,3,2.5,2100,5112,2.0,0,0,3,8,2100,0,1999,0,98065,47.5338,-121.867,2100,4370
22239,20150420T000000,3,1.75,2170,4000,1.0,0,0,4,7,1110,1060,1925,0,98103,47.6546,-122.337,1890,4000
28245,20140923T000000,3,2.5,1700,6396,2.0,0,0,3,7,1700,0,2003,0,98065,47.5333,-121.87,1700,4444
25127,20140711T000000,4,2.5,2090,4196,2.0,0,0,3,8,2090,0,2006,0,98011,47.7453,-122.192,2640,4503
31769,20150108T000000,3,1.0,950,9451,1.0,0,0,4,7,950,0,1977,0,98034,47.7308,-122.19,1480,8352
28881,20140714T000000,4,2.5,2530,6500,1.5,0,0,3,8,1720,810,1975,0,98115,47.6737,-122.284,2150,5280
29752,20150324T000000,3,1.75,1530,9600,1.0,0,0,3,7,1200,330,1988,0,98042,47.3594,-122.076,1680,9680
26031,20141010T000000,3,2.0,2550,4794,2.0,0,0,3,9,2550,0,2007,0,98115,47.6955,-122.29,1630,5100
30431,20150327T000000,3,1.75,1540,8100,1.0,0,0,4,7,940,600,1947,0,98133,47.749,-122.351,1840,8100
20607,20150302T000000,3,2.5,4090,16972,2.0,0,2,3,11,3590,500,2007,0,98177,47.7258,-122.37,3740,16972
29283,20150428T000000,3,2.5,2810,4984,1.0,0,0,3,9,1750,1060,2006,0,98055,47.4461,-122.209,2810,5711
12763,20140707T000000,2,2.0,1580,5750,1.0,0,0,5,6,790,790,1910,0,98116,47.5668,-122.384,1580,5750
13031,20140829T000000,4,2.25,2240,12650,1.0,0,0,4,8,1730,510,1981,0,98059,47.4777,-122.142,2150,12650
21360,20141202T000000,5,1.75,1790,9335,2.0,0,0,5,8,1790,0,1952,0,98004,47.5945,-122.201,1840,9612
19072,20140919T000000,4,2.5,2640,5595,2.0,0,0,3,8,2640,0,2011,0,98038,47.3551,-122.054,1840,5011
18806,20141106T000000,2,1.0,1030,4366,1.0,0,0,3,7,1030,0,1912,0,98136,47.5311,-122.384,1890,4499
22299,20150414T000000,4,2.5,2420,7744,2.0,0,0,3,9,2420,0,1994,0,98056,47.534,-122.18,2820,11129
17082,20140905T000000,3,2.5,3110,9015,2.0,0,0,3,9,3110,0,1990,0,98058,47.4369,-122.147,2650,8960
29928,20141105T000000,4,2.5,4260,36360,1.5,0,0,4,8,4100,160,1935,0,98155,47.764,-122.302,2430,17888
18212,20150427T000000,3,2.5,1610,3516,2.0,0,0,3,8,1610,0,2006,0,98055,47.4491,-122.188,1610,3056
18080,20141016T000000,8,4.0,4020,7500,1.0,0,0,3,8,2010,2010,1968,0,98107,47.6732,-122.363,1560,3737
21693,20141017T000000,4,2.0,2610,14321,1.5,0,0,4,6,1690,920,1940,0,98188,47.4672,-122.296,1630,8599
29552,20150324T000000,4,3.25,2950,4161,2.0,0,0,3,10,2210,740,2014,0,98027,47.5297,-122.073,2790,3693
26317,20141118T000000,3,2.5,3380,9528,2.0,0,0,3,10,3380,0,1994,0,98059,47.5275,-122.148,3630,14089
25630,20150512T000000,2,1.5,1030,2850,2.0,0,0,3,7,1030,0,1995,0,98038,47.3845,-122.039,1030,3000
29922,20140912T000000,3,2.5,1730,4065,2.0,0,0,3,8,1730,0,1996,0,98029,47.5668,-122.005,1730,4094
13895,20150422T000000,4,3.0,3130,2646,2.5,0,0,5,9,2290,840,1906,0,98102,47.6272,-122.316,2920,4500
30652,20140821T000000,2,2.25,2130,5920,1.0,0,0,3,8,1830,300,1950,0,98115,47.6792,-122.275,2130,7192
11737,20150213T000000,4,2.5,2460,45738,1.0,0,0,4,8,1650,810,1969,0,98075,47.5952,-122.056,2550,32040
31632,20150109T000000,4,3.25,3910,7500,2.0,0,0,3,10,3910,0,2006,0,98033,47.6527,-122.198,2600,9235
21917,20140828T000000,4,2.0,2730,12000,1.0,0,0,4,8,1410,1320,1998,0,98155,47.7733,-122.271,2730,9039
31359,20140828T000000,5,2.5,2990,9240,2.0,0,0,3,8,2990,0,2015,0,98133,47.7384,-122.348,1970,18110
12144,20150227T000000,3,2.5,2910,10044,2.0,0,0,4,10,2910,0,1989,0,98004,47.5845,-122.199,2420,12287
17655,20150318T000000,3,2.5,1590,9736,2.0,0,0,3,7,1590,0,1985,0,98001,47.33,-122.278,1580,7500
31056,20140919T000000,3,1.5,1760,4880,1.5,0,3,3,8,1290,470,1928,0,98136,47.5334,-122.388,1840,4998
29778,20140920T000000,3,1.5,1050,5525,1.0,0,0,5,6,1050,0,1969,0,98042,47.3608,-122.083,1100,5200
21615,20150423T000000,3,2.5,1970,6634,2.0,0,0,3,8,1970,0,1989,0,98029,47.5759,-122.012,2090,6176
22917,20140711T000000,3,1.0,1060,9123,1.0,0,0,3,7,1060,0,1952,0,98004,47.6218,-122.193,1620,9121
24792,20140926T000000,3,1.75,1520,7875,1.0,0,0,5,8,1520,0,1969,0,98006,47.5569,-122.176,2150,9428
31033,20150430T000000,4,2.25,2260,43847,2.0,0,0,3,8,2260,0,1982,0,98072,47.7713,-122.129,2470,37304
20520,20140813T000000,4,2.5,2280,8798,2.0,0,0,4,8,2280,0,1987,0,98028,47.7471,-122.247,2180,8632
17035,20150303T000000,3,2.0,3085,7280,1.0,0,0,4,7,1560,1525,1959,0,98056,47.4956,-122.181,1480,7900
18892,20141212T000000,5,3.0,3010,7357,2.0,0,0,3,9,3010,0,2008,0,98133,47.7226,-122.33,2370,8050
17443,20140804T000000,3,1.75,1780,11096,1.0,0,0,3,7,1210,570,1979,0,98074,47.617,-122.051,1780,10640
20702,20150410T000000,3,2.5,2190,3600,2.0,0,0,3,9,2190,0,2003,0,98029,47.5506,-121.993,2300,3600
23701,20141210T000000,3,1.0,1800,7200,1.0,0,0,3,7,1020,780,1964,0,98118,47.5616,-122.275,1740,5475
22604,20140603T000000,4,2.75,1550,4000,1.5,0,0,3,9,1550,0,1930,0,98105,47.6596,-122.28,2120,4000
31464,20150323T000000,3,1.0,1060,5600,1.0,0,0,4,6,760,300,1943,0,98146,47.5116,-122.379,1310,5600
14264,20150422T000000,3,1.0,1120,6625,1.0,0,0,3,6,1120,0,1942,0,98168,47.4879,-122.332,1120,6794
32010,20141223T000000,4,0.75,1960,8277,1.0,1,4,4,7,1320,640,1923,1986,98198,47.3648,-122.325,1940,8402
30106,20140731T000000,4,3.5,3080,5250,2.0,0,0,3,9,3080,0,2003,0,98075,47.5992,-121.972,2980,5509
15111,20141020T000000,5,1.5,1310,4800,1.5,0,0,3,6,1110,200,1929,0,98106,47.5545,-122.365,960,4800
19424,20141028T000000,3,2.25,1820,9766,1.0,0,0,4,7,1450,370,1987,0,98031,47.397,-122.203,1860,8236
30579,20150219T000000,3,1.75,2120,5992,1.0,0,0,3,7,1060,1060,1947,0,98125,47.7083,-122.308,1840,11000
22467,20140808T000000,4,3.5,4330,15335,2.0,0,0,4,11,3230,1100,1988,0,98040,47.5315,-122.231,3840,14311
14129,20141028T000000,3,2.0,1510,10827,2.0,0,0,3,7,1510,0,1984,0,98052,47.654,-122.127,1900,10908
16444,20150106T000000,3,1.0,1250,7700,1.0,0,0,4,7,1250,0,1955,0,98007,47.5974,-122.149,1520,7700
15837,20141007T000000,3,1.5,1160,1031,3.0,0,0,3,8,1160,0,2008,0,98103,47.6538,-122.357,1268,1688
11854,20140827T000000,3,2.0,1250,1306,3.0,0,0,3,7,1250,0,2001,0,98107,47.6705,-122.39,1320,1250
14856,20150115T000000,3,1.75,1610,9000,1.0,0,0,4,7,1100,510,1978,0,98092,47.3187,-122.179,1610,8000
12386,20140911T000000,5,2.75,4450,9600,2.0,0,0,3,9,3650,800,2014,0,98011,47.7336,-122.21,4000,9750
11322,20140827T000000,3,2.5,2370,4200,2.0,0,0,3,8,2370,0,2014,0,98038,47.3696,-122.018,2370,4200
14268,20150422T000000,2,1.0,760,5280,1.0,0,0,3,6,760,0,1946,0,98168,47.483,-122.33,1710,6594
20621,20150123T000000,4,2.5,3600,155509,2.0,0,0,3,9,3600,0,2004,0,98010,47.3538,-121.986,3410,34412
30642,20140616T000000,2,1.75,1210,1040,2.0,0,0,3,8,1210,0,2014,0,98029,47.5519,-121.999,1210,1090
21268,20150420T000000,3,2.25,1710,7134,1.0,0,0,4,7,1130,580,1979,0,98031,47.3911,-122.191,1790,7455
18382,20140701T000000,4,1.75,2130,5080,1.5,0,0,3,8,2130,0,1914,1993,98119,47.6427,-122.363,1900,5080
27307,20140708T000000,3,2.5,3180,12600,2.0,0,0,4,11,3180,0,1978,0,98074,47.6366,-122.058,3030,12835
15657,20141015T000000,4,2.5,2980,210395,2.0,0,0,3,9,2980,0,2001,0,98045,47.4575,-121.707,2530,45596
11509,20140610T000000,3,2.5,2510,6320,2.0,0,0,3,9,2510,0,1996,0,98075,47.5868,-122.033,2518,5819
13142,20140926T000000,3,2.25,1410,7290,1.0,0,0,3,7,940,470,1980,0,98118,47.5396,-122.274,1550,7375
20772,20140617T000000,4,2.5,1670,3315,2.0,0,0,3,7,1670,0,2005,0,98029,47.5532,-121.998,1650,2051
15418,20140630T000000,5,3.25,4390,11250,2.0,0,0,3,10,4390,0,2007,0,98040,47.5785,-122.225,2160,9249
18856,20140609T000000,2,1.75,1610,158558,1.5,0,0,2,6,1610,0,1948,0,98065,47.5319,-121.84,1800,3572
29381,20150416T000000,2,1.0,620,4455,1.0,0,0,3,6,620,0,1927,0,98117,47.6877,-122.395,1180,5000
20018,20140522T000000,4,2.5,3030,12590,1.5,0,0,4,10,3030,0,1988,0,98004,47.5806,-122.193,2980,11635
10835,20140509T000000,3,2.5,1850,4597,2.0,0,0,3,8,1850,0,2003,0,98042,47.3755,-122.136,2210,5000
22676,20141029T000000,5,4.25,3350,3600,2.0,0,0,3,10,2260,1090,2014,0,98119,47.6351,-122.364,1810,3600
15664,20150508T000000,5,3.75,3490,15246,1.0,0,1,4,10,1940,1550,1968,0,98040,47.5479,-122.212,3410,15682
11773,20150406T000000,3,1.0,1020,13504,1.0,0,0,5,7,1020,0,1959,0,98056,47.5121,-122.17,1110,11158
19194,20140612T000000,4,2.5,2470,35073,2.0,0,0,3,9,2470,0,1989,0,98092,47.3064,-122.108,2990,35259
31449,20150217T000000,2,1.5,1140,2500,1.0,0,1,3,7,630,510,1988,0,98106,47.5707,-122.359,1500,5000
11958,20140506T000000,2,1.0,720,6687,1.0,0,0,3,6,720,0,1942,0,98117,47.7001,-122.362,840,6687
17209,20140610T000000,3,1.75,2430,9133,1.0,0,0,4,7,1410,1020,1978,0,98059,47.5116,-122.157,1980,9592
24510,20140926T000000,2,1.0,880,4558,1.0,0,0,3,7,880,0,1951,0,98115,47.6803,-122.287,1370,5243
22419,20140603T000000,5,2.75,3040,10257,2.0,0,0,3,10,3040,0,1993,0,98006,47.5531,-122.119,2860,9327
21455,20141110T000000,3,1.0,1290,8974,1.0,0,0,5,7,1290,0,1976,0,98072,47.74,-122.173,1540,7500
17582,20140815T000000,3,2.5,2970,9600,2.0,0,0,3,9,2970,0,1994,0,98006,47.5422,-122.132,2970,9707
24221,20141211T000000,3,2.25,2680,41804,1.0,0,0,3,9,2680,0,1989,0,98045,47.4828,-121.73,2680,40866
26642,20140814T000000,3,2.5,1840,8234,2.0,0,0,3,8,1840,0,1994,0,98003,47.267,-122.312,1940,7601
23089,20150414T000000,2,2.25,1330,806,3.0,0,0,3,8,1330,0,2009,0,98117,47.6904,-122.395,1320,1389
20747,20140606T000000,3,2.5,1480,1961,2.0,0,0,3,8,1480,0,2005,0,98029,47.5478,-122.0,1400,1138
25599,20150409T000000,3,2.5,2490,8582,2.0,0,0,3,9,2490,0,2000,0,98074,47.625,-122.042,2870,7598
20369,20140815T000000,4,3.25,3090,67518,2.0,0,0,3,10,3090,0,1988,0,98053,47.6674,-122.046,3200,65775
12737,20140527T000000,3,2.5,2540,7680,2.0,0,1,4,9,2540,0,1940,2001,98177,47.7175,-122.364,2490,7680
16707,20140805T000000,3,2.5,2100,213008,1.0,0,0,3,8,2100,0,1990,0,98092,47.2984,-122.144,1330,214315
20623,20140903T000000,4,3.5,3770,47480,2.0,0,0,3,9,3770,0,2003,0,98010,47.3552,-121.99,3380,42689
11798,20140825T000000,2,1.0,960,5000,1.0,0,0,4,7,960,0,1900,0,98107,47.6755,-122.367,1330,5000
20028,20141023T000000,3,2.5,1800,3253,2.0,0,0,3,7,1800,0,2001,0,98108,47.5401,-122.292,1800,3081
27402,20141119T000000,2,1.0,1260,5100,1.5,0,0,4,7,1120,140,1925,0,98117,47.6805,-122.384,1260,5100
29454,20140507T000000,4,4.0,3680,18804,2.0,0,0,3,10,3680,0,1990,0,98074,47.6193,-122.014,3200,15954
22903,20140818T000000,2,1.0,860,7250,1.0,0,0,3,6,860,0,1949,0,98133,47.7206,-122.35,1270,7250
14155,20140529T000000,2,1.0,950,7560,1.0,0,0,3,6,950,0,1958,0,98058,47.4499,-122.176,1160,7560
12699,20141125T000000,3,2.0,1160,13747,1.0,0,0,5,5,580,580,1931,0,98075,47.585,-122.051,2961,16320
10812,20141016T000000,2,1.0,840,12750,1.0,0,0,3,6,840,0,1925,0,98055,47.484,-122.211,1480,6969
27737,20150313T000000,3,2.75,3180,3680,2.0,0,0,4,9,2190,990,1918,0,98126,47.577,-122.38,2000,3680
30313,20140819T000000,4,2.0,1890,5188,1.5,0,0,4,7,1670,220,1940,0,98105,47.6633,-122.287,1800,4848
14276,20140916T000000,2,1.0,790,7153,1.0,0,0,4,6,790,0,1944,0,98168,47.4869,-122.324,810,7128
26158,20140823T000000,4,3.0,2190,12825,1.0,0,0,3,9,1520,670,1989,0,98034,47.7107,-122.229,3050,4673
28896,20150414T000000,3,1.0,1330,5100,1.0,0,0,3,7,900,430,1942,0,98115,47.6837,-122.291,1500,5100
17538,20140724T000000,4,2.5,3090,10730,2.0,0,0,5,8,2420,670,1985,0,98006,47.5458,-122.141,2220,7875
32242,20150402T000000,5,3.75,5350,15360,1.0,0,1,3,11,3040,2310,2008,0,98004,47.648,-122.218,3740,15940
18022,20140619T000000,3,3.25,1530,1612,3.0,0,0,3,8,1530,0,2006,0,98107,47.6706,-122.378,1530,1611
18601,20150325T000000,2,1.0,1200,6278,1.0,0,0,3,7,1080,120,1942,0,98103,47.7001,-122.351,1200,6211
31403,20140616T000000,4,2.5,2240,9826,1.0,0,0,4,7,1370,870,1988,0,98023,47.314,-122.364,1980,9826
15704,20140509T000000,4,4.25,5860,52889,2.0,0,0,4,10,4910,950,1996,0,98072,47.7245,-122.095,3320,39066
27428,20140813T000000,3,2.5,1690,7460,1.0,0,0,3,7,870,820,1997,0,98146,47.4964,-122.353,1900,7302
15595,20140620T000000,3,2.0,1510,7884,1.0,0,0,3,6,1510,0,1942,2014,98166,47.4683,-122.348,1050,7620
14815,20141002T000000,4,2.5,3110,24466,2.0,0,0,3,9,3110,0,1997,0,98059,47.4898,-122.127,3080,22185
12701,20140903T000000,4,2.75,2710,41811,1.5,0,0,4,8,1690,1020,1995,0,98075,47.5836,-122.046,2110,35656
28295,20140902T000000,5,2.75,3890,9130,2.0,0,0,3,9,3890,0,2004,0,98065,47.5407,-121.86,3450,8361
21882,20140617T000000,3,1.5,1270,20700,1.0,0,0,2,7,1150,120,1948,0,98155,47.7576,-122.296,1990,15000
28780,20140709T000000,3,1.0,1450,7200,1.0,0,0,3,7,1010,440,1969,0,98034,47.7311,-122.199,1500,6767
14463,20140509T000000,3,1.5,1390,48257,1.0,0,0,3,6,1390,0,1922,2013,98024,47.5603,-121.894,1440,45302
14894,20141215T000000,3,2.0,2330,4950,1.5,0,0,3,6,1430,900,1900,0,98118,47.5585,-122.29,1160,5115
18204,20150225T000000,2,2.0,1180,2553,2.0,0,0,3,6,1180,0,2005,0,98038,47.3501,-122.02,1310,2687
12808,20141022T000000,3,2.0,1560,8853,1.0,0,0,3,7,1560,0,1967,0,98058,47.4312,-122.171,1610,8750
25512,20140716T000000,2,1.0,1800,9236,1.0,0,0,3,7,1800,0,1954,0,98030,47.3792,-122.198,1730,5701
17263,20141231T000000,3,1.75,1820,3140,2.0,0,0,5,8,1820,0,1949,1990,98136,47.5271,-122.384,2030,5499
20420,20150220T000000,4,2.0,2040,5050,1.0,0,0,5,7,1160,880,1937,0,98115,47.6885,-122.324,2040,5050
15238,20150220T000000,3,1.0,1260,8378,1.0,0,0,4,6,840,420,1959,1977,98023,47.3274,-122.348,1140,8496
17042,20140722T000000,3,2.0,1390,7200,1.0,0,0,3,7,1390,0,1996,0,98058,47.434,-122.154,1630,7340
18918,20141201T000000,4,2.75,1610,11201,1.0,0,0,5,7,1020,590,1982,0,98033,47.7024,-122.198,1610,9000
29663,20150413T000000,5,2.5,2380,8204,1.0,0,0,3,8,1540,840,1957,0,98115,47.7,-122.287,2270,8204
22583,20150316T000000,3,1.75,1930,6533,1.0,0,0,3,7,1230,700,1960,0,98055,47.4883,-122.221,2030,5954
21610,20150227T000000,4,2.5,2270,8391,2.0,0,0,3,8,2270,0,1988,0,98029,47.574,-122.013,2420,8391
10890,20140626T000000,2,1.75,1240,6417,1.0,0,0,5,7,1240,0,1924,0,98126,47.5439,-122.379,1800,6417
12514,20140731T000000,6,4.5,2810,11214,1.0,0,0,3,8,2010,800,1958,0,98031,47.4045,-122.197,1940,8349
30458,20150210T000000,4,2.5,2440,7797,1.0,0,0,3,8,1560,880,1965,0,98031,47.3895,-122.222,2090,8100
18401,20140610T000000,5,3.25,3230,3825,2.0,0,0,3,9,2480,750,2014,0,98117,47.6785,-122.392,1480,5100
27887,20140503T000000,4,2.75,2920,6605,2.0,0,0,3,8,2920,0,2012,0,98059,47.4909,-122.144,3030,6605
24781,20150415T000000,3,1.75,1670,10798,1.0,0,0,4,8,1670,0,1962,0,98006,47.549,-122.17,2290,10798
26745,20150325T000000,4,2.0,3160,11193,1.0,0,0,5,6,2410,750,1942,0,98056,47.4937,-122.184,1020,5940
15468,20140514T000000,5,4.5,3810,8019,2.0,0,0,3,10,3810,0,2008,0,98074,47.5915,-122.058,3390,7713
14790,20141124T000000,4,2.5,2890,5801,2.0,0,0,3,9,2890,0,2005,0,98028,47.7349,-122.238,2890,6286
12979,20140723T000000,5,2.75,3010,5398,2.0,0,0,3,9,3010,0,2014,0,98074,47.6067,-122.053,3360,5407
17788,20150410T000000,4,3.5,3920,19088,1.0,0,1,3,10,2240,1680,2005,0,98040,47.576,-122.214,3800,13749
25546,20150421T000000,2,1.0,1550,38449,1.0,0,0,3,6,1550,0,1947,0,98055,47.4315,-122.199,1188,25875
20210,20140715T000000,3,3.0,3200,35782,1.0,0,0,3,8,2360,840,1978,0,98042,47.4121,-122.154,3090,37887
18442,20140804T000000,3,2.25,2920,6300,1.0,0,0,3,8,1710,1210,1956,0,98177,47.7065,-122.37,1940,6300
16269,20140522T000000,3,1.5,2320,7500,1.0,0,0,3,7,2320,0,1976,0,98019,47.7413,-121.979,1480,10000
15690,20141028T000000,5,2.0,2620,7030,1.0,0,0,3,8,1420,1200,1965,0,98133,47.7338,-122.352,1360,7964
18320,20140709T000000,4,1.0,1600,5500,1.5,0,0,4,7,1600,0,1946,0,98117,47.6983,-122.393,1900,5500
25585,20150407T000000,1,1.0,630,5150,1.0,0,0,4,5,630,0,1954,0,98117,47.6923,-122.369,1390,5150
13724,20140812T000000,4,2.5,2007,4968,2.0,0,0,3,9,2007,0,2009,0,98092,47.3301,-122.191,2189,5852
25805,20140715T000000,2,1.5,1090,1183,3.0,0,0,3,8,1090,0,2008,0,98103,47.6974,-122.349,1110,1384
12001,20150421T000000,4,2.5,2100,1397,3.0,0,0,3,8,1580,520,2008,0,98144,47.5928,-122.295,1490,1201
30481,20141208T000000,3,2.5,1860,5321,2.0,0,0,3,7,1860,0,2000,0,98038,47.3848,-122.033,1940,5205
26169,20150129T000000,5,2.5,3320,7266,2.0,0,0,3,9,3320,0,2000,0,98075,47.5862,-122.054,3060,10269
19410,20141010T000000,2,1.75,2510,19141,2.0,0,0,3,9,2510,0,1977,0,98092,47.3103,-122.199,2400,13030
17478,20141001T000000,4,2.75,2130,8560,1.0,0,0,3,7,1560,570,1992,0,98022,47.1949,-122.01,2130,8560
30381,20150421T000000,3,2.0,1460,2800,1.0,0,0,4,7,730,730,1921,0,98105,47.67,-122.295,1780,4560
26649,20141027T000000,3,2.0,2040,4841,1.0,0,0,4,7,1020,1020,1949,0,98115,47.6778,-122.302,1600,4841
30085,20140618T000000,4,2.5,3640,10576,2.0,0,0,3,11,3640,0,1999,0,98075,47.5899,-121.979,3370,10351
13217,20140606T000000,5,2.5,2690,5557,2.0,0,0,3,7,2690,0,2012,0,98178,47.4914,-122.253,2090,10500
30551,20140604T000000,3,2.0,2260,11305,1.0,0,0,3,7,1130,1130,1986,0,98055,47.4544,-122.204,2080,10248
20909,20141201T000000,3,1.75,1680,8610,1.0,0,0,4,7,1290,390,1969,0,98034,47.7246,-122.173,1640,8809
18150,20150130T000000,2,1.75,2050,4000,1.5,0,2,3,8,2050,0,1979,0,98119,47.6415,-122.373,1940,4000
17601,20140527T000000,4,2.5,1720,9600,1.0,0,0,3,7,1120,600,1961,0,98092,47.2917,-122.188,1520,9400
23535,20141125T000000,3,1.75,1520,9600,1.0,0,0,4,7,1520,0,1967,0,98059,47.473,-122.149,1590,10183
11421,20150108T000000,5,1.75,3290,8000,1.0,0,0,3,7,1790,1500,1968,0,98030,47.3733,-122.214,2380,7000
16328,20140703T000000,4,4.25,5010,19412,2.0,0,1,3,11,4000,1010,2014,0,98040,47.5455,-122.211,3820,17064
14709,20140905T000000,2,2.25,1100,1695,2.0,0,0,3,9,1100,0,2009,0,98118,47.5663,-122.289,1100,3082
25907,20140610T000000,4,2.5,3020,8302,2.0,0,0,4,10,3020,0,1994,0,98042,47.363,-122.127,3020,8406
27914,20140725T000000,3,2.5,1430,9240,2.0,0,0,3,7,1430,0,1984,0,98074,47.6258,-122.058,1480,8125
26972,20150219T000000,3,1.0,1300,8879,1.0,0,0,3,7,920,380,1950,0,98155,47.7465,-122.326,1530,6960
25275,20140826T000000,2,1.0,910,7617,1.0,0,0,3,6,910,0,1936,0,98125,47.7332,-122.305,1310,6624
12140,20140812T000000,4,2.75,2400,12469,1.0,0,2,4,8,1760,640,1958,0,98008,47.5861,-122.112,2400,10400
24895,20140908T000000,3,1.5,1030,8223,1.0,0,0,4,7,1030,0,1952,0,98148,47.4282,-122.331,1460,9463
30962,20141104T000000,4,1.75,2160,7417,1.0,0,0,4,7,1360,800,1983,0,98056,47.5122,-122.181,1880,8022
20926,20140529T000000,3,1.5,1470,14821,1.0,0,0,4,7,1470,0,1958,0,98042,47.3658,-122.148,1760,15370
28426,20140908T000000,4,2.75,3140,9085,1.0,0,2,5,8,1570,1570,1961,0,98006,47.5675,-122.16,2430,9350
19376,20141121T000000,4,1.75,2510,5800,1.0,0,2,4,9,1830,680,1953,0,98199,47.648,-122.41,2190,5800
26390,20140813T000000,4,3.0,3350,199253,2.0,0,0,3,10,3350,0,2004,0,98010,47.3602,-121.988,3350,183897
19415,20141006T000000,5,2.75,2000,9276,2.0,0,0,4,7,2000,0,1968,0,98055,47.444,-122.19,1240,8270
16826,20140702T000000,5,2.5,2450,6994,2.0,0,0,3,8,2450,0,2002,0,98030,47.3572,-122.192,1940,6035
19867,20141202T000000,3,2.25,2530,27227,2.0,0,0,3,8,2530,0,1987,0,98056,47.527,-122.193,2160,30192
22466,20150121T000000,3,2.5,3240,12625,2.0,0,0,3,11,3240,0,1987,0,98040,47.5327,-122.232,3470,12331
30101,20150424T000000,4,3.5,4610,11676,2.0,0,0,3,10,4610,0,2000,0,98075,47.6011,-121.983,3900,11164
24772,20150227T000000,4,2.25,2030,8517,1.0,0,0,4,8,1380,650,1961,0,98006,47.5495,-122.174,2230,8824
30723,20150425T000000,4,2.5,2400,9398,1.0,0,0,4,7,1310,1090,1958,0,98056,47.4952,-122.178,1330,8249
21861,20140808T000000,3,2.0,1940,16300,1.0,0,0,3,7,1140,800,1978,0,98155,47.774,-122.283,1940,11250
28749,20140616T000000,6,1.75,1840,2774,1.0,0,0,3,7,1060,780,1900,0,98122,47.6041,-122.31,1680,4292
14844,20150225T000000,4,2.25,1970,7200,2.0,0,0,3,8,1970,0,1979,0,98092,47.3132,-122.182,1790,7500
17215,20140729T000000,3,2.5,2060,8778,1.0,0,0,3,8,1160,900,1953,2010,98136,47.5245,-122.384,1990,7560
14416,20141231T000000,4,2.75,1580,3770,1.0,0,0,3,7,1080,500,2002,0,98019,47.7368,-121.968,1740,3800
20012,20140625T000000,3,1.0,1230,8750,1.0,0,0,3,6,1230,0,1965,0,98003,47.3266,-122.334,1230,8750
17212,20140612T000000,3,2.0,2460,6600,1.0,0,2,4,8,1370,1090,1952,0,98136,47.5215,-122.383,2150,6600
11305,20140819T000000,2,1.0,1050,4800,1.0,0,0,4,7,1050,0,1969,0,98146,47.5128,-122.388,1230,4800
12240,20140820T000000,4,2.25,1890,8034,1.0,0,0,4,8,1890,0,1967,0,98008,47.6338,-122.117,1920,7210
29422,20140513T000000,3,1.0,1040,6535,1.0,0,0,3,6,1040,0,1947,0,98168,47.4906,-122.306,1100,6535
18424,20141002T000000,3,1.0,990,10125,1.0,0,0,3,7,990,0,1972,0,98042,47.3422,-122.089,1360,10125
27757,20140630T000000,4,2.0,1880,3840,1.0,0,0,3,7,970,910,1904,0,98144,47.5929,-122.303,1670,1820
15481,20150407T000000,3,3.5,3620,8072,2.0,0,0,3,10,2920,700,1999,0,98006,47.5646,-122.127,3680,9624
26789,20140917T000000,3,2.0,1840,16815,1.0,0,0,5,7,960,880,1972,0,98059,47.4837,-122.11,1810,16732
20070,20150323T000000,2,1.5,1620,3760,2.0,0,0,5,7,1170,450,1924,0,98144,47.6012,-122.291,2130,4000
22844,20140709T000000,4,2.25,3300,8365,3.0,0,0,3,9,3300,0,2014,0,98126,47.5363,-122.377,1290,8369
14036,20140825T000000,4,2.25,2430,7490,2.0,0,0,3,8,2430,0,1983,0,98058,47.4406,-122.139,2070,7469
14075,20140924T000000,3,1.75,2550,6117,2.0,0,0,3,9,1650,900,1951,2004,98122,47.6109,-122.285,2100,4967
12913,20150408T000000,3,2.5,1920,7200,2.0,0,2,3,10,1780,140,1997,0,98116,47.5709,-122.408,2080,5000
23646,20150409T000000,4,2.5,2610,7333,2.0,0,0,3,8,2610,0,1988,0,98003,47.2721,-122.293,2280,9033
26165,20140529T000000,4,2.5,2440,22594,2.0,0,0,3,8,2440,0,1996,0,98053,47.6333,-121.97,2560,33341
12756,20141027T000000,3,1.5,1670,5060,2.0,0,2,5,7,1670,0,1925,0,98126,47.5671,-122.379,1670,5118
22755,20140828T000000,2,1.0,1000,10320,1.0,0,0,3,6,1000,0,1943,0,98106,47.527,-122.356,1100,5160
17942,20140619T000000,3,2.5,1940,9000,1.0,0,0,4,7,970,970,1948,0,98117,47.6933,-122.393,2190,7310
21350,20141021T000000,2,1.0,950,3060,1.0,0,0,3,6,810,140,1925,0,98105,47.6698,-122.323,1510,3780
31712,20140709T000000,3,2.5,2500,7394,2.0,0,0,3,9,2500,0,1990,0,98072,47.7441,-122.173,2790,7642
27411,20150223T000000,3,1.0,1100,5100,2.0,0,0,4,7,1100,0,1900,0,98117,47.679,-122.386,1540,5100
27860,20140625T000000,5,3.0,2790,19439,1.0,0,3,5,7,1500,1290,1973,0,98058,47.4088,-122.089,1620,19439
31476,20141019T000000,3,2.0,1470,1656,2.0,0,0,3,8,1310,160,2003,0,98126,47.5653,-122.369,1470,2288
16239,20141021T000000,3,1.75,1770,10080,1.0,0,0,3,8,1770,0,1968,0,98125,47.7218,-122.306,1860,10456
12824,20150326T000000,4,2.25,2090,8941,2.0,0,0,3,7,2090,0,1975,0,98058,47.4332,-122.167,1890,7946
13334,20140826T000000,4,1.75,1710,7724,1.0,0,0,3,8,1710,0,1983,0,98155,47.7721,-122.293,1940,7724
21240,20150313T000000,3,2.25,2820,8100,1.0,0,0,4,7,1720,1100,1947,0,98168,47.4944,-122.304,1040,8100
27985,20150408T000000,3,2.0,2590,14052,1.0,0,0,5,8,1720,870,1948,0,98133,47.7357,-122.333,1570,8162
30563,20150311T000000,3,1.75,1520,7439,1.0,0,0,4,7,1520,0,1969,0,98055,47.457,-122.208,1650,7500
14820,20141229T000000,3,2.25,3050,10689,2.0,0,0,4,9,3050,0,1988,0,98092,47.3326,-122.201,2697,10925
11513,20150512T000000,3,2.5,2200,4052,2.0,0,0,3,8,2200,0,2005,0,98058,47.4362,-122.178,2310,5082
21872,20150403T000000,5,3.25,2480,10277,2.0,0,0,5,8,1640,840,1993,0,98155,47.7726,-122.286,2270,10277
19682,20140828T000000,3,2.5,2790,31798,1.0,0,0,5,8,1650,1140,1953,0,98027,47.5241,-122.039,1400,14849
14780,20150225T000000,3,1.75,1720,223377,1.0,0,0,3,7,1240,480,1950,0,98019,47.7329,-121.92,2530,221442
17388,20140731T000000,4,2.5,2250,11349,2.0,0,0,3,8,2250,0,1991,0,98034,47.7111,-122.239,2110,9964
28436,20140627T000000,4,3.0,3900,9750,1.0,0,4,5,10,2520,1380,1972,0,98006,47.5605,-122.158,3410,9450
22339,20150212T000000,5,1.75,1680,8400,1.0,0,0,4,7,1680,0,1979,0,98003,47.3035,-122.307,1800,8550
26796,20150409T000000,3,1.5,1340,25160,1.0,0,0,3,7,1340,0,1968,0,98059,47.475,-122.111,1440,23680
21413,20140814T000000,4,1.75,1700,9000,1.0,0,0,3,7,1700,0,1967,0,98034,47.7308,-122.18,1930,7818
18225,20140507T000000,3,1.75,1680,10500,1.0,0,0,4,8,1680,0,1959,0,98005,47.6098,-122.169,2250,10400
16286,20150410T000000,4,2.5,1850,9248,2.0,0,0,3,8,1850,0,1997,0,98028,47.735,-122.244,2080,8711
12938,20140721T000000,2,1.75,1140,936,2.0,0,0,3,8,940,200,2014,0,98105,47.6647,-122.284,1160,1327
23304,20140605T000000,3,1.0,1500,13500,1.0,0,0,4,7,1500,0,1968,0,98059,47.4666,-122.072,1350,13680
20498,20140924T000000,3,2.0,1010,21340,1.0,0,0,3,8,1010,0,1980,0,98074,47.6223,-122.043,1700,13045
26540,20141212T000000,3,1.5,1890,7650,1.0,0,0,5,7,1890,0,1966,0,98003,47.3454,-122.314,1510,7560
14672,20150206T000000,2,1.0,770,5680,1.0,0,0,4,6,770,0,1929,0,98117,47.6951,-122.366,1170,5514
11656,20140514T000000,3,2.75,1850,9600,1.5,0,0,5,7,1850,0,1965,0,98034,47.7259,-122.226,1250,10500
30129,20140619T000000,3,2.5,2480,6112,2.0,0,0,3,7,2480,0,2004,0,98058,47.4387,-122.114,3220,6727
26828,20140623T000000,2,1.5,1300,1676,1.0,0,2,3,7,1300,0,1943,0,98122,47.6133,-122.308,1260,1740
21971,20140514T000000,3,1.5,1830,8000,1.0,0,0,4,7,1830,0,1957,0,98008,47.6017,-122.122,1310,7500
25539,20140625T000000,3,1.75,1640,10695,1.0,0,2,3,8,1640,0,1975,0,98034,47.7145,-122.222,2790,9775
27000,20150504T000000,3,1.5,1240,8410,1.0,0,0,5,6,1240,0,1948,0,98155,47.753,-122.328,1630,8410
24214,20141030T000000,3,2.5,1780,4320,2.0,0,0,4,8,1780,0,1930,1986,98115,47.6809,-122.293,1690,4952
24553,20141016T000000,4,1.75,2040,3570,1.0,0,0,4,7,1020,1020,1917,0,98144,47.5754,-122.288,1790,4206
25014,20140825T000000,3,1.0,1150,4681,1.0,0,0,3,7,1150,0,1955,0,98133,47.7284,-122.336,1150,6800
23721,20141022T000000,3,1.0,1160,8950,1.0,0,0,3,7,1160,0,1968,0,98133,47.7499,-122.338,1210,8193
23647,20140711T000000,4,2.5,2650,10459,2.0,0,0,4,8,2650,0,1989,0,98003,47.2739,-122.293,2340,8777
17875,20150430T000000,2,1.0,960,8276,1.0,0,0,3,5,960,0,1939,0,98027,47.5322,-122.033,1620,6000
22049,20140905T000000,3,1.75,1420,8250,1.0,0,0,4,7,1420,0,1960,0,98007,47.6112,-122.133,2020,8250
22168,20150318T000000,6,3.0,3840,14040,1.5,0,3,3,8,2460,1380,1949,0,98178,47.506,-122.241,2170,6765
22787,20140917T000000,3,2.5,1680,4584,2.0,0,0,3,7,1680,0,2003,0,98056,47.4794,-122.182,2160,4621
13831,20150504T000000,2,2.0,2370,155130,1.0,0,0,3,7,2370,0,1970,0,98019,47.7388,-121.972,1860,14475
21496,20150309T000000,3,2.0,1360,8752,1.0,0,2,4,6,1360,0,1942,0,98033,47.6879,-122.208,2530,7680
30347,20140910T000000,3,3.0,2360,2750,2.0,0,1,3,7,1780,580,1983,0,98125,47.7142,-122.281,1970,5800
32259,20150313T000000,3,2.25,1590,8520,2.0,0,0,4,8,1590,0,1980,0,98004,47.6477,-122.216,2470,12005
20203,20150407T000000,4,2.75,1920,7102,1.0,0,0,3,7,1130,790,1992,0,98106,47.539,-122.356,1830,6440
31543,20141222T000000,4,2.5,2400,4848,2.0,0,0,3,8,2400,0,2004,0,98038,47.3626,-122.04,1980,5199
11525,20150123T000000,4,2.5,2370,15336,2.0,0,0,3,8,2370,0,1995,0,98024,47.5633,-121.901,2110,15925
24212,20150324T000000,4,2.5,1940,4517,1.0,0,0,3,8,1190,750,2010,0,98028,47.776,-122.26,1910,10410
29558,20140520T000000,4,3.5,3070,4684,2.0,0,0,3,10,2190,880,2009,0,98027,47.5316,-122.076,2290,2664
20081,20150409T000000,2,1.75,2056,52333,1.0,0,0,4,7,1048,1008,1980,0,98001,47.2592,-122.291,2220,6458
30980,20141008T000000,4,2.5,3230,7187,2.0,0,0,3,9,3230,0,2008,0,98059,47.4995,-122.15,2950,6537
16891,20140923T000000,4,2.25,1890,7616,1.0,0,0,4,8,1260,630,1979,0,98003,47.3275,-122.329,1890,7420
31443,20140825T000000,4,2.75,3280,6845,2.0,0,0,3,10,3280,0,2003,0,98052,47.7042,-122.107,3280,7467
26025,20140709T000000,5,1.5,1730,9230,1.0,0,0,3,7,1010,720,1962,0,98058,47.4646,-122.184,1730,9230
12142,20150217T000000,3,2.75,2800,9750,1.0,0,0,5,7,1400,1400,1957,0,98004,47.5862,-122.202,2800,9530
26817,20140516T000000,2,2.5,1310,1500,2.0,0,0,3,8,1160,150,2006,0,98122,47.6112,-122.309,1320,1581
20530,20140617T000000,4,2.0,1450,8400,1.5,0,0,4,7,1450,0,1962,0,98034,47.7285,-122.24,1450,7440
22991,20140926T000000,2,1.75,1660,4000,1.0,0,0,3,7,990,670,1940,0,98112,47.6394,-122.28,2070,4000
25816,20141016T000000,3,1.0,1520,9030,1.0,0,0,3,7,1520,0,1956,0,98007,47.587,-122.134,1470,8712
18282,20150507T000000,4,1.75,2000,3728,1.5,0,0,4,9,1820,180,1926,0,98112,47.643,-122.299,1950,3728
13135,20150506T000000,2,1.5,1110,986,2.0,0,0,3,7,950,160,2009,0,98118,47.5427,-122.272,1110,3515
13619,20140527T000000,4,3.0,3720,29043,2.0,0,0,3,9,3720,0,1991,0,98033,47.6907,-122.161,1610,23000
17294,20141016T000000,4,2.0,1960,30480,1.0,0,2,4,7,1060,900,1972,0,98022,47.1924,-121.988,1460,8914
26686,20141210T000000,4,2.5,3160,13063,2.0,0,0,3,10,3160,0,1999,0,98075,47.5996,-122.021,3350,14213
24181,20150123T000000,3,1.75,1650,16200,1.0,0,0,3,7,1650,0,1976,0,98031,47.3926,-122.168,1650,8680
24600,20140528T000000,3,1.75,1210,8075,1.0,0,0,4,6,1210,0,1983,0,98001,47.2666,-122.254,1310,8025
26898,20150204T000000,3,1.0,1060,7419,1.0,0,2,4,6,1060,0,1906,0,98177,47.7712,-122.392,2190,5953
31732,20140820T000000,4,2.5,2220,6233,2.0,0,0,3,7,2220,0,2001,0,98059,47.4887,-122.15,2220,5352
25372,20141003T000000,4,1.5,1430,7232,1.5,0,0,3,7,1430,0,1948,0,98125,47.7197,-122.328,1540,7232
31413,20140619T000000,5,3.75,3090,7415,2.0,0,0,3,8,3090,0,2014,0,98166,47.435,-122.329,2790,7425
31024,20140917T000000,1,1.0,640,6350,1.0,0,0,3,5,640,0,1939,0,98117,47.6976,-122.359,1270,6350
32034,20141010T000000,5,2.5,3490,18850,1.0,0,4,4,9,1840,1650,1958,0,98005,47.5955,-122.176,2690,11625
15465,20141026T000000,5,3.25,3290,6422,2.0,0,0,3,9,3290,0,2012,0,98074,47.5933,-122.061,3210,6891
19861,20150424T000000,4,2.25,1240,21190,1.0,0,0,3,8,910,330,1974,0,98056,47.5123,-122.197,1760,8200
24040,20150110T000000,4,2.5,2240,5105,2.0,0,0,4,8,2240,0,2002,0,98042,47.3922,-122.165,1920,5288
12709,20140820T000000,3,1.5,1750,12632,1.0,0,0,4,7,1750,0,1952,0,98033,47.6736,-122.176,1740,12196
31622,20140519T000000,3,1.5,1710,4500,1.5,0,0,3,8,1410,300,1928,0,98118,47.5366,-122.268,1860,6000
29350,20140624T000000,5,2.75,2730,22572,1.0,0,0,3,7,2080,650,1968,1992,98075,47.5951,-122.037,2260,15458
32171,20141119T000000,4,2.5,2030,4499,2.0,0,0,3,8,2030,0,2003,0,98058,47.4511,-122.119,2030,4539
24437,20150414T000000,4,2.25,2070,14000,1.0,0,0,3,7,1720,350,1958,0,98028,47.7484,-122.237,1690,14444
22666,20141023T000000,4,1.0,1360,5814,1.5,0,0,2,6,1360,0,1900,0,98122,47.6038,-122.314,1010,5814
19579,20140820T000000,2,1.0,880,4000,1.0,0,0,3,6,780,100,1937,0,98117,47.6931,-122.379,950,4000
13224,20150126T000000,3,2.5,2710,13120,1.0,0,0,3,10,2710,0,1959,0,98105,47.6718,-122.256,3130,13566
26143,20140911T000000,2,2.0,1450,989,3.0,0,0,3,9,1450,0,2014,0,98109,47.6354,-122.346,1490,1240
26347,20150102T000000,3,1.5,1230,10125,1.0,0,0,3,7,1230,0,1960,0,98198,47.397,-122.299,1970,10125
14567,20140505T000000,3,1.0,1340,306848,1.0,0,0,3,5,1340,0,1953,0,98019,47.7534,-121.912,1800,128066
29042,20141114T000000,4,2.5,3000,9460,2.0,0,0,3,9,3000,0,2001,0,98031,47.3959,-122.211,3000,8450
17053,20140730T000000,3,1.0,1560,3960,1.5,0,0,4,7,1560,0,1907,0,98144,47.5936,-122.301,1280,3960
18993,20141029T000000,2,1.0,1140,101529,1.5,0,0,3,6,1140,0,1932,0,98092,47.2592,-122.228,1580,101529
31451,20150407T000000,3,2.5,1320,955,3.0,0,0,3,7,1320,0,2009,0,98106,47.5202,-122.357,1300,1003
12800,20140903T000000,3,2.25,1450,4667,2.0,0,0,3,7,1450,0,2009,0,98028,47.7611,-122.233,1490,4667
16144,20141210T000000,5,2.75,1690,4000,1.0,0,0,5,7,970,720,1943,0,98106,47.5312,-122.354,1240,4000
30098,20150417T000000,4,2.5,3840,12151,2.0,0,0,3,10,3840,0,1998,0,98075,47.5953,-121.986,3560,11044
18348,20141024T000000,3,2.5,2830,6000,1.0,0,3,3,9,1730,1100,1954,0,98126,47.5751,-122.378,2040,5300
19461,20150108T000000,3,2.5,1580,2407,2.0,0,0,3,8,1580,0,2013,0,98126,47.5455,-122.368,1580,2212
22535,20140622T000000,2,2.25,1490,6770,1.5,0,0,3,8,1490,0,1926,0,98108,47.5577,-122.297,1820,7875
27011,20140714T000000,3,2.5,2540,8073,1.0,0,0,4,8,1880,660,1937,0,98177,47.7176,-122.36,2110,7702
29617,20141017T000000,3,2.5,2610,7301,2.0,0,0,3,8,2610,0,2004,0,98072,47.7614,-122.139,2460,7181
27851,20140909T000000,3,2.5,1520,7200,2.0,0,0,4,7,1520,0,1985,0,98030,47.3679,-122.182,1780,7210
19625,20150423T000000,4,3.25,4130,11444,2.0,0,0,3,11,4130,0,2001,0,98059,47.5208,-122.15,3720,11431
14997,20150511T000000,2,2.5,1680,977,3.0,0,0,3,9,1680,0,2009,0,98119,47.632,-122.361,1680,977
11069,20150402T000000,4,1.0,1020,42966,1.5,0,0,4,6,1020,0,1922,0,98072,47.7617,-122.11,2250,37680
14111,20140625T000000,3,1.75,1230,8250,1.0,0,0,3,7,1230,0,1966,0,98058,47.4526,-122.176,1250,8250
12458,20150319T000000,4,2.5,3040,20682,2.0,0,0,3,7,3040,0,2000,0,98019,47.7245,-121.959,2670,9742
19068,20140917T000000,3,1.0,1160,3700,1.5,0,0,3,7,1160,0,1909,0,98106,47.5651,-122.359,1340,3750
23056,20141129T000000,3,1.0,1520,7200,1.0,0,0,3,7,1030,490,1954,0,98166,47.4527,-122.352,1530,7201
26346,20140703T000000,5,2.5,2270,6300,2.0,0,0,3,8,2270,0,1995,0,98092,47.3266,-122.169,2240,7005
19417,20140728T000000,3,2.5,3370,36218,2.0,0,0,4,9,3370,0,1988,0,98075,47.5855,-121.987,2980,31793
19991,20150428T000000,4,1.5,1700,8400,1.0,0,0,3,7,1700,0,1953,0,98177,47.7677,-122.359,1750,8475
14338,20140926T000000,4,2.5,2400,4596,2.0,0,0,3,8,2400,0,2004,0,98001,47.3358,-122.265,2230,4763
31616,20150224T000000,3,1.5,1480,21320,1.0,0,0,4,7,1480,0,1967,0,98027,47.5234,-122.043,1850,17825
31916,20150323T000000,2,1.5,1220,5000,1.0,0,2,4,7,1220,0,1938,0,98103,47.6624,-122.348,2090,3850
23178,20140611T000000,4,1.0,1860,4736,1.5,0,0,1,7,1860,0,1901,0,98112,47.6251,-122.3,1800,4000
14484,20140502T000000,3,1.75,1800,23103,1.0,0,0,3,7,1800,0,1968,0,98014,47.6517,-121.906,1410,18163
30016,20140807T000000,2,2.5,2280,6230,1.0,0,0,3,8,2280,0,2005,0,98053,47.7065,-122.013,1640,5931
13651,20140611T000000,5,3.0,2510,4125,1.5,0,3,5,8,1590,920,1925,0,98144,47.5968,-122.29,2190,5415
28116,20150217T000000,2,1.0,970,3300,1.0,0,0,4,7,970,0,1916,0,98103,47.6609,-122.343,1060,3600
27501,20140819T000000,4,3.25,3460,7749,2.0,0,1,3,10,3020,440,1950,1998,98115,47.6849,-122.273,3030,8680
12162,20150123T000000,4,2.5,1660,6724,2.0,0,0,3,7,1660,0,2009,0,98001,47.259,-122.256,1544,6054
24735,20140714T000000,4,3.25,3600,18645,2.0,0,1,3,10,3000,600,2013,0,98059,47.5294,-122.154,3970,10957
11929,20140606T000000,4,3.5,4280,9583,2.0,0,0,3,11,4280,0,2005,0,98004,47.5979,-122.197,2360,10031
20268,20140623T000000,3,2.25,2380,11824,1.0,0,0,4,9,1450,930,1972,0,98040,47.5371,-122.218,2750,11491
27334,20150126T000000,3,3.25,4330,14600,2.0,0,0,3,10,3630,700,1985,0,98074,47.6341,-122.044,3220,12672
18930,20140616T000000,3,2.5,1350,1186,2.0,0,0,3,8,1120,230,2007,0,98117,47.6786,-122.375,1500,1605
20782,20140708T000000,2,2.5,2290,3507,2.0,0,0,3,9,2290,0,2005,0,98029,47.5545,-122.002,2290,3640
17824,20140908T000000,3,1.75,1440,7198,1.0,0,0,3,7,990,450,1981,0,98055,47.4333,-122.194,1550,7156
14407,20140516T000000,4,3.25,3120,5000,2.0,0,0,3,9,2370,750,2005,0,98115,47.69,-122.299,2520,6000
21248,20150424T000000,3,2.25,1970,7210,1.0,0,0,4,8,1380,590,1978,0,98030,47.3821,-122.171,1970,7350
24455,20140731T000000,3,2.5,1520,1304,2.0,0,0,3,8,1180,340,2006,0,98136,47.5446,-122.385,1270,1718
23868,20140818T000000,5,4.0,1400,8580,1.0,0,0,5,7,900,500,1954,0,98188,47.456,-122.292,1220,8832
12624,20150120T000000,3,2.5,1490,4078,2.0,0,0,3,8,1490,0,1998,0,98059,47.4915,-122.155,1310,2767
25233,20150402T000000,4,2.5,3330,8897,2.0,0,0,3,10,3330,0,2001,0,98074,47.6484,-122.08,3150,7515
31470,20150512T000000,2,1.0,830,5610,1.0,0,0,3,6,830,0,1922,0,98126,47.5674,-122.367,1310,2793
17990,20150225T000000,2,1.0,1320,4750,1.5,0,0,4,7,1320,0,1928,0,98107,47.6729,-122.38,1360,2873
31475,20150428T000000,3,2.5,1390,2815,2.0,0,0,3,8,1390,0,1999,0,98126,47.566,-122.366,1390,3700
25090,20140623T000000,5,3.0,2300,8214,2.0,0,0,3,8,2300,0,2013,0,98001,47.3052,-122.276,2594,4950
19588,20150109T000000,3,2.25,1690,7320,2.0,0,0,3,7,1690,0,1987,0,98198,47.3889,-122.316,1520,7450
19665,20150421T000000,2,1.5,830,920,2.0,0,0,3,7,830,0,2005,0,98144,47.5998,-122.306,830,1200
25271,20140508T000000,3,1.75,1890,9920,1.0,0,0,3,7,1230,660,1944,0,98125,47.7327,-122.306,1380,9086
24558,20150419T000000,6,2.5,3550,6533,2.0,0,0,3,8,3550,0,1925,0,98144,47.5719,-122.284,3140,6234
20078,20141203T000000,4,2.25,1570,499571,1.0,0,3,4,7,1570,0,1972,0,98022,47.1808,-122.023,1700,181708
28920,20150106T000000,3,2.5,1360,7293,2.0,0,0,3,8,1360,0,1988,0,98003,47.3304,-122.302,1540,7353
21345,20141222T000000,3,2.0,1460,6250,1.5,0,0,4,7,1460,0,1912,0,98103,47.6693,-122.333,1690,4750
13645,20140828T000000,2,2.25,3900,14864,1.0,0,3,3,8,1950,1950,1947,0,98144,47.5884,-122.291,2580,5184
19272,20141016T000000,3,1.75,3670,11884,1.0,0,2,4,9,1950,1720,1979,0,98006,47.5604,-122.133,3020,9747
12009,20141124T000000,3,2.25,1970,4564,1.0,0,0,3,8,1470,500,1959,0,98199,47.6703,-122.41,1980,5000
28509,20140623T000000,4,3.5,3910,59863,2.0,0,0,4,10,2490,1420,1987,0,98027,47.4846,-122.067,2830,37674
29067,20140608T000000,4,3.25,4420,7850,2.0,1,4,3,11,3150,1270,2001,0,98008,47.572,-122.102,2760,8525
25055,20140528T000000,3,1.0,1180,5002,1.5,0,0,3,7,1180,0,1946,0,98155,47.7529,-122.324,1470,8410
27209,20140519T000000,3,3.5,2320,3174,2.0,0,0,3,9,2060,260,1997,0,98033,47.6897,-122.175,2320,3187
26904,20150401T000000,4,2.25,2330,7220,2.0,0,1,3,8,1600,730,1988,0,98177,47.7764,-122.386,2220,9100
19697,20150401T000000,3,1.75,2340,57499,1.0,0,0,3,8,2340,0,1988,0,98053,47.6989,-122.044,3260,137649
16509,20150416T000000,4,2.5,2160,8755,2.0,0,0,3,7,2160,0,1993,0,98030,47.3585,-122.195,1990,7971
24187,20140710T000000,4,2.0,2090,6630,1.0,0,0,3,7,1070,1020,1974,0,98178,47.5077,-122.268,1550,7980
18037,20141020T000000,3,3.5,1280,1257,2.0,0,0,3,8,1040,240,2000,0,98107,47.6721,-122.374,1280,1249
11973,20140603T000000,5,2.5,2090,4698,2.0,0,0,3,7,2090,0,1998,0,98038,47.3538,-122.025,2070,4698
26371,20150211T000000,4,1.75,1720,10137,2.0,0,0,3,7,1720,0,1956,0,98188,47.4424,-122.276,1350,10205
28351,20140529T000000,4,2.75,3310,6166,2.0,0,0,3,9,3310,0,2008,0,98065,47.521,-121.877,3200,7027
15833,20141222T000000,3,2.5,1660,1344,3.0,0,0,3,8,1660,0,2008,0,98102,47.644,-122.327,1750,2040
17563,20150312T000000,5,2.75,3280,12673,1.0,0,0,4,9,2050,1230,1981,0,98006,47.5504,-122.146,3060,12847
26493,20141001T000000,3,2.5,1440,3060,2.0,0,0,3,7,1440,0,2003,0,98053,47.6821,-122.035,1650,3060
12587,20140619T000000,3,1.0,1330,5412,2.0,0,0,5,7,1330,0,1905,0,98022,47.2053,-121.993,1710,10825
12302,20140909T000000,2,2.5,2110,114127,1.0,0,0,4,8,1590,520,1975,0,98031,47.4137,-122.212,1960,11250
14041,20141111T000000,3,2.5,2310,7485,2.0,0,0,3,8,2310,0,1986,0,98058,47.439,-122.135,2310,8142
22474,20150327T000000,3,2.5,1610,5024,2.0,0,0,3,7,1610,0,2004,0,98038,47.3833,-122.043,1790,3717
13535,20140925T000000,3,1.0,860,9403,1.0,0,0,4,6,860,0,1942,1990,98033,47.6815,-122.173,2136,13009
29291,20140714T000000,3,1.0,920,6612,1.0,0,0,3,6,920,0,1948,0,98118,47.548,-122.284,1860,8424
18877,20141031T000000,3,3.5,2514,1559,2.0,0,0,3,8,2024,490,2007,0,98034,47.7044,-122.209,2090,10454
30540,20150412T000000,2,1.0,990,45528,1.0,0,0,4,7,990,0,1992,0,98070,47.5013,-122.463,1730,45528
21100,20150429T000000,3,1.5,1240,9975,1.0,0,0,3,6,1240,0,1977,0,98024,47.5667,-121.905,1390,10735
28441,20150309T000000,2,2.5,3010,16050,1.0,0,3,4,9,1260,1750,1976,0,98006,47.5643,-122.16,3010,11612
24350,20150304T000000,3,2.75,2150,6576,1.0,0,0,4,7,1900,250,1926,0,98155,47.7539,-122.308,2150,9071
31281,20140827T000000,3,2.5,2260,4550,1.5,0,0,4,7,1380,880,1928,0,98126,47.5714,-122.376,1870,4582
21636,20141008T000000,3,2.25,1990,8501,2.0,0,0,3,8,1990,0,1991,0,98029,47.5707,-121.996,2090,6459
30389,20150414T000000,4,2.5,2800,17279,1.0,0,2,3,7,1560,1240,1957,0,98028,47.7596,-122.269,3060,13423
23834,20140814T000000,3,2.0,1300,1920,2.0,0,0,3,8,850,450,2006,0,98126,47.5183,-122.376,1300,1344
32060,20150114T000000,4,1.75,2190,8400,2.0,0,0,2,8,2190,0,1978,0,98023,47.3003,-122.373,2410,7700
13418,20140620T000000,5,4.0,3366,7800,2.5,0,2,3,8,2966,400,1937,0,98199,47.6466,-122.391,2340,6000
13559,20141031T000000,3,1.75,1310,8600,1.0,0,0,4,7,1310,0,1987,0,98033,47.686,-122.185,2510,8515
31575,20140826T000000,3,1.0,1010,10800,1.0,0,0,4,7,1010,0,1972,0,98045,47.4483,-121.773,1370,9500
31670,20140808T000000,4,2.5,2550,17209,2.0,0,0,3,9,2550,0,1996,0,98059,47.4836,-122.136,2840,12560
15304,20140728T000000,3,2.0,1090,7350,1.0,0,0,4,7,1090,0,1990,0,98042,47.3687,-122.085,1490,7741
27642,20140630T000000,3,1.0,960,8855,1.0,0,0,4,7,960,0,1958,0,98155,47.7689,-122.328,1250,8855
14273,20140505T000000,2,1.0,810,7158,1.0,0,0,5,6,810,0,1944,0,98168,47.4882,-122.325,1090,7158
23010,20141230T000000,4,4.0,4690,6900,2.0,0,0,3,11,3480,1210,2001,0,98004,47.6165,-122.216,2800,11240
15737,20140930T000000,2,2.25,1040,1516,2.0,0,0,3,8,1040,0,2008,0,98122,47.6037,-122.307,1560,1920
12062,20150323T000000,4,3.5,2700,443440,1.5,0,0,3,8,2700,0,1948,1997,98042,47.333,-122.098,3210,298182
30858,20141229T000000,3,1.0,1260,8910,1.0,0,0,4,7,1260,0,1949,0,98117,47.7,-122.375,1560,8910
14930,20150304T000000,2,0.75,900,3527,1.0,0,0,3,6,900,0,1939,0,98146,47.5083,-122.336,1220,4080
22483,20150306T000000,3,1.0,1010,6120,1.0,0,0,3,6,1010,0,1942,0,98033,47.6648,-122.204,1260,5977
14720,20150202T000000,3,2.5,2555,5720,2.0,0,0,3,8,2555,0,2006,0,98031,47.386,-122.184,2844,5769
14288,20140901T000000,3,2.25,1740,9370,1.0,0,0,3,7,1390,350,1992,0,98198,47.391,-122.316,1740,7555
19011,20150415T000000,3,2.75,2300,12197,2.0,0,0,3,8,2300,0,1989,0,98166,47.4369,-122.338,1710,11220
19630,20141204T000000,4,3.25,4010,13797,2.0,0,0,3,11,4010,0,2003,0,98059,47.5229,-122.152,3980,12120
25992,20140512T000000,4,2.0,1770,6000,2.0,0,0,5,7,1770,0,1911,1981,98199,47.6493,-122.401,1340,6000
31182,20140715T000000,1,1.75,1440,4920,1.0,0,0,3,7,720,720,1923,0,98126,47.534,-122.376,1440,4920
31540,20150326T000000,3,2.25,1654,8479,2.0,0,0,3,7,1654,0,1995,0,98038,47.3627,-122.037,1654,8479
18755,20140821T000000,3,2.0,1920,33630,1.0,0,0,3,8,1920,0,1992,0,98056,47.4983,-122.167,2080,7505
13210,20150413T000000,3,1.75,1560,104108,1.0,0,0,3,7,1250,310,1970,0,98042,47.4016,-122.131,2000,110957
28443,20140922T000000,4,4.5,3860,15246,2.0,0,4,3,11,2940,920,2004,0,98006,47.56,-122.161,3750,14790
16316,20140626T000000,4,2.25,2600,9900,1.0,0,0,3,7,1600,1000,1965,0,98178,47.4881,-122.237,1770,11250
12486,20141014T000000,4,1.75,2410,6000,1.5,0,0,3,8,2410,0,1911,0,98109,47.6369,-122.355,1280,4000
28567,20150407T000000,3,1.0,1270,7500,1.0,0,0,3,7,1270,0,1953,0,98146,47.4921,-122.339,1340,3000
19453,20150203T000000,2,2.5,1770,1853,3.0,0,0,3,8,1770,0,2007,0,98126,47.5472,-122.371,1770,1924
21657,20150325T000000,4,2.75,2390,6979,2.0,0,0,3,8,2390,0,1993,0,98029,47.5703,-121.996,2090,6321
20808,20140805T000000,4,2.5,3020,3600,2.5,0,0,3,9,3020,0,2009,0,98029,47.5407,-121.993,2570,3600
12098,20141002T000000,4,2.25,3440,14237,2.0,0,0,3,9,3440,0,1982,0,98077,47.7241,-122.065,3250,18365
15710,20141119T000000,4,1.75,2000,6000,1.0,0,3,5,7,1000,1000,1956,0,98109,47.6428,-122.348,2610,4377
30477,20150121T000000,3,2.25,1860,8378,2.0,0,0,3,7,1860,0,1995,0,98038,47.3875,-122.032,1870,8378
14490,20140813T000000,5,3.5,3530,218472,2.0,0,0,3,7,2380,1150,1999,0,98019,47.7309,-121.905,2110,211404
13469,20141212T000000,4,2.75,3000,213008,1.0,0,0,4,8,3000,0,1975,0,98038,47.4032,-121.982,2300,74191
13471,20150508T000000,5,1.75,2330,6450,1.0,0,1,3,8,1330,1000,1958,0,98146,47.4959,-122.367,2330,8258
27190,20140730T000000,3,3.5,3380,3333,3.0,0,0,3,10,2800,580,2008,0,98122,47.6162,-122.288,2790,5000
27915,20140612T000000,3,1.0,1510,5000,1.5,0,0,3,7,1510,0,1909,0,98105,47.6708,-122.297,1680,4000
24060,20140923T000000,5,2.5,4570,19252,2.0,0,0,5,10,4570,0,1965,0,98040,47.5553,-122.22,3180,13314
15519,20140922T000000,3,2.5,1950,9618,2.0,0,0,3,7,1950,0,1992,0,98031,47.4068,-122.18,1890,7133
18287,20140610T000000,4,2.5,2530,7563,1.0,0,0,3,7,1440,1090,1978,0,98011,47.7762,-122.21,1960,7811
20783,20150205T000000,2,2.0,1670,3507,1.0,0,0,3,9,1670,0,2007,0,98029,47.5545,-122.003,2330,3889
11739,20140531T000000,3,2.25,2675,40910,2.0,0,0,3,8,2675,0,1984,0,98075,47.5916,-122.055,2300,39438
23707,20140602T000000,3,2.5,1960,7200,1.0,0,0,4,8,980,980,1940,0,98118,47.5655,-122.27,1440,7200
22653,20141226T000000,4,1.0,1730,7350,1.5,0,0,4,6,1730,0,1970,0,98003,47.3467,-122.307,1440,7752
21763,20141226T000000,6,3.0,3300,4218,2.0,0,0,3,8,2200,1100,1970,0,98103,47.6557,-122.344,1420,4218
30742,20150426T000000,4,2.5,2628,11466,2.0,0,0,3,9,2628,0,2014,0,98001,47.2904,-122.264,2849,10909
17981,20140905T000000,3,1.5,1380,4290,1.0,0,0,3,7,1080,300,1955,0,98107,47.674,-122.379,1510,3900
17324,20150317T000000,4,2.75,3120,20031,1.0,0,2,4,9,1980,1140,1954,1997,98040,47.5389,-122.242,3330,18777
30773,20141114T000000,3,1.75,1300,9600,1.0,0,0,4,7,1300,0,1969,0,98052,47.6388,-122.103,2070,9775
14802,20140919T000000,2,1.75,1460,1500,2.0,0,0,3,8,1000,460,2008,0,98103,47.6853,-122.356,1440,4120
27583,20141114T000000,4,2.5,3520,35991,2.0,0,0,4,10,3520,0,1992,0,98077,47.7437,-122.035,3210,35991
24893,20141104T000000,3,1.75,1580,9750,1.0,0,0,5,7,1580,0,1954,0,98148,47.427,-122.331,1460,9750
14347,20140827T000000,3,1.75,1360,18123,1.0,0,0,3,8,1360,0,1983,0,98045,47.4716,-121.756,1570,16817
22662,20140805T000000,3,2.0,1560,9635,1.0,0,0,3,7,1260,300,1966,0,98003,47.341,-122.309,1570,8276
17047,20140604T000000,4,2.75,2540,7210,1.0,0,0,4,7,1600,940,1979,0,98058,47.4601,-122.165,1820,7766
17790,20140618T000000,1,1.0,720,4800,1.0,0,0,3,6,720,0,1914,0,98118,47.5303,-122.27,1240,4860
15682,20140825T000000,3,2.5,3140,9808,2.0,0,0,3,9,2500,640,2001,0,98052,47.6383,-122.097,2370,10014
12856,20140623T000000,3,2.25,1520,1245,3.0,0,0,3,8,1520,0,2004,0,98103,47.6907,-122.34,1520,1470
19082,20150325T000000,4,1.0,1550,7296,1.5,0,0,3,6,1550,0,1957,0,98106,47.5184,-122.366,1370,7680
11582,20141013T000000,4,2.5,3810,13579,2.0,0,0,3,10,3810,0,2003,0,98007,47.6006,-122.153,3310,9270
29856,20150429T000000,4,2.5,2440,6733,2.0,0,0,3,9,2440,0,1999,0,98074,47.6374,-122.064,2570,6496
20283,20150113T000000,2,1.0,750,4000,1.0,0,0,2,6,750,0,1933,0,98108,47.54,-122.32,1160,4000
11307,20150129T000000,6,3.75,2940,5054,2.0,0,0,3,7,2940,0,1942,2003,98146,47.5122,-122.385,1530,5320
17737,20150320T000000,2,2.5,3900,920423,2.0,0,0,3,12,3900,0,2009,0,98065,47.5371,-121.756,2720,411962
17217,20150327T000000,4,1.5,2480,6000,1.0,0,0,3,8,1520,960,1955,0,98136,47.5233,-122.386,1810,6000
11827,20141107T000000,4,3.0,2820,2850,1.5,0,0,5,7,1860,960,1928,0,98117,47.6813,-122.367,1570,4500
31398,20150112T000000,4,2.5,2870,11304,2.0,0,0,3,9,2870,0,1980,0,98006,47.5547,-122.154,2690,9940
21532,20140728T000000,4,3.5,4120,7304,2.0,0,0,3,11,3070,1050,2006,0,98033,47.681,-122.167,2470,9600
13905,20140924T000000,4,2.25,3180,6105,2.0,0,0,3,10,3180,0,1905,0,98112,47.6255,-122.314,3180,6029
21105,20150502T000000,4,2.5,3200,6691,2.0,0,0,3,7,3200,0,2002,0,98038,47.367,-122.031,2610,6510
31121,20140617T000000,4,2.5,2610,7091,2.0,0,0,3,9,2610,0,1987,0,98023,47.3017,-122.349,2610,7773
29403,20140918T000000,3,1.0,990,7050,1.0,0,0,3,7,990,0,1967,0,98034,47.7274,-122.202,1200,8125
29927,20150123T000000,4,2.25,2860,15054,1.0,0,0,3,8,1460,1400,1957,0,98155,47.7655,-122.3,1730,18525
29518,20150414T000000,4,3.25,3160,6327,2.0,0,0,3,9,2280,880,2004,0,98027,47.536,-122.066,3160,5946
27767,20141008T000000,4,1.75,1960,7945,1.0,0,0,4,7,980,980,1946,0,98125,47.7326,-122.291,1290,7945
29554,20150428T000000,4,3.25,3080,4287,2.0,0,0,3,10,2230,850,2012,0,98027,47.5313,-122.076,2250,2520
19694,20150506T000000,4,2.25,2050,7201,2.0,0,0,3,8,2050,0,1994,0,98033,47.7003,-122.165,1970,7350
16076,20140820T000000,3,2.5,3490,28213,1.5,0,2,3,9,2242,1248,2009,0,98070,47.365,-122.456,2120,56628
25313,20140624T000000,3,1.5,1330,7600,1.0,0,0,4,7,1330,0,1968,0,98023,47.3103,-122.366,1500,7776
25824,20140812T000000,4,2.5,2070,7007,2.0,0,0,3,7,2070,0,1996,0,98031,47.3968,-122.171,2130,8100
28792,20140603T000000,3,1.0,1060,9600,1.0,0,0,4,6,1060,0,1962,0,98023,47.2878,-122.358,1060,9604
23384,20140821T000000,2,2.5,1830,8107,1.0,0,0,5,7,930,900,1946,0,98125,47.701,-122.305,1260,6960
18246,20150112T000000,3,2.0,1250,8636,1.0,0,0,5,7,1250,0,1968,0,98059,47.5066,-122.159,1620,7653
27760,20141111T000000,3,2.5,1300,812,2.0,0,0,3,8,880,420,2008,0,98144,47.5893,-122.317,1300,824
28911,20140812T000000,3,1.5,1200,12000,1.0,0,0,3,7,1200,0,1986,0,98001,47.268,-122.245,1200,9405
18400,20140724T000000,2,1.75,1000,5100,1.0,0,0,3,6,940,60,1906,0,98117,47.6787,-122.391,1900,5100
15742,20141203T000000,2,1.5,1050,1046,2.0,0,0,3,8,960,90,2007,0,98122,47.6028,-122.309,1470,1768
28167,20140527T000000,3,2.5,2420,8252,2.0,0,0,3,7,2420,0,1998,0,98065,47.5382,-121.871,2420,5818
27117,20150330T000000,3,2.25,2860,10625,1.0,0,4,3,10,1920,940,1976,0,98115,47.6915,-122.273,2860,8075
19230,20150507T000000,3,2.5,2780,8225,2.0,0,1,3,9,2780,0,1990,0,98198,47.3509,-122.323,720,9736
28516,20140530T000000,3,2.0,1330,6000,1.0,0,0,4,7,630,700,1900,0,98108,47.5255,-122.327,1140,6000
11457,20150213T000000,4,4.0,3970,7314,2.0,0,0,3,9,3970,0,2014,0,98074,47.6173,-122.056,3560,5258
17673,20140909T000000,5,4.0,3210,7200,2.0,0,0,3,8,2410,800,2011,0,98019,47.7329,-121.966,2750,7200
21679,20140803T000000,4,1.0,1360,5766,1.5,0,0,5,7,1360,0,1951,0,98115,47.6827,-122.289,1500,5704
27048,20141021T000000,3,1.5,1150,11475,1.0,0,0,3,7,1150,0,1971,0,98045,47.4629,-121.744,1640,11475
31891,20140625T000000,3,2.0,1410,9600,1.0,0,0,4,7,1410,0,1983,0,98072,47.7591,-122.146,1410,9600
16151,20141112T000000,2,1.0,1100,4010,1.5,0,0,5,6,1100,0,1920,0,98106,47.5296,-122.351,980,4501
28078,20150102T000000,3,2.5,2760,35171,2.0,0,0,3,9,2760,0,1990,0,98058,47.465,-122.123,2720,35171
19450,20140926T000000,3,2.5,1780,1754,3.0,0,0,3,8,1780,0,2007,0,98126,47.548,-122.373,1780,1607
20221,20140811T000000,2,1.5,1076,1060,3.0,0,0,3,7,1076,0,2006,0,98125,47.7167,-122.298,1076,1060
17331,20140917T000000,4,4.0,3650,18223,2.0,0,3,3,9,3330,320,2013,0,98006,47.5442,-122.116,3220,11022
20147,20140623T000000,3,1.0,1150,8145,1.0,0,0,4,6,990,160,1932,0,98155,47.7471,-122.317,1200,8145
29480,20150327T000000,3,2.5,1690,1200,2.0,0,0,3,8,1410,280,2013,0,98106,47.5389,-122.367,1690,1760
21071,20141216T000000,3,2.5,2010,4059,2.0,0,0,3,8,2010,0,1998,0,98034,47.7317,-122.197,2010,5779
19729,20140814T000000,4,1.5,1940,6386,1.0,0,0,3,7,1140,800,1954,0,98118,47.5533,-122.285,1340,6165
24261,20140715T000000,4,2.5,2570,5520,2.0,0,0,3,9,2570,0,2000,0,98074,47.6145,-122.027,2470,5669
22115,20140605T000000,3,1.75,1700,51649,1.5,0,0,5,6,1700,0,1931,0,98059,47.4704,-122.076,1100,39504
20411,20141020T000000,2,1.0,1300,12000,1.0,0,0,4,8,1300,0,1959,0,98004,47.6366,-122.229,2420,15000
23177,20150414T000000,3,2.5,2280,2296,3.0,0,0,3,9,1890,390,2013,0,98112,47.6256,-122.299,1390,4000
29614,20150127T000000,3,1.0,960,10181,1.0,0,0,3,7,960,0,1961,0,98034,47.7231,-122.229,1740,10194
13714,20140513T000000,4,2.5,3360,7685,2.0,0,0,3,9,3360,0,2001,0,98058,47.4369,-122.111,3060,6567
20122,20141028T000000,4,4.0,2790,16117,2.0,0,0,4,9,2790,0,1999,0,98005,47.6033,-122.155,2740,25369
19951,20140930T000000,3,2.0,1420,4080,1.5,0,0,5,8,1420,0,1904,0,98103,47.6801,-122.348,1220,3060
29601,20150310T000000,3,1.75,1650,9500,1.0,0,0,3,8,1650,0,1967,0,98052,47.631,-122.098,1880,9375
19487,20140527T000000,3,2.0,1560,8640,1.0,0,0,5,7,1560,0,1967,0,98034,47.7294,-122.186,1970,8625
13877,20141106T000000,4,2.5,2520,35636,2.0,0,0,3,8,2520,0,1980,0,98053,47.652,-122.031,2230,35673
19094,20150126T000000,2,2.25,1040,1377,2.0,0,0,3,8,1040,0,2003,0,98105,47.6692,-122.279,1264,1892
27987,20150309T000000,4,2.0,1970,7451,1.0,0,0,3,8,1350,620,1962,0,98133,47.765,-122.335,1980,7510
15695,20140812T000000,3,1.75,1340,10276,1.0,0,0,4,7,1340,0,1961,0,98034,47.7207,-122.222,2950,7987
29691,20140714T000000,4,2.5,2640,4200,2.0,0,0,3,8,2640,0,1998,0,98074,47.6038,-122.02,2460,4200
12644,20140522T000000,2,2.5,1160,2174,2.0,0,0,3,7,1160,0,1998,0,98106,47.5264,-122.366,1380,1919
23713,20140818T000000,4,1.0,1060,7200,1.0,0,1,3,6,880,180,1925,0,98118,47.5591,-122.268,1910,7200
20826,20140707T000000,2,1.5,1260,1575,2.0,0,0,3,7,1260,0,2001,0,98144,47.5914,-122.295,1220,1740
12295,20140626T000000,3,1.75,3320,478288,1.5,0,3,4,8,2260,1060,1933,1982,98022,47.2407,-121.953,2960,217800
10948,20150211T000000,3,2.25,1500,7210,1.0,0,0,3,7,1150,350,1984,0,98023,47.3124,-122.352,1500,7210
13069,20150202T000000,4,2.5,2930,4875,2.0,0,0,3,9,2930,0,2014,0,98030,47.3421,-122.179,2815,4900
10924,20140520T000000,4,2.5,3230,7331,2.0,0,0,3,10,3230,0,2004,0,98075,47.5823,-121.97,3480,7447
15126,20150105T000000,4,2.75,1930,13041,1.0,0,0,4,8,1180,750,1980,0,98072,47.7502,-122.085,1880,10234
24142,20140527T000000,3,1.75,1780,13095,1.0,0,0,4,9,1780,0,1983,0,98042,47.367,-122.152,2750,13095
27246,20150127T000000,2,1.0,670,7844,1.0,0,0,3,6,670,0,1942,0,98126,47.5165,-122.372,740,7218
24689,20150226T000000,5,3.0,2230,6551,1.0,0,0,3,7,1330,900,2014,0,98168,47.487,-122.32,2230,9476
24589,20140701T000000,3,1.75,1040,9000,1.0,0,0,4,7,1040,0,1967,0,98027,47.5253,-122.043,1750,10878
13264,20140605T000000,4,2.75,3110,35235,2.0,0,0,4,9,3110,0,1983,0,98072,47.7355,-122.095,2790,35445
16504,20150223T000000,3,2.75,1360,542322,1.0,0,2,4,7,1140,220,1955,0,98022,47.2069,-122.024,1700,60548
16932,20150316T000000,3,1.75,1330,8136,1.0,0,0,4,7,1330,0,1977,0,98033,47.7001,-122.173,1330,8136
21521,20150226T000000,5,2.0,1900,6000,1.5,0,0,4,6,1900,0,1920,0,98033,47.6831,-122.186,2110,8400
19675,20140523T000000,4,1.5,1930,15531,2.0,0,0,3,7,1930,0,1979,0,98003,47.345,-122.296,1580,7800
31048,20141202T000000,4,2.25,2600,28600,1.0,0,0,3,8,1810,790,1968,0,98072,47.7757,-122.139,2580,26950
14795,20140809T000000,3,1.75,1300,8500,1.0,0,0,4,7,1300,0,1964,0,98022,47.209,-122.005,1410,7800
17986,20150223T000000,3,2.0,1520,5000,1.5,0,0,3,7,1140,380,1945,0,98107,47.6733,-122.389,1530,4650
21557,20140728T000000,5,3.0,3900,5250,1.5,0,1,5,8,2620,1280,1931,0,98116,47.5577,-122.389,1950,5700
16833,20150326T000000,4,2.75,4430,74358,2.0,0,0,3,10,4430,0,1990,0,98053,47.6392,-121.988,3820,80875
18869,20150513T000000,4,2.25,2350,17709,2.0,0,0,4,9,2350,0,1977,0,98039,47.6232,-122.236,3360,19855
16875,20140726T000000,2,1.0,1410,5101,1.5,0,0,3,8,1410,0,1927,0,98103,47.6872,-122.333,1410,4224
13188,20150102T000000,3,2.75,2340,8828,1.0,0,0,4,9,2340,0,1954,0,98112,47.632,-122.289,3480,8526
16861,20140714T000000,4,4.25,3650,5328,1.5,0,0,3,9,2330,1320,1907,2014,98119,47.638,-122.362,1710,3600
18708,20140721T000000,4,2.75,2200,8580,1.0,0,0,3,8,1860,340,1991,0,98023,47.295,-122.37,2290,7816
24154,20140508T000000,4,2.5,2320,6270,2.0,0,0,3,8,2320,0,2004,0,98042,47.3501,-122.14,2150,6270
31780,20140626T000000,4,3.75,3460,6738,2.0,0,0,3,11,3460,0,2013,0,98059,47.506,-122.145,3340,6120
14918,20141119T000000,1,2.25,1220,2100,2.0,0,2,4,8,1220,0,1946,1979,98033,47.6703,-122.204,3150,6000
16820,20141203T000000,3,2.5,1740,10050,2.0,0,0,3,7,1740,0,1989,0,98001,47.2671,-122.236,1300,10125
12216,20150220T000000,3,2.5,2730,7372,2.0,0,0,3,9,2730,0,1998,0,98023,47.2831,-122.346,2710,8343
28240,20140825T000000,3,2.5,2270,5536,2.0,0,0,3,8,2270,0,2003,0,98065,47.5389,-121.881,2270,5731
32306,20140619T000000,2,1.0,790,6600,1.0,0,0,3,6,790,0,1949,0,98122,47.6149,-122.293,1520,4400
21765,20150513T000000,3,2.0,1640,4218,1.0,0,0,4,7,910,730,1941,0,98103,47.6546,-122.344,1670,4000
32366,20150323T000000,3,3.25,2200,7440,2.0,0,0,4,7,1710,490,1947,0,98118,47.5409,-122.268,1260,6765
24492,20150423T000000,4,2.5,2030,10722,1.0,0,0,3,7,1100,930,1967,0,98115,47.6955,-122.301,1610,9134
16457,20140512T000000,3,1.5,1770,17208,1.0,0,0,3,8,1160,610,1959,0,98006,47.5659,-122.117,2450,17118
17548,20150304T000000,2,1.0,910,7200,1.0,0,1,4,7,830,80,1936,0,98136,47.5145,-122.39,1700,7200
26409,20141112T000000,3,1.75,1480,4050,1.0,0,0,3,7,870,610,1926,0,98115,47.681,-122.304,1350,4500
25521,20141024T000000,3,2.5,1430,10200,1.0,0,0,3,7,1430,0,1960,0,98033,47.7012,-122.166,1470,10350
16908,20150324T000000,1,1.0,900,4368,1.0,0,0,5,6,900,0,1915,1950,98022,47.2107,-121.99,1290,5000
19054,20141125T000000,4,4.25,4980,13000,2.0,0,3,3,9,3080,1900,1982,0,98052,47.6406,-122.101,2840,11308
19084,20140506T000000,3,1.5,1630,7475,1.0,0,1,3,7,1160,470,1940,0,98115,47.6725,-122.272,2320,7475
29192,20140625T000000,4,2.5,2000,10051,2.0,0,0,3,7,2000,0,1997,0,98038,47.3625,-122.025,2000,6686
31301,20150331T000000,5,3.25,3890,20005,1.0,0,0,3,10,2260,1630,1977,0,98004,47.6312,-122.224,3450,20176
31911,20140711T000000,3,3.25,1380,1121,3.0,0,0,3,8,1380,0,2008,0,98103,47.6617,-122.349,1310,1405
20306,20140915T000000,3,1.75,1270,4800,1.0,0,0,3,7,1270,0,1953,0,98117,47.693,-122.361,1490,4800
14346,20140708T000000,3,1.75,1570,16817,2.0,0,0,3,7,1570,0,1982,0,98045,47.4716,-121.756,1600,16817
24991,20150225T000000,4,1.0,1640,3844,1.5,0,0,4,7,1460,180,1928,0,98133,47.7017,-122.354,1230,3844
29502,20150109T000000,3,1.75,1540,7558,1.0,0,0,3,8,1540,0,1964,0,98052,47.6707,-122.156,1540,7863
26529,20140630T000000,4,2.5,3500,7048,2.0,0,0,3,9,3500,0,2005,0,98053,47.6811,-122.025,3920,7864
22131,20141201T000000,4,4.0,4090,51908,2.0,0,0,3,11,4090,0,1991,0,98077,47.7226,-122.039,4290,41655
23188,20140602T000000,5,2.5,3990,3839,1.0,0,0,4,8,1990,2000,1962,0,98112,47.6236,-122.299,2090,5000
24008,20141014T000000,3,1.75,1850,7056,2.5,0,0,4,8,1850,0,1979,0,98052,47.6602,-122.13,1970,7056
16656,20150313T000000,3,2.25,1420,8549,2.0,0,0,4,7,1420,0,1989,0,98038,47.3576,-122.039,1560,7471
15288,20150325T000000,3,1.75,1540,8223,1.0,0,0,4,7,1070,470,1987,0,98042,47.3666,-122.089,1240,8113
15865,20140616T000000,3,2.25,1420,1282,3.0,0,0,3,8,1420,0,2006,0,98103,47.6533,-122.346,1530,1280
19356,20141224T000000,4,2.25,2280,8550,1.0,0,0,3,8,1660,620,1977,0,98034,47.701,-122.231,2590,9500
13266,20140925T000000,4,2.5,2480,4504,2.0,0,0,3,7,2480,0,2005,0,98059,47.4998,-122.15,2950,4504
14100,20140618T000000,2,1.0,1080,9435,1.0,0,0,3,6,1080,0,1958,0,98058,47.459,-122.181,1200,9210
21148,20140709T000000,4,1.0,1600,10183,1.0,0,0,4,6,1600,0,1966,0,98002,47.277,-122.211,1410,10416
29346,20140925T000000,4,1.75,1580,6396,1.0,0,0,4,6,790,790,1945,0,98126,47.5378,-122.369,1180,6396
22847,20150125T000000,3,2.5,1760,2320,2.0,0,2,3,8,1760,0,1994,0,98126,47.5723,-122.376,1760,4698
30677,20141114T000000,3,2.5,1810,4332,2.0,0,0,3,8,1810,0,1992,0,98029,47.5776,-121.996,1740,4332
23907,20140522T000000,2,2.5,1520,1588,2.0,0,0,3,8,1240,280,2007,0,98144,47.5825,-122.313,1660,6000
30149,20141210T000000,4,2.5,1850,6037,2.0,0,0,3,7,1850,0,1991,0,98030,47.359,-122.191,1860,6037
16356,20140527T000000,2,1.0,1180,9350,1.0,0,0,3,6,1180,0,1918,0,98178,47.4889,-122.259,1780,9306
18668,20141208T000000,3,2.0,2800,10501,1.0,0,0,3,7,1400,1400,1954,0,98125,47.7055,-122.315,2260,6534
29793,20150318T000000,3,1.0,1100,5200,1.0,0,0,4,6,1100,0,1969,0,98042,47.3643,-122.081,920,5200
28077,20141029T000000,3,2.5,2450,28185,2.0,0,0,3,9,2450,0,1990,0,98058,47.4665,-122.122,2440,33541
32278,20140701T000000,4,1.75,1430,4096,2.0,0,0,3,7,1430,0,1900,0,98122,47.604,-122.306,1640,3377
12525,20150325T000000,5,4.0,4460,269345,2.0,0,4,3,9,3330,1130,1996,0,98027,47.4992,-122.06,2670,115434
16766,20150128T000000,3,2.5,1770,6033,2.0,0,0,4,7,1770,0,1987,0,98042,47.3764,-122.119,1590,6510
24888,20141112T000000,4,2.5,3140,16200,1.0,0,1,3,9,2570,570,1988,0,98166,47.4363,-122.342,2530,13200
26791,20141010T000000,3,1.75,2700,18246,1.0,0,0,4,7,1510,1190,1967,0,98059,47.4817,-122.097,1620,16986
27703,20141208T000000,3,1.5,2210,6500,1.0,0,0,4,7,1030,1180,1912,0,98136,47.5434,-122.388,1750,6370
15406,20140617T000000,4,2.25,2030,11585,1.0,0,0,4,7,1590,440,1967,0,98052,47.6561,-122.13,1960,8977
27711,20141106T000000,2,2.5,2720,26761,2.0,1,4,3,7,2720,0,1990,0,98166,47.4499,-122.376,1870,12396
14309,20140805T000000,0,1.5,1430,1650,3.0,0,0,3,7,1430,0,1999,0,98125,47.7222,-122.29,1430,1650
28348,20140722T000000,5,1.0,3240,5324,2.0,0,0,3,9,3240,0,2007,0,98065,47.523,-121.875,3240,6036
22693,20150316T000000,3,4.0,3370,8252,2.0,0,0,3,10,3370,0,2014,0,98075,47.5965,-122.013,3710,8252
31574,20150512T000000,3,1.75,1350,9000,1.0,0,0,3,7,1350,0,1987,0,98045,47.4487,-121.773,1370,9500
24075,20150422T000000,4,4.0,5280,17677,2.0,0,3,3,11,3220,2060,1978,0,98040,47.5323,-122.238,3470,17474
31613,20140827T000000,4,3.0,1890,13140,1.0,0,0,4,7,1270,620,1967,0,98027,47.5221,-122.044,1900,11160
32284,20141205T000000,3,3.0,1550,1608,2.0,0,0,3,8,1280,270,2001,0,98122,47.6042,-122.303,1940,1883
29065,20140818T000000,3,1.75,1820,34800,1.0,0,0,4,6,1820,0,1967,0,98027,47.4616,-121.98,2570,52707
27551,20150310T000000,3,2.25,2190,8188,2.0,0,0,3,8,1810,380,1978,0,98052,47.6883,-122.113,2190,8374
22462,20141121T000000,3,2.75,2240,3360,2.0,0,0,3,8,2100,140,2014,0,98178,47.4999,-122.232,1790,5873
19830,20141120T000000,5,3.5,4600,8764,2.0,0,0,3,10,3180,1420,2007,0,98006,47.5491,-122.19,3210,9431
15600,20140507T000000,5,1.5,1500,7112,1.0,0,0,5,6,760,740,1920,0,98166,47.4692,-122.35,1200,7112
16555,20141001T000000,4,2.25,2180,10754,1.0,0,0,5,7,1100,1080,1954,0,98133,47.7711,-122.341,1810,6929
18988,20140716T000000,3,2.25,1740,9672,1.0,0,0,4,7,1110,630,1963,0,98031,47.4149,-122.181,1640,9600
12917,20150114T000000,3,1.75,2700,5040,1.0,0,2,3,8,1560,1140,1947,0,98144,47.5834,-122.29,3010,5000
20759,20141017T000000,4,2.5,2310,3866,2.0,0,0,3,8,2310,0,2005,0,98029,47.5498,-121.996,1950,4023
24115,20140613T000000,5,2.75,3100,10014,1.0,0,2,4,9,1660,1440,1973,0,98040,47.5734,-122.213,3230,10279
30570,20140915T000000,3,2.5,2430,7857,2.0,0,0,5,8,1730,700,1980,0,98055,47.4546,-122.211,2160,8740
32203,20140716T000000,3,2.5,1800,11034,2.0,0,0,4,8,1800,0,1987,0,98072,47.7558,-122.142,1940,8900
26881,20150121T000000,2,1.0,970,18557,1.0,0,0,3,6,970,0,1939,0,98146,47.5116,-122.37,1150,7200
14529,20150224T000000,3,1.75,1530,7930,1.0,0,0,5,7,1530,0,1986,0,98038,47.3609,-122.05,1610,7930
24262,20141206T000000,2,1.0,720,6400,1.0,0,0,4,6,720,0,1943,0,98126,47.5286,-122.368,1030,6400
24562,20140619T000000,5,2.0,3530,9385,1.5,0,0,3,9,3530,0,1925,0,98144,47.5774,-122.285,4100,9203
21838,20150127T000000,3,2.25,2070,9957,1.0,0,0,3,8,1440,630,1977,0,98155,47.7766,-122.277,2070,10158
14297,20150316T000000,3,1.0,920,7314,1.0,0,0,3,6,920,0,1960,0,98002,47.2892,-122.22,1010,7420
30427,20140509T000000,4,2.5,2330,14289,2.0,0,0,4,8,2330,0,1978,0,98007,47.5916,-122.148,2210,12823
22764,20150327T000000,3,1.0,1980,6450,1.0,0,0,4,6,1120,860,1950,0,98106,47.5291,-122.356,1180,5160
23492,20150304T000000,3,2.0,1280,7633,1.0,0,0,3,7,1280,0,1991,0,98038,47.3883,-122.05,1450,6783
27079,20150401T000000,6,2.0,2020,7071,1.0,0,0,3,7,1010,1010,1979,0,98108,47.5329,-122.294,2020,5000
30118,20150213T000000,4,2.5,3290,6012,2.0,0,0,3,9,3290,0,2005,0,98075,47.5961,-121.98,3210,6005
11286,20140521T000000,4,2.5,2360,5226,2.0,0,0,3,8,2360,0,2001,0,98034,47.712,-122.229,2440,5156
18958,20150413T000000,3,2.5,2500,10359,2.0,0,0,3,10,2500,0,1986,0,98074,47.6286,-122.051,2580,10142
19299,20140819T000000,3,1.0,1130,9147,1.0,0,0,5,7,1130,0,1952,0,98033,47.7006,-122.197,1930,9906
25642,20140626T000000,3,2.0,1900,8002,1.0,0,0,3,7,1900,0,1991,0,98023,47.2909,-122.352,1900,6086
22397,20140523T000000,4,2.5,2380,9614,2.0,0,0,4,10,2380,0,1991,0,98006,47.5623,-122.116,2560,9770
13618,20140721T000000,3,1.5,1560,9600,1.0,0,0,4,7,1560,0,1961,0,98033,47.6918,-122.163,1520,10000
20971,20150306T000000,3,1.5,1000,18568,1.0,0,0,3,6,1000,0,1989,0,98001,47.2976,-122.271,1610,17420
14425,20141112T000000,2,1.0,1090,9994,1.0,0,0,3,7,1090,0,1954,0,98168,47.4761,-122.287,1090,11700
29395,20140627T000000,3,3.0,1670,4440,1.0,0,0,3,7,1670,0,2014,0,98022,47.1948,-121.975,1670,4622
15120,20150330T000000,6,2.25,2950,11200,1.0,0,0,4,7,1700,1250,1970,0,98072,47.7476,-122.087,1790,11200
28242,20150421T000000,4,2.5,2830,14538,2.0,0,0,3,8,2830,0,2003,0,98065,47.5405,-121.882,2270,6939
23149,20140528T000000,2,1.0,1320,8865,1.0,0,0,4,6,1320,0,1943,0,98168,47.4949,-122.3,1190,6490
23185,20150122T000000,3,0.75,1240,4000,1.0,0,0,4,7,1240,0,1968,0,98112,47.6239,-122.297,1460,4000
31963,20140811T000000,6,2.75,2890,7500,1.0,0,0,4,8,1830,1060,1976,0,98034,47.7099,-122.23,1880,7500
18506,20150225T000000,6,1.0,1530,4305,1.5,0,0,4,7,1530,0,1921,0,98115,47.6862,-122.31,1530,3800
22833,20150413T000000,3,1.5,2230,6000,1.0,0,1,3,8,1260,970,1968,0,98136,47.5373,-122.395,2120,7200
18351,20140814T000000,5,1.75,1930,501376,2.0,0,0,3,7,1930,0,1930,0,98014,47.6294,-121.911,1710,87120
27961,20150428T000000,3,2.25,1960,10682,1.0,0,0,3,7,1960,0,1957,0,98008,47.6319,-122.124,1540,10682
24847,20141208T000000,2,1.0,960,13438,1.0,0,0,3,7,960,0,1951,0,98168,47.4745,-122.295,1630,11656
19881,20140724T000000,3,1.5,1220,8345,1.5,0,0,3,7,1220,0,1931,0,98178,47.5038,-122.266,1880,10169
21299,20140602T000000,4,2.0,1850,7560,1.0,0,0,4,7,1540,310,1978,0,98032,47.3666,-122.277,1620,7658
30252,20140818T000000,3,1.75,1450,8378,1.0,0,0,4,8,1450,0,1978,0,98023,47.3093,-122.385,1860,8496
24867,20140819T000000,5,3.5,4050,13495,1.0,0,2,4,9,2230,1820,1988,0,98166,47.4384,-122.352,3210,13495
23399,20140711T000000,5,1.5,2240,6337,1.0,0,0,3,8,1280,960,1956,0,98125,47.7046,-122.316,1870,6380
13371,20141002T000000,4,3.5,2870,3225,2.0,0,3,3,9,2070,800,2006,0,98178,47.5009,-122.225,1770,6450
15065,20140522T000000,2,1.75,1060,16470,1.0,0,0,3,7,1060,0,1977,0,98072,47.7409,-122.089,1790,16748
22021,20150423T000000,3,2.5,1670,8023,1.0,0,0,5,7,1170,500,1960,0,98008,47.615,-122.117,1960,8964
30716,20141218T000000,3,2.25,1422,3677,2.0,0,0,3,7,1422,0,2012,0,98092,47.3204,-122.178,1677,3677
10955,20140812T000000,3,2.25,1430,5999,2.0,0,0,3,7,1430,0,1987,0,98023,47.3116,-122.358,1600,5999
28155,20141223T000000,0,0.0,1470,4800,2.0,0,0,3,7,1470,0,1996,0,98065,47.5265,-121.828,1060,7200
31086,20140520T000000,4,2.5,2303,3680,2.0,0,0,3,8,2303,0,2013,0,98001,47.2599,-122.283,2303,3760
27772,20141214T000000,4,1.5,1860,7808,1.0,0,0,3,7,1080,780,1953,0,98125,47.7314,-122.3,1530,7884
29595,20150323T000000,4,2.0,1660,12377,1.0,0,0,3,8,1660,0,1966,0,98008,47.6231,-122.102,1820,8968
24626,20141006T000000,3,1.5,1470,6867,1.0,0,0,3,8,1470,0,1955,0,98155,47.7495,-122.327,1470,6523
14806,20140813T000000,2,1.75,1170,4635,1.0,0,0,4,6,690,480,1924,0,98117,47.6842,-122.359,1240,4120
12307,20140905T000000,4,3.25,3770,982998,2.0,0,0,3,10,3770,0,1992,0,98058,47.414,-122.087,2290,37141
21397,20150414T000000,2,1.0,770,5185,1.0,0,0,3,7,770,0,1947,0,98126,47.5459,-122.379,1260,6550
16100,20140604T000000,3,2.5,2070,12708,2.0,0,0,3,8,2070,0,1996,0,98056,47.5295,-122.18,2620,9617
30287,20150213T000000,3,1.0,1530,8498,1.0,0,0,3,7,1530,0,1959,0,98031,47.404,-122.203,1380,8498
32384,20140910T000000,3,2.25,1340,4080,1.5,0,0,3,6,1170,170,1907,0,98144,47.5722,-122.291,1670,4080
22083,20140905T000000,3,1.75,1410,16105,1.0,0,0,3,7,1410,0,1982,0,98014,47.6927,-121.913,1550,18615
23237,20141107T000000,3,2.5,1990,3478,2.0,0,0,3,10,1520,470,1990,0,98199,47.6361,-122.399,1710,6157
14250,20150330T000000,4,2.5,2340,12080,2.0,0,0,3,8,2340,0,1999,0,98019,47.7325,-121.969,2200,12403
20311,20141106T000000,4,3.0,4280,18834,1.0,0,4,5,11,2180,2100,1971,0,98116,47.5811,-122.4,2490,8858
22053,20141119T000000,3,1.5,1090,8400,1.0,0,0,4,7,1090,0,1966,0,98008,47.6219,-122.115,1320,8400
19277,20141124T000000,3,1.75,1420,8738,1.0,0,0,4,7,1420,0,1966,0,98002,47.3113,-122.207,1660,8738
28214,20150305T000000,4,2.5,2550,5395,2.0,0,0,3,8,2550,0,2001,0,98065,47.5355,-121.874,2850,6109
22471,20141014T000000,3,1.75,2480,4000,1.0,0,0,3,8,1240,1240,1948,2014,98122,47.615,-122.288,2450,4000
14412,20141210T000000,3,2.25,2150,21235,1.0,0,3,4,8,1590,560,1959,0,98166,47.4336,-122.339,2570,18900
25039,20140611T000000,3,2.75,2500,7378,1.0,0,0,5,7,1390,1110,1948,0,98177,47.7032,-122.37,2040,7140
11268,20150105T000000,5,4.5,3540,21217,2.0,0,0,4,8,2940,600,1926,0,98188,47.4274,-122.28,1290,12040
20428,20141114T000000,3,1.0,940,7980,1.0,0,0,3,6,940,0,1961,0,98146,47.5107,-122.345,1050,7980
32301,20140822T000000,3,2.5,2040,4559,2.0,0,0,3,9,2040,0,1998,0,98122,47.6156,-122.295,1500,4500
14420,20150218T000000,3,1.0,1040,7405,1.0,0,0,4,6,1040,0,1971,0,98010,47.3105,-122.021,1580,7405
14758,20141017T000000,4,2.0,2410,8712,1.0,0,0,3,7,1260,1150,1958,0,98144,47.5729,-122.302,2220,6038
22822,20141030T000000,2,2.25,1110,1290,3.0,0,0,3,8,1110,0,2006,0,98103,47.6968,-122.34,1360,1251
25082,20150507T000000,3,1.75,1770,10513,1.0,0,0,4,7,1400,370,1982,0,98028,47.7726,-122.266,2070,9968
17724,20140729T000000,2,1.0,780,4200,1.0,0,0,3,6,780,0,1920,0,98118,47.5381,-122.267,1620,6000
27581,20141201T000000,4,1.5,2720,37258,2.0,0,0,3,10,2720,0,1994,0,98077,47.7402,-122.035,3270,39714
21296,20140825T000000,3,1.75,1480,8009,1.0,0,0,3,7,980,500,1980,0,98032,47.3657,-122.28,1790,7678
13994,20140908T000000,3,2.25,2780,6000,1.0,0,3,4,9,1670,1110,1948,0,98199,47.6442,-122.406,2780,6000
11324,20140707T000000,3,2.5,2370,4200,2.0,0,0,3,8,2370,0,2014,0,98038,47.3706,-122.017,2370,4200
16362,20141230T000000,5,5.0,4930,14649,2.0,0,3,3,11,4160,770,2000,0,98040,47.5829,-122.247,3030,8479
17045,20150330T000000,4,1.75,2370,10140,1.0,0,0,3,7,1460,910,1968,0,98001,47.3352,-122.278,1450,7800
17970,20141027T000000,4,2.0,2090,4000,1.0,0,0,3,7,1480,610,1951,0,98107,47.6751,-122.379,1510,5000
18123,20140623T000000,3,2.5,1500,1375,2.0,0,0,3,9,1200,300,2014,0,98119,47.6451,-122.375,1680,1627
27038,20150205T000000,4,1.5,1800,9576,1.0,0,0,4,7,1800,0,1977,0,98045,47.4664,-121.747,1370,9576
30442,20140620T000000,5,3.0,3110,12429,1.0,0,0,3,8,1790,1320,1977,0,98011,47.7463,-122.213,3050,11902
26157,20140820T000000,2,1.0,820,5040,1.0,0,0,3,7,820,0,1953,0,98199,47.6498,-122.388,1730,5760
23074,20150420T000000,2,1.0,730,6728,1.0,0,0,3,6,730,0,1953,0,98148,47.4275,-122.324,1170,7034
22957,20150312T000000,3,1.0,1450,7930,1.0,0,0,4,6,1150,300,1923,0,98126,47.5212,-122.371,1040,7740
27988,20141024T000000,3,1.75,1510,11234,1.0,0,0,3,7,1210,300,1965,0,98155,47.7571,-122.328,2080,9076
28558,20150219T000000,3,1.0,1050,6240,1.0,0,0,5,5,1050,0,1948,0,98146,47.4933,-122.338,1410,6240
18426,20140621T000000,3,2.5,3290,6830,2.0,0,0,3,10,3290,0,2000,0,98052,47.6702,-122.142,3200,6227
17402,20150504T000000,3,2.0,2020,10584,1.0,0,0,3,10,2020,0,1994,0,98075,47.5851,-122.028,3030,9870
18976,20140724T000000,2,1.0,850,54000,1.5,0,0,1,4,850,0,1950,0,98023,47.2959,-122.377,1550,14440
32175,20140820T000000,4,2.5,2840,4750,2.0,0,0,3,9,2840,0,2002,0,98058,47.4511,-122.121,2460,4750
29284,20141229T000000,5,2.5,3270,6129,2.0,0,0,3,9,3270,0,2004,0,98055,47.4461,-122.208,2980,5928
14389,20140519T000000,4,2.0,1580,7800,2.0,0,0,2,6,1580,0,1906,0,98144,47.5848,-122.302,1190,4440
17958,20140519T000000,3,2.5,1350,2053,3.0,0,0,3,8,1350,0,2005,0,98117,47.6758,-122.386,1350,4150
11003,20140527T000000,4,4.25,1960,3565,2.0,0,0,3,7,1960,0,1940,2003,98116,47.5849,-122.384,1920,5750
11817,20150105T000000,4,1.75,2000,3750,1.0,0,0,5,8,1120,880,1950,0,98117,47.6816,-122.374,1370,5000
11071,20140806T000000,3,1.75,2300,43560,1.0,0,0,4,7,1350,950,1979,0,98077,47.7716,-122.101,2320,57000
23810,20140731T000000,2,1.0,1280,6000,1.0,0,0,3,7,1280,0,1965,0,98112,47.6339,-122.282,2460,4800
15188,20140710T000000,4,2.5,2870,8995,1.0,0,0,5,8,1870,1000,1968,0,98006,47.5678,-122.128,2670,9672
15289,20140617T000000,3,1.75,1370,8719,1.0,0,0,3,7,1370,0,1982,0,98042,47.3664,-122.087,1370,7525
21381,20150224T000000,2,1.5,1800,4144,1.0,0,4,4,7,900,900,1962,0,98116,47.5934,-122.39,2090,4173
16315,20141210T000000,4,3.25,2510,7686,2.0,0,0,3,9,2510,0,2003,0,98055,47.4785,-122.228,2510,6732
23210,20150305T000000,3,2.25,1850,7151,2.0,0,0,3,7,1850,0,1989,0,98023,47.2843,-122.352,1710,6827
17860,20150512T000000,3,2.75,2290,34548,2.0,0,3,4,7,2290,0,1984,0,98042,47.3691,-122.163,399,275299
20879,20140530T000000,2,1.0,1000,4776,1.0,0,0,4,6,1000,0,1942,0,98108,47.5619,-122.315,1500,4800
28838,20140625T000000,4,1.0,1530,8890,1.0,0,0,3,7,980,550,1925,0,98106,47.5308,-122.35,1100,5203
11689,20141015T000000,2,1.0,860,5400,1.0,0,0,4,5,860,0,1953,0,98056,47.492,-122.171,960,5400
32226,20150403T000000,4,3.0,3070,7150,2.0,0,0,3,9,3070,0,2007,0,98052,47.7079,-122.107,3200,6984
15166,20141222T000000,3,2.75,1990,19991,1.0,0,0,3,7,1340,650,1977,0,98072,47.7434,-122.106,1750,9775
13249,20141007T000000,5,1.5,1940,10202,1.5,0,0,4,7,1940,0,1940,0,98125,47.7213,-122.31,1900,8000
21822,20150120T000000,1,0.75,780,77603,1.0,0,0,1,5,780,0,1945,0,98058,47.4396,-122.104,1750,30847
26079,20140825T000000,4,2.5,1800,5070,1.0,0,0,5,7,1080,720,1979,0,98118,47.5303,-122.28,1870,5365
29901,20141106T000000,3,1.0,1260,5000,1.0,0,0,4,6,1260,0,1968,0,98014,47.6492,-121.915,1180,7500
11402,20140826T000000,3,1.75,2320,6400,1.0,0,2,4,8,1420,900,1957,0,98199,47.6449,-122.389,2540,7680
27590,20140502T000000,3,2.5,2090,10834,1.0,0,0,4,8,1360,730,1987,0,98003,47.3537,-122.303,1750,8595
28787,20141125T000000,4,2.25,1840,7575,1.0,0,0,4,7,1390,450,1973,0,98034,47.7328,-122.198,1820,7500
16481,20141105T000000,3,2.25,1560,8280,2.0,0,0,4,7,1560,0,1979,0,98001,47.3393,-122.259,1920,8120
24520,20140922T000000,3,2.25,1700,1481,3.0,0,0,3,8,1700,0,2002,0,98103,47.6598,-122.349,1560,1350
30694,20140722T000000,4,1.0,1630,8400,1.0,0,0,3,6,1630,0,1962,0,98023,47.3052,-122.362,1190,8989
27641,20141230T000000,3,1.5,760,40039,1.0,0,0,3,6,760,0,1906,0,98065,47.5295,-121.829,980,6000
19055,20140827T000000,5,1.75,2030,12342,2.0,0,0,4,7,2030,0,1942,0,98052,47.6417,-122.109,2500,9433
19482,20141120T000000,4,2.25,1310,8400,1.0,0,0,4,7,1310,0,1966,0,98034,47.7317,-122.181,1600,8400
20057,20150423T000000,5,3.0,5530,38816,1.5,0,2,3,10,5530,0,1969,1994,98072,47.7352,-122.116,3800,44417
19476,20140926T000000,3,2.0,1310,7000,1.0,0,0,4,7,1310,0,1979,0,98023,47.303,-122.383,1390,7500
29665,20150325T000000,3,2.75,2210,7660,1.0,0,1,4,7,1460,750,1968,0,98116,47.5619,-122.4,2110,8750
26222,20150309T000000,3,2.0,1760,5488,1.5,0,0,3,7,1540,220,1927,0,98119,47.6479,-122.367,1760,5943
22402,20140611T000000,5,3.5,4210,17258,2.0,0,3,3,12,4210,0,1995,0,98006,47.553,-122.114,4630,17909
14799,20150410T000000,3,1.0,1140,8528,1.0,0,0,5,7,1140,0,1967,0,98022,47.2098,-122.004,1140,8112
12700,20150313T000000,4,2.0,1480,11171,1.5,0,0,4,6,1480,0,1947,0,98075,47.5849,-122.051,2790,20680
13847,20141210T000000,3,2.25,1960,7000,1.0,0,0,3,8,1600,360,1980,0,98058,47.4427,-122.126,1980,7140
23640,20141117T000000,3,1.75,1610,3478,1.5,0,0,4,7,1060,550,1929,0,98117,47.6774,-122.372,1610,3478
11200,20150224T000000,3,1.5,1730,7800,1.0,0,0,3,7,1330,400,1958,0,98133,47.7365,-122.337,1780,8309
22992,20141114T000000,4,2.25,4760,8036,2.5,0,0,5,9,3390,1370,1916,0,98112,47.6415,-122.285,2950,9323
17285,20140716T000000,3,2.5,2090,4590,2.0,0,0,3,7,2090,0,2005,0,98042,47.3992,-122.163,2190,4060
30159,20140828T000000,5,2.5,2750,5589,1.5,0,0,5,9,1840,910,1910,0,98112,47.6364,-122.3,1460,4250
21714,20141201T000000,3,1.0,980,9903,1.0,0,0,4,7,980,0,1966,0,98028,47.7746,-122.239,1830,9903
22063,20140521T000000,1,1.0,960,40946,1.0,0,0,5,5,960,0,1945,0,98014,47.6951,-121.864,1320,20350
19172,20140922T000000,4,2.5,1580,7800,1.0,0,0,4,7,1580,0,1959,0,98059,47.481,-122.163,1320,7800
17156,20150304T000000,3,2.25,1850,7480,2.0,0,0,3,7,1850,0,1978,0,98058,47.452,-122.159,1870,7480
30552,20141124T000000,2,2.0,1590,9375,1.0,0,0,3,7,910,680,1983,0,98055,47.4585,-122.205,1560,8524
12015,20141001T000000,3,1.75,1750,5200,1.0,0,1,4,8,1750,0,1956,0,98117,47.6995,-122.383,2060,5200
29855,20141107T000000,4,2.5,2570,7980,2.0,0,0,3,9,2570,0,1998,0,98074,47.6378,-122.065,2760,6866
32374,20150406T000000,4,1.5,1790,4080,1.5,0,0,5,7,1790,0,1928,0,98144,47.5749,-122.291,1710,4080
15483,20140528T000000,4,2.5,2990,5669,2.0,0,0,3,8,2990,0,2003,0,98074,47.6119,-122.011,3110,5058
14170,20140729T000000,3,1.0,1280,9656,1.0,0,0,4,6,920,360,1959,0,98058,47.4485,-122.175,1340,8808
25761,20150410T000000,3,3.25,2730,9588,2.0,0,1,3,10,1900,830,1984,0,98052,47.6339,-122.09,2730,12736
22095,20150224T000000,3,1.75,1950,15037,1.0,0,0,3,7,1950,0,1989,0,98014,47.6892,-121.913,1760,15181
19708,20141124T000000,3,2.25,2100,8163,2.0,0,0,3,7,2100,0,1984,0,98001,47.3336,-122.269,1410,7515
28776,20140904T000000,4,2.5,3010,6181,2.0,0,0,3,9,3010,0,2000,0,98056,47.5212,-122.192,2960,6515
23251,20141016T000000,5,2.25,2240,9652,2.0,0,0,3,7,2240,0,1990,0,98055,47.4249,-122.211,2180,11644
13591,20150429T000000,4,1.5,2290,10372,1.0,0,0,3,7,1510,780,1965,1987,98033,47.6888,-122.199,1900,8109
11358,20140505T000000,4,1.0,2070,7519,1.0,0,0,3,7,1160,910,1963,0,98008,47.632,-122.119,1730,7519
26175,20140715T000000,3,1.0,940,19000,1.0,0,0,3,6,940,0,1945,0,98004,47.5828,-122.19,2280,19000
24862,20150112T000000,4,1.5,2150,23568,1.0,0,0,4,7,2150,0,1950,0,98166,47.4522,-122.355,2150,10125
19481,20140627T000000,4,2.5,1890,7867,2.0,0,0,3,8,1890,0,1996,0,98038,47.3788,-122.031,2250,7867
16240,20141203T000000,3,1.75,1800,7199,1.0,0,0,3,7,1300,500,1972,0,98125,47.7264,-122.307,1800,8100
14980,20140717T000000,3,2.25,2260,13209,1.0,0,0,3,9,2260,0,1977,0,98005,47.6385,-122.167,2820,12534
30289,20141023T000000,2,1.0,970,8185,1.0,0,0,5,6,970,0,1904,0,98031,47.4025,-122.201,1500,12541
27638,20140602T000000,3,2.5,2730,5832,2.0,0,0,3,9,2730,0,1998,0,98005,47.6216,-122.161,2360,5832
17700,20141014T000000,4,2.5,2350,8182,2.0,0,0,3,8,2350,0,1997,0,98042,47.3697,-122.106,2330,7000
28789,20141203T000000,4,2.75,2060,6659,1.0,0,0,3,7,1280,780,1981,0,98058,47.4276,-122.157,2020,8720
29671,20140520T000000,3,2.25,1400,31626,1.0,0,0,2,7,1140,260,1987,0,98092,47.3029,-122.069,1680,35093
21443,20150507T000000,3,2.25,1930,8192,1.0,0,0,3,7,1470,460,1984,0,98003,47.2624,-122.299,1510,8192
17614,20141015T000000,4,2.25,2430,10050,2.0,0,0,4,8,2430,0,1979,0,98006,47.5563,-122.163,2390,10250
17024,20140912T000000,3,1.75,2040,4000,2.0,0,0,5,7,1360,680,1924,0,98105,47.6675,-122.289,1610,4000
27465,20140502T000000,3,1.75,2330,14892,1.0,0,0,3,8,1970,360,1980,0,98074,47.6267,-122.046,2570,14217
30418,20141223T000000,4,4.5,4920,270236,2.0,0,3,3,10,3820,1100,2006,0,98045,47.4695,-121.775,4920,260924
28359,20141001T000000,3,2.5,2410,4293,2.0,0,0,3,7,2410,0,2007,0,98065,47.5196,-121.869,2190,5900
13873,20150218T000000,3,2.5,2850,21780,2.0,0,0,3,10,2850,0,1994,0,98053,47.6455,-122.04,3020,21798
17746,20141028T000000,3,2.5,3550,136343,2.0,0,0,3,10,3550,0,1977,0,98014,47.6223,-121.869,3080,215186
14337,20140731T000000,3,2.25,1600,7620,1.0,0,0,3,7,1280,320,1987,0,98011,47.774,-122.208,1600,8215
24986,20140912T000000,2,2.0,800,5765,1.0,0,0,4,6,800,0,1936,0,98133,47.7024,-122.346,1160,3844
18762,20141031T000000,4,2.0,1460,7254,1.0,0,0,3,6,1460,0,1959,0,98178,47.5056,-122.254,1460,7236
26126,20140804T000000,3,1.0,960,5424,1.5,0,0,3,6,960,0,1916,0,98115,47.6997,-122.32,1550,5687
29171,20141006T000000,3,2.5,1860,11122,2.0,0,0,3,8,1860,0,1994,0,98059,47.5062,-122.151,2420,8542
15783,20150406T000000,3,1.0,830,9600,1.0,0,0,3,7,830,0,1959,0,98032,47.3698,-122.297,1240,9198
11484,20150220T000000,3,2.25,1489,2800,2.0,0,0,3,7,1489,0,2011,0,98002,47.3452,-122.215,1584,3200
26753,20141124T000000,4,2.0,1750,8116,1.0,0,0,4,5,1750,0,1943,0,98056,47.5097,-122.181,1440,7865
17871,20150317T000000,3,1.0,1060,6000,1.0,0,0,3,8,1060,0,1954,0,98118,47.5427,-122.275,1240,7874
22828,20150303T000000,2,2.0,1300,3850,1.0,0,0,3,7,800,500,1963,0,98136,47.5395,-122.39,950,5500
21607,20141028T000000,3,2.0,1330,5632,1.0,0,0,3,8,1330,0,1988,0,98029,47.5745,-122.017,1900,4842
30007,20140718T000000,2,1.75,1350,4003,1.0,0,0,3,8,1350,0,2004,0,98053,47.7176,-122.033,1350,4479
26892,20150224T000000,3,2.25,2210,7680,1.0,0,2,3,8,1730,480,1972,0,98177,47.7729,-122.389,2390,7680
25582,20140925T000000,4,2.5,2270,5000,2.0,0,0,3,9,2270,0,2014,0,98117,47.6916,-122.37,1210,5000
21609,20141105T000000,3,2.5,1910,5562,2.0,0,0,3,8,1910,0,1988,0,98029,47.5738,-122.017,1940,4647
25456,20140617T000000,4,3.0,3700,20570,1.0,0,0,4,10,1850,1850,1976,0,98004,47.6212,-122.224,3080,17595
19209,20150429T000000,3,1.0,1210,7636,1.0,0,0,4,7,1210,0,1952,0,98118,47.5377,-122.266,1530,5900
26091,20150302T000000,4,2.75,2810,5497,2.0,0,0,3,9,2810,0,2011,0,98052,47.7081,-122.116,2990,5842
25493,20150310T000000,4,2.5,2230,14694,1.0,0,0,4,7,1180,1050,1981,0,98074,47.6305,-122.034,1470,13458
18987,20141028T000000,4,1.5,1050,9516,1.0,0,0,4,7,1050,0,1969,0,98031,47.4151,-122.181,1390,9600
29740,20141118T000000,3,2.0,1790,7259,1.0,0,0,3,7,1390,400,1980,0,98058,47.4643,-122.171,1790,7700
17027,20140716T000000,4,1.5,1350,8113,1.0,0,0,4,7,1350,0,1959,0,98004,47.5807,-122.196,1930,8113
12364,20140801T000000,2,1.0,990,2446,2.0,0,0,3,7,990,0,1998,0,98144,47.5919,-122.297,1260,2805
23822,20140613T000000,5,2.5,2350,4000,2.0,0,0,3,9,2350,0,1993,0,98112,47.6265,-122.296,1840,4000
18794,20150416T000000,3,1.0,1050,5156,1.5,0,0,3,7,1050,0,1919,0,98106,47.5169,-122.358,1050,5502
17148,20140617T000000,4,2.75,2250,7412,1.0,0,0,4,8,1480,770,1975,0,98058,47.4449,-122.129,2070,7632
19031,20150316T000000,3,1.0,940,5904,1.0,0,0,3,6,940,0,1947,0,98103,47.699,-122.35,870,5728
12217,20140523T000000,5,3.25,3400,7452,2.0,0,0,3,10,3400,0,1999,0,98007,47.6141,-122.136,2650,8749
21776,20150423T000000,4,2.5,3030,7800,2.0,0,0,3,9,1580,1450,1991,0,98033,47.689,-122.196,2840,7435
29394,20140730T000000,3,2.0,1670,4441,1.0,0,0,3,7,1670,0,2014,0,98022,47.1948,-121.975,1670,4622
20220,20140513T000000,3,2.5,1490,1709,3.0,0,0,3,8,1490,0,2004,0,98125,47.7173,-122.299,1364,1709
16046,20150501T000000,2,2.0,1030,2271,3.0,0,0,3,7,1030,0,1999,0,98125,47.7263,-122.314,1439,1387
21989,20140813T000000,3,1.75,1150,7700,1.0,0,0,3,7,1150,0,1957,0,98008,47.6048,-122.121,1650,8000
12084,20140715T000000,2,0.75,550,7980,1.0,0,0,3,5,550,0,1952,0,98146,47.511,-122.348,1330,7980
11646,20140826T000000,5,2.25,1980,13132,1.0,0,0,4,7,1260,720,1962,0,98198,47.3984,-122.301,1880,11325
21660,20140530T000000,4,2.5,2560,8780,2.0,0,0,3,9,2560,0,1992,0,98029,47.5717,-121.991,2780,8357
20447,20140710T000000,4,2.75,2600,36583,1.0,0,0,5,8,1580,1020,1976,0,98075,47.593,-122.054,2300,27820
23300,20140509T000000,4,2.25,2310,7490,2.0,0,0,3,8,2310,0,1980,0,98055,47.4379,-122.192,2310,8480
28862,20140718T000000,5,1.75,1830,7986,1.0,0,0,4,7,1060,770,1962,0,98106,47.5208,-122.35,1410,7260
12367,20150113T000000,4,2.5,2156,3562,2.0,0,0,3,9,2156,0,2012,0,98030,47.3591,-122.201,1708,3539
20713,20140715T000000,5,2.5,2890,5110,2.0,0,2,3,9,2890,0,2003,0,98029,47.5453,-121.995,3010,5110
14834,20141124T000000,3,1.0,1160,18055,1.0,0,0,2,5,1160,0,1950,0,98168,47.4772,-122.269,1340,10324
14808,20140801T000000,4,4.0,4360,12081,2.0,0,0,3,10,4360,0,2007,0,98004,47.6377,-122.219,2180,10800
11494,20150226T000000,3,2.25,1481,2820,2.0,0,0,3,7,1481,0,2012,0,98002,47.3457,-122.217,1481,2889
17127,20150224T000000,3,1.75,3440,10428,1.5,0,0,5,8,3440,0,1974,0,98058,47.449,-122.128,2160,8400
15581,20150218T000000,3,2.5,2260,8120,2.0,0,0,3,8,2260,0,2004,0,98023,47.2924,-122.357,2250,7784
22288,20140522T000000,3,2.75,2890,12130,2.0,0,3,4,10,2830,60,1987,0,98033,47.6505,-122.203,2415,11538
22851,20150331T000000,1,1.0,420,3298,1.0,0,0,4,4,420,0,1949,0,98136,47.5375,-122.391,1460,4975
19234,20140913T000000,3,1.5,1690,161913,1.0,0,0,2,7,1430,260,1952,0,98030,47.356,-122.189,1930,12548
18678,20140507T000000,5,3.75,4130,226076,2.0,0,0,3,9,3170,960,1985,0,98077,47.715,-122.065,4130,55321
15618,20141107T000000,2,1.0,1280,7861,1.0,0,0,4,6,1280,0,1913,0,98002,47.3007,-122.228,1020,6480
25774,20140529T000000,2,1.0,1320,1824,1.5,0,0,4,6,1320,0,1909,0,98144,47.585,-122.294,1320,4000
26776,20141023T000000,4,1.0,1270,3630,1.5,0,0,3,7,1270,0,1903,0,98122,47.6135,-122.307,1420,4848
27050,20141013T000000,3,1.5,1390,13860,2.0,0,0,3,7,1390,0,1979,0,98045,47.4704,-121.747,1390,11860
24071,20140514T000000,5,2.25,2510,9887,2.0,0,0,3,8,2510,0,1972,0,98040,47.5339,-122.223,2510,10006
16299,20150410T000000,4,2.25,2000,8068,2.0,0,0,5,8,2000,0,1976,0,98006,47.5584,-122.137,2080,7837
11320,20140918T000000,4,2.5,2640,4725,2.0,0,0,3,8,2640,0,2014,0,98038,47.371,-122.017,2370,4725
29481,20141125T000000,2,2.25,1550,1827,2.0,0,0,3,8,1550,0,2008,0,98106,47.5394,-122.368,1420,1826
20654,20150107T000000,3,1.0,1310,18135,1.0,0,0,3,7,1310,0,1948,0,98008,47.6065,-122.113,2150,18135
26384,20150402T000000,3,1.0,1740,9163,1.0,0,0,3,7,1740,0,1954,0,98125,47.705,-122.299,1490,6509
26568,20141205T000000,4,2.75,3410,5838,2.0,0,0,3,9,3410,0,2012,0,98053,47.6931,-122.022,3420,7048
14444,20150331T000000,5,2.75,2910,85377,1.0,0,0,4,8,1510,1400,1966,0,98027,47.48,-122.03,2160,66120
13818,20141226T000000,3,2.75,1670,3330,1.5,0,0,4,7,1670,0,1925,0,98107,47.6551,-122.36,1370,5000
16183,20150219T000000,4,3.0,2430,11670,1.0,0,0,4,7,1330,1100,1978,0,98034,47.7307,-122.228,1580,10464
23134,20140718T000000,2,1.0,1280,21750,1.5,0,0,5,6,1280,0,1912,0,98001,47.3096,-122.241,1520,21750
23349,20140512T000000,3,1.0,980,6380,1.0,0,0,3,7,760,220,1941,0,98115,47.692,-122.308,1390,6380
23196,20140818T000000,3,2.0,1870,9527,1.0,0,0,4,7,1870,0,1951,1997,98040,47.5777,-122.224,1970,11904
18996,20140702T000000,3,2.5,2490,23891,2.0,0,0,3,9,2490,0,1993,0,98053,47.6716,-122.029,2900,34705
22825,20150317T000000,3,1.0,880,18109,1.0,0,0,4,6,880,0,1970,0,98042,47.3634,-122.101,940,11193
22866,20141020T000000,3,1.0,1290,9526,1.5,0,0,3,7,1290,0,1961,0,98034,47.7111,-122.213,1290,9508
11536,20140605T000000,4,1.75,1560,31299,1.0,0,0,4,7,1560,0,1965,0,98092,47.3384,-122.164,2460,44907
27977,20141205T000000,4,4.25,5540,15408,2.0,0,1,3,11,4280,1260,2006,0,98004,47.6071,-122.212,3570,14750
14423,20140604T000000,4,2.5,2730,36183,2.0,0,0,3,9,2730,0,1986,0,98052,47.7036,-122.127,2710,5964
26981,20150218T000000,4,2.25,3330,21785,2.0,0,0,3,9,3330,0,1994,0,98059,47.4725,-122.136,3330,21796
24907,20140609T000000,3,2.5,2260,4165,2.0,0,0,3,7,2260,0,2005,0,98075,47.5922,-122.008,2770,4566
19890,20140716T000000,3,1.0,890,7110,1.0,0,0,3,6,890,0,1957,0,98178,47.4971,-122.261,1100,8375
13957,20140709T000000,4,2.5,2920,5500,1.0,0,3,3,10,2030,890,1957,0,98199,47.6406,-122.412,3790,5500
30338,20140610T000000,5,2.75,3100,9825,2.0,0,2,4,8,3100,0,1950,1982,98125,47.7188,-122.281,2120,8400
29462,20141119T000000,3,2.0,1400,9177,1.0,0,0,3,7,1400,0,1974,0,98001,47.3415,-122.272,2020,8547
19678,20141110T000000,3,1.0,1240,239144,1.0,0,0,3,6,1240,0,1921,1992,98038,47.4303,-122.046,1990,109335
19777,20150323T000000,2,1.0,1030,6000,1.0,0,0,2,7,830,200,1951,0,98118,47.5291,-122.268,1770,5000
11795,20150415T000000,3,1.0,1100,5700,1.0,0,0,3,7,1100,0,1950,0,98115,47.6883,-122.282,1560,6588
10947,20141003T000000,4,2.0,1500,7854,1.5,0,0,3,7,1500,0,1983,0,98023,47.3127,-122.354,1500,7334
20527,20150218T000000,3,1.0,1430,13370,1.0,0,0,3,7,1430,0,1962,0,98034,47.7317,-122.241,1670,10075
20979,20150225T000000,3,2.5,2507,18400,2.0,0,0,3,8,2507,0,2006,0,98001,47.2867,-122.27,1520,14709
22148,20141114T000000,4,2.5,3180,20870,2.0,0,0,3,8,2120,1060,1967,0,98034,47.7176,-122.241,2700,14190
15955,20140927T000000,2,1.0,1760,27332,1.0,1,4,4,7,1300,460,1951,0,98198,47.3799,-122.325,2590,16630
28757,20141114T000000,4,2.0,2200,3060,1.0,0,0,3,7,1100,1100,1908,2000,98118,47.565,-122.284,1410,5100
24084,20140613T000000,4,2.25,2770,13500,2.0,0,0,3,8,2770,0,1974,0,98040,47.543,-122.231,2300,13500
23170,20141110T000000,3,2.0,1720,4200,2.0,0,0,3,8,1720,0,1908,1992,98112,47.6285,-122.301,1720,4200
18665,20141014T000000,3,2.0,1320,6500,1.0,0,0,3,7,1320,0,1947,0,98125,47.7119,-122.319,1110,6592
23879,20140826T000000,3,2.25,1760,8287,1.0,0,0,3,7,1160,600,1986,0,98188,47.4501,-122.274,1290,9587
25010,20150316T000000,3,2.0,1790,6800,1.0,0,0,4,7,1240,550,1964,0,98133,47.728,-122.339,1470,6800
25047,20150427T000000,4,1.0,1480,8321,1.0,0,0,3,7,1080,400,1953,0,98155,47.7629,-122.318,1580,8502
27106,20140609T000000,4,2.75,1990,7252,1.0,0,0,3,7,1270,720,1999,0,98002,47.2839,-122.202,2100,7535
25252,20141224T000000,2,1.0,960,4800,1.5,0,0,2,6,960,0,1912,0,98116,47.5752,-122.411,1440,4800
19320,20140520T000000,3,1.0,2120,7735,1.0,0,0,4,7,1060,1060,1967,0,98059,47.4869,-122.123,1010,8570
20802,20140725T000000,4,3.5,4670,6000,2.0,0,3,3,11,3820,850,2007,0,98027,47.5414,-121.994,4310,6000
28734,20150127T000000,3,1.75,1300,11230,1.0,0,0,5,7,1300,0,1968,0,98042,47.3811,-122.087,1300,10794
31266,20150325T000000,5,2.75,2380,7500,1.0,0,0,3,7,1300,1080,1984,0,98178,47.5009,-122.235,2400,6000
25734,20150318T000000,3,2.5,1770,6187,2.0,0,0,3,7,1770,0,1992,0,98031,47.4034,-122.189,1650,7200
30380,20141031T000000,3,2.0,1820,4480,1.0,0,0,5,7,1120,700,1923,0,98105,47.6717,-122.295,1920,4480
21555,20141222T000000,3,1.75,1010,8580,1.0,0,0,3,7,1010,0,1961,0,98033,47.6703,-122.174,1500,8580
14580,20141229T000000,3,1.0,1520,7800,1.0,0,0,4,7,1120,400,1967,0,98032,47.3784,-122.29,1740,8000
31958,20150512T000000,3,2.5,2440,4244,2.0,0,0,3,8,2440,0,2011,0,98052,47.7057,-122.112,2690,4556
20384,20140514T000000,3,2.5,2220,6049,2.0,0,0,4,8,2220,0,1990,0,98031,47.3972,-122.182,1980,7226
29032,20150318T000000,3,2.5,3800,13071,2.0,0,0,3,10,2730,1070,1994,0,98023,47.3076,-122.397,2980,11110
19798,20141009T000000,3,3.0,1845,5100,2.0,0,2,5,8,1845,0,1947,0,98056,47.5204,-122.208,2100,7650
29639,20140827T000000,5,2.5,3100,10189,2.0,0,0,3,8,3100,0,2002,0,98019,47.738,-121.965,2840,10189
29698,20140911T000000,3,1.0,1210,8505,1.5,0,0,3,7,1210,0,1958,0,98106,47.5389,-122.353,1430,8505
24117,20150421T000000,5,4.0,4440,9270,1.0,0,0,5,10,2220,2220,1968,0,98040,47.5708,-122.212,2720,9614
24226,20141209T000000,3,1.5,1100,33600,1.0,0,0,3,7,1100,0,1967,0,98001,47.3185,-122.29,1570,32700
21736,20141118T000000,3,1.75,1680,4240,1.5,0,0,4,7,1680,0,1926,0,98144,47.5745,-122.311,1460,4240
23812,20141016T000000,3,1.0,1180,3600,1.5,0,0,3,7,1180,0,1926,0,98112,47.6337,-122.28,1900,3600
29637,20140609T000000,4,2.5,2800,12831,2.0,0,0,3,8,2800,0,2001,0,98019,47.7392,-121.966,2810,10235
19626,20140827T000000,4,3.5,3510,11200,2.0,0,0,3,11,3510,0,2001,0,98059,47.5193,-122.15,3600,12124
25287,20140708T000000,3,2.25,2120,13090,1.0,0,0,3,8,2120,0,1997,0,98002,47.296,-122.219,1400,12039
26864,20140520T000000,4,3.5,4380,74052,1.0,0,0,3,11,4380,0,2001,0,98053,47.6587,-122.009,5170,62291
24435,20141215T000000,4,1.5,1830,6985,1.0,0,0,3,7,1080,750,1967,0,98028,47.7494,-122.236,1650,9501
14630,20140621T000000,4,2.0,2160,6300,1.5,0,1,4,8,2160,0,1928,0,98116,47.5662,-122.404,1980,5152
28142,20140702T000000,3,3.0,3700,10375,2.0,0,0,3,9,3700,0,1982,0,98188,47.4286,-122.291,2130,9132
23317,20140523T000000,2,1.0,800,6380,1.0,0,2,3,7,800,0,1940,0,98115,47.691,-122.309,920,5940
19462,20140919T000000,3,2.5,1580,3075,2.0,0,0,3,8,1580,0,2013,0,98126,47.545,-122.368,1710,2934
23992,20140717T000000,3,2.0,1420,6788,2.0,0,0,3,7,1420,0,1990,0,98023,47.2887,-122.351,1790,6607
30736,20140905T000000,4,2.5,2425,9017,2.0,0,0,3,9,2425,0,2013,0,98001,47.3003,-122.263,2725,7019
18186,20150204T000000,4,3.0,2750,7965,2.0,0,0,3,9,2750,0,2012,0,98038,47.3479,-122.028,2750,6000
20855,20150327T000000,3,1.5,1200,3060,1.0,0,0,4,7,1060,140,1910,0,98115,47.679,-122.315,1410,3060
23999,20141203T000000,3,2.0,1650,6408,2.0,0,0,4,8,1650,0,1977,0,98052,47.6638,-122.128,1750,6402
17470,20150317T000000,4,2.5,2150,10098,1.0,0,0,3,7,1090,1060,1963,0,98034,47.7166,-122.201,1880,10000
19182,20140710T000000,4,2.0,1720,7210,1.0,0,0,3,7,860,860,1971,0,98034,47.7307,-122.239,1250,7210
31508,20141008T000000,5,3.0,2680,8410,2.0,0,0,3,8,1810,870,1990,0,98058,47.4401,-122.126,1860,8410
29645,20150423T000000,3,1.75,1460,9998,1.0,0,0,3,7,960,500,1958,0,98028,47.7434,-122.242,1460,9998
31110,20150312T000000,3,2.75,1910,15508,1.0,0,0,3,8,1210,700,1984,0,98023,47.3128,-122.345,2450,7989
27339,20140627T000000,4,2.25,3190,11597,2.0,0,0,3,10,2300,890,1984,0,98074,47.6323,-122.039,2990,10679
27833,20150128T000000,4,1.5,1540,7300,2.0,0,0,3,7,1540,0,1973,0,98001,47.3317,-122.276,1580,7650
10921,20140708T000000,4,4.0,3010,7221,2.0,0,0,3,10,3010,0,2004,0,98075,47.5833,-121.97,3490,7518
25394,20150416T000000,2,1.0,770,6017,1.0,0,0,3,7,770,0,1950,0,98125,47.7223,-122.321,1670,7500
21868,20150415T000000,4,2.5,2200,10800,1.0,0,0,3,8,1500,700,1964,0,98155,47.7711,-122.288,2280,10800
31571,20140715T000000,3,1.75,1890,11875,1.0,0,0,3,7,1230,660,1979,0,98045,47.4472,-121.774,1580,10920
13775,20140624T000000,3,1.5,1810,100188,1.0,0,0,5,7,1810,0,1969,0,98022,47.2175,-121.995,1540,40415
11190,20140624T000000,4,3.5,3920,37122,2.0,0,0,3,10,3920,0,1996,0,98053,47.6316,-121.988,2550,32647
24794,20140801T000000,3,2.5,1940,7415,2.0,0,0,3,8,1940,0,1965,0,98006,47.542,-122.176,1940,8425
19816,20140804T000000,4,2.5,2310,5573,2.0,0,0,4,9,2310,0,2003,0,98056,47.5197,-122.2,2310,6189
18790,20140617T000000,3,1.75,2960,12420,1.0,0,2,4,8,1480,1480,1952,0,98116,47.5739,-122.406,2700,9106
15124,20140707T000000,3,1.75,2220,17568,1.0,0,0,4,8,2220,0,1967,0,98072,47.749,-122.083,2070,11745
24478,20140821T000000,3,2.25,1650,4859,2.0,0,0,3,7,1650,0,1988,0,98011,47.7729,-122.172,1890,5018
31390,20150312T000000,3,1.75,1390,8980,1.0,0,0,4,8,1390,0,1985,0,98022,47.2015,-122.005,1770,9085
27540,20150227T000000,2,1.0,1020,5000,1.5,0,0,4,6,1020,0,1906,0,98107,47.6725,-122.396,1490,5000
19967,20140618T000000,3,1.0,1080,8580,1.5,0,0,3,6,1080,0,1900,0,98168,47.4716,-122.262,1800,12672
25425,20141112T000000,2,1.5,1010,3060,1.0,0,0,4,7,1010,0,1918,0,98103,47.6897,-122.354,1160,4080
29076,20140715T000000,3,1.75,1300,8099,1.0,0,0,4,7,1080,220,1976,0,98056,47.5026,-122.172,1270,8099
14385,20140528T000000,2,2.5,1050,1609,2.0,0,0,3,7,1050,0,2005,0,98144,47.5854,-122.313,1120,1693
14397,20141118T000000,4,1.75,1940,13370,1.0,0,0,4,8,1940,0,1974,0,98023,47.3215,-122.369,2405,11769
19246,20140718T000000,3,2.0,2064,46173,2.0,0,0,5,7,2064,0,1903,0,98070,47.4469,-122.455,1640,21780
29594,20141210T000000,3,1.75,1510,8433,1.0,0,0,4,7,1220,290,1967,0,98008,47.6226,-122.103,1950,8199
29810,20150116T000000,3,1.0,840,5200,1.0,0,0,3,6,840,0,1969,2014,98042,47.3685,-122.077,870,5200
17956,20140909T000000,3,1.0,1530,15975,1.0,0,0,3,7,970,560,1952,0,98168,47.4766,-122.326,1540,15975
25571,20140606T000000,3,1.75,1020,7020,1.5,0,0,4,7,1020,0,1953,0,98155,47.7362,-122.314,1020,5871
22773,20141222T000000,4,2.75,3250,5600,2.0,0,0,3,8,3250,0,2011,0,98059,47.4806,-122.125,2730,5667
30054,20140722T000000,2,2.0,1340,4122,1.0,0,0,3,8,1340,0,2007,0,98053,47.7182,-122.022,1350,4273
23768,20140811T000000,3,2.25,1820,8316,1.0,0,0,5,7,1320,500,1960,0,98005,47.5849,-122.169,1780,8400
26721,20141103T000000,2,1.0,810,4838,1.0,0,0,3,5,810,0,1938,0,98055,47.4909,-122.203,890,4838
14650,20150501T000000,4,2.0,2280,8339,1.0,0,0,4,7,1220,1060,1954,0,98115,47.6986,-122.297,1970,8340
31312,20141022T000000,4,2.5,3170,32430,2.5,0,0,3,10,3170,0,1989,0,98053,47.6903,-122.056,3360,35610
19245,20140804T000000,2,1.0,570,81893,1.0,0,1,3,6,570,0,1936,0,98070,47.4433,-122.444,2040,115434
25997,20150414T000000,4,1.75,1870,6000,1.0,0,0,5,8,1670,200,1949,0,98199,47.6435,-122.399,1710,6000
28627,20140626T000000,3,3.25,1370,913,2.0,0,0,3,8,1100,270,2006,0,98116,47.5636,-122.388,1370,915
16426,20140905T000000,4,1.75,1520,9600,1.0,0,0,4,7,1000,520,1955,0,98006,47.5763,-122.154,1510,9000
28903,20150323T000000,3,1.75,1900,11407,1.0,0,0,3,8,1900,0,1963,0,98155,47.7455,-122.294,1710,11407
18392,20140711T000000,7,2.75,2310,2400,1.5,0,0,3,6,2310,0,1915,0,98117,47.6775,-122.39,1340,3825
18057,20150317T000000,6,3.75,2770,5000,1.0,0,0,3,8,1870,900,1969,0,98107,47.669,-122.365,1570,2108
31483,20141031T000000,4,4.5,3080,10550,2.0,0,3,3,8,1940,1140,1976,2007,98040,47.5806,-122.244,2780,10550
15738,20141120T000000,2,2.5,1560,1222,2.0,0,0,3,8,1080,480,2008,0,98122,47.604,-122.307,1560,2081
20921,20140714T000000,2,1.0,1150,3600,1.0,0,0,3,6,1150,0,1910,0,98144,47.5729,-122.31,1160,4000
27007,20140723T000000,5,2.75,3360,12080,2.0,0,0,3,9,3360,0,2014,0,98011,47.7757,-122.173,3360,9724
21751,20141220T000000,2,1.0,1360,9367,1.0,0,0,4,6,680,680,1924,0,98155,47.7689,-122.315,1360,7543
12874,20140515T000000,3,2.5,1870,7344,1.0,0,0,3,8,1470,400,1980,0,98034,47.7265,-122.206,1930,7344
25045,20150109T000000,2,1.0,770,7434,1.0,0,0,3,6,770,0,1947,0,98155,47.7606,-122.32,1060,7453
13354,20141202T000000,2,1.0,1060,3588,1.0,0,0,4,7,960,100,1926,0,98107,47.6721,-122.395,1570,3741
23546,20140618T000000,6,1.0,1370,5080,1.5,0,0,3,6,1120,250,1931,0,98106,47.5238,-122.35,1020,5080
27949,20150409T000000,4,1.5,1180,8058,1.0,0,0,5,7,1180,0,1969,0,98092,47.2966,-122.19,1800,9348
11821,20140801T000000,3,2.25,1130,1221,2.0,0,0,3,8,1030,100,2004,0,98117,47.6799,-122.375,1300,5000
30067,20150212T000000,2,2.5,2170,7665,1.0,0,2,3,8,2170,0,2013,0,98053,47.7112,-122.019,2300,7100
11233,20141010T000000,4,2.75,2450,5376,1.5,0,0,4,7,1550,900,1920,0,98117,47.6865,-122.396,1920,5264
12011,20141010T000000,3,1.5,1620,7500,1.0,0,2,4,8,1620,0,1949,0,98117,47.7014,-122.381,2440,7800
11987,20141003T000000,2,1.0,780,8160,1.0,0,0,4,6,780,0,1953,0,98133,47.7356,-122.34,1310,8160
26474,20150310T000000,4,2.5,2980,5896,2.0,0,0,3,8,2980,0,2001,0,98053,47.6872,-122.036,2900,5712
15617,20140911T000000,2,1.75,1460,426450,1.0,0,0,5,7,960,500,1966,0,98022,47.2079,-121.967,1810,17350
16703,20150325T000000,3,1.0,1250,8276,1.5,0,0,5,6,1250,0,1939,0,98022,47.2092,-121.997,1250,8792
21267,20140806T000000,4,1.5,1760,6150,1.5,0,0,3,7,1760,0,1951,0,98031,47.3871,-122.224,1760,8276
17016,20141023T000000,3,1.0,1340,4000,1.5,0,0,4,7,1340,0,1927,0,98105,47.6652,-122.288,1510,4000
22028,20140604T000000,5,2.5,2650,11455,1.0,0,0,3,7,1400,1250,1961,0,98008,47.6141,-122.116,1960,9880
32263,20150313T000000,5,2.25,3120,16672,2.0,0,0,4,9,3120,0,1969,0,98004,47.6458,-122.219,3740,17853
26408,20140725T000000,5,2.0,1900,5470,1.0,0,0,3,7,1180,720,1930,1965,98105,47.6666,-122.303,1300,3250
22413,20140918T000000,4,2.5,2900,9972,2.0,0,0,3,9,2900,0,1993,0,98006,47.5536,-122.121,2901,8567
31941,20141013T000000,2,1.0,850,3276,1.0,0,0,3,6,850,0,1910,0,98103,47.6742,-122.35,1460,4100
30961,20140707T000000,3,1.0,960,9563,1.0,0,0,5,7,960,0,1967,0,98023,47.2864,-122.357,1280,9600
29093,20140715T000000,4,2.25,2290,12174,1.0,1,4,3,7,1490,800,1948,0,98178,47.5114,-122.245,2290,9379
12284,20150421T000000,4,4.5,4490,24767,2.0,0,2,3,11,3800,690,1998,0,98006,47.5544,-122.147,3370,32700
31976,20140904T000000,3,2.5,1610,1728,3.0,0,0,3,8,1610,0,2000,0,98115,47.6776,-122.318,1540,3090
19341,20141112T000000,4,3.0,2910,8540,2.0,0,0,3,9,2910,0,2003,0,98059,47.5223,-122.156,3040,6091
10844,20150316T000000,2,1.0,1600,8961,1.0,0,0,4,7,1390,210,1949,0,98002,47.3098,-122.21,1502,6798
14805,20140613T000000,3,1.0,1540,3399,1.5,0,0,3,7,1200,340,1926,0,98117,47.6853,-122.359,1500,3914
29832,20140623T000000,3,2.5,2260,10153,2.0,0,0,3,10,2260,0,1987,0,98074,47.641,-122.068,2740,10153
30843,20141201T000000,2,1.5,1090,4013,1.5,0,0,3,7,1090,0,1900,0,98103,47.6652,-122.338,1390,4013
21863,20150112T000000,5,2.0,2540,11750,1.0,0,0,3,7,1480,1060,1962,0,98155,47.7754,-122.291,2000,12000
27317,20150107T000000,4,2.75,3580,12000,1.0,0,0,3,10,1840,1740,1979,0,98074,47.6319,-122.05,2910,12428
32228,20140611T000000,3,2.5,2456,7566,2.0,0,0,3,8,2456,0,2012,0,98023,47.297,-122.351,2478,7212
17650,20150408T000000,4,1.0,1010,7200,1.5,0,0,3,6,1010,0,1947,0,98155,47.742,-122.325,1360,7200
23976,20141013T000000,4,2.5,2580,9450,1.0,0,0,4,8,1660,920,1959,0,98125,47.703,-122.28,2060,9450
26709,20150424T000000,3,1.5,1280,1920,1.5,0,0,3,7,1280,0,1905,1990,98122,47.6117,-122.301,1280,3150
30213,20141120T000000,3,2.25,1610,7084,1.0,0,0,4,8,1280,330,1968,0,98023,47.3146,-122.384,2170,8505
24285,20140908T000000,3,1.0,840,8470,1.0,0,0,4,6,840,0,1961,0,98023,47.3275,-122.338,840,8450
25268,20150409T000000,3,1.5,3000,5750,2.0,0,0,5,9,2000,1000,1924,0,98116,47.5821,-122.39,1820,5750
22054,20140506T000000,3,1.75,1260,6500,1.0,0,0,4,7,1260,0,1966,0,98008,47.6224,-122.116,1500,7700
22026,20150409T000000,4,1.75,2330,8800,1.0,0,2,4,7,1260,1070,1961,0,98008,47.6148,-122.113,2270,8800
29007,20140722T000000,2,1.0,980,5110,1.0,0,0,4,7,780,200,1939,0,98115,47.7002,-122.314,1430,5110
12131,20140530T000000,5,2.5,3090,23265,1.0,0,0,3,8,2990,100,1957,0,98011,47.7709,-122.212,2560,18773
24489,20141014T000000,4,2.75,3150,7379,1.5,0,0,4,7,2430,720,1915,0,98115,47.6968,-122.3,1990,7379
16814,20150310T000000,4,1.75,1260,7250,1.0,0,0,3,6,1260,0,1943,0,98027,47.5267,-122.032,1880,7250
26856,20140617T000000,4,3.5,4170,9748,2.0,0,0,3,11,4170,0,2004,0,98059,47.528,-122.132,4560,10589
22404,20140827T000000,4,3.5,4560,16643,1.0,0,3,3,12,2230,2330,1995,0,98006,47.5521,-122.115,4060,15177
26879,20150206T000000,4,2.5,1560,7800,2.0,0,0,3,7,1560,0,1997,0,98168,47.514,-122.316,1160,7800
15751,20141217T000000,3,1.75,1500,7475,1.0,0,0,4,8,1500,0,1976,0,98023,47.3155,-122.365,1940,7475
23005,20150302T000000,4,2.75,2750,17789,1.5,0,0,3,8,1980,770,1914,1992,98004,47.6141,-122.212,3060,11275
23290,20141027T000000,3,1.0,1310,9529,1.0,0,0,3,7,1310,0,1956,0,98198,47.4105,-122.295,1330,9529
27394,20141112T000000,5,1.0,1500,3978,2.0,0,0,3,7,1500,0,1929,0,98117,47.6811,-122.383,1350,4080
27554,20140813T000000,3,1.75,2000,12669,1.0,0,3,4,7,1200,800,1965,0,98070,47.3579,-122.446,1580,12055
19972,20140623T000000,4,1.5,1150,9360,1.5,0,0,3,6,1150,0,1970,0,98034,47.7197,-122.173,1480,8155
20431,20140711T000000,4,2.5,1920,4600,2.0,0,0,3,7,1920,0,2002,0,98038,47.3795,-122.023,2200,6600
31928,20140617T000000,2,2.5,1380,953,3.0,0,0,3,9,1380,0,2006,0,98103,47.6654,-122.355,1430,3400
21926,20150226T000000,3,2.25,1420,6600,1.0,0,0,3,7,1160,260,1987,0,98028,47.77,-122.265,1920,7902
29457,20150326T000000,5,3.5,2980,5100,2.0,0,0,3,10,2370,610,2015,0,98115,47.6782,-122.299,1780,5100
25376,20150331T000000,3,1.75,1540,9000,1.0,0,0,3,8,1540,0,1971,0,98125,47.7152,-122.322,1710,7488
31859,20140513T000000,4,2.25,2510,8165,1.0,0,0,4,7,1610,900,1972,0,98023,47.3092,-122.372,1940,8250
16977,20150317T000000,4,2.5,3190,10034,2.0,0,0,3,9,3190,0,2007,0,98052,47.6379,-122.111,2110,9300
17798,20150408T000000,4,2.5,2390,4200,2.0,0,0,3,9,2150,240,1924,0,98102,47.6272,-122.318,2800,5250
19130,20141103T000000,3,1.75,1660,12865,1.0,0,0,5,7,1660,0,1967,0,98056,47.5375,-122.175,1610,12400
20476,20141113T000000,3,2.5,1910,11550,1.5,0,0,3,8,1910,0,2003,0,98074,47.6213,-122.064,2230,11550
26990,20150423T000000,3,1.0,1300,8184,2.0,0,0,3,6,1300,0,1947,0,98155,47.7469,-122.319,1120,8184
19198,20150411T000000,3,1.75,1730,9893,1.0,0,0,4,9,1730,0,1988,0,98042,47.3747,-122.164,2120,9108
23311,20150312T000000,3,1.75,1360,13320,1.0,0,0,4,7,1360,0,1985,0,98059,47.4625,-122.069,1580,13625
18510,20150408T000000,2,2.5,1720,3132,2.0,0,0,3,8,1720,0,1999,0,98042,47.3728,-122.157,1740,4220
29452,20141202T000000,3,1.75,1720,7202,1.0,0,0,3,7,1720,0,1995,0,98056,47.5044,-122.19,1720,7625
19025,20150426T000000,3,2.5,2660,206480,1.0,0,0,3,8,2660,0,1989,0,98024,47.6042,-121.956,2660,206736
12550,20150324T000000,5,2.25,3100,97661,2.0,0,0,3,9,3100,0,1986,0,98053,47.6624,-122.062,2370,53993
20223,20140818T000000,4,2.0,1540,5920,1.5,0,0,5,7,1540,0,1935,0,98125,47.7148,-122.301,1630,6216
12580,20141028T000000,3,1.0,1050,5233,1.0,0,0,5,5,1050,0,1906,0,98010,47.3106,-121.999,970,7500
13663,20141216T000000,3,2.5,2260,5500,1.5,0,0,3,7,1280,980,1910,0,98117,47.681,-122.388,1790,5355
23749,20150429T000000,2,1.0,770,8600,1.0,0,0,4,4,770,0,1914,0,98027,47.5325,-122.031,1420,6960
24921,20140519T000000,2,1.0,700,2334,1.0,0,0,3,7,700,0,1945,0,98117,47.701,-122.39,2300,5000
25566,20140505T000000,3,3.0,1571,2017,3.0,0,0,3,8,1571,0,2008,0,98125,47.7338,-122.309,1520,1497
18850,20140703T000000,5,3.0,3420,18129,2.0,0,0,3,9,2540,880,1952,2005,98040,47.5333,-122.217,3750,16316
15750,20150428T000000,4,2.0,2920,10424,1.0,0,0,5,8,1520,1400,1964,0,98005,47.5876,-122.172,2360,10696
12154,20140926T000000,4,2.75,3190,5408,2.0,0,0,3,9,3190,0,2005,0,98075,47.5903,-121.988,3160,5773
14643,20141120T000000,3,2.5,2100,6825,2.0,0,0,3,8,2100,0,1994,0,98055,47.4314,-122.189,2180,7614
21616,20150417T000000,3,2.5,2120,7401,2.0,0,0,3,8,2120,0,1989,0,98029,47.5781,-122.018,2010,7972
19850,20150408T000000,3,2.0,1720,11875,1.0,0,0,5,6,1720,0,1905,0,98056,47.5068,-122.191,1860,7500
22826,20140820T000000,3,1.0,1300,9600,1.0,0,0,4,6,1300,0,1975,0,98092,47.3037,-122.107,1150,10222
24465,20140620T000000,3,1.75,1880,11249,1.0,0,0,3,7,1330,550,1985,0,98001,47.3295,-122.257,1870,14547
19674,20140721T000000,4,1.0,1390,17739,1.0,0,0,3,7,1390,0,1958,0,98003,47.3457,-122.302,1230,7840
24176,20150107T000000,5,2.75,2980,13482,1.0,0,0,4,8,1730,1250,1975,0,98042,47.3774,-122.16,2900,14800
30239,20150310T000000,2,1.75,1950,8200,1.0,0,0,3,8,1950,0,1975,0,98023,47.3161,-122.382,2370,8000
15241,20150311T000000,3,1.0,1350,9680,1.0,0,0,4,7,820,530,1959,0,98023,47.3274,-122.346,1320,9225
15097,20150417T000000,3,2.25,1580,920,3.0,0,0,3,8,1580,0,2015,0,98106,47.5578,-122.363,1250,1150
24631,20140707T000000,4,2.25,2350,18600,2.0,0,0,4,9,2350,0,1977,0,98028,47.7473,-122.257,2880,14400
16369,20141118T000000,3,1.5,1400,9600,1.0,0,0,4,7,1400,0,1964,0,98003,47.2878,-122.297,2210,15000
18033,20150327T000000,3,2.75,2610,5000,2.0,0,0,4,7,1710,900,1946,0,98107,47.6729,-122.373,1500,5000
23453,20140714T000000,4,2.5,1830,4500,2.0,0,0,3,7,1830,0,2004,0,98038,47.3504,-122.005,2080,5100
20844,20150219T000000,4,2.5,2590,7910,2.0,0,0,3,9,2590,0,2003,0,98028,47.7378,-122.248,2110,11761
18701,20150320T000000,4,2.0,1600,10160,1.0,0,0,4,7,1600,0,1972,0,98022,47.2015,-122.003,1540,9352
29749,20150403T000000,3,1.75,1480,8165,1.0,0,0,4,7,1480,0,1985,0,98042,47.3624,-122.079,1450,7939
18362,20140825T000000,4,1.5,1620,5444,1.5,0,0,3,8,1620,0,1955,0,98125,47.7065,-122.297,1620,6912
23390,20150416T000000,3,1.0,1600,6380,1.5,0,0,3,7,1400,200,1939,0,98125,47.7015,-122.317,1760,6380
30282,20140722T000000,3,2.5,2510,3819,2.0,0,0,3,8,2510,0,2007,0,98052,47.6987,-122.096,2520,3990
23370,20150212T000000,2,1.0,1340,6380,1.0,0,0,3,7,890,450,1939,0,98115,47.697,-122.313,1380,6380
19061,20150225T000000,6,2.0,2650,4621,1.5,0,0,3,8,2650,0,1911,0,98118,47.5543,-122.275,1640,4879
25199,20141111T000000,4,2.5,2716,7850,2.0,0,0,3,9,2716,0,2014,0,98030,47.352,-122.197,2580,14448
22560,20140801T000000,4,3.5,3350,9681,1.0,0,1,3,7,2140,1210,1980,0,98198,47.3978,-122.322,2580,9681
27241,20150424T000000,2,1.0,1000,6000,1.0,0,0,3,6,1000,0,1951,0,98126,47.5208,-122.372,1250,6000
29285,20140814T000000,3,2.5,3040,5326,2.0,0,0,3,9,3040,0,2008,0,98055,47.4472,-122.207,3040,5442
13016,20150501T000000,4,3.25,3910,7500,2.0,0,2,4,11,2550,1360,1933,0,98199,47.6448,-122.409,3070,7500
22836,20140730T000000,2,1.0,1170,6543,1.0,0,0,3,7,1170,0,1913,0,98136,47.537,-122.385,1550,7225
18269,20150225T000000,5,2.25,1820,10500,1.0,0,0,4,7,1080,740,1979,0,98031,47.4058,-122.177,1820,7500
15598,20140630T000000,2,1.0,930,7623,1.0,0,0,2,6,930,0,1942,0,98166,47.467,-122.349,1300,7641
21998,20140606T000000,4,2.25,1740,8449,1.0,0,0,4,7,1170,570,1958,0,98008,47.6079,-122.123,1980,11175
24710,20140623T000000,3,1.5,1270,2356,2.0,0,0,3,7,1270,0,2012,0,98108,47.5671,-122.298,1490,2175
15070,20140528T000000,3,1.0,1160,11776,1.0,0,0,3,7,1160,0,1968,0,98077,47.7427,-122.074,1160,10050
19390,20141222T000000,3,2.0,1360,9688,1.0,0,0,4,7,1360,0,1983,0,98003,47.2574,-122.31,1390,9685
25465,20140705T000000,3,1.75,1470,4950,1.0,0,0,3,7,1030,440,1984,0,98133,47.7325,-122.337,1100,5250
13090,20140502T000000,4,2.5,2730,12261,2.0,0,0,3,9,2730,0,1991,0,98011,47.7419,-122.205,2730,10872
20433,20150414T000000,3,2.25,2300,8067,1.0,0,0,4,8,1300,1000,1979,0,98034,47.7091,-122.198,2120,9524
12020,20150320T000000,3,2.5,2680,4990,1.0,0,0,5,8,1440,1240,1951,0,98199,47.6538,-122.393,2320,6000
18165,20140715T000000,3,2.0,1880,4000,1.0,0,2,3,8,1280,600,1950,0,98199,47.6375,-122.391,1920,4000
14048,20150310T000000,3,2.0,1160,10079,1.0,0,0,3,7,1160,0,1986,0,98019,47.7341,-121.976,1130,10087
14764,20141105T000000,2,2.0,2640,13939,1.0,0,1,5,8,1640,1000,1963,0,98006,47.5647,-122.165,2880,14810
11175,20140729T000000,4,3.5,3760,57063,2.0,0,0,3,9,2950,810,1998,0,98053,47.6328,-121.964,2870,28945
31519,20140723T000000,4,2.25,1860,9576,1.0,0,0,3,7,1400,460,1962,0,98032,47.3612,-122.284,1860,9576
25388,20140522T000000,3,1.0,1070,6109,1.0,0,0,5,7,1070,0,1951,0,98125,47.7207,-122.32,1170,7200
13324,20140623T000000,5,2.5,4470,35124,2.5,0,0,3,11,4470,0,1984,0,98072,47.7377,-122.084,4050,34118
22519,20150317T000000,3,1.75,1920,11340,1.0,0,0,4,7,1230,690,1977,0,98023,47.3272,-122.362,1980,9638
18934,20140813T000000,3,2.5,1460,1614,2.0,0,0,3,8,1180,280,2007,0,98117,47.6781,-122.374,1380,1402
27194,20141118T000000,4,2.5,2550,8824,2.0,0,0,3,9,2550,0,1990,0,98031,47.3979,-122.212,2630,11237
31677,20150212T000000,3,2.5,2360,8764,2.0,0,0,3,8,2360,0,1991,0,98022,47.2114,-122.009,2360,8746
17725,20150313T000000,5,2.5,3750,91681,2.0,1,4,3,10,3750,0,1925,0,98118,47.5379,-122.264,3540,24293
24218,20140618T000000,3,1.75,1050,6150,1.5,0,0,4,6,950,100,1928,0,98116,47.5715,-122.394,1360,6150
14922,20150121T000000,4,2.5,2640,8055,2.0,0,0,3,9,2640,0,2004,0,98092,47.315,-122.193,1650,8055
20526,20140825T000000,4,2.5,2300,10880,1.0,0,0,4,7,1190,1110,1961,0,98028,47.7341,-122.242,1960,10400
20842,20140829T000000,3,1.75,2110,10454,1.0,0,0,4,8,1440,670,1978,0,98028,47.7344,-122.246,1990,10890
15597,20141117T000000,3,1.5,1550,7260,1.5,0,0,2,6,1550,0,1925,0,98166,47.4693,-122.349,1190,7620
14739,20140926T000000,4,1.5,1480,47045,1.0,0,0,5,6,1480,0,1942,0,98168,47.4809,-122.3,1530,11000
17020,20150317T000000,2,2.5,1330,1249,3.0,0,0,3,8,1330,0,2004,0,98105,47.6668,-122.285,1430,1328
21553,20141230T000000,3,1.75,1290,8580,1.0,0,0,4,7,1290,0,1962,0,98033,47.6707,-122.174,1840,8580
24303,20140924T000000,3,3.0,3030,35123,2.0,0,0,4,8,1760,1270,1984,0,98027,47.4694,-122.006,2810,36205
25437,20141117T000000,3,1.0,1340,4120,1.0,0,0,4,7,1040,300,1921,0,98103,47.6916,-122.352,1270,4635
18658,20140925T000000,3,1.5,2580,47480,1.0,0,0,3,7,1360,1220,1953,0,98024,47.5333,-121.933,1760,48181
29146,20141210T000000,4,2.5,2580,7465,2.0,0,0,3,8,2580,0,1993,0,98074,47.6319,-122.022,2350,7596
23529,20150223T000000,3,1.5,1540,11858,1.0,0,0,4,7,1540,0,1966,0,98059,47.4755,-122.157,1550,11473
13950,20141013T000000,4,2.25,2480,6000,2.0,0,2,3,10,2380,100,1929,0,98199,47.6392,-122.406,3030,5600
19240,20141217T000000,3,1.0,1010,14510,1.0,0,0,5,7,1010,0,1974,0,98042,47.3437,-122.078,2020,44866
21437,20141224T000000,3,1.75,1820,8400,1.0,0,0,3,7,1340,480,1976,0,98072,47.734,-122.17,1900,8112
12791,20140903T000000,2,1.25,1230,1569,2.0,0,0,3,9,1050,180,2009,0,98112,47.6193,-122.304,1100,1230
13322,20141010T000000,3,2.25,2420,23507,1.0,0,0,4,8,2420,0,1969,0,98027,47.5107,-122.027,2540,22257
17898,20150408T000000,2,1.0,820,4206,1.0,0,0,3,5,820,0,1949,0,98125,47.7076,-122.284,1810,7200
31513,20150512T000000,3,2.5,1660,1091,3.0,0,1,3,9,1530,130,2015,0,98116,47.5818,-122.402,1510,1352
23899,20140514T000000,5,3.0,2257,10117,1.0,0,0,3,8,1363,894,2005,0,98188,47.4524,-122.284,1540,10700
27461,20150327T000000,4,2.25,2280,7229,2.0,0,0,4,8,2280,0,1984,0,98027,47.5609,-122.081,2320,7735
23528,20140627T000000,5,1.75,2330,14322,1.0,0,0,4,7,1180,1150,1968,0,98059,47.4768,-122.155,1690,10010
27234,20141016T000000,3,1.75,710,5050,1.0,0,0,4,6,710,0,1950,0,98126,47.5194,-122.375,900,5050
21687,20141117T000000,4,1.75,2630,11213,1.0,0,2,4,8,1430,1200,1948,0,98177,47.7158,-122.366,2240,15186
12561,20140903T000000,3,2.25,2080,50965,1.0,0,0,3,8,1590,490,1979,0,98077,47.7506,-122.063,2270,51836
11890,20140508T000000,3,2.5,2920,3942,3.0,0,0,3,10,2920,0,2008,0,98056,47.531,-122.204,2920,3942
16763,20150202T000000,3,1.0,1510,8800,1.0,0,0,4,7,1010,500,1963,0,98003,47.329,-122.33,1290,8470
30869,20150304T000000,3,2.0,2140,3600,2.0,0,0,3,8,1680,460,1911,1997,98116,47.5846,-122.383,2340,5400
19815,20140813T000000,4,2.5,2560,5672,2.0,0,1,3,8,2560,0,2005,0,98056,47.5222,-122.201,2190,6788
24877,20150428T000000,2,1.0,790,11234,1.0,0,0,4,6,790,0,1942,0,98166,47.4413,-122.349,1930,11871
13746,20141009T000000,4,1.5,2070,7245,1.0,0,0,4,7,1060,1010,1964,0,98001,47.3417,-122.281,1450,7350
15217,20150202T000000,3,2.0,1790,7212,1.0,0,0,4,8,1790,0,1998,0,98042,47.3898,-122.154,2330,7212
22112,20140609T000000,2,1.0,1000,31505,1.0,0,0,3,6,1000,0,1960,0,98019,47.7659,-121.899,1560,22597
25283,20141117T000000,4,2.0,2240,7085,1.5,0,0,3,7,2240,0,1944,1992,98125,47.7309,-122.305,1440,7085
19501,20150203T000000,4,2.5,2090,8325,1.0,0,0,4,7,1470,620,1983,0,98056,47.4888,-122.184,1700,8025
27598,20141222T000000,3,2.25,1550,6022,2.0,0,0,3,8,1550,0,1989,0,98003,47.3525,-122.304,1650,5627
27687,20140609T000000,3,2.5,1720,1715,2.0,0,0,3,7,1240,480,2004,0,98136,47.5481,-122.384,1610,1626
19834,20141020T000000,5,4.5,2120,8944,2.0,1,4,5,8,2120,0,1939,1963,98006,47.5488,-122.197,2870,8944
11288,20140725T000000,4,2.75,2100,7236,1.0,0,0,3,8,1400,700,1979,0,98034,47.7267,-122.232,1900,7519
23398,20140801T000000,2,1.0,900,5413,1.0,0,0,3,7,900,0,1947,0,98125,47.7047,-122.307,1280,6380
30816,20150225T000000,4,3.5,1880,1341,3.0,0,0,3,8,1650,230,2007,0,98122,47.6053,-122.306,1740,1883
17444,20150217T000000,3,1.75,1780,11096,1.0,0,0,3,7,1210,570,1979,0,98074,47.617,-122.051,1780,10640
28162,20140605T000000,5,4.75,5180,17811,2.0,0,2,3,11,4070,1110,2001,0,98065,47.5405,-121.868,3960,15103
13609,20140523T000000,2,2.0,1140,8282,1.0,0,0,3,6,1140,0,1924,2009,98033,47.6949,-122.21,1650,9000
11622,20140925T000000,3,2.5,1360,3718,2.0,0,0,3,7,1360,0,1987,0,98052,47.6827,-122.097,1090,3718
27698,20140926T000000,4,2.5,2020,9600,2.0,0,0,4,7,2020,0,1954,0,98136,47.5434,-122.395,2250,8550
13650,20140924T000000,4,1.0,2290,6300,1.5,0,4,4,7,2150,140,1921,0,98144,47.5917,-122.29,2390,6300
22159,20150409T000000,3,2.0,2220,94300,1.0,0,0,5,7,1640,580,1976,0,98010,47.3459,-121.95,2070,80100
27266,20150106T000000,4,2.5,1990,5577,2.0,0,0,3,7,1990,0,1999,0,98092,47.3191,-122.191,2020,6400
24573,20140603T000000,3,2.0,1200,9566,1.0,0,0,3,7,1200,0,1995,0,98001,47.2649,-122.252,1590,9518
20440,20150401T000000,4,1.75,1860,9750,1.0,0,0,3,7,1460,400,1969,0,98034,47.7097,-122.202,1900,8913
21813,20140822T000000,3,1.0,970,5000,1.0,0,0,3,6,970,0,1968,0,98118,47.5282,-122.279,1290,5875
16702,20141027T000000,2,1.0,1570,125452,1.0,0,3,4,7,1570,0,1953,0,98022,47.2077,-122.016,1660,46119
16202,20140814T000000,4,2.5,2040,7800,2.0,0,0,3,7,2040,0,2003,0,98168,47.473,-122.293,1860,10954
17629,20150409T000000,4,3.0,3540,10202,2.0,0,0,3,8,2720,820,1988,0,98006,47.5471,-122.155,2780,10714
22374,20140825T000000,3,2.25,2200,8375,2.0,0,0,3,8,2200,0,1988,0,98092,47.2626,-122.218,2200,10002
16193,20140825T000000,4,2.5,2370,6000,2.0,0,0,3,8,2370,0,2001,0,98030,47.3732,-122.179,2190,6070
31421,20140715T000000,4,2.25,2290,10409,2.0,0,0,3,8,2290,0,1972,0,98005,47.6351,-122.168,2040,10409
27877,20141231T000000,4,2.5,3210,18901,2.0,0,0,3,10,3210,0,1993,0,98077,47.709,-122.073,3330,18901
28967,20140718T000000,3,2.5,1580,7000,2.0,0,0,3,8,1580,0,1992,0,98030,47.3659,-122.17,2110,7062
19531,20140923T000000,3,2.5,1990,15985,1.0,0,0,3,8,1540,450,1964,0,98007,47.6205,-122.141,2470,10125
25111,20140514T000000,4,1.75,2010,8625,1.0,0,0,4,7,1340,670,1957,0,98133,47.7496,-122.355,1500,8400
24926,20141008T000000,3,2.25,2410,9668,1.0,0,1,4,8,1540,870,1965,0,98117,47.6996,-122.391,2510,5250
19342,20140818T000000,4,2.5,2780,4688,2.0,0,0,3,9,2780,0,2003,0,98059,47.5225,-122.156,3000,6029
16067,20140617T000000,4,2.0,1870,6000,1.5,0,0,3,7,1870,0,1956,0,98125,47.7155,-122.315,1520,7169
15003,20141008T000000,2,2.5,2310,3313,2.0,0,0,3,9,2310,0,2006,0,98119,47.6318,-122.365,2700,5670
31949,20150407T000000,4,3.25,2740,5339,2.5,0,0,3,9,2740,0,2004,0,98103,47.6706,-122.356,1770,4820
30051,20140828T000000,2,2.5,2380,6600,1.0,0,0,3,8,2380,0,2010,0,98053,47.717,-122.02,1870,6600
29626,20141009T000000,3,2.5,2810,4607,2.0,0,0,3,8,2810,0,2004,0,98011,47.7735,-122.227,2540,4871
18989,20140715T000000,4,2.0,2440,9600,1.0,0,0,5,7,1220,1220,1963,0,98031,47.4142,-122.179,1370,9600
31051,20141028T000000,3,2.5,1860,43170,2.0,0,0,3,8,1860,0,1986,0,98072,47.7712,-122.136,2270,40835
29237,20141022T000000,3,2.75,2670,4800,2.0,0,0,3,8,2670,0,2014,0,98038,47.3483,-122.042,2340,5000
31596,20150422T000000,2,1.75,1460,10500,1.0,0,0,3,7,1460,0,1980,0,98045,47.4461,-121.768,1340,9600
30583,20140903T000000,4,1.5,1380,7800,1.0,0,0,3,7,1080,300,1928,0,98125,47.7093,-122.306,1770,7503
13419,20150410T000000,5,1.75,2330,6000,1.5,0,0,3,8,2080,250,1937,0,98199,47.6461,-122.392,2150,6000
18479,20150421T000000,3,2.25,1820,9150,1.0,0,0,3,7,1320,500,1961,0,98133,47.737,-122.334,1780,8055
31203,20140924T000000,3,1.0,1200,7000,2.0,0,0,1,7,1200,0,1908,0,98116,47.5883,-122.384,3290,6000
13149,20140930T000000,1,1.0,1090,8750,1.0,0,0,4,6,1090,0,1924,0,98118,47.54,-122.269,1830,5000
15215,20150514T000000,4,2.5,2580,11780,2.0,0,0,3,9,2580,0,2003,0,98038,47.3658,-122.04,2410,8403
16112,20141009T000000,5,3.25,4300,9270,2.0,0,3,3,10,2910,1390,1957,2009,98116,47.5717,-122.409,2780,6610
21516,20150120T000000,3,2.5,2044,5610,2.0,0,0,4,9,2044,0,1996,0,98033,47.6791,-122.209,2440,5610
18404,20141222T000000,5,2.5,2780,9272,2.0,0,0,3,8,2780,0,2014,0,98126,47.5168,-122.378,1150,8460
28889,20141104T000000,3,1.75,1380,4590,1.0,0,0,2,7,930,450,1950,0,98115,47.6841,-122.293,1320,4692
11280,20140828T000000,3,1.0,1300,8266,1.0,0,0,4,7,1300,0,1953,0,98004,47.6337,-122.199,1300,8707
21130,20150422T000000,3,1.75,1560,3000,1.0,0,0,4,6,770,790,1918,0,98103,47.6846,-122.345,1390,3000
14395,20150429T000000,3,1.75,1380,8400,1.0,0,0,3,7,1380,0,1967,0,98003,47.3117,-122.321,1540,8400
25514,20140919T000000,4,2.5,1934,5677,2.0,0,0,3,8,1934,0,2013,0,98001,47.2602,-122.252,1919,5049
26884,20150226T000000,3,1.75,1750,9623,1.0,0,0,3,7,1150,600,1962,0,98198,47.3997,-122.313,1820,9623
26809,20150403T000000,4,1.0,1500,5750,1.5,0,0,3,6,1500,0,1925,0,98055,47.4768,-122.206,1330,5750
29966,20150316T000000,3,2.5,2200,6005,2.0,0,0,3,9,2200,0,1997,0,98072,47.7408,-122.169,2320,6098
29497,20150309T000000,4,2.5,3080,8451,1.0,0,0,3,7,1540,1540,1969,0,98052,47.674,-122.154,1550,8125
26405,20140924T000000,2,1.5,1660,4000,1.0,0,0,3,7,1000,660,1950,0,98115,47.6832,-122.304,1570,5500
16751,20140801T000000,3,2.5,3420,79279,2.0,0,0,3,11,3420,0,1990,0,98052,47.7225,-122.126,4240,40500
29523,20140704T000000,3,2.5,2320,7609,2.0,0,0,3,8,2320,0,2003,0,98027,47.5391,-122.069,2590,4000
29582,20141230T000000,3,2.5,2430,5400,2.0,0,0,3,8,2430,0,2007,0,98074,47.6062,-122.057,2640,11990
28552,20141002T000000,4,2.75,1810,8677,1.5,0,0,3,7,1810,0,1962,0,98198,47.3668,-122.31,1740,8677
22310,20140626T000000,4,3.0,4040,20001,1.0,0,0,3,9,2020,2020,1972,2001,98004,47.6408,-122.212,2990,20098
22890,20141112T000000,2,1.0,710,9900,1.0,0,0,3,6,710,0,1943,0,98166,47.479,-122.339,1070,9900
10840,20140707T000000,3,1.5,1640,7222,2.0,0,0,4,7,1640,0,1908,0,98108,47.5215,-122.33,1240,5100
30304,20140522T000000,3,2.75,2200,14925,1.0,0,0,3,6,1100,1100,1982,0,98053,47.6606,-122.059,1520,14212
25655,20140602T000000,3,2.25,2130,8721,1.0,0,0,3,8,1570,560,1987,0,98031,47.4202,-122.204,2130,9477
31987,20140912T000000,2,1.5,901,1245,3.0,0,0,3,7,901,0,2001,0,98115,47.6774,-122.325,1138,1137
22969,20140604T000000,3,2.25,2370,9619,1.0,0,0,4,8,1650,720,1973,0,98052,47.6366,-122.099,1960,9712
26929,20140813T000000,3,1.75,2290,8234,1.0,0,0,4,7,1250,1040,1950,0,98133,47.7611,-122.351,1660,7200
16365,20140819T000000,3,2.0,1260,22100,2.0,0,0,4,7,1260,0,1981,0,98023,47.2772,-122.354,1430,13000
30673,20150402T000000,3,2.5,2110,4549,2.0,0,0,4,8,2110,0,1989,0,98042,47.3885,-122.154,2110,4030
19458,20140619T000000,3,2.5,1800,2700,2.0,0,0,3,8,1800,0,2011,0,98126,47.5458,-122.369,1380,1200
12976,20150105T000000,4,2.5,1981,4828,2.0,0,0,3,8,1981,0,2013,0,98092,47.3252,-122.167,1981,3783
28301,20150216T000000,5,3.25,3400,4499,2.0,0,0,3,8,2740,660,2005,0,98065,47.5385,-121.88,3400,6163
22155,20140602T000000,2,1.5,1140,2980,2.0,0,0,3,7,1140,0,1988,0,98029,47.5707,-122.018,1150,2981
15797,20140506T000000,3,2.5,1790,7167,2.0,0,0,3,8,1790,0,1989,0,98074,47.6176,-122.045,1680,7418
28188,20141020T000000,3,2.5,2100,4700,2.0,0,0,3,8,2100,0,1999,0,98065,47.5341,-121.867,2100,4700
20720,20140820T000000,3,3.25,1710,2381,2.0,0,0,3,8,1360,350,2003,0,98029,47.5477,-122.004,1420,1163
21426,20141226T000000,3,2.0,1620,7800,1.0,0,0,3,7,1200,420,1969,0,98034,47.7288,-122.171,1540,7565
31341,20141029T000000,3,1.0,1800,4800,1.0,0,2,4,9,900,900,1927,0,98126,47.5672,-122.372,1400,4800
29926,20140623T000000,3,1.75,1880,12821,1.0,0,0,3,7,1880,0,1959,0,98155,47.7681,-122.305,1540,12868
18598,20150408T000000,2,1.0,1160,5395,1.0,0,0,3,7,860,300,1940,0,98103,47.7007,-122.354,1664,5363
11560,20150505T000000,5,2.5,3190,6178,2.0,0,0,3,8,3190,0,2003,0,98059,47.5104,-122.154,2480,7548
26625,20141027T000000,3,2.5,2180,15484,1.0,0,0,3,8,2180,0,1992,0,98003,47.2688,-122.309,2090,10775
21259,20150105T000000,3,1.5,1660,8000,1.0,0,0,4,7,1120,540,1976,0,98030,47.353,-122.172,1900,7500
28122,20150115T000000,3,1.0,1210,7175,1.0,0,0,3,7,1210,0,1918,0,98106,47.5339,-122.356,1640,5850
25527,20150108T000000,3,2.5,3490,9362,1.0,0,3,5,9,1770,1720,1960,0,98105,47.6605,-122.27,3640,7425
14984,20140609T000000,4,3.25,4130,112521,2.0,0,0,3,11,4130,0,1978,0,98005,47.6392,-122.165,3140,26147
11895,20140714T000000,3,2.5,1640,3804,2.0,0,0,3,8,1640,0,1998,0,98122,47.6103,-122.3,1440,3230
30355,20150102T000000,6,2.25,2660,13579,2.0,0,0,3,7,2660,0,1937,1990,98125,47.7142,-122.286,1120,8242
25038,20141030T000000,2,1.0,2180,9300,1.0,0,0,4,7,1090,1090,1947,0,98177,47.7032,-122.371,1830,7378
29904,20140716T000000,3,2.75,2270,13590,1.5,0,0,4,6,1300,970,1948,0,98022,47.2099,-122.001,1160,13545
12285,20140728T000000,5,3.5,4800,14984,2.0,0,2,3,11,3480,1320,1998,0,98006,47.5543,-122.148,4050,19009
18669,20141226T000000,4,2.0,2330,7778,1.0,0,0,3,7,1230,1100,1961,0,98125,47.7109,-122.323,1250,8160
17220,20150122T000000,4,3.25,3680,8580,1.0,0,3,5,10,1840,1840,1959,0,98136,47.5266,-122.387,2700,9100
21328,20140605T000000,4,2.5,2658,3960,2.0,0,0,3,9,2658,0,2014,0,98092,47.2603,-122.194,2578,4200
26959,20141105T000000,4,2.25,2450,34092,2.0,0,0,4,8,2450,0,1980,0,98075,47.5751,-122.049,2410,35378
23702,20140805T000000,5,2.75,2160,7200,1.5,0,0,3,7,1220,940,1955,0,98118,47.5576,-122.273,1900,7200
17439,20150129T000000,3,1.75,1250,5375,1.0,0,0,3,7,1250,0,1985,0,98198,47.3787,-122.323,1320,6258
26724,20150407T000000,2,1.0,800,5000,1.0,0,0,3,6,800,0,1938,0,98055,47.4914,-122.204,1220,5000
24382,20141209T000000,6,2.25,2770,5854,1.5,0,0,3,8,2120,650,1921,0,98112,47.6466,-122.304,2300,5450
28289,20140804T000000,3,2.5,2370,6082,2.0,0,0,3,7,2370,0,2004,0,98065,47.5288,-121.846,2690,6152
21590,20140723T000000,3,2.5,1640,7847,2.0,0,0,3,8,1640,0,1987,0,98029,47.5684,-122.018,1870,6079
25669,20150417T000000,3,2.5,2370,10968,2.0,0,0,4,9,2370,0,1985,0,98033,47.6679,-122.172,2380,8144
24522,20141204T000000,2,2.0,1510,4000,1.0,0,0,4,7,1010,500,1900,0,98103,47.6582,-122.345,1920,4000
17210,20140717T000000,5,1.75,1798,11232,1.0,0,0,3,7,1798,0,1967,0,98001,47.3266,-122.291,1300,15582
16372,20141010T000000,2,1.0,1050,9000,1.5,0,0,4,7,1050,0,1984,0,98003,47.2887,-122.299,1550,9600
19560,20140709T000000,3,1.0,990,4440,1.0,0,0,3,6,990,0,1943,0,98106,47.522,-122.354,990,6771
13309,20150414T000000,3,2.5,2420,8244,2.0,0,0,3,10,2420,0,1988,0,98029,47.5595,-122.019,2500,9320
18091,20141022T000000,3,2.5,1740,1251,2.0,0,0,3,9,1180,560,2012,0,98199,47.644,-122.385,1740,1625
11142,20140626T000000,4,2.5,2160,7826,1.0,0,0,4,7,1390,770,1976,0,98155,47.7754,-122.276,2190,9900
15784,20140813T000000,4,1.75,1990,12950,1.0,0,0,4,8,1850,140,1968,0,98006,47.5434,-122.166,2090,12850
12046,20140723T000000,2,1.0,1430,4000,1.0,0,0,3,7,930,500,1949,0,98118,47.5233,-122.284,1110,4000
27163,20141204T000000,3,1.75,1480,6800,1.0,0,0,4,7,1480,0,1968,0,98055,47.4633,-122.188,1500,7900
23315,20150420T000000,2,1.0,894,1552,2.0,0,0,3,7,894,0,2011,0,98115,47.6911,-122.313,1131,1992
31829,20140930T000000,3,1.75,1960,43332,1.0,0,0,4,7,1400,560,1982,0,98077,47.739,-122.048,2010,44431
12977,20140908T000000,4,2.75,3060,35380,1.0,0,0,3,9,1810,1250,1982,0,98074,47.6198,-122.038,1980,10425
31448,20150407T000000,2,1.0,1380,5000,1.5,0,2,3,5,1380,0,1905,0,98106,47.5708,-122.359,1500,5000
14064,20140909T000000,3,1.0,1020,9147,1.0,0,0,4,6,1020,0,1900,1965,98010,47.3127,-122.002,1600,9700
11247,20140728T000000,6,2.5,2800,10490,1.0,0,0,3,7,1400,1400,1968,0,98177,47.7735,-122.378,2290,8716
19382,20140520T000000,2,2.25,1230,1280,2.0,0,0,3,8,960,270,2012,0,98144,47.5942,-122.298,1130,1357
11736,20150213T000000,4,2.75,2050,17859,1.0,0,0,4,7,1300,750,1967,0,98075,47.5945,-122.056,2960,20908
21672,20140716T000000,3,2.25,1710,4561,2.0,0,0,4,8,1710,0,1994,0,98029,47.5691,-122.004,1810,4770
16670,20150401T000000,4,2.5,1980,7334,2.0,0,0,3,7,1980,0,2003,0,98038,47.3528,-122.041,1850,7134
12615,20140915T000000,4,2.25,3740,18000,1.0,0,0,4,9,1870,1870,1951,0,98177,47.7027,-122.378,2610,10902
13806,20150421T000000,3,2.75,2360,16117,1.0,0,0,4,8,1710,650,1983,0,98006,47.5698,-122.121,2120,16117
16502,20140707T000000,3,1.75,1320,2500,1.0,0,0,3,7,870,450,1918,0,98105,47.6681,-122.305,1580,2750
11338,20150403T000000,3,2.5,1970,3655,2.0,0,0,3,7,1970,0,2003,0,98019,47.7453,-121.984,1970,2952
13392,20150408T000000,3,2.0,1680,4886,2.0,0,0,3,7,1180,500,1940,0,98118,47.5536,-122.286,1400,4900
11981,20140919T000000,3,1.0,1800,4005,1.5,0,0,4,7,1160,640,1929,0,98117,47.6876,-122.38,1240,4005
15537,20140523T000000,3,1.0,1430,5000,1.0,0,0,4,6,1080,350,1919,0,98115,47.6724,-122.296,1630,4600
21194,20140925T000000,4,1.5,2150,11026,1.0,0,0,4,7,2150,0,1952,0,98028,47.7635,-122.263,1760,10283
19844,20140804T000000,3,1.75,1460,9261,1.0,0,0,3,7,1460,0,1985,0,98056,47.5155,-122.189,1550,8800
22860,20140527T000000,3,2.5,1680,15711,1.0,0,0,3,7,1240,440,1994,0,98031,47.423,-122.171,1420,8588
17292,20140707T000000,4,2.5,2090,5195,2.0,0,0,3,7,2090,0,2007,0,98031,47.3986,-122.166,2090,5236
22175,20141028T000000,3,2.25,1620,7150,1.0,0,2,4,7,1280,340,1950,0,98178,47.5048,-122.241,1620,6930
12003,20141204T000000,4,2.0,1490,5300,1.0,0,0,3,7,1110,380,1977,0,98144,47.5949,-122.296,1330,1499
11254,20150102T000000,3,1.75,2090,65558,1.0,0,0,3,8,1330,760,1977,0,98072,47.7621,-122.127,2450,47178
28897,20140811T000000,3,1.0,1370,56628,1.0,0,0,3,7,1370,0,1942,0,98003,47.3058,-122.306,1768,8702
27984,20150309T000000,3,1.0,1130,8159,1.0,0,0,4,7,1130,0,1954,0,98133,47.7362,-122.333,1570,8162
11660,20140807T000000,4,2.0,1740,6369,1.0,0,0,5,6,870,870,1954,0,98133,47.7461,-122.332,1560,7200
24979,20141029T000000,3,3.25,1380,1225,3.0,0,0,3,7,1380,0,2000,0,98133,47.7035,-122.351,1380,1704
23044,20140821T000000,3,1.5,1360,7680,1.0,0,0,3,7,1360,0,1955,0,98133,47.7441,-122.337,1630,7679
25142,20150501T000000,4,1.75,1570,8268,1.0,0,0,3,7,1570,0,1979,0,98011,47.7373,-122.197,1870,8190
30815,20140513T000000,3,3.5,1810,1846,2.0,0,0,4,8,1440,370,2009,0,98122,47.607,-122.305,1480,3600
19736,20150123T000000,3,2.0,1440,4859,2.0,0,0,2,6,1440,0,1921,0,98118,47.5503,-122.285,1360,4558
14417,20150316T000000,3,2.75,1580,4007,2.0,0,0,3,7,1580,0,2001,0,98019,47.7367,-121.969,1770,3799
14514,20150408T000000,4,2.5,1700,6675,2.0,0,0,3,7,1700,0,1997,0,98038,47.3638,-122.053,1570,7540
19754,20140807T000000,2,1.0,860,3300,1.0,0,0,5,6,860,0,1903,0,98118,47.5496,-122.279,1380,4400
12861,20140923T000000,4,1.5,1260,7248,1.5,0,0,5,7,1260,0,1955,0,98188,47.433,-122.292,1300,7732
30770,20150317T000000,4,2.0,2240,10296,1.0,0,0,5,8,2240,0,1948,0,98004,47.6177,-122.217,2500,10918
29429,20141028T000000,4,2.75,1540,4840,1.0,0,2,4,7,850,690,1929,0,98126,47.5491,-122.375,1180,4840
20807,20150421T000000,4,2.5,2580,5787,2.0,0,0,3,9,2580,0,2007,0,98029,47.5416,-121.994,2580,4410
19134,20141212T000000,3,1.75,2080,7700,1.0,0,0,5,7,1600,480,1968,0,98056,47.5375,-122.178,1680,7700
11210,20150330T000000,3,3.5,3580,95832,1.5,0,0,3,9,3580,0,2005,0,98038,47.4239,-122.015,2880,60548
30379,20140829T000000,3,1.0,1160,4360,1.0,0,0,4,8,1160,0,1929,0,98105,47.6718,-122.291,1810,4360
20549,20150204T000000,5,2.5,2270,10700,1.0,0,0,4,8,1570,700,1963,0,98028,47.741,-122.256,2020,10230
20323,20141223T000000,4,2.25,2380,122038,2.0,0,0,4,8,2380,0,1984,0,98022,47.2624,-122.015,2030,48000
29634,20140723T000000,4,2.75,3410,35040,2.0,0,0,3,9,3410,0,1984,0,98038,47.4054,-122.03,2580,37263
20066,20140709T000000,4,3.25,4280,47179,2.0,0,0,3,10,3050,1230,2002,0,98092,47.3017,-122.127,2820,43401
23831,20140528T000000,2,1.5,880,1157,2.0,0,0,3,7,880,0,2007,0,98126,47.5188,-122.376,1070,1203
15878,20141211T000000,3,2.5,2000,1950,3.0,0,0,3,8,2000,0,2005,0,98109,47.6476,-122.356,1560,1340
16392,20141006T000000,4,1.0,1750,9600,1.5,0,0,4,7,1750,0,1954,0,98006,47.5759,-122.137,1750,10530
13041,20150316T000000,3,1.75,1760,8266,1.0,0,0,5,7,1760,0,1954,0,98133,47.7708,-122.339,1400,8519
14759,20141124T000000,4,1.0,2410,6975,1.0,0,0,3,7,1510,900,1957,0,98108,47.5692,-122.295,1880,6255
22699,20140514T000000,2,1.5,1159,4800,1.0,0,0,3,7,1159,0,1948,0,98199,47.6592,-122.399,1640,4800
19318,20140722T000000,3,1.0,1250,7920,1.0,0,0,4,7,1250,0,1960,0,98059,47.4853,-122.126,1440,9648
31322,20140818T000000,3,2.25,1740,9682,1.0,0,0,5,8,1740,0,1969,0,98056,47.5138,-122.173,2100,9536
24425,20150122T000000,4,3.0,2600,29539,1.0,0,0,3,8,2600,0,1994,0,98028,47.746,-122.231,1810,11600
28476,20140917T000000,3,1.0,1850,5775,2.0,0,0,3,6,1740,110,1928,0,98108,47.5446,-122.296,1520,3578
31275,20141203T000000,4,1.75,1760,5750,1.0,0,2,5,7,1070,690,1962,0,98126,47.5521,-122.373,1860,5750
28386,20140516T000000,4,2.5,2430,5000,2.0,0,0,3,7,2430,0,2009,0,98065,47.515,-121.873,2430,5441
26868,20150218T000000,3,2.5,3080,5598,2.0,0,0,3,8,3080,0,2006,0,98055,47.4372,-122.206,3080,5303
12651,20141103T000000,3,1.75,1650,1180,3.0,0,0,3,8,1650,0,2014,0,98105,47.6638,-122.319,1650,1960
12384,20140825T000000,1,0.75,480,9750,1.0,0,0,2,4,480,0,1948,0,98146,47.4982,-122.362,1550,9924
24665,20150508T000000,2,1.0,1410,4500,1.0,0,0,3,7,1020,390,1939,0,98117,47.6883,-122.384,1300,4500
25050,20141021T000000,3,1.75,1530,7238,1.0,0,0,3,7,1530,0,1959,0,98155,47.7629,-122.315,1580,7238
30749,20140915T000000,5,2.75,3220,8160,2.0,0,0,3,9,3220,0,1999,0,98001,47.3154,-122.254,2876,11521
18927,20140814T000000,7,3.75,2310,5000,2.0,0,0,3,8,2310,0,1984,0,98117,47.6781,-122.376,1360,1552
16545,20141120T000000,3,2.75,1750,9166,1.0,0,0,4,7,1170,580,1979,0,98155,47.7696,-122.325,1810,8760
16732,20140702T000000,4,2.5,2890,7798,2.0,0,0,3,9,2890,0,2005,0,98006,47.5456,-122.129,3300,30950
16231,20150224T000000,4,2.75,2200,122403,1.5,0,0,3,7,2200,0,1971,0,98014,47.6301,-121.911,1710,74487
22510,20141121T000000,3,2.75,3230,75889,2.0,1,4,3,7,3230,0,1925,1993,98023,47.3344,-122.37,2560,72229
14762,20140506T000000,5,3.75,2890,5000,1.0,0,0,3,7,1310,1580,2006,0,98108,47.5701,-122.296,1930,5117
15547,20140502T000000,3,2.0,2710,4500,1.5,0,0,4,8,1880,830,1929,0,98115,47.6747,-122.295,2060,4500
14198,20141006T000000,4,2.5,2350,3760,2.0,0,0,3,8,2350,0,2014,0,98059,47.4786,-122.123,2590,4136
12689,20140714T000000,4,1.0,1280,8316,1.0,0,0,3,6,1280,0,1950,0,98168,47.4989,-122.302,1310,7830
28355,20150312T000000,3,2.5,1950,4345,2.0,0,0,3,7,1950,0,2007,0,98065,47.5202,-121.873,2260,4345
23579,20141016T000000,3,1.5,1780,12231,1.0,0,0,4,8,1780,0,1956,0,98003,47.335,-122.321,2460,12663
12268,20140903T000000,3,2.25,2020,8379,2.0,0,0,3,7,2020,0,1994,0,98038,47.3828,-122.023,2020,8031
19028,20150503T000000,2,1.0,1640,5515,1.0,0,0,4,7,940,700,1926,0,98103,47.6912,-122.334,2054,5515
21873,20140926T000000,4,1.75,2270,27122,1.0,0,0,5,8,1300,970,1957,0,98155,47.7637,-122.281,2380,11822
23258,20140508T000000,2,1.5,980,5000,2.0,0,0,3,7,980,0,1922,2003,98014,47.7076,-121.359,1040,5000
26590,20140911T000000,4,3.5,3200,7605,2.0,0,2,3,9,2500,700,2013,0,98198,47.3443,-122.327,2240,4416
29623,20150330T000000,4,2.5,2680,5539,2.0,0,0,3,8,2680,0,2013,0,98045,47.4759,-121.734,2680,5992
22386,20140612T000000,4,2.5,2210,8465,1.0,0,0,3,8,1490,720,1990,0,98092,47.2647,-122.221,2210,7917
29943,20140805T000000,4,2.75,4190,38912,1.0,0,0,4,9,2040,2150,1965,0,98005,47.6472,-122.157,3050,36884
29498,20140513T000000,4,1.75,2090,8164,1.0,0,0,4,8,1070,1020,1963,0,98052,47.6715,-122.155,1310,7975
17670,20141230T000000,4,2.5,3220,5262,2.0,0,0,3,9,3220,0,2003,0,98033,47.6878,-122.162,3220,4921
22784,20140730T000000,4,2.5,2160,5455,2.0,0,0,3,7,2160,0,2003,0,98056,47.4799,-122.183,2160,5257
14240,20150114T000000,3,2.25,2300,35287,2.0,0,0,3,8,2300,0,1977,0,98022,47.2477,-121.937,1760,47916
20335,20140618T000000,3,2.5,2640,6715,2.0,0,0,3,8,1680,960,1991,0,98058,47.441,-122.125,2260,7373
18770,20140524T000000,2,1.0,1010,4320,1.0,0,0,5,7,1010,0,1924,0,98115,47.6846,-122.317,1680,4320
15312,20140902T000000,4,2.25,2410,4000,2.0,0,0,5,8,1650,760,1910,0,98115,47.6727,-122.316,1820,4000
15469,20141210T000000,3,2.5,2960,6856,2.0,0,0,3,10,2960,0,2009,0,98074,47.5906,-122.057,3320,6856
29846,20140612T000000,4,2.25,2180,7297,2.0,0,0,3,8,2180,0,1984,0,98074,47.6459,-122.058,2250,9781
23642,20150323T000000,4,2.5,2370,41338,2.0,0,0,3,8,2370,0,1995,0,98077,47.7379,-122.052,2340,46661
15412,20140821T000000,4,2.5,2780,13521,2.0,0,0,3,10,2780,0,1987,0,98074,47.6374,-122.042,2980,11454
22548,20140723T000000,5,2.75,3030,13640,2.0,0,0,4,8,3030,0,1980,0,98007,47.6186,-122.146,2500,13225
11562,20140827T000000,4,2.75,3640,231739,1.5,0,0,3,10,3640,0,1999,0,98027,47.5078,-122.018,2670,91040
18053,20150402T000000,3,2.0,1530,1442,3.0,0,0,3,9,1530,0,2015,0,98107,47.6692,-122.372,1620,1456
29876,20140805T000000,4,3.25,1960,7200,2.0,0,0,3,7,1960,0,1979,0,98034,47.7291,-122.218,1980,7529
20969,20140717T000000,2,1.0,770,17334,1.0,0,0,3,7,770,0,1978,0,98001,47.2997,-122.269,1480,17334
12757,20141021T000000,2,1.0,990,4313,1.5,0,2,4,6,990,0,1917,0,98126,47.5677,-122.38,1480,5750
21602,20140812T000000,4,2.5,2340,8971,2.0,0,0,3,9,2340,0,1987,0,98029,47.5679,-122.011,2510,9219
12118,20141203T000000,3,2.25,1300,1180,3.0,0,0,3,8,1300,0,2008,0,98103,47.6871,-122.339,1300,1174
16141,20140512T000000,4,2.0,1730,5500,1.0,0,0,5,7,1010,720,1943,0,98106,47.5304,-122.353,1080,4900
14448,20140603T000000,3,1.75,2220,132858,1.0,0,0,3,7,1110,1110,1988,0,98027,47.4853,-122.034,2130,77536
30991,20150117T000000,3,1.75,1480,6592,1.0,0,0,4,7,1080,400,1978,0,98023,47.2982,-122.378,1660,7150
32120,20140814T000000,4,1.75,1630,6120,1.0,0,0,5,7,980,650,1918,0,98115,47.6821,-122.31,1630,4080
24295,20150408T000000,4,2.25,3390,39356,1.0,0,0,4,8,1640,1750,1964,0,98027,47.461,-121.992,2160,38061
15526,20140605T000000,4,2.5,2610,4781,2.0,0,0,3,8,2610,0,2009,0,98001,47.2649,-122.292,2583,4796
32283,20140808T000000,3,1.0,1610,7680,1.0,0,0,3,6,900,710,1956,0,98122,47.6038,-122.303,1940,2880
18304,20140627T000000,4,2.75,2300,37533,1.0,0,3,5,8,1550,750,1979,0,98070,47.3714,-122.431,2130,10092
25580,20150331T000000,3,2.5,2380,3332,2.0,0,0,3,9,2380,0,2014,0,98034,47.7194,-122.199,2590,4382
31801,20141009T000000,4,2.5,1910,8058,2.0,0,0,3,8,1910,0,1992,0,98031,47.3891,-122.172,1910,6500
21026,20140521T000000,4,3.25,3810,8519,1.0,0,1,3,10,2680,1130,2007,0,98033,47.699,-122.207,3240,10748
22323,20150227T000000,3,2.0,1970,7000,1.0,0,0,3,8,1970,0,1986,0,98038,47.3744,-122.043,1970,7365
17870,20140822T000000,4,1.0,2590,18224,1.5,0,0,4,7,2000,590,1911,0,98118,47.5318,-122.286,1800,7080
13982,20140903T000000,2,2.0,1510,5133,1.5,0,0,3,7,1510,0,1939,0,98199,47.6415,-122.401,1470,6000
24717,20140520T000000,3,2.25,1970,2377,2.0,0,0,3,8,1680,290,2008,0,98108,47.5631,-122.297,1690,1936
16931,20150306T000000,3,1.75,1870,7030,1.0,0,0,3,7,1870,0,1977,0,98033,47.6999,-122.17,1820,7500
17554,20140630T000000,4,2.75,2140,10316,2.0,0,0,3,8,2140,0,1993,0,98001,47.3537,-122.274,1920,11337
20209,20150327T000000,4,2.75,3210,41689,1.0,0,0,4,8,1610,1600,1989,0,98042,47.3493,-122.062,2100,41384
30265,20150428T000000,4,2.5,2160,7725,1.0,0,0,4,8,1460,700,1978,0,98023,47.3078,-122.378,2060,8250
14225,20140819T000000,4,2.75,2620,7001,2.0,0,0,3,8,2620,0,2012,0,98045,47.4838,-121.769,2620,6543
15020,20141017T000000,3,1.0,1700,11390,1.0,0,0,4,7,1700,0,1967,0,98003,47.3271,-122.323,1350,8164
21910,20150326T000000,3,2.0,1130,16875,1.0,0,0,4,7,1130,0,1947,0,98155,47.7489,-122.3,1600,14300
13295,20141009T000000,4,1.0,1480,7560,1.5,0,0,3,7,1480,0,1940,0,98177,47.7079,-122.358,1480,7560
17671,20141001T000000,4,2.5,3230,4290,2.0,0,0,3,9,3230,0,2004,0,98033,47.6874,-122.161,3220,5083
21513,20140604T000000,3,2.25,2430,5500,2.0,0,0,3,8,1810,620,1989,0,98033,47.6812,-122.196,2040,5500
30514,20140717T000000,4,3.5,2720,6781,2.0,0,0,3,8,2100,620,1999,0,98055,47.4612,-122.215,2280,5942
11416,20150325T000000,3,3.25,2330,4000,1.0,0,2,3,10,1730,600,1964,2000,98144,47.5882,-122.295,2080,4000
19927,20150512T000000,2,1.0,600,6120,1.0,0,0,3,5,600,0,1943,1989,98168,47.5,-122.317,1090,6120
12266,20150316T000000,3,2.25,1650,7047,2.0,0,0,3,7,1650,0,1994,0,98038,47.3826,-122.027,2010,7763
31707,20140515T000000,3,2.5,2700,7434,2.0,0,0,3,9,2700,0,1991,0,98072,47.7434,-122.174,2660,8405
29547,20150328T000000,2,2.25,1150,711,2.0,0,0,3,7,1150,0,2013,0,98027,47.5323,-122.071,1150,748
17149,20140623T000000,4,1.75,2110,7208,1.0,0,0,3,8,1170,940,1975,0,98058,47.4464,-122.129,1820,7208
29345,20140520T000000,2,1.0,1730,6375,2.0,0,0,4,6,1730,0,1945,0,98126,47.5357,-122.368,1180,6250
20257,20150410T000000,4,2.5,2630,5379,2.0,0,0,3,8,2630,0,2004,0,98059,47.4977,-122.163,2630,5379
26118,20140908T000000,4,2.5,1720,3515,2.0,0,2,3,8,1470,250,2000,0,98144,47.591,-122.293,1140,2208
22611,20140502T000000,4,2.5,2920,4000,1.5,0,0,5,8,1910,1010,1909,0,98105,47.6578,-122.28,2470,4000
26883,20141113T000000,3,1.0,1840,10178,1.0,0,0,3,7,1040,800,1960,0,98198,47.3979,-122.317,2040,10660
17151,20140609T000000,4,1.75,1920,7665,1.0,0,0,4,8,1500,420,1975,0,98058,47.4476,-122.128,2100,7344
18900,20150113T000000,4,2.5,2720,7991,2.0,0,0,3,9,2720,0,2006,0,98133,47.7168,-122.331,1590,8611
19940,20150304T000000,3,1.75,1260,3328,1.0,0,0,5,6,700,560,1905,0,98103,47.6823,-122.349,1380,3536
22686,20141119T000000,3,1.0,2230,3200,2.0,0,2,3,8,1630,600,1918,0,98109,47.6334,-122.356,2280,5400
27379,20141017T000000,3,2.5,1190,1290,3.0,0,0,3,8,1190,0,2008,0,98107,47.6762,-122.378,1410,1923
22575,20150310T000000,4,1.5,1680,10500,2.0,0,0,3,7,1680,0,1962,0,98033,47.6806,-122.166,1830,10264
21775,20141230T000000,4,2.5,2420,7200,2.0,0,0,3,9,2420,0,1991,0,98033,47.6893,-122.197,2650,7800
16371,20140624T000000,4,1.75,2700,27072,1.0,0,0,3,7,1380,1320,1958,0,98003,47.2877,-122.293,2460,34850
19903,20150326T000000,2,1.0,840,6480,1.0,0,0,4,5,840,0,1954,0,98001,47.264,-122.258,1100,7300
23020,20140630T000000,4,2.5,2340,11784,2.0,0,0,3,9,2340,0,1997,0,98042,47.384,-122.149,2250,10760
18196,20141202T000000,2,2.0,1200,3624,2.0,0,0,3,6,1200,0,2003,0,98038,47.349,-122.025,1360,2693
22230,20140505T000000,4,1.0,1390,4240,1.0,0,0,3,7,1050,340,1924,0,98103,47.6596,-122.338,1810,4240
11595,20150504T000000,4,2.75,2700,9882,2.0,0,0,3,7,2700,0,1958,1989,98155,47.7671,-122.291,2250,10797
32004,20140820T000000,3,1.5,1290,8175,1.0,0,0,4,7,820,470,1952,0,98004,47.6296,-122.205,2130,8577
25124,20141106T000000,5,2.5,3890,27311,2.0,0,2,3,10,3890,0,1950,1990,98177,47.7291,-122.363,3160,22641
21667,20140701T000000,3,2.25,1640,3896,2.0,0,0,3,8,1640,0,1994,0,98029,47.5689,-122.006,1780,3999
31302,20140610T000000,3,1.5,1530,7200,1.0,0,0,3,8,1530,0,1975,0,98155,47.7691,-122.297,2150,7216
19418,20150425T000000,4,2.5,2910,35679,2.0,0,0,4,9,2910,0,1987,0,98075,47.5859,-121.991,2720,36728
21480,20141201T000000,3,1.75,1600,16510,1.0,0,0,3,8,1600,0,1984,0,98052,47.6601,-122.135,1510,10407
31334,20141023T000000,2,1.0,870,4000,1.0,0,2,3,7,870,0,1950,0,98126,47.5682,-122.374,1690,4000
12353,20141110T000000,5,2.5,2180,7875,1.0,0,0,4,7,1200,980,1955,0,98133,47.7543,-122.341,1840,5105
27971,20141027T000000,3,1.5,1690,9600,1.0,0,0,3,7,1210,480,1976,0,98038,47.3857,-122.079,1450,9647
28867,20150106T000000,4,1.0,1310,8640,1.0,0,0,3,6,910,400,1948,0,98146,47.5104,-122.342,1310,8640
23737,20150427T000000,3,2.25,1430,9150,1.0,0,0,3,7,1070,360,1984,0,98023,47.3239,-122.35,1430,6364
24227,20141121T000000,3,1.5,1100,32700,1.0,0,0,3,7,1100,0,1967,0,98001,47.3186,-122.289,1616,32700
14489,20141211T000000,4,4.0,6050,84942,2.5,0,2,3,9,4150,1900,2009,0,98077,47.7466,-122.029,2700,199504
19561,20140731T000000,2,1.0,820,6771,1.0,0,0,4,6,820,0,1918,0,98106,47.52,-122.354,1000,4440
32197,20150429T000000,3,1.0,940,9272,1.0,0,0,3,7,940,0,1954,0,98148,47.4353,-122.335,1270,9375
19688,20150508T000000,3,1.0,2000,21780,1.0,0,0,3,8,1480,520,1978,0,98074,47.6064,-122.039,2000,45738
16956,20140612T000000,4,2.5,3270,35445,2.0,0,0,3,11,3270,0,1989,0,98006,47.548,-122.121,4180,32130
16182,20140509T000000,3,1.5,1060,10464,1.0,0,0,4,7,1060,0,1973,0,98034,47.7313,-122.229,1420,10464
14743,20150312T000000,4,3.5,4070,336283,2.0,0,0,3,11,4070,0,2006,0,98027,47.478,-122.038,3020,44613
11553,20141120T000000,3,3.0,3730,383328,1.5,0,0,4,9,2230,1500,1990,0,98038,47.4257,-122.03,1940,217800
23934,20150325T000000,3,1.0,1420,8800,1.0,0,0,4,6,1090,330,1981,0,98030,47.3746,-122.181,1480,8000
19955,20140724T000000,2,2.0,1980,6000,1.5,0,0,5,7,1220,760,1906,0,98103,47.6809,-122.351,1280,3900
31270,20140625T000000,4,2.75,3110,49765,1.0,0,0,4,8,3110,0,1958,1972,98010,47.3343,-122.044,1880,19709
28679,20140922T000000,5,2.75,2580,9242,2.0,0,2,4,8,1720,860,1967,0,98007,47.5943,-122.133,2240,9316
30372,20140818T000000,6,2.0,2570,4240,1.5,0,0,4,7,1970,600,1911,0,98115,47.6754,-122.307,2030,4240
25120,20140924T000000,3,1.0,1210,33919,1.0,0,0,3,7,1210,0,1954,0,98058,47.4375,-122.184,1640,14910
19269,20140806T000000,2,2.5,2420,60984,2.0,0,0,3,7,2420,0,2007,0,98027,47.5262,-121.943,1940,193842
24958,20150107T000000,2,1.5,1540,6549,2.0,0,0,3,7,1540,0,1980,0,98133,47.7189,-122.353,1470,6552
26261,20150330T000000,4,2.0,2180,6000,1.5,0,0,3,8,2060,120,1927,0,98144,47.5958,-122.306,1370,4500
23832,20141002T000000,3,1.0,1070,4800,1.0,0,0,3,6,970,100,1947,0,98126,47.5187,-122.377,1120,1198
17179,20150506T000000,4,2.5,1920,7277,2.0,0,0,4,8,1920,0,1990,0,98031,47.4058,-122.192,2300,7645
20442,20140607T000000,3,3.0,1730,2940,3.0,0,0,3,7,1730,0,1985,0,98117,47.6911,-122.392,1690,4410
13546,20141022T000000,4,3.5,3850,8100,2.0,0,1,3,11,2430,1420,1995,0,98033,47.6855,-122.19,2620,9346
12637,20150219T000000,3,1.75,1800,5102,1.0,0,0,3,7,1170,630,1952,0,98199,47.6514,-122.407,1720,5102
22744,20140509T000000,4,2.25,2430,32496,1.0,0,0,3,9,2430,0,1993,0,98077,47.7642,-122.048,2750,35506
23550,20140806T000000,4,1.75,2540,7620,1.0,0,3,3,8,1320,1220,1948,0,98116,47.5709,-122.406,2540,8613
15240,20140506T000000,3,1.5,800,8850,1.0,0,0,4,6,800,0,1959,0,98023,47.3266,-122.348,820,8775
31306,20141028T000000,2,1.0,1000,4956,1.0,0,2,4,7,1000,0,1916,0,98107,47.6753,-122.36,1830,4959
20358,20150421T000000,5,3.0,2670,11761,1.0,0,0,3,7,1370,1300,1981,0,98052,47.6895,-122.129,2580,10703
18835,20150323T000000,3,1.0,1810,13068,1.0,0,0,4,7,1360,450,1941,0,98070,47.4482,-122.462,1400,13068
16187,20150302T000000,2,1.0,2180,12875,1.0,0,0,3,7,1480,700,1959,0,98198,47.3757,-122.303,1800,7447
24009,20140819T000000,4,2.5,2810,10433,2.0,0,0,3,8,2810,0,2001,0,98022,47.1895,-122.015,2640,9240
11708,20141106T000000,3,1.0,1580,5250,1.0,0,0,5,7,1580,0,1954,0,98056,47.4964,-122.168,1180,5940
19602,20150224T000000,3,2.5,2670,12806,2.0,0,0,3,9,2670,0,2010,0,98038,47.3686,-122.059,3010,7231
28320,20150311T000000,4,2.5,2730,7649,2.0,0,0,3,7,2730,0,2006,0,98065,47.5441,-121.882,2730,6216
31827,20140723T000000,4,2.75,3080,7242,2.0,0,0,3,9,3080,0,2014,0,98033,47.6948,-122.178,3010,7205
29812,20150413T000000,3,2.0,1500,5200,1.0,0,0,3,7,1060,440,1977,0,98042,47.3653,-122.09,1640,5200
19506,20141021T000000,3,1.0,1260,7660,1.0,0,0,3,6,1260,0,1947,0,98133,47.7476,-122.35,1990,7861
19052,20140625T000000,2,1.0,1060,3036,1.5,0,0,4,6,1060,0,1943,0,98105,47.6578,-122.324,1730,5535
19662,20150327T000000,2,1.0,1290,1289,2.0,0,0,3,7,1030,260,2005,0,98144,47.6006,-122.305,1290,1332
22441,20150420T000000,4,2.5,4500,35200,1.0,0,0,3,13,4500,0,1988,0,98006,47.5477,-122.126,4760,35200
23601,20150421T000000,5,2.5,3440,12350,1.0,0,2,4,9,1760,1680,1976,0,98003,47.3427,-122.325,3440,12763
11389,20140513T000000,7,4.0,3440,8100,2.0,0,0,3,7,3440,0,1970,0,98103,47.6981,-122.349,1420,1560
21209,20141001T000000,3,3.0,1290,1112,3.0,0,0,3,7,1290,0,2008,0,98125,47.7282,-122.296,1230,9000
26200,20140909T000000,4,2.0,1590,5400,1.0,0,2,3,7,990,600,1900,0,98119,47.637,-122.367,2190,4800
16210,20150416T000000,6,3.0,2510,5310,1.0,0,0,4,7,1460,1050,1944,0,98108,47.5533,-122.304,1390,5407
28417,20150220T000000,4,3.0,3080,10757,2.0,0,3,5,8,3080,0,1961,0,98006,47.5671,-122.159,2810,10757
25298,20140904T000000,6,2.5,3760,12978,1.0,0,0,3,9,2360,1400,1967,0,98117,47.6976,-122.381,2300,7362
18089,20140604T000000,3,2.5,1690,1553,2.5,0,0,3,8,1690,0,2007,0,98199,47.6443,-122.385,1910,1553
19670,20141231T000000,3,2.5,3520,237402,2.5,0,0,3,9,3520,0,2004,0,98092,47.2687,-122.056,2310,165963
23449,20140520T000000,4,2.5,2800,8494,2.0,0,0,3,8,2800,0,2004,0,98038,47.3521,-122.009,3740,8494
31607,20150327T000000,3,2.0,1060,7412,1.0,0,0,3,7,1060,0,1987,0,98038,47.3897,-122.051,1080,7093
32224,20140702T000000,3,3.0,1820,1641,3.0,0,0,3,8,1540,280,2006,0,98119,47.6482,-122.358,1720,1501
12130,20150506T000000,4,2.0,2220,23750,1.0,0,0,3,7,2220,0,1963,0,98011,47.7759,-122.214,2650,21167
28855,20141208T000000,4,1.0,1190,7620,1.5,0,0,3,6,1190,0,1926,0,98106,47.5281,-122.348,1060,7320
25162,20150327T000000,2,1.5,880,1498,2.0,0,0,3,7,880,0,1999,0,98133,47.7063,-122.342,880,5060
30633,20141028T000000,4,2.75,1690,6090,1.5,0,0,3,7,1400,290,1945,0,98115,47.6814,-122.269,1820,6090
30286,20140625T000000,3,1.0,1050,8498,1.0,0,0,3,7,1050,0,1958,0,98031,47.4038,-122.203,1340,8498
29361,20150409T000000,4,2.25,2220,4200,1.5,0,0,5,8,1310,910,1932,0,98199,47.6418,-122.394,2020,4940
11945,20140918T000000,3,1.75,1720,4050,1.0,0,0,5,7,860,860,1906,0,98115,47.6782,-122.314,1720,4410
19396,20150317T000000,3,2.0,1460,7860,1.0,0,0,5,7,1460,0,1967,0,98008,47.6233,-122.108,1850,8148
29408,20150324T000000,4,2.25,2490,9864,1.0,0,0,4,8,1290,1200,1961,0,98004,47.6051,-122.195,2360,9864
18981,20141013T000000,3,1.0,1320,5250,1.5,0,0,5,7,1320,0,1913,0,98126,47.5566,-122.378,1490,5250
23893,20140910T000000,3,1.0,1020,11652,1.0,0,0,4,6,1020,0,1971,0,98188,47.4459,-122.278,1690,11652
29652,20140509T000000,4,2.25,2170,10500,1.0,0,2,4,8,1270,900,1960,0,98166,47.4394,-122.338,2080,11019
23243,20150106T000000,5,2.75,2670,4780,2.0,0,0,3,8,2670,0,2013,0,98059,47.4866,-122.155,2560,5380
28644,20141209T000000,4,1.75,1870,7575,1.0,0,0,3,7,1480,390,1972,0,98034,47.7205,-122.218,1670,7575
14676,20150505T000000,3,1.0,1200,6615,1.0,0,0,4,7,1200,0,1954,0,98106,47.5168,-122.351,1230,6615
23259,20150416T000000,3,1.0,890,6488,1.5,0,0,3,5,890,0,1928,0,98014,47.7087,-121.352,1330,16250
26627,20150403T000000,4,2.5,1830,7762,2.0,0,0,3,8,1830,0,1993,0,98003,47.267,-122.31,2109,8966
16319,20141113T000000,2,1.0,2080,14659,1.0,0,0,3,7,1040,1040,1960,0,98178,47.4858,-122.231,1920,15208
29448,20141218T000000,4,2.5,1680,6655,2.0,0,0,3,7,1680,0,2001,0,98030,47.3867,-122.191,1680,6982
28576,20150323T000000,3,1.0,1400,13975,1.0,0,0,4,6,1400,0,1956,0,98198,47.4195,-122.33,1260,7500
15516,20140626T000000,3,2.5,1650,6684,2.0,0,0,3,7,1650,0,1991,0,98031,47.4051,-122.184,1850,7048
29406,20140826T000000,2,1.5,2060,10880,1.0,0,0,3,6,1190,870,1924,0,98106,47.515,-122.362,1430,8781
17194,20141010T000000,2,1.0,770,7000,1.0,0,0,3,6,770,0,1921,0,98024,47.5654,-121.89,1100,8777
27066,20141017T000000,3,1.5,1280,5065,2.0,0,0,4,6,1280,0,1983,0,98002,47.3343,-122.217,1070,4491
18267,20140520T000000,4,2.0,1960,7560,1.0,0,0,5,7,1160,800,1978,0,98031,47.4081,-122.178,1950,7560
26055,20140923T000000,3,2.5,2400,9601,1.0,0,0,5,7,1390,1010,1977,0,98034,47.7256,-122.211,2010,9943
28607,20140828T000000,3,1.5,910,5120,1.0,0,0,3,6,910,0,1973,0,98106,47.5238,-122.356,1410,5132
13053,20150108T000000,5,2.5,2100,14858,1.0,0,0,5,8,2100,0,1970,0,98059,47.4721,-122.123,1980,11730
20106,20141008T000000,4,3.0,3370,100681,1.0,0,0,5,8,1920,1450,1977,0,98058,47.4319,-122.148,2440,43705
11872,20140714T000000,4,2.0,2190,4560,2.5,0,0,5,8,2190,0,1910,0,98103,47.662,-122.329,2190,4560
12810,20140930T000000,4,2.25,2080,7700,1.0,0,0,3,7,1450,630,1968,0,98058,47.4349,-122.17,1900,7980
24206,20141007T000000,4,2.75,2390,9300,1.0,0,0,3,8,1430,960,1979,0,98004,47.6035,-122.206,1910,9348
14280,20141009T000000,4,1.0,1330,7980,1.5,0,0,3,6,1330,0,1952,0,98168,47.492,-122.333,1570,8588
21492,20140902T000000,4,5.0,5810,7440,2.0,0,0,3,10,3790,2020,2004,0,98033,47.6878,-122.212,3010,7200
25352,20141208T000000,4,2.5,2390,10000,1.0,0,0,3,9,1590,800,1975,0,98040,47.5801,-122.229,1900,9752
24506,20140730T000000,3,3.5,1900,4805,2.0,0,0,3,8,1560,340,1999,0,98108,47.5686,-122.315,1360,4800
22072,20150511T000000,3,2.25,2220,10530,1.0,0,0,4,8,1700,520,1974,0,98052,47.6383,-122.098,2500,10014
14959,20141121T000000,4,4.5,4510,12873,2.0,0,2,3,12,4510,0,1998,0,98033,47.6491,-122.201,2200,8528
20110,20140604T000000,3,1.0,1050,4160,1.0,0,0,4,7,1050,0,1925,0,98115,47.6756,-122.3,1580,3680
18903,20140827T000000,4,2.0,2560,9390,1.0,0,0,5,8,1280,1280,1957,0,98133,47.7169,-122.329,1830,8169
17888,20140805T000000,3,3.25,4610,81935,2.0,0,0,4,9,4610,0,1984,0,98074,47.6217,-122.021,2900,43500
17723,20150213T000000,2,1.0,1470,5566,1.0,0,0,4,7,770,700,1919,0,98118,47.5348,-122.269,1410,5808
21973,20140804T000000,4,1.5,1280,7400,1.0,0,0,3,7,1280,0,1958,0,98008,47.6023,-122.123,1310,7400
21058,20150306T000000,3,2.5,3320,11875,1.0,0,0,5,10,3320,0,1979,0,98034,47.7212,-122.26,3730,11875
21635,20140711T000000,4,2.5,2090,6906,2.0,0,0,4,8,2090,0,1992,0,98029,47.5718,-121.996,2090,6370
27898,20150306T000000,3,1.0,2430,10720,1.0,0,0,3,7,2430,0,1977,0,98045,47.4895,-121.787,1660,11560
25494,20140914T000000,4,2.5,2230,12753,1.0,0,0,4,7,1180,1050,1981,0,98074,47.6297,-122.033,1860,12753
25342,20140602T000000,3,3.0,3740,39640,2.0,0,2,3,10,3740,0,1991,0,98070,47.4036,-122.462,2930,26136
18451,20140804T000000,4,2.75,2890,5000,1.5,0,0,3,8,1990,900,1911,2014,98117,47.6768,-122.363,1080,3750
32009,20150423T000000,4,1.75,2500,8725,1.0,0,0,4,8,1500,1000,1966,0,98004,47.6304,-122.205,1900,8998
19641,20141021T000000,5,3.0,3070,8474,2.0,0,0,3,9,3070,0,2011,0,98033,47.6852,-122.184,3070,8527
26071,20140512T000000,2,2.5,1480,1369,3.0,0,0,3,7,1480,0,2009,0,98052,47.676,-122.121,1390,1337
20048,20150427T000000,3,2.5,2180,11100,1.0,0,0,3,8,1230,950,1983,0,98052,47.717,-122.101,1930,12000
30927,20141231T000000,4,1.5,1100,3300,1.0,0,0,1,7,1100,0,1919,0,98122,47.6033,-122.295,2020,4000
23438,20140902T000000,4,3.0,2430,7163,2.0,0,0,3,8,2430,0,2003,0,98038,47.3558,-122.013,2430,6028
27582,20150203T000000,4,2.5,3360,40471,2.0,0,0,4,10,3360,0,1994,0,98077,47.742,-122.035,3150,36823
22803,20141107T000000,3,2.5,2930,33981,2.0,0,2,3,9,2930,0,2000,0,98059,47.5151,-122.12,3720,35230
21617,20140613T000000,4,2.5,2010,7972,2.0,0,0,4,8,2010,0,1989,0,98029,47.5782,-122.018,2100,8511
11173,20140630T000000,2,1.0,1200,24792,2.0,0,0,2,7,1200,0,1976,0,98053,47.6337,-121.961,2150,24792
30295,20141229T000000,4,2.5,1940,4875,2.0,0,0,4,9,1940,0,1925,0,98112,47.6427,-122.304,1790,4875
22314,20141203T000000,4,2.25,1580,7307,1.0,0,0,3,8,1160,420,1973,0,98027,47.569,-122.086,2020,7458
15088,20150225T000000,3,2.0,2510,5200,1.0,0,0,5,8,1470,1040,1925,0,98106,47.5631,-122.366,990,5400
11502,20140528T000000,3,1.75,1300,7958,1.0,0,0,3,7,1300,0,1996,0,98092,47.3162,-122.194,1640,8698
25731,20150413T000000,4,2.5,2600,5188,2.0,0,0,3,8,2600,0,2005,0,98038,47.3451,-122.04,2610,5188
13685,20140617T000000,4,3.5,2650,3060,2.0,0,0,3,9,2060,590,2001,0,98103,47.6735,-122.332,1470,3060
27070,20141015T000000,4,2.5,2150,3721,2.0,0,0,3,8,2150,0,2006,0,98002,47.3363,-122.217,2150,3721
20695,20141114T000000,3,2.5,1870,3485,2.0,0,0,3,8,1870,0,2001,0,98029,47.5493,-122.004,1940,3485
24053,20150408T000000,3,2.25,1130,4445,1.5,0,0,4,8,1130,0,1930,0,98117,47.6845,-122.375,1330,4445
24606,20141204T000000,5,2.5,2100,17825,1.0,0,0,4,7,1400,700,1974,0,98092,47.3094,-122.191,2200,14602
15676,20141209T000000,4,2.25,2840,20242,1.0,0,0,3,8,2240,600,1972,0,98004,47.639,-122.216,2840,20372
18721,20140812T000000,3,1.5,1780,16000,1.0,0,0,2,7,1240,540,1960,0,98198,47.419,-122.322,1860,9775
29451,20150325T000000,3,1.75,1460,7203,1.0,0,0,3,7,1460,0,1990,0,98056,47.5049,-122.189,1570,7203
22423,20140828T000000,3,2.5,3530,9753,2.0,0,0,3,10,3530,0,1997,0,98006,47.5539,-122.103,3220,9234
28986,20150115T000000,3,2.0,1090,8400,1.0,0,0,4,6,1090,0,1961,0,98168,47.4942,-122.322,1100,10850
15049,20140730T000000,3,1.5,1250,7194,1.0,0,0,4,7,1250,0,1969,0,98034,47.7298,-122.231,1340,7242
26945,20140610T000000,4,2.5,2009,5000,2.0,0,0,3,8,2009,0,2014,0,98092,47.2577,-122.198,2009,5182
32274,20141028T000000,3,2.5,1690,1479,3.0,0,0,3,8,1420,270,2005,0,98122,47.6022,-122.311,1280,1253
12961,20141009T000000,3,1.75,1970,8000,1.0,0,0,4,8,1970,0,1968,0,98052,47.6324,-122.1,1910,8000
24373,20140721T000000,3,1.5,1560,10489,1.0,0,0,5,7,1560,0,1961,0,98022,47.2048,-121.999,1400,10489
27545,20141117T000000,4,2.75,2560,7961,1.0,0,2,4,8,1450,1110,1975,0,98033,47.6499,-122.199,2500,9009
22418,20150225T000000,4,2.5,2980,10194,2.0,0,0,3,9,2980,0,1993,0,98006,47.5515,-122.12,2980,10053
12224,20140703T000000,3,2.0,2300,13418,1.0,0,0,3,8,1430,870,1955,0,98004,47.6075,-122.2,2140,9380
24240,20150312T000000,4,2.5,2980,10459,2.0,0,0,3,9,2980,0,2001,0,98019,47.7354,-121.974,2920,7700
12588,20140701T000000,5,5.5,7050,42840,1.0,0,2,4,13,4320,2730,1978,0,98004,47.6229,-122.22,5070,20570
29315,20150209T000000,3,3.0,2830,6041,2.0,0,3,3,8,1840,990,1915,0,98118,47.5694,-122.283,3420,6360
18162,20150416T000000,2,2.25,1060,925,2.0,0,0,3,8,980,80,2006,0,98199,47.6386,-122.388,1020,4000
30603,20140918T000000,2,1.0,1130,8081,1.0,0,0,4,7,1130,0,1921,0,98133,47.7064,-122.355,1220,7800
31022,20140523T000000,3,1.0,1280,2580,1.5,0,0,3,8,1280,0,1910,2014,98115,47.6727,-122.32,1410,3150
11411,20140829T000000,3,1.0,1200,4000,1.5,0,0,4,6,1200,0,1923,0,98144,47.5881,-122.299,1390,4000
19658,20150408T000000,4,2.75,3840,10004,1.0,0,2,4,9,2110,1730,1963,0,98040,47.5606,-122.225,3500,12118
15159,20140922T000000,3,1.5,1320,15053,1.0,0,0,3,7,1320,0,1979,0,98072,47.7405,-122.095,1250,13368
26096,20141113T000000,3,2.5,2030,7770,2.0,0,0,3,8,2030,0,2003,0,98024,47.5253,-121.93,1360,10782
14626,20141010T000000,3,1.5,1310,1266,2.0,0,0,3,8,1120,190,2002,0,98116,47.5663,-122.408,1310,1378
16575,20150409T000000,2,1.0,930,3200,1.0,0,0,3,7,930,0,1904,0,98122,47.609,-122.314,1690,3840
14103,20140626T000000,3,1.5,1090,8160,1.0,0,0,3,7,1090,0,1967,2014,98058,47.4551,-122.175,1260,7560
26937,20140523T000000,5,2.5,3840,16905,2.0,0,0,3,11,3840,0,1991,0,98023,47.2996,-122.342,3270,12133
24026,20140520T000000,4,3.5,4460,16953,1.0,0,0,3,9,2550,1910,1962,1994,98039,47.6338,-122.232,1980,13370
24524,20141020T000000,2,2.25,1140,1184,2.0,0,0,3,8,1010,130,1999,0,98103,47.659,-122.346,1140,1339
25428,20140604T000000,2,1.0,830,2820,1.0,0,0,4,7,830,0,1920,0,98103,47.689,-122.347,1460,3150
19809,20140806T000000,4,1.75,1840,5100,1.0,0,0,4,5,1840,0,1933,0,98056,47.5209,-122.205,2160,5400
18268,20150424T000000,4,2.5,2040,7000,1.0,0,0,3,7,1250,790,1979,0,98031,47.4056,-122.176,1900,7378
11749,20141230T000000,2,1.0,870,5700,1.0,0,0,4,6,870,0,1957,0,98056,47.498,-122.17,1020,5700
21439,20141209T000000,3,2.25,1770,8000,1.0,0,0,4,7,1350,420,1976,0,98072,47.7358,-122.17,1850,7875
11232,20140908T000000,2,1.0,1530,6450,1.0,0,0,4,7,1530,0,1920,0,98117,47.6833,-122.398,1530,5000
16658,20141211T000000,3,2.25,1620,6415,2.0,0,0,4,7,1620,0,1989,0,98038,47.3577,-122.038,1640,7253
24378,20150225T000000,4,1.0,1470,5450,1.5,0,0,3,7,1470,0,1918,0,98112,47.6458,-122.306,2160,5450
11876,20140825T000000,2,1.5,1170,1079,3.0,0,0,3,7,1170,0,2003,0,98103,47.6607,-122.333,1170,1116
20001,20150318T000000,3,1.5,1280,7742,1.0,0,0,4,7,1280,0,1962,0,98031,47.3947,-122.197,1450,8316
20236,20150429T000000,4,2.5,2190,4866,2.0,0,0,3,7,2190,0,2009,0,98059,47.4907,-122.152,2190,5670
18012,20150406T000000,3,3.0,1850,5000,1.5,0,0,2,6,1850,0,1900,0,98107,47.6711,-122.386,1360,2500
31409,20141023T000000,2,1.0,1240,8100,1.5,0,2,3,7,1240,0,1925,0,98125,47.7326,-122.288,2790,8100
17412,20141210T000000,4,2.5,2030,11375,1.0,0,0,3,7,1330,700,1969,0,98028,47.7765,-122.261,1500,9160
13240,20140526T000000,3,2.0,2130,35169,1.0,0,0,4,8,2130,0,1989,0,98072,47.7489,-122.123,2860,43560
28096,20150102T000000,2,1.0,870,8487,1.0,0,0,4,6,870,0,1944,0,98178,47.4955,-122.239,1350,6850
24116,20140708T000000,3,1.75,2050,16313,1.0,0,0,2,8,2050,0,1973,0,98040,47.5743,-122.212,3180,10264
18226,20150108T000000,4,1.75,3620,10400,1.0,0,0,4,8,1820,1800,1965,0,98005,47.6069,-122.167,2410,10400
26598,20150423T000000,4,1.75,1730,7210,1.0,0,0,4,7,1010,720,1968,0,98003,47.354,-122.315,1620,7210
12586,20140818T000000,3,1.75,1850,14986,2.0,0,0,3,6,1850,0,1943,2005,98059,47.4837,-122.148,2660,10650
16966,20150508T000000,4,3.25,5640,35006,2.0,0,2,3,11,4900,740,2015,0,98006,47.5491,-122.104,4920,35033
31906,20140613T000000,3,1.0,1830,3000,1.5,0,0,3,7,1430,400,1926,0,98103,47.6619,-122.351,1510,2500
30596,20150120T000000,3,1.5,1460,5040,1.0,0,0,3,7,1100,360,1971,0,98133,47.7112,-122.357,2330,7560
26710,20140609T000000,3,1.75,1380,3402,1.5,0,0,3,7,1380,0,1900,2000,98122,47.6109,-122.302,1500,5496
17250,20140912T000000,3,2.0,1550,6394,1.5,0,0,5,8,1550,0,1918,0,98126,47.5222,-122.379,1440,6387
22798,20140604T000000,3,3.25,4720,32467,2.0,0,2,3,10,3190,1530,1998,0,98059,47.508,-122.113,3260,26386
30634,20150331T000000,3,2.0,1820,6324,1.0,0,0,5,7,910,910,1945,0,98115,47.6823,-122.27,1850,6440
29013,20141029T000000,4,1.5,2230,5109,1.5,0,0,3,7,1330,900,1918,0,98115,47.6996,-122.31,1630,5109
13280,20140915T000000,3,1.0,980,6530,1.0,0,0,3,7,980,0,1969,0,98034,47.7133,-122.213,1220,6723
21210,20140624T000000,2,2.0,1180,9265,1.0,0,0,3,7,1180,0,1940,0,98125,47.7252,-122.297,460,18000
11729,20141222T000000,3,1.0,1300,14138,1.0,0,0,4,7,1300,0,1943,0,98005,47.593,-122.165,2440,12196
24627,20150414T000000,3,1.0,1360,6186,1.5,0,0,4,6,760,600,1941,0,98133,47.7503,-122.334,1610,7453
25770,20150422T000000,5,2.75,2940,5225,2.0,0,0,3,8,2760,180,2010,0,98052,47.6879,-122.107,3090,6261
30939,20150107T000000,5,2.0,2600,3750,1.5,0,0,4,6,1400,1200,1914,0,98105,47.6691,-122.299,1700,3750
11395,20141210T000000,3,2.25,1640,12000,1.0,0,0,3,7,1180,460,1967,0,98008,47.6252,-122.104,1620,12000
29364,20141211T000000,3,2.5,2570,5500,1.0,0,0,4,7,1320,1250,1961,0,98199,47.6417,-122.397,1460,6250
25336,20140908T000000,3,2.5,1470,3000,1.0,0,0,3,7,930,540,1985,0,98115,47.6832,-122.286,1470,5588
22730,20150501T000000,3,1.75,1740,11547,1.0,0,0,3,7,1740,0,1954,0,98178,47.4945,-122.22,880,78408
25926,20150303T000000,4,2.5,1714,3250,2.0,0,0,3,8,1714,0,2010,0,98055,47.429,-122.189,1714,3250
24982,20141215T000000,4,2.75,2400,3844,1.0,0,0,5,7,1200,1200,1974,0,98133,47.7027,-122.347,1100,3844
12474,20140822T000000,2,1.0,1100,4160,1.0,0,0,3,7,1100,0,1919,0,98109,47.6352,-122.352,1900,4000
12259,20150323T000000,3,2.25,3740,22464,2.0,0,0,5,8,2330,1410,1966,0,98004,47.6354,-122.196,2680,19564
28212,20150413T000000,4,2.5,3020,7035,2.0,0,4,3,9,3020,0,2001,0,98065,47.5344,-121.874,3020,6771
24879,20141201T000000,3,3.5,4660,21164,2.0,1,4,3,12,4660,0,1975,1990,98166,47.4418,-122.354,3140,24274
11074,20150401T000000,4,1.75,1800,8385,1.0,0,0,5,6,900,900,1950,0,98133,47.7744,-122.338,1770,8385
32380,20140624T000000,3,1.75,1720,4080,1.0,0,0,4,7,960,760,1924,0,98144,47.5747,-122.287,1660,4080
25049,20141003T000000,2,1.0,1050,8220,1.0,0,0,4,6,780,270,1947,0,98155,47.7598,-122.316,1340,7651
13802,20140502T000000,3,2.5,2430,88426,1.0,0,0,4,7,1570,860,1985,0,98045,47.4828,-121.718,1560,56827
30922,20150401T000000,4,3.5,4350,6000,2.0,0,0,5,10,2970,1380,1908,0,98112,47.6277,-122.286,4190,7200
14139,20150428T000000,3,2.25,1820,6000,1.0,0,0,4,7,1120,700,1964,0,98108,47.5684,-122.3,1970,6232
14234,20140730T000000,3,2.5,2340,5171,2.0,0,0,3,8,2340,0,2013,0,98045,47.4832,-121.772,2790,5684
17804,20140724T000000,4,2.5,2070,8473,1.0,0,0,4,8,1250,820,1976,0,98033,47.6608,-122.19,2070,9499
18397,20140701T000000,1,0.75,370,1801,1.0,0,0,5,5,370,0,1923,0,98117,47.6778,-122.389,1340,5000
17369,20140808T000000,4,3.75,4690,207141,2.0,0,0,3,10,4030,660,2007,0,98019,47.7072,-121.983,2890,200527
17480,20141107T000000,3,2.5,2000,9669,2.0,0,0,4,8,2000,0,1992,0,98022,47.1964,-122.009,1930,9202
19287,20141003T000000,3,1.5,1310,7236,1.0,0,0,4,7,1170,140,1928,0,98103,47.6944,-122.333,1680,8431
25281,20140716T000000,3,1.0,1350,7085,1.0,0,0,5,7,1350,0,1944,0,98125,47.7318,-122.305,1350,7085
13066,20140708T000000,4,2.5,2250,3916,2.0,0,0,3,8,2250,0,2014,0,98003,47.3413,-122.18,2156,3920
15221,20140909T000000,3,2.75,2640,11957,1.5,0,0,3,9,2260,380,1978,0,98052,47.6491,-122.12,2640,12641
19262,20141029T000000,3,1.0,1410,81021,1.0,0,0,3,7,1410,0,1949,1981,98058,47.4303,-122.067,2000,81021
21171,20141016T000000,4,2.0,1910,2874,1.0,0,0,3,7,1060,850,1910,0,98122,47.6101,-122.295,1520,2874
15177,20140724T000000,3,2.5,2130,5088,2.0,0,0,3,8,1840,290,2011,0,98019,47.7329,-121.976,2130,5762
23786,20141218T000000,3,1.75,1940,10245,1.0,0,0,3,7,1940,0,1957,0,98040,47.5833,-122.241,2720,11448
18634,20150402T000000,2,1.75,1520,4220,1.0,0,0,4,7,840,680,1910,0,98117,47.6876,-122.366,1120,5700
12774,20141106T000000,2,1.0,880,5750,1.0,0,0,3,6,880,0,1939,0,98126,47.5642,-122.379,1190,5750
17072,20141203T000000,4,2.5,2780,10480,1.0,0,3,3,7,1390,1390,1967,0,98033,47.6597,-122.204,2860,10506
13766,20140701T000000,3,2.5,2530,13446,2.0,0,0,3,9,2530,0,1993,0,98019,47.7345,-121.961,2450,13446
15099,20140721T000000,3,3.25,1500,1442,2.0,0,0,3,8,1150,350,2007,0,98106,47.5592,-122.362,1500,1533
22256,20150310T000000,3,3.25,1460,1367,3.0,0,0,3,8,1460,0,2008,0,98103,47.6485,-122.334,1310,1191
29820,20140611T000000,3,1.75,1570,4875,1.0,0,0,4,7,1310,260,1977,0,98042,47.3621,-122.094,1380,5200
18514,20140806T000000,4,2.5,1594,7665,1.0,0,0,5,7,1088,506,1975,0,98002,47.3262,-122.211,1536,6000
21098,20150425T000000,3,2.5,2480,6180,2.0,0,0,3,9,2480,0,1999,0,98031,47.4044,-122.208,2870,6180
19848,20150511T000000,4,1.75,2180,7876,1.0,0,0,4,7,1290,890,1977,0,98056,47.5157,-122.191,1960,7225
14290,20140806T000000,4,2.75,3020,13530,1.0,0,0,4,8,1540,1480,1977,0,98052,47.6299,-122.099,2230,11896
28942,20140722T000000,4,2.5,2038,7643,2.0,0,0,3,8,2038,0,2011,0,98092,47.3296,-122.18,2634,6824
22865,20140828T000000,4,1.0,1540,9541,1.5,0,0,4,7,1540,0,1961,0,98034,47.7104,-122.213,1290,9541
23260,20141120T000000,3,1.75,1380,14000,1.0,0,0,4,5,1380,0,1939,1957,98001,47.294,-122.281,1490,18503
21865,20140613T000000,3,1.75,1820,9545,1.0,0,0,3,7,1230,590,1976,0,98155,47.7772,-122.296,1790,9530
22478,20140723T000000,3,2.5,1990,3600,2.0,0,0,3,7,1990,0,2004,0,98038,47.3841,-122.041,1790,3600
31933,20140930T000000,3,2.5,1620,1171,3.0,0,4,3,8,1470,150,2008,0,98103,47.6681,-122.355,1620,1505
15463,20141105T000000,5,2.75,3210,8001,2.0,0,0,3,9,3210,0,2014,0,98074,47.5935,-122.061,3190,6624
21696,20150224T000000,3,2.0,1690,9516,1.0,0,0,3,7,1690,0,1997,0,98022,47.2132,-122.001,1850,9516
24872,20140606T000000,3,1.0,1560,14333,1.0,0,0,4,7,1560,0,1953,0,98166,47.432,-122.348,1640,14333
25648,20140811T000000,4,2.5,2490,5647,2.0,0,0,3,8,2490,0,2014,0,98052,47.7043,-122.114,2970,5450
16245,20140617T000000,4,1.75,2030,18295,1.5,0,0,4,7,2030,0,1975,0,98034,47.7326,-122.179,1970,7307
30606,20140731T000000,3,2.5,2910,12283,2.0,0,2,3,10,2910,0,1993,0,98058,47.4602,-122.152,2680,22499
29357,20140725T000000,4,1.75,2390,12000,1.0,0,0,3,8,1470,920,1979,0,98052,47.7061,-122.163,2110,12000
31522,20150310T000000,3,1.0,1150,5120,1.0,0,0,4,6,800,350,1946,0,98116,47.5588,-122.392,1220,5120
18749,20141113T000000,4,1.75,2120,7620,2.0,0,0,3,8,2120,0,1971,2002,98166,47.457,-122.346,1820,7620
27393,20141215T000000,2,1.0,1520,3360,1.0,0,0,4,7,830,690,1927,0,98117,47.6815,-122.382,1470,3774
21854,20140715T000000,3,2.0,2380,17950,2.0,0,0,4,8,2110,270,1934,0,98155,47.7591,-122.28,2030,23900
21992,20140825T000000,3,1.75,1360,5445,1.0,0,0,4,7,1360,0,1957,0,98008,47.6071,-122.123,1570,7840
22678,20140520T000000,3,1.5,1570,1050,2.0,0,0,3,8,1570,0,1915,0,98109,47.6358,-122.356,2070,3600
32350,20140923T000000,4,3.0,1670,1189,3.0,0,0,3,8,1427,243,2000,0,98122,47.6182,-122.302,1700,1401
27237,20141204T000000,3,1.0,1080,4930,1.0,0,0,3,6,1080,0,1950,0,98126,47.5209,-122.374,1100,5950
25558,20150203T000000,3,2.25,2180,11100,1.0,0,0,5,8,1700,480,1979,0,98056,47.5162,-122.176,2350,11397
30483,20150406T000000,3,2.5,1600,4271,2.0,0,0,3,7,1600,0,2003,0,98038,47.386,-122.036,1520,3225
17877,20140828T000000,3,1.75,1400,10018,1.0,0,0,4,7,1400,0,1962,0,98027,47.5327,-122.032,1350,9300
32051,20140606T000000,4,2.0,2230,9900,1.5,0,0,5,9,2230,0,1959,0,98005,47.5979,-122.173,2510,11041
12101,20150222T000000,5,4.5,4820,13165,2.0,0,0,4,11,3950,870,1990,0,98077,47.7295,-122.057,3880,13810
20353,20140625T000000,4,2.75,1910,16532,1.0,0,0,4,7,1420,490,1940,0,98117,47.6952,-122.39,2300,8250
20529,20141010T000000,3,1.0,1310,8370,1.5,0,0,3,7,1310,0,1962,0,98034,47.7284,-122.241,1310,8370
21589,20140603T000000,4,2.5,2870,12648,2.0,0,0,4,9,2870,0,1986,0,98029,47.5632,-122.017,2560,12648
12730,20150420T000000,4,2.5,2090,12833,1.0,0,0,3,7,1220,870,1969,0,98034,47.7266,-122.175,1740,11200
29118,20150331T000000,3,2.5,2040,7503,2.0,0,0,3,8,2040,0,1987,0,98029,47.5718,-122.021,2170,7503
31484,20140623T000000,4,2.5,3420,30410,2.0,0,0,3,9,3420,0,1988,0,98077,47.7745,-122.088,2940,45916
22659,20150219T000000,3,1.5,1490,7800,1.0,0,0,3,7,1010,480,1963,0,98003,47.3431,-122.304,1570,7800
14615,20140522T000000,4,3.0,3220,8936,2.0,0,0,3,9,2450,770,1990,0,98031,47.4208,-122.213,2810,10500
19210,20140729T000000,4,2.5,3230,21781,2.0,0,0,3,9,3230,0,1993,0,98053,47.6318,-122.01,3230,21780
27575,20150304T000000,4,2.5,2050,4953,2.0,0,0,3,9,2050,0,2014,0,98038,47.3448,-122.024,2340,6175
22511,20141119T000000,3,1.5,2060,15050,1.5,0,0,4,7,2060,0,1938,0,98023,47.3321,-122.373,1900,15674
16291,20150424T000000,5,2.5,3050,13212,1.0,0,0,4,8,1590,1460,1975,0,98006,47.5596,-122.142,2550,10826
23950,20150202T000000,4,4.5,5670,84267,2.0,0,2,3,11,5670,0,2008,0,98010,47.323,-122.044,4100,83729
24392,20140724T000000,4,2.5,3520,12193,2.0,0,0,4,10,3520,0,1993,0,98027,47.5535,-122.095,3470,11318
12771,20140527T000000,3,1.0,1150,4945,1.0,0,2,3,7,1150,0,1943,0,98126,47.5663,-122.379,1390,4945
22593,20150326T000000,2,1.0,1120,4000,1.0,0,0,3,7,1120,0,1926,0,98105,47.6567,-122.327,1620,4000
25503,20140910T000000,3,1.0,1190,7500,1.0,0,0,5,7,1190,0,1968,0,98042,47.3248,-122.142,1200,9750
15917,20140714T000000,2,1.75,1460,4800,1.0,0,0,5,7,850,610,1950,0,98103,47.6928,-122.339,2050,5592
19021,20141208T000000,4,1.75,2800,90169,2.0,0,0,3,7,2800,0,1934,1985,98065,47.5204,-121.829,1600,27194
18333,20141201T000000,3,1.0,1060,52272,1.0,0,0,3,7,1060,0,1960,0,98030,47.36,-122.178,1900,5971
25695,20150414T000000,3,1.0,960,7218,1.0,0,0,4,7,960,0,1969,0,98034,47.7278,-122.226,1580,9104
22965,20141219T000000,3,1.0,1010,9611,1.0,0,0,4,6,1010,0,1973,0,98092,47.3006,-122.066,1200,9611
12826,20141105T000000,3,1.75,1520,7137,1.0,0,0,3,5,1520,0,1932,0,98168,47.4924,-122.311,1240,8602
19296,20140725T000000,4,1.0,1350,9000,1.5,0,0,4,7,1350,0,1964,0,98103,47.6953,-122.332,1940,8000
19930,20141231T000000,2,1.0,1070,6120,1.0,0,0,3,6,1070,0,1962,0,98168,47.4989,-122.317,1130,6120
12270,20150501T000000,4,2.75,2170,9743,2.0,0,0,3,7,2170,0,1995,0,98038,47.3814,-122.024,1670,7734
31700,20150304T000000,3,2.0,1170,3868,1.5,0,0,4,7,1170,0,1925,0,98118,47.5543,-122.29,1400,3800
31931,20140618T000000,2,2.5,1430,923,3.0,0,0,3,8,1410,20,2008,0,98103,47.6683,-122.355,1620,1505
29349,20150310T000000,5,3.5,3740,11340,2.0,0,0,3,10,3740,0,2013,0,98052,47.6628,-122.143,2040,8715
25451,20150406T000000,4,3.0,2680,15438,2.0,0,2,3,8,2680,0,1902,1956,98039,47.6109,-122.226,4480,14406
30589,20150219T000000,3,2.25,1333,1470,3.0,0,3,3,7,1333,0,2009,0,98125,47.7058,-122.302,1360,1680
32292,20150408T000000,4,2.0,1930,3240,1.5,0,0,4,7,1930,0,1911,0,98122,47.6156,-122.299,1480,3600
31578,20150401T000000,3,1.0,1260,9600,1.0,0,0,3,7,1260,0,1970,1995,98045,47.4444,-121.762,1530,9790
23163,20140617T000000,3,1.0,980,7200,1.0,0,0,4,7,980,0,1950,0,98116,47.5718,-122.395,1180,6572
12713,20140828T000000,3,2.0,1770,7200,1.0,0,0,4,7,1770,0,1967,0,98033,47.6642,-122.173,2250,11250
13606,20150506T000000,3,2.5,2190,8528,1.0,0,0,3,8,1760,430,1991,0,98033,47.6943,-122.209,2060,9811
12460,20150313T000000,4,2.25,2130,5337,2.0,0,0,3,7,2130,0,2001,0,98019,47.7237,-121.959,2300,6930
28519,20150401T000000,4,1.75,1560,4290,2.0,0,0,3,7,1560,0,1994,0,98108,47.5292,-122.323,1250,6000
12942,20150223T000000,3,3.0,3270,38088,2.0,0,0,3,10,3270,0,1992,0,98053,47.6692,-122.028,1870,37457
18715,20140724T000000,3,1.0,1300,14000,1.0,0,0,4,7,1300,0,1958,0,98198,47.4213,-122.322,1390,8750
27859,20140925T000000,3,1.75,1510,30185,1.5,0,0,3,7,1510,0,1976,0,98058,47.4118,-122.089,1470,12465
30640,20140708T000000,2,1.75,1210,1032,2.0,0,0,3,8,1210,0,2014,0,98029,47.5522,-121.999,1210,1090
26593,20150414T000000,2,1.0,730,2400,1.0,0,1,3,4,730,0,1934,0,98198,47.35,-122.322,1220,4382
13063,20140929T000000,4,2.5,3284,6516,2.0,0,0,3,8,3284,0,2014,0,98092,47.3393,-122.181,2555,5008
17211,20141007T000000,3,1.75,2070,6000,1.0,0,3,3,8,1340,730,1955,0,98136,47.5226,-122.382,2200,6000
28302,20140929T000000,4,2.5,3860,5130,2.0,0,0,3,8,2930,930,2004,0,98065,47.5387,-121.879,3130,6163
24447,20150225T000000,4,2.5,2612,5850,2.0,0,0,3,8,2612,0,2014,0,98030,47.3751,-122.189,2419,8984
27560,20140725T000000,3,2.0,1170,5450,1.0,0,0,5,6,1170,0,1902,0,98118,47.5276,-122.273,1340,6384
16787,20150206T000000,3,1.0,1030,8395,1.0,0,0,4,7,1030,0,1960,0,98023,47.3322,-122.337,1370,9380
19547,20140924T000000,4,1.0,1550,7260,1.0,0,0,4,6,1550,0,1959,0,98008,47.6229,-122.121,1210,7260
19227,20140612T000000,3,3.0,2790,12523,2.0,1,4,4,8,1600,1190,1977,0,98198,47.3571,-122.324,2990,11476
29414,20150310T000000,5,2.75,3810,9360,2.0,0,0,3,10,3810,0,2014,0,98004,47.6039,-122.194,2110,9870
14055,20150107T000000,4,2.5,2470,7780,2.0,0,0,3,8,2470,0,2002,0,98092,47.3337,-122.191,2100,5972
21318,20140814T000000,3,1.75,1810,12600,1.0,0,0,3,7,1400,410,1977,0,98034,47.7143,-122.233,1934,12600
11935,20150130T000000,4,3.5,3830,8963,2.0,0,0,3,10,3120,710,2014,0,98004,47.599,-122.197,2190,10777
20583,20140923T000000,3,1.75,2590,32380,1.0,0,0,3,8,2590,0,1951,1994,98177,47.7539,-122.37,2340,28456
24973,20140911T000000,2,1.0,1510,3844,1.0,0,0,4,7,1510,0,1923,1970,98133,47.7038,-122.348,1170,3844
30200,20140619T000000,3,1.75,1840,7300,1.0,0,0,3,8,1840,0,1966,0,98023,47.3122,-122.369,1920,8010
24915,20140815T000000,3,1.0,1200,8316,1.0,0,0,4,6,1200,0,1953,0,98002,47.3221,-122.215,1200,8316
19259,20140627T000000,3,1.75,1950,8712,1.0,0,0,3,7,1950,0,1960,0,98055,47.4391,-122.189,1820,11520
15374,20140722T000000,3,2.0,1790,32379,1.0,0,0,3,7,1790,0,2007,0,98045,47.4826,-121.698,2290,43560
17486,20150421T000000,4,3.5,4010,10880,2.0,0,3,4,11,3150,860,1990,0,98040,47.5359,-122.213,3530,17310
27572,20141120T000000,3,3.5,2490,2722,2.0,0,0,3,8,2020,470,1999,0,98005,47.5893,-122.165,2490,2755
16415,20140807T000000,4,1.75,1940,11500,1.0,0,0,4,7,1090,850,1955,0,98006,47.5774,-122.147,1700,8360
28057,20140908T000000,2,1.0,1360,69260,1.0,0,0,4,5,1360,0,1937,0,98065,47.5229,-121.838,1460,69260
26303,20140826T000000,2,1.0,2150,4500,1.5,0,0,3,7,1260,890,1917,0,98118,47.5158,-122.267,1590,5010
23463,20150121T000000,4,2.5,2300,4249,2.0,0,0,3,8,2300,0,2006,0,98038,47.3516,-122.0,2390,4385
13929,20140701T000000,4,3.5,3400,3850,2.5,0,0,3,10,2790,610,2008,0,98112,47.6258,-122.302,2030,4000
20301,20141210T000000,3,1.0,1230,4800,1.5,0,0,1,6,1230,0,1916,0,98117,47.6941,-122.365,1230,4800
15813,20150317T000000,3,2.0,2090,4190,1.5,0,0,4,8,1490,600,1930,0,98122,47.6178,-122.284,2090,6270
21958,20140919T000000,3,1.75,1600,20873,1.0,0,0,3,8,1600,0,1955,0,98006,47.5632,-122.182,2640,18364
32352,20150211T000000,5,1.5,3050,2992,1.5,0,0,4,8,1920,1130,1931,0,98112,47.621,-122.302,1200,1209
23773,20150123T000000,3,1.75,1460,2800,2.0,0,0,3,7,1460,0,1928,0,98117,47.6779,-122.371,1220,4062
11596,20150217T000000,5,1.5,2940,13425,1.0,0,0,3,8,1470,1470,1955,0,98155,47.7632,-122.29,1580,8200
22032,20140625T000000,5,2.25,2140,7910,1.0,0,0,3,7,1070,1070,1962,0,98007,47.6071,-122.137,1680,8700
18172,20140719T000000,3,1.75,2140,3584,1.0,0,0,3,7,1070,1070,1952,0,98199,47.636,-122.391,1620,4000
26078,20140715T000000,4,1.75,1800,5210,1.0,0,0,5,7,1080,720,1979,0,98118,47.5298,-122.28,1870,5365
25323,20150423T000000,3,2.5,2370,7916,2.0,0,0,3,9,2370,0,1990,0,98056,47.528,-122.171,2500,8221
16717,20140825T000000,4,2.5,2690,46609,2.0,0,0,3,8,2690,0,1980,1991,98038,47.3843,-122.006,1500,34800
28037,20140930T000000,3,1.0,940,8400,1.0,0,0,5,7,940,0,1958,0,98056,47.5112,-122.167,950,8400
31548,20141110T000000,4,2.5,1780,6000,2.0,0,0,3,9,1780,0,2000,0,98038,47.3774,-122.027,2650,6000
17580,20140804T000000,3,2.5,2660,10928,2.0,0,0,3,9,1830,830,1988,0,98006,47.5442,-122.141,2800,10025
18308,20141114T000000,4,3.0,3160,10948,1.0,0,3,3,8,1930,1230,1991,0,98070,47.3733,-122.422,2380,13623
30464,20140915T000000,4,2.25,1740,9613,2.0,0,0,5,8,1740,0,1989,0,98058,47.463,-122.125,1680,9769
32207,20141104T000000,3,2.5,1840,6985,1.0,0,0,3,7,1290,550,1971,0,98133,47.7586,-122.342,2160,7990
24034,20150129T000000,3,1.5,1810,5080,1.0,0,0,3,7,1030,780,1958,0,98115,47.6819,-122.287,1780,7620
14694,20141020T000000,6,2.5,3080,8163,1.0,0,0,3,7,1580,1500,1985,0,98030,47.3859,-122.221,1850,8658
24048,20141103T000000,3,2.25,1620,10850,1.0,0,0,3,7,1620,0,1966,0,98055,47.4437,-122.194,1910,10568
23169,20150223T000000,5,2.75,2870,5349,2.0,0,0,3,9,2870,0,2005,0,98059,47.5405,-122.187,2800,5000
28299,20140820T000000,3,2.5,3060,7831,2.0,0,2,3,9,3060,0,2004,0,98065,47.5401,-121.861,3140,7438
21420,20150330T000000,4,1.75,2310,9002,1.0,0,0,3,7,1780,530,1970,0,98034,47.731,-122.166,2090,8814
29541,20141007T000000,2,2.25,1240,705,2.0,0,0,3,7,1150,90,2009,0,98027,47.5321,-122.073,1240,750
11496,20150129T000000,3,1.0,970,14850,1.0,0,0,3,7,970,0,1968,0,98001,47.3251,-122.268,1410,14850
13162,20140821T000000,3,2.5,2060,8893,2.0,0,0,3,8,2060,0,1987,0,98006,47.5615,-122.165,2650,8500
17465,20141015T000000,4,1.0,1710,7000,1.5,0,0,3,7,1710,0,1950,0,98125,47.7037,-122.293,2030,7938
31054,20140905T000000,3,1.0,1860,6360,1.0,0,0,3,8,1470,390,1954,0,98136,47.5327,-122.392,1770,6175
18239,20140516T000000,3,2.25,1440,7673,1.0,0,0,3,7,940,500,1982,0,98031,47.4034,-122.178,1440,8418
13931,20140602T000000,4,1.5,1840,4337,2.0,0,0,4,8,1840,0,1917,0,98112,47.6312,-122.307,2250,4337
10934,20150311T000000,4,2.5,3880,7208,2.0,0,0,3,10,3880,0,2006,0,98075,47.5841,-121.971,3280,7221
32112,20150427T000000,3,3.25,2460,4182,2.0,0,0,5,8,2100,360,1910,0,98115,47.6782,-122.311,2370,4284
27746,20140730T000000,4,1.0,1070,7467,1.5,0,0,3,7,1070,0,1944,0,98178,47.4942,-122.235,1160,7467
15039,20140717T000000,3,1.75,1290,7210,1.0,0,0,3,7,1290,0,1984,0,98023,47.2889,-122.363,1350,7509
19088,20141209T000000,5,3.5,3700,8504,2.0,0,0,3,8,2750,950,1950,2014,98105,47.669,-122.275,2370,6246
13579,20150413T000000,4,2.5,2620,9157,2.0,0,0,3,8,2620,0,1996,0,98033,47.6916,-122.203,2240,7405
12900,20140506T000000,3,2.5,2460,54885,2.0,0,0,4,8,2460,0,1980,0,98059,47.4996,-122.146,2770,21407
31395,20140715T000000,5,3.5,3750,9612,1.0,0,2,4,9,2030,1720,1981,0,98006,47.5511,-122.157,3270,9688
24592,20141121T000000,4,1.75,1520,15398,1.0,0,0,4,7,1370,150,1960,0,98027,47.5265,-122.05,1840,12500
22563,20140527T000000,3,2.5,1658,2700,2.0,0,0,3,8,1658,0,2014,0,98198,47.3667,-122.307,1658,2700
29030,20150212T000000,3,2.5,2740,11872,2.0,0,0,3,9,2740,0,1990,0,98023,47.3076,-122.395,2570,10377
28701,20150511T000000,2,1.0,1050,7500,1.5,0,3,4,6,1050,0,1910,0,98116,47.5577,-122.399,2540,13680
30953,20150414T000000,3,2.5,2300,9752,2.0,0,2,3,8,2300,0,1968,2003,98075,47.5825,-122.076,2640,10764
25123,20150312T000000,4,2.0,1764,15600,1.0,0,0,5,7,1764,0,1942,0,98058,47.4318,-122.181,1490,22387
13825,20140924T000000,3,1.0,1720,9605,1.0,0,0,3,7,860,860,1969,0,98028,47.7439,-122.242,1720,9998
19668,20150224T000000,5,2.0,1680,3240,1.0,0,0,3,5,840,840,1906,0,98144,47.5965,-122.311,1380,1260
15696,20141208T000000,5,3.25,3060,11778,2.0,0,0,3,8,3060,0,2004,0,98034,47.7212,-122.222,1840,10403
17408,20140618T000000,4,2.5,2570,9000,1.0,0,0,4,8,1590,980,1979,0,98023,47.2986,-122.372,2120,8571
32360,20141028T000000,3,2.75,1960,6390,1.5,0,2,5,8,1960,0,1900,0,98122,47.6032,-122.285,2440,5870
31097,20140710T000000,3,1.75,3140,8571,1.0,0,0,4,8,1670,1470,1985,0,98023,47.3074,-122.337,2590,7949
27714,20140918T000000,3,2.5,1980,17342,2.0,1,4,3,10,1580,400,1984,0,98166,47.4551,-122.373,2060,17313
22869,20140718T000000,2,1.0,840,7425,1.0,0,0,4,6,840,0,1952,0,98166,47.4749,-122.339,1300,11674
24081,20150422T000000,5,2.5,2410,15300,1.0,0,0,4,8,1400,1010,1975,0,98040,47.5416,-122.231,2440,15300
21814,20140729T000000,3,1.75,2380,12681,1.0,0,0,1,6,1380,1000,1918,0,98118,47.5294,-122.279,1720,6377
11782,20140916T000000,4,1.75,2350,5946,1.0,0,2,3,8,1350,1000,1957,0,98115,47.6879,-122.298,2060,6000
18875,20150417T000000,2,2.5,1741,1439,2.0,0,0,3,8,1446,295,2007,0,98034,47.7043,-122.209,2090,10454
19636,20150330T000000,4,2.5,3060,7710,2.0,0,0,3,9,3060,0,2009,0,98059,47.4828,-122.136,3040,7840
19178,20140804T000000,3,1.75,1560,7930,2.0,0,0,4,7,1560,0,1980,0,98059,47.4779,-122.161,1720,8073
17237,20140720T000000,6,3.5,2410,6000,2.0,0,4,3,9,2220,190,1916,1990,98136,47.54,-122.382,1980,6000
30737,20140805T000000,4,2.5,2820,6983,2.0,0,0,3,9,2820,0,2013,0,98001,47.2958,-122.265,2597,7222
29817,20150302T000000,3,1.0,820,5200,1.0,0,0,4,6,820,0,1977,0,98042,47.363,-122.094,1120,5200
17339,20141105T000000,3,2.0,2360,12744,2.0,0,0,5,7,2360,0,1964,0,98059,47.483,-122.164,1650,8625
13590,20150303T000000,4,2.5,2110,7291,2.0,0,0,4,7,2110,0,1977,0,98033,47.6888,-122.201,2350,8625
22695,20141008T000000,4,2.5,2701,5821,2.0,0,0,3,7,2701,0,2013,0,98092,47.2873,-122.177,2566,5843
22677,20140522T000000,3,1.5,1660,4800,2.0,0,0,3,8,1660,0,1907,0,98119,47.6352,-122.358,1690,4000
30588,20140620T000000,4,2.0,2120,11479,1.0,0,0,4,7,1060,1060,1940,0,98125,47.7084,-122.303,1540,11000
24463,20140613T000000,4,2.5,1930,8660,1.0,0,0,3,7,1120,810,1981,0,98001,47.3261,-122.26,1830,9591
21266,20141205T000000,4,2.5,2370,6557,2.0,0,0,3,9,2370,0,1998,0,98042,47.423,-122.155,2370,7378
20773,20150220T000000,4,3.5,2710,2147,2.0,0,0,3,10,2220,490,2007,0,98029,47.5468,-121.994,2650,2252
17876,20150220T000000,4,2.0,1540,17859,1.0,0,0,3,6,1540,0,1964,0,98027,47.5326,-122.032,1390,9688
25778,20140625T000000,4,2.75,2840,4000,1.5,0,0,5,8,1960,880,1912,0,98144,47.5846,-122.291,2750,4000
29461,20140722T000000,3,2.25,2070,11576,2.0,0,0,3,7,2070,0,1974,0,98001,47.3417,-122.271,1890,7519
25506,20140828T000000,3,1.0,1010,9920,1.0,0,0,3,6,1010,0,1977,0,98042,47.3238,-122.14,1270,9680
11833,20140514T000000,3,1.75,2000,5000,1.0,0,0,4,7,1110,890,1921,0,98117,47.6859,-122.399,1750,5000
21886,20150506T000000,3,2.25,2260,17114,2.0,0,0,3,7,2260,0,1990,0,98155,47.7537,-122.296,2360,14893
15789,20140506T000000,5,2.5,2910,9636,1.0,0,0,4,7,1690,1220,1964,0,98008,47.5803,-122.119,2830,10385
17695,20141015T000000,3,2.0,1690,9087,1.0,0,0,3,8,1690,0,1997,0,98042,47.3724,-122.108,2090,8100
17058,20140511T000000,3,2.5,1370,1350,2.0,0,0,3,7,1010,360,2007,0,98136,47.5534,-122.382,1450,6000
27365,20140821T000000,3,1.5,1820,10608,1.0,0,0,4,7,1820,0,1962,0,98003,47.3366,-122.306,1380,8976
13571,20140521T000000,3,2.25,2020,3600,2.0,0,0,3,8,2020,0,1998,0,98033,47.6678,-122.165,2070,3699
28291,20140915T000000,3,2.5,2230,5800,2.0,0,0,3,7,2230,0,2004,0,98065,47.5308,-121.847,2230,6088
28870,20141201T000000,5,3.0,2640,5096,2.0,0,0,3,10,2640,0,2009,0,98115,47.6809,-122.288,1610,5217
23556,20140915T000000,4,3.75,2220,3797,1.5,0,0,4,6,1330,890,1917,0,98108,47.5574,-122.315,1490,4340
15924,20140818T000000,3,2.5,3300,11525,1.0,0,0,5,8,1650,1650,1961,0,98198,47.4113,-122.315,1950,9680
21539,20140728T000000,3,3.5,4070,26000,2.0,0,0,3,11,4070,0,1991,0,98033,47.659,-122.174,3770,26000
12440,20140924T000000,2,1.75,1300,14500,1.0,0,0,3,6,650,650,1939,0,98168,47.4989,-122.329,1370,12986
31049,20140519T000000,3,1.75,1630,28600,1.0,0,0,3,8,1630,0,1967,0,98072,47.7742,-122.14,2260,26000
13709,20150324T000000,3,1.5,1090,7200,1.0,0,0,4,7,1090,0,1958,0,98040,47.5817,-122.241,2010,8982
24376,20140610T000000,3,1.75,2050,11856,1.0,0,0,3,7,1460,590,1962,0,98006,47.5735,-122.162,2670,11856
12698,20141208T000000,4,2.0,2350,9329,2.0,0,0,3,8,2350,0,1977,0,98005,47.583,-122.17,1640,9403
27523,20140612T000000,3,3.25,1470,1235,2.0,0,0,3,7,1180,290,2008,0,98108,47.5537,-122.313,1470,1243
16376,20150306T000000,4,2.5,2330,7064,1.0,0,0,4,8,1780,550,1984,0,98052,47.6955,-122.097,1740,8075
19638,20150507T000000,4,2.75,2460,8643,2.0,0,0,3,9,2460,0,2011,0,98059,47.4828,-122.133,3110,8626
11547,20150427T000000,3,2.0,1940,40588,1.0,0,0,3,7,1940,0,2000,0,98058,47.4252,-122.159,1860,9657
23365,20140724T000000,4,2.5,2240,7540,1.0,0,0,3,8,1540,700,1962,0,98115,47.6965,-122.308,1960,7250
27058,20150410T000000,4,2.0,1440,6702,1.0,0,0,4,7,1440,0,1966,0,98002,47.3056,-122.217,1030,6702
14721,20140911T000000,4,1.0,1300,6030,1.5,0,0,3,6,1300,0,1947,0,98168,47.4778,-122.286,1240,6900
12504,20141028T000000,4,2.5,2420,9147,2.0,0,0,3,10,2420,0,1998,0,98003,47.3221,-122.322,1400,7200
15554,20150410T000000,3,1.75,1900,13600,1.0,0,0,4,8,1900,0,1956,0,98004,47.6163,-122.219,2510,16600
19611,20140831T000000,4,2.5,1950,8628,2.0,0,0,3,8,1950,0,1994,0,98038,47.3817,-122.035,2210,9019
32098,20140507T000000,3,2.0,1860,13374,1.0,0,0,3,8,1860,0,1985,0,98027,47.5397,-122.054,1960,9797
28979,20140611T000000,2,1.0,800,15000,1.0,0,0,3,6,800,0,1927,0,98168,47.4932,-122.316,1170,15000
32181,20150120T000000,4,2.5,2070,3808,2.0,0,0,3,8,2070,0,2003,0,98058,47.4498,-122.12,1900,2992
32093,20140508T000000,3,2.75,3010,1842,2.0,0,0,3,9,3010,0,2011,0,98075,47.5836,-121.994,2950,4200
18964,20150318T000000,3,1.5,1400,7550,1.0,0,0,4,7,1400,0,1953,0,98133,47.7566,-122.337,1730,7562
15926,20141027T000000,3,1.75,2440,10179,1.0,0,0,4,7,1220,1220,1962,0,98198,47.4118,-122.314,1650,9711
11972,20150501T000000,3,2.5,1580,4698,2.0,0,0,3,7,1580,0,1998,0,98038,47.3539,-122.025,2070,4698
21189,20150406T000000,4,3.0,2450,4668,2.0,0,0,3,8,2450,0,2004,0,98028,47.7721,-122.235,2460,4895
17854,20140618T000000,5,3.5,3260,58806,2.0,0,0,4,8,3260,0,1969,0,98042,47.3703,-122.159,1810,17927
11287,20140627T000000,4,2.25,2020,8424,1.0,0,0,4,7,1380,640,1979,0,98034,47.7262,-122.233,2030,7236
12517,20150217T000000,3,2.75,2660,223027,1.0,0,0,3,8,1330,1330,1962,2015,98038,47.4127,-122.071,1560,222591
23798,20141113T000000,4,4.5,3130,5126,3.0,0,0,3,10,2450,680,2014,0,98112,47.6239,-122.29,2540,7784
16696,20141105T000000,3,2.5,2990,6725,2.0,0,0,3,9,2990,0,2003,0,98059,47.4928,-122.142,2790,6725
21037,20141006T000000,5,1.75,2100,9599,1.0,0,0,3,7,1060,1040,1961,0,98034,47.7097,-122.216,1680,10712
31126,20140922T000000,3,1.75,1510,9837,2.0,0,0,3,7,1510,0,1989,0,98001,47.2576,-122.255,1470,8054
23666,20140616T000000,2,1.0,830,26329,1.0,1,3,4,6,830,0,1928,0,98070,47.4012,-122.425,2030,27338
23933,20141119T000000,3,2.0,1430,7280,1.0,0,0,3,7,990,440,1980,0,98030,47.3742,-122.18,1430,7280
11369,20150220T000000,4,2.5,2280,9491,1.0,0,0,4,7,1290,990,1966,0,98008,47.6297,-122.117,1560,8050
24293,20140502T000000,3,2.25,1970,35100,2.0,0,0,4,9,1970,0,1977,0,98027,47.4635,-121.991,2340,35100
19359,20150408T000000,4,3.25,3640,13530,1.0,0,0,3,9,2570,1070,1924,2000,98039,47.6293,-122.238,2760,15000
24981,20140611T000000,2,1.5,982,846,2.0,0,0,3,8,806,176,2006,0,98133,47.7034,-122.345,1010,3844
21138,20140708T000000,4,2.5,1920,8562,2.0,0,2,4,7,1920,0,1994,0,98022,47.1932,-122.008,1820,8628
30564,20140603T000000,3,2.0,1530,8700,1.0,0,0,4,7,1530,0,1970,0,98055,47.4529,-122.207,1960,7600
28308,20150409T000000,5,3.25,3340,9075,2.0,0,0,3,8,2600,740,2005,0,98065,47.5446,-121.88,2770,6646
12921,20140915T000000,3,2.0,1600,16530,1.0,0,0,5,7,1600,0,1967,0,98075,47.5821,-122.016,1850,41006
23756,20141001T000000,2,1.5,1440,725,2.0,0,0,3,8,1100,340,2011,0,98126,47.5607,-122.378,1440,4255
12141,20150303T000000,5,2.5,3240,9960,1.0,0,1,3,8,2020,1220,1958,0,98008,47.5858,-122.112,2730,10400
13523,20141016T000000,3,1.0,1180,4219,1.0,0,0,3,7,1060,120,1939,0,98117,47.6867,-122.378,1630,4219
16212,20140717T000000,2,1.0,670,5600,1.0,0,0,3,6,670,0,1903,0,98108,47.5498,-122.304,1960,7176
13037,20140916T000000,3,1.0,1570,9136,1.0,0,0,3,7,1570,0,1953,0,98133,47.7688,-122.337,1380,9127
19521,20150504T000000,4,3.25,3526,15958,2.0,0,0,3,10,3526,0,1997,0,98075,47.567,-122.033,3639,15090
21858,20150413T000000,4,2.75,2750,15450,1.0,0,0,3,8,1800,950,1978,0,98155,47.7749,-122.283,2750,10620
26878,20150316T000000,2,1.0,960,2700,1.0,0,0,3,6,780,180,1904,0,98144,47.6013,-122.299,1400,3000
12949,20141125T000000,4,2.0,2760,27631,2.0,0,0,4,8,1800,960,1978,0,98155,47.7484,-122.291,2490,13158
27444,20141012T000000,4,1.5,1730,7464,2.0,0,0,4,7,1730,0,1959,0,98032,47.3782,-122.304,1370,7860
19208,20141226T000000,4,2.75,2860,6867,1.0,0,1,5,7,1560,1300,1946,0,98115,47.6723,-122.263,2290,5350
28067,20150223T000000,3,2.5,2250,10171,2.0,0,0,3,9,2250,0,1987,0,98006,47.5613,-122.11,2440,13390
27875,20141015T000000,4,2.75,2890,16397,2.0,0,0,3,10,2890,0,1997,0,98077,47.7102,-122.072,3170,16397
16393,20140808T000000,3,1.0,1030,10480,1.0,0,0,4,7,1030,0,1954,0,98006,47.5742,-122.139,1480,12200
30777,20140825T000000,4,2.5,3780,23623,2.0,0,0,3,9,3780,0,1997,0,98006,47.559,-122.118,3370,10210
29896,20150419T000000,4,2.5,1980,5000,2.0,0,0,3,8,1980,0,2008,0,98014,47.6492,-121.908,1400,8500
26168,20140916T000000,5,2.5,3320,9024,2.0,0,0,3,9,3320,0,1999,0,98075,47.5865,-122.056,3320,7665
19483,20150507T000000,3,2.75,3230,9576,1.5,0,0,4,8,3230,0,1966,0,98034,47.7307,-122.183,2820,9576
10939,20140925T000000,3,2.5,1520,3003,2.0,0,0,3,7,1520,0,2009,0,98059,47.4876,-122.153,1820,3030
27112,20150114T000000,3,1.75,1760,6788,2.0,1,4,3,7,1760,0,1940,1960,98125,47.7336,-122.284,1630,7588
24780,20140622T000000,4,2.5,2040,8400,1.0,0,0,3,8,1420,620,1963,0,98006,47.5512,-122.17,2540,8925
19966,20150219T000000,3,1.5,1370,10176,1.0,0,0,3,6,1370,0,1947,0,98168,47.4738,-122.263,1650,10176
20178,20140728T000000,3,2.0,720,7598,1.0,0,0,5,6,720,0,1947,0,98106,47.5483,-122.36,1080,7209
13607,20150507T000000,2,1.0,920,10000,1.0,0,0,4,7,920,0,1981,0,98033,47.6938,-122.21,1340,10000
19628,20150228T000000,4,3.5,3430,13609,2.0,0,0,3,11,3430,0,2001,0,98059,47.5196,-122.151,3880,11614
26958,20140506T000000,5,3.5,3480,36615,2.0,0,0,4,8,2490,990,1983,0,98075,47.5741,-122.05,2540,35910
12783,20141014T000000,2,1.5,1180,1722,2.0,0,0,3,8,1180,0,2006,0,98116,47.5626,-122.384,1490,1469
28335,20140903T000000,5,3.25,3940,9780,2.0,0,0,3,9,3940,0,2007,0,98065,47.5435,-121.888,3550,8468
12609,20140617T000000,4,1.0,1120,7104,1.5,0,0,3,7,1120,0,1946,0,98177,47.7055,-122.372,1370,7104
29750,20141224T000000,3,2.25,1510,6071,1.0,0,0,4,7,1150,360,1985,0,98042,47.3619,-122.077,1510,7271
18503,20140808T000000,2,1.0,970,2700,1.0,0,0,4,7,770,200,1926,0,98115,47.6852,-122.312,1570,3348
18298,20141118T000000,2,2.0,1540,7290,2.0,0,0,3,7,1540,0,1948,1983,98136,47.551,-122.395,1540,7072
23247,20150319T000000,4,2.75,3050,4750,2.0,0,0,3,8,3050,0,2014,0,98059,47.4857,-122.153,2730,5480
18055,20140908T000000,3,1.5,1260,3135,1.0,0,0,4,7,780,480,1944,0,98107,47.6693,-122.371,1540,3025
14426,20141021T000000,3,1.0,1990,15375,1.0,0,0,3,7,1140,850,1946,0,98168,47.4778,-122.288,1160,10236
14686,20141119T000000,3,2.25,2180,9246,2.0,0,0,3,9,2180,0,1984,0,98074,47.6215,-122.031,2300,9298
28421,20150319T000000,4,2.75,2680,8500,1.0,0,4,4,9,1480,1200,1962,0,98006,47.5634,-122.156,2940,8650
12854,20150223T000000,3,2.25,1480,1384,3.0,0,0,3,8,1480,0,2008,0,98103,47.691,-122.342,1310,1329
12610,20140905T000000,3,2.0,1650,7104,2.0,0,0,3,8,1650,0,1945,1986,98177,47.7053,-122.374,1730,7104
20894,20140805T000000,3,1.5,1570,6450,1.5,0,0,4,6,1570,0,1931,0,98022,47.2021,-121.996,1400,6450
21982,20150327T000000,4,2.25,1850,9911,1.0,0,0,4,7,1850,0,1957,0,98008,47.6019,-122.116,1650,8670
21801,20150403T000000,2,1.0,770,8149,1.0,0,0,3,6,770,0,1948,0,98155,47.7467,-122.3,880,8149
28225,20141112T000000,4,2.5,2990,8622,2.0,0,0,3,9,2990,0,2000,0,98065,47.5394,-121.875,2980,8622
18110,20150224T000000,3,2.0,1430,4200,1.0,0,0,4,7,830,600,1908,0,98199,47.6462,-122.384,1540,5000
19812,20150213T000000,5,2.5,2430,6168,2.0,0,0,3,8,2430,0,2007,0,98056,47.5237,-122.199,2150,8400
13208,20141013T000000,3,2.5,3110,217800,2.0,0,0,3,9,3110,0,2001,0,98092,47.3281,-122.124,2220,217800
26138,20150130T000000,6,3.0,2480,9720,2.0,0,0,3,8,2480,0,1972,0,98007,47.6127,-122.145,2480,9200
19190,20140612T000000,4,2.25,2640,31941,1.0,0,0,4,9,2640,0,1986,0,98092,47.3099,-122.116,2780,35365
24383,20150225T000000,4,2.5,2480,5000,1.0,0,3,3,8,1480,1000,1951,0,98105,47.6653,-122.272,2240,6071
23425,20150327T000000,3,2.5,1690,5175,2.0,0,0,3,7,1690,0,2002,0,98038,47.3564,-122.016,1830,5175
14299,20140723T000000,4,2.5,2260,9686,1.0,0,0,4,7,1520,740,1965,0,98002,47.286,-122.218,1750,9916
28030,20150504T000000,5,2.5,3220,10572,2.0,0,0,3,8,3220,0,2006,0,98019,47.7268,-121.957,2890,9090
16084,20140708T000000,2,2.5,1785,779,2.0,0,0,3,7,1595,190,1975,0,98004,47.5959,-122.198,1780,794
23130,20150409T000000,4,2.25,2360,11523,2.0,0,0,4,10,2360,0,1968,0,98040,47.5318,-122.224,2850,11362
25367,20140521T000000,3,1.0,990,6750,1.0,0,0,4,6,990,0,1947,0,98133,47.7125,-122.331,1440,6860
30209,20150309T000000,4,1.75,1960,8400,1.0,0,0,4,8,1960,0,1967,0,98023,47.3111,-122.379,2080,8400
19164,20141224T000000,3,1.0,1580,8206,1.0,0,0,3,7,1100,480,1962,0,98198,47.3676,-122.312,1600,8196
25962,20150331T000000,4,3.0,2020,6000,1.0,0,0,3,8,1220,800,1968,2015,98199,47.6563,-122.401,1400,6000
13255,20150312T000000,4,1.75,1670,9500,1.0,0,0,3,7,1670,0,1976,0,98125,47.7254,-122.31,1620,9500
25994,20141103T000000,4,2.0,2340,6000,1.0,0,0,5,8,1270,1070,1953,0,98199,47.6495,-122.401,1600,6000
16808,20150217T000000,3,1.75,2180,6120,1.0,0,2,3,8,1380,800,1949,0,98199,47.6501,-122.405,2020,6122
11944,20140602T000000,3,2.0,1750,15500,1.0,0,0,3,7,1490,260,1982,0,98075,47.5887,-122.065,2450,50094
17469,20141126T000000,3,1.5,1240,15867,1.0,0,0,3,7,1240,0,1962,0,98034,47.7167,-122.202,1570,9600
28428,20150210T000000,4,2.5,3090,9238,1.0,0,3,4,8,1680,1410,1967,0,98006,47.5654,-122.163,2690,8500
20849,20141022T000000,3,2.5,1720,6271,2.0,0,0,3,7,1720,0,1993,0,98038,47.3898,-122.049,1570,6587
21990,20141208T000000,4,1.0,1330,9715,1.0,0,0,4,7,970,360,1957,0,98008,47.6038,-122.122,1590,8400
22298,20150317T000000,3,3.0,2010,2554,2.0,0,0,3,7,1860,150,2001,0,98118,47.5525,-122.269,1370,5100
18021,20150223T000000,3,1.75,1340,3900,2.0,0,0,5,7,1340,0,1900,0,98107,47.6711,-122.379,1470,1611
24126,20150311T000000,3,2.0,1320,8568,1.0,0,0,3,7,1320,0,1993,0,98042,47.3904,-122.164,1600,8463
12441,20140731T000000,4,1.75,1950,12500,1.0,0,0,3,7,1330,620,1963,0,98168,47.4999,-122.327,1760,11520
13073,20141129T000000,4,2.5,3216,5902,2.0,0,0,3,9,3216,0,2014,0,98030,47.3425,-122.179,2815,4916
25757,20150415T000000,3,1.75,2210,7920,1.0,0,0,3,7,1400,810,1966,0,98178,47.4968,-122.237,2220,7920
23240,20140527T000000,3,3.75,3250,5797,2.0,0,2,4,8,2370,880,1951,0,98199,47.6481,-122.405,1840,5797
12257,20140612T000000,4,2.5,2370,10858,2.0,0,0,3,9,2370,0,2003,0,98004,47.6336,-122.192,2510,21673
26485,20140915T000000,4,3.0,3990,7838,2.0,0,0,3,9,3990,0,2003,0,98053,47.6857,-122.046,3370,6814
24123,20140917T000000,2,2.5,1660,2258,2.0,0,0,3,7,1660,0,1981,0,98042,47.3793,-122.146,1740,2390
13273,20150430T000000,3,2.0,1290,13282,1.0,0,0,3,7,1290,0,1978,0,98030,47.3787,-122.169,1290,12357
22292,20150324T000000,4,3.75,3480,14850,1.0,0,4,3,9,1870,1610,1951,2013,98004,47.6227,-122.216,4780,18480
12035,20140512T000000,2,1.75,2040,28593,1.5,1,3,4,7,2040,0,1919,1990,98070,47.3979,-122.465,2040,35124
19606,20150303T000000,4,3.25,4386,12275,1.0,0,0,3,10,2356,2030,2006,0,98092,47.3329,-122.2,3060,10925
20445,20140902T000000,3,3.0,1990,9600,1.0,0,0,3,7,1440,550,1988,0,98003,47.3499,-122.296,1670,9600
16549,20150106T000000,3,1.75,1740,10800,1.0,0,0,3,7,1740,0,1959,0,98133,47.7717,-122.351,1810,7735
14206,20141224T000000,3,2.5,1610,8544,2.0,0,0,5,7,1610,0,1994,0,98038,47.3714,-122.054,1840,8190
28432,20150401T000000,4,3.25,5180,19850,2.0,0,3,3,12,3540,1640,2006,0,98006,47.562,-122.162,3160,9750
31934,20140922T000000,3,1.5,2260,5300,1.0,0,0,3,7,1200,1060,1940,0,98103,47.6756,-122.348,1950,5000
24632,20150311T000000,3,1.75,1630,9000,1.0,0,0,3,7,960,670,1955,0,98004,47.6023,-122.205,1880,9000
22121,20140929T000000,3,2.5,1427,4337,2.0,0,0,3,7,1427,0,2009,0,98042,47.3857,-122.162,1443,4347
22749,20140516T000000,4,2.0,1510,4235,1.0,0,0,3,7,1510,0,1955,0,98108,47.546,-122.293,1510,4268
20224,20150220T000000,2,1.5,1010,825,3.0,0,0,3,7,1010,0,2007,0,98125,47.7124,-122.301,1128,1080
24557,20141210T000000,4,2.75,2990,7389,1.5,0,0,4,8,2090,900,1923,0,98144,47.5711,-122.284,2510,6157
15361,20150428T000000,3,1.75,2110,15400,1.0,0,0,3,7,1380,730,1963,0,98178,47.4861,-122.226,2110,9800
29040,20150420T000000,4,2.5,3160,8530,2.0,0,0,3,9,3160,0,2006,0,98059,47.5075,-122.148,3160,6460
20752,20150504T000000,3,2.5,1470,1741,2.0,0,0,3,8,1170,300,2004,0,98029,47.5464,-121.999,1470,1583
28968,20140605T000000,3,2.5,1610,6176,2.0,0,0,3,7,1610,0,1994,0,98030,47.3657,-122.173,1680,7414
15885,20140923T000000,4,2.75,3140,10918,1.0,0,0,3,8,1900,1240,1968,1986,98034,47.7086,-122.243,3170,10918
19153,20150330T000000,3,1.0,1030,8400,1.0,0,0,4,7,1030,0,1963,0,98056,47.5364,-122.173,1270,8400
14396,20140916T000000,3,1.75,1380,8362,1.0,0,0,3,7,1380,0,1967,0,98003,47.3121,-122.323,1380,8800
16547,20150114T000000,4,1.75,1890,9205,1.0,0,0,3,8,1260,630,1964,0,98133,47.774,-122.348,1430,6775
10834,20140801T000000,4,2.75,3010,10450,2.0,0,0,3,9,3010,0,1996,0,98052,47.6979,-122.112,3010,10530
21918,20140619T000000,4,2.5,2610,8031,2.0,0,0,3,8,2610,0,1998,0,98155,47.7717,-122.27,2320,8031
27419,20141106T000000,4,1.0,1390,3708,1.5,0,0,4,7,1390,0,1926,0,98117,47.685,-122.363,1430,3708
15292,20141017T000000,3,2.25,1380,7226,1.0,0,0,4,7,1140,240,1987,0,98042,47.3677,-122.091,1640,7823
32249,20150108T000000,3,2.5,2190,2658,2.0,0,3,4,9,2190,0,1979,0,98033,47.6528,-122.203,2315,2538
11576,20150415T000000,4,3.0,1920,4000,1.5,0,0,4,8,1540,380,1931,0,98116,47.5718,-122.385,1660,4000
23530,20141201T000000,4,1.75,1730,9520,1.0,0,0,4,7,1730,0,1971,0,98059,47.4756,-122.157,1550,11211
19737,20150210T000000,2,1.0,790,5150,1.0,0,0,4,6,790,0,1948,0,98118,47.5528,-122.272,1460,5150
26154,20140721T000000,3,1.0,1400,9750,1.0,0,0,3,7,1400,0,1968,1998,98198,47.3862,-122.304,1640,8050
20500,20150327T000000,3,2.0,1720,10098,1.0,0,0,4,8,1140,580,1981,0,98074,47.6231,-122.043,1840,10098
21560,20140715T000000,4,2.75,2150,16728,1.0,0,0,4,8,1240,910,1982,0,98033,47.6915,-122.183,2200,9257
11610,20150413T000000,4,2.5,2330,30122,1.0,0,1,3,8,1490,840,1951,0,98115,47.6843,-122.267,2430,6726
18895,20140603T000000,3,2.75,2390,9313,1.0,0,0,5,8,1390,1000,1942,0,98133,47.7209,-122.331,2390,12712
21914,20150225T000000,3,3.5,2460,14155,2.0,0,0,3,8,1900,560,2014,0,98155,47.7743,-122.279,2440,14080
17859,20140603T000000,3,1.75,1340,16480,1.0,0,0,4,7,1340,0,1968,0,98042,47.364,-122.162,1520,10451
14829,20150428T000000,3,1.0,1000,7636,1.0,0,0,2,7,1000,0,1952,0,98166,47.472,-122.344,1150,7600
28458,20140805T000000,5,2.5,2530,8564,2.0,0,0,4,8,2530,0,1976,0,98006,47.5622,-122.153,2480,8714
26113,20140527T000000,3,2.5,2330,1987,2.0,0,4,3,9,1410,920,2004,0,98107,47.6735,-122.405,2640,5250
27152,20141126T000000,3,1.5,1200,2002,2.0,0,0,3,8,1200,0,1966,0,98055,47.4659,-122.189,1270,1848
10871,20140924T000000,5,4.5,4440,9784,2.0,0,0,3,10,4440,0,2012,0,98168,47.4702,-122.275,2720,10080
10917,20140513T000000,4,3.25,4400,16625,2.0,0,0,3,11,4400,0,2003,0,98075,47.5868,-121.968,4440,15523
15982,20140814T000000,6,3.0,3420,22421,1.0,0,0,5,9,2270,1150,1948,0,98006,47.5508,-122.189,2430,15560
28798,20140612T000000,3,2.25,1480,5400,2.0,0,0,4,8,1480,0,1914,0,98122,47.6095,-122.296,1280,3600
17763,20150427T000000,5,1.75,2190,7500,1.0,0,0,3,7,1290,900,1979,0,98133,47.7766,-122.355,1790,8820
20777,20150422T000000,5,3.5,2980,5809,2.0,0,2,3,8,2980,0,2005,0,98029,47.5537,-121.996,2120,3416
26806,20141027T000000,3,2.5,2140,7641,1.0,0,0,3,8,1290,850,1979,0,98056,47.5053,-122.186,2090,8000
22420,20140514T000000,4,2.5,3320,7644,2.0,0,0,3,10,3320,0,1995,0,98006,47.5541,-122.106,3320,9472
27425,20150108T000000,2,1.0,1070,5150,1.0,0,0,4,6,870,200,1908,0,98117,47.6853,-122.366,1520,3860
17979,20150119T000000,2,3.0,1570,1281,3.0,0,0,3,8,1570,0,2014,0,98107,47.6741,-122.384,1570,2500
23041,20141020T000000,4,2.5,3430,7508,2.0,0,0,3,10,3430,0,1998,0,98052,47.6866,-122.11,3110,8741
19701,20140617T000000,3,1.75,1190,7280,1.0,0,0,4,7,1190,0,1968,0,98092,47.3151,-122.19,1250,7800
19550,20140708T000000,3,1.0,1150,7314,1.0,0,0,3,7,1150,0,1960,0,98008,47.6246,-122.113,1350,7350
20194,20140729T000000,5,2.5,2510,7525,1.5,0,0,4,7,1710,800,1929,0,98106,47.5422,-122.359,1270,6741
32103,20140625T000000,4,2.5,3000,10392,2.0,0,0,3,9,3000,0,1995,0,98027,47.535,-122.049,3140,9213
18596,20150120T000000,3,2.0,1410,7265,1.0,0,0,4,7,1410,0,1983,0,98042,47.3654,-122.076,1390,8060
28990,20140514T000000,3,1.5,2360,6750,2.0,0,0,5,7,1930,430,1926,0,98103,47.6923,-122.332,1320,4500
14562,20150325T000000,4,2.25,3010,12202,1.0,0,0,4,9,3010,0,1959,0,98005,47.6387,-122.174,2480,10143
31045,20140624T000000,3,2.5,2970,23100,1.0,0,0,3,7,1510,1460,1967,0,98072,47.7735,-122.133,2390,20300
20374,20140707T000000,4,3.25,3770,4103,2.0,0,0,5,9,2710,1060,1925,0,98109,47.641,-122.349,2560,4160
19575,20150429T000000,4,2.5,3240,7621,2.0,0,2,3,9,3240,0,2003,0,98075,47.5641,-122.032,4610,7150
16513,20150318T000000,4,1.75,1870,22072,1.0,0,0,3,7,1070,800,1959,0,98042,47.3775,-122.165,2100,10185
19018,20141107T000000,4,1.5,2500,9448,1.0,0,0,4,7,1250,1250,1966,0,98106,47.5212,-122.339,1640,9490
15033,20141006T000000,4,2.5,2300,3825,2.0,0,0,3,7,2300,0,2012,0,98042,47.3594,-122.082,2110,3825
29991,20140729T000000,2,2.5,1900,4871,2.0,0,0,3,8,1900,0,2005,0,98053,47.7132,-122.034,1640,4780
25053,20141218T000000,3,1.75,1630,9403,1.0,0,0,3,7,1630,0,1983,0,98155,47.757,-122.316,1430,8461
30670,20150108T000000,3,1.0,1270,7344,1.0,0,0,3,7,970,300,1967,0,98023,47.305,-122.371,1290,7300
20903,20150428T000000,3,2.0,1750,9239,1.0,0,0,3,8,1410,340,1989,0,98133,47.7583,-122.339,1720,7874
20026,20140827T000000,3,2.75,1880,1793,2.0,0,0,3,7,1810,70,2001,0,98108,47.5405,-122.293,1800,2537
21384,20150226T000000,3,2.5,1690,1310,2.0,0,0,3,8,1140,550,2004,0,98136,47.5404,-122.387,1640,1321
21493,20150305T000000,5,4.0,3310,8400,2.0,0,0,3,10,3310,0,2000,0,98033,47.6914,-122.214,3430,8400
18179,20141218T000000,5,2.5,2530,4229,2.0,0,0,3,7,2530,0,2004,0,98038,47.3531,-122.021,2070,4879
23808,20141020T000000,3,2.0,1540,3600,2.0,0,0,3,8,1540,0,1900,1988,98112,47.6343,-122.283,2970,3600
15349,20140624T000000,3,2.5,2270,100545,2.0,0,0,3,8,2270,0,1998,0,98070,47.4815,-122.47,1277,100545
21358,20140617T000000,4,2.5,2570,6251,2.0,0,0,3,9,2570,0,2000,0,98004,47.593,-122.197,2570,9588
31738,20141120T000000,2,1.0,880,6900,1.0,0,0,3,6,880,0,1943,0,98056,47.4903,-122.191,1060,8000
13107,20141202T000000,3,1.75,1710,6400,1.0,0,0,4,7,1240,470,1976,0,98023,47.3036,-122.377,1600,6400
22068,20150415T000000,3,1.5,1680,8000,1.5,0,0,3,7,1680,0,2012,0,98014,47.6923,-121.869,1990,26336
23518,20150305T000000,4,2.5,2600,7787,2.0,0,0,3,8,2600,0,2005,0,98059,47.4877,-122.139,2830,7787
14361,20140523T000000,3,1.5,1110,9762,1.0,0,0,4,7,1110,0,1963,0,98052,47.676,-122.15,1900,9720
21374,20150326T000000,3,2.5,1800,2731,2.0,0,0,3,8,1800,0,2014,0,98065,47.5342,-121.841,1800,3265
21090,20141002T000000,3,2.5,1790,4065,2.0,0,0,3,8,1790,0,2009,0,98019,47.7344,-121.965,2480,4252
16779,20140613T000000,5,3.5,2320,4960,2.0,0,0,5,7,1720,600,1926,0,98103,47.6763,-122.352,1700,4960
18836,20140714T000000,1,1.0,920,91476,1.5,0,0,3,6,920,0,1996,2002,98070,47.448,-122.472,1746,91476
26130,20141008T000000,2,1.75,2070,23160,1.0,0,0,3,7,1260,810,1946,0,98199,47.6551,-122.394,1690,5458
13301,20150324T000000,3,2.75,2090,9620,1.0,0,0,3,8,1340,750,1987,0,98023,47.2741,-122.337,2150,9660
12318,20150313T000000,4,1.0,1460,18599,1.5,0,0,3,5,1460,0,1940,0,98146,47.5006,-122.351,1320,8100
12477,20140911T000000,2,2.0,1830,3600,1.0,0,0,4,7,1230,600,1926,0,98109,47.6359,-122.351,2020,3600
23322,20140502T000000,2,1.0,880,6380,1.0,0,0,3,7,880,0,1938,1994,98115,47.6924,-122.322,1340,6380
14052,20140916T000000,4,2.5,2430,5366,2.0,0,0,3,8,2430,0,2002,0,98092,47.3352,-122.19,2100,5414
24723,20140627T000000,2,1.75,1110,1773,2.0,0,0,3,8,1110,0,2014,0,98108,47.5647,-122.293,1420,2855
27813,20150504T000000,3,2.5,1730,4086,2.0,0,0,3,8,1730,0,2013,0,98146,47.5016,-122.341,2030,4086
28334,20140520T000000,4,2.5,3550,8048,2.0,0,0,3,9,3550,0,2007,0,98065,47.5422,-121.888,3920,7871
22373,20140716T000000,3,2.25,2820,11625,2.0,0,0,3,8,2820,0,1986,0,98092,47.2621,-122.218,2290,8488
17087,20140626T000000,3,2.25,1780,10395,1.0,0,0,3,8,1780,0,1967,0,98058,47.4539,-122.15,2080,9360
28950,20140804T000000,3,1.75,1840,16679,1.0,0,0,3,8,1840,0,1989,0,98001,47.3207,-122.275,1910,15571
30398,20141208T000000,3,2.5,1470,4488,2.0,0,0,5,7,1470,0,1980,0,98034,47.723,-122.162,1400,4441
32315,20150504T000000,2,1.0,880,1165,2.0,0,0,3,8,880,0,2005,0,98122,47.6192,-122.297,1640,3825
11079,20141120T000000,4,1.75,1990,18900,2.0,0,0,4,7,1870,120,1929,0,98168,47.5131,-122.313,1710,12400
11770,20141014T000000,3,2.5,2070,39768,2.0,0,0,3,8,2070,0,1988,0,98077,47.7696,-122.036,2740,44866
12970,20150312T000000,3,3.5,2740,3785,2.0,0,0,3,9,2190,550,2001,0,98034,47.7195,-122.182,2060,3457
26090,20150325T000000,4,2.75,3340,5677,2.0,0,0,3,9,3340,0,2011,0,98052,47.709,-122.118,3240,5643
19270,20140617T000000,3,2.75,2750,18029,1.0,0,2,5,9,1810,940,1978,0,98006,47.5617,-122.134,2850,10021
18656,20140722T000000,4,2.25,2580,7344,2.0,0,0,3,8,2580,0,1977,0,98027,47.5647,-122.09,2390,7507
11252,20141118T000000,5,4.5,5220,67319,2.0,0,0,3,11,5220,0,2001,0,98072,47.7666,-122.128,4190,40609
19548,20150105T000000,3,1.0,1170,7350,1.0,0,0,4,7,1170,0,1960,0,98008,47.625,-122.117,1170,7350
32367,20140806T000000,3,3.25,3890,3452,2.0,0,0,3,12,2890,1000,2006,0,98102,47.626,-122.323,2860,2199
19307,20150428T000000,6,3.5,3670,3959,2.0,0,0,3,10,2410,1260,2008,0,98119,47.6356,-122.373,2060,3625
24906,20140728T000000,5,3.25,3570,5425,2.0,0,0,3,7,3570,0,2005,0,98075,47.5933,-122.007,2690,5347
26102,20141002T000000,0,1.0,390,5900,1.0,0,0,2,4,390,0,1953,0,98118,47.526,-122.261,2170,6000
16535,20141202T000000,4,2.75,2980,42253,1.0,0,0,4,9,1860,1120,1973,0,98005,47.6392,-122.163,2980,42253
12321,20150417T000000,3,1.75,1250,8100,1.0,0,0,3,7,1250,0,1951,2004,98146,47.5016,-122.348,1300,8175
13081,20150213T000000,3,1.75,1970,10548,1.0,0,0,4,8,1300,670,1973,0,98033,47.6669,-122.179,2500,8548
31514,20140912T000000,3,3.25,1510,2000,2.0,0,0,3,9,1330,180,2001,0,98116,47.5815,-122.402,1510,1352
23732,20141009T000000,4,2.25,2240,8300,2.0,0,0,3,8,2240,0,1978,0,98011,47.7746,-122.197,2340,8500
30697,20140506T000000,3,1.5,1420,8580,1.0,0,0,3,6,1420,0,1962,0,98023,47.3076,-122.362,1200,8580
16476,20141103T000000,3,1.0,1230,12201,1.0,0,0,3,7,1230,0,1969,0,98042,47.3285,-122.134,1230,10780
27025,20140825T000000,3,2.0,1490,3072,1.0,0,0,5,7,770,720,1912,0,98144,47.5772,-122.307,1320,3072
10814,20140521T000000,2,1.0,790,5240,1.0,0,0,4,6,790,0,1925,0,98118,47.5303,-122.288,1430,5320
22619,20140911T000000,6,2.75,4460,6952,2.5,0,2,4,10,3460,1000,1930,0,98105,47.6626,-122.269,2750,4769
24315,20140819T000000,4,2.5,3370,35150,1.0,0,0,5,8,1770,1600,1993,0,98027,47.461,-122.002,2920,41241
16655,20150415T000000,3,2.75,1740,5757,1.0,0,0,3,7,1740,0,2010,0,98022,47.1941,-121.979,2380,5647
24094,20141230T000000,3,2.75,2700,22343,1.5,0,1,4,10,2700,0,1977,0,98040,47.5706,-122.209,3390,15682
26325,20150504T000000,5,3.5,2950,2932,3.0,0,0,3,8,2950,0,2004,0,98144,47.5923,-122.298,1580,2047
21340,20141215T000000,2,1.0,1860,3400,1.0,0,0,3,7,1010,850,1920,0,98105,47.6714,-122.329,1540,3997
22082,20150120T000000,3,1.75,1660,16275,2.0,0,0,3,7,1660,0,1990,0,98014,47.6903,-121.915,1520,16275
20638,20150429T000000,3,1.0,980,5600,1.0,0,0,2,6,980,0,1949,0,98106,47.5308,-122.361,1840,5302
11996,20150302T000000,2,1.5,820,1270,2.0,0,0,3,7,820,0,2009,0,98144,47.5925,-122.295,1130,1201
24683,20140610T000000,3,1.0,1580,5000,1.5,0,0,3,7,1580,0,1926,0,98117,47.684,-122.386,1280,4000
16627,20140910T000000,5,2.0,1910,5508,1.0,0,0,3,7,1020,890,1968,0,98133,47.7074,-122.349,1030,7440
28700,20150409T000000,3,2.5,2530,7000,2.5,0,4,3,9,2530,0,1915,1999,98136,47.5465,-122.398,2380,7000
29615,20140527T000000,5,1.5,1900,10226,1.0,0,0,3,7,1130,770,1961,0,98034,47.7226,-122.227,1690,10227
23104,20140819T000000,3,1.75,1250,3880,1.0,0,0,4,7,750,500,1944,0,98117,47.6869,-122.392,1240,3880
25058,20141109T000000,3,1.75,1590,9636,1.5,0,0,4,6,1590,0,1953,0,98155,47.754,-122.321,1800,9975
14109,20141218T000000,4,1.75,1360,7700,1.0,0,0,4,7,1360,0,1966,0,98058,47.4558,-122.177,1321,7756
32087,20140516T000000,4,1.5,1370,9957,1.0,0,0,3,7,900,470,1972,0,98034,47.7237,-122.181,1510,8088
24495,20140722T000000,3,1.0,1110,7000,1.5,0,0,4,7,1110,0,1955,0,98133,47.754,-122.341,1800,7000
18032,20140520T000000,3,2.25,1270,1213,2.0,0,0,3,8,1040,230,2005,0,98107,47.6736,-122.375,1410,1265
27791,20140723T000000,4,1.75,1920,7500,1.0,0,0,4,7,1920,0,1962,0,98198,47.4222,-122.318,1490,8000
12904,20141020T000000,4,2.5,2900,6736,2.0,0,0,3,8,2900,0,2013,0,98059,47.4954,-122.152,2900,6736
11093,20150305T000000,4,3.5,3070,4440,2.0,0,0,3,9,2030,1040,1922,2007,98116,47.5732,-122.411,1780,4800
26030,20141203T000000,4,2.5,2672,4297,2.0,0,0,3,8,2020,652,2005,0,98115,47.6955,-122.289,1720,6120
15815,20141209T000000,3,2.25,3360,7108,2.0,0,0,3,10,2770,590,1905,2004,98112,47.6187,-122.284,3450,8558
20061,20141112T000000,3,1.75,1900,43700,1.5,0,0,4,6,1900,0,1919,0,98052,47.7265,-122.136,2070,43995
24268,20141121T000000,5,3.5,3230,7560,2.0,0,0,3,10,3230,0,2007,0,98052,47.6467,-122.118,3230,8580
30959,20140811T000000,3,2.25,2610,9409,1.0,1,4,4,8,2610,0,1963,0,98075,47.5789,-122.076,2970,9156
21807,20140904T000000,6,2.25,3830,11180,1.0,0,2,5,9,2440,1390,1962,0,98008,47.5849,-122.113,2500,10400
17227,20140512T000000,4,3.0,2110,5000,1.5,0,2,4,7,1640,470,1930,0,98136,47.5195,-122.391,1380,5000
25279,20150402T000000,3,1.0,1250,7157,1.0,0,0,3,7,1250,0,1944,2010,98125,47.7323,-122.304,1300,6796
16445,20140716T000000,5,2.0,1910,12264,1.0,0,0,4,7,1010,900,1963,0,98007,47.601,-122.134,1700,9179
28266,20150313T000000,4,2.5,2870,6776,2.0,0,0,3,8,2870,0,2004,0,98065,47.539,-121.878,2770,6658
25412,20140506T000000,3,2.0,1420,4080,1.5,0,0,3,7,1420,0,1905,2013,98103,47.6872,-122.349,1420,4590
25728,20150430T000000,4,2.5,2470,5074,2.0,0,0,3,8,2470,0,2004,0,98038,47.3457,-122.041,2470,5078
20929,20140709T000000,4,1.75,1820,5015,1.0,0,0,4,6,1190,630,1926,0,98108,47.5569,-122.31,1530,9130
14008,20141201T000000,3,2.75,2020,9505,1.0,0,0,3,7,1260,760,1969,0,98011,47.7399,-122.197,2080,11901
31272,20140916T000000,4,1.0,1030,5750,1.0,0,0,3,7,1030,0,1971,0,98126,47.553,-122.37,1250,5750
27045,20140909T000000,3,2.5,1870,9825,1.0,0,0,4,7,1250,620,1994,0,98045,47.4639,-121.744,1380,11475
21193,20140813T000000,3,2.0,2360,5737,2.0,0,0,3,8,2360,0,2003,0,98028,47.7633,-122.262,1600,9163
21637,20140617T000000,4,2.25,1990,5948,2.0,0,0,3,8,1990,0,1991,0,98029,47.5712,-121.995,2150,6459
15444,20150210T000000,4,2.75,2610,8967,2.0,0,0,4,8,2610,0,1990,0,98042,47.3747,-122.124,2390,7852
19180,20141020T000000,4,2.75,2220,8450,1.0,0,0,4,7,1260,960,1983,0,98059,47.4804,-122.157,1580,8450
15826,20141119T000000,2,1.0,1240,5500,1.0,0,0,3,7,1240,0,1954,0,98102,47.6461,-122.317,2080,4400
16388,20140714T000000,3,1.5,1540,13475,1.0,0,0,4,7,1540,0,1972,0,98059,47.4766,-122.153,1550,13475
24861,20140910T000000,3,1.75,2870,26500,1.5,0,1,3,8,2870,0,1948,1981,98166,47.4485,-122.355,2420,20500
29759,20140826T000000,3,2.5,1940,3211,2.0,0,0,3,8,1940,0,2009,0,98027,47.5644,-122.093,1880,3078
18093,20150210T000000,3,2.25,1580,1487,3.0,0,0,3,9,1580,0,2013,0,98199,47.6514,-122.386,1600,1525
11877,20140715T000000,2,1.5,1140,1058,3.0,0,0,3,7,1140,0,2005,0,98103,47.6608,-122.333,1170,1116
18984,20150420T000000,2,1.0,950,4000,1.0,0,0,3,6,950,0,1910,0,98144,47.5728,-122.312,1480,4000
12296,20140527T000000,5,4.5,4850,40902,2.0,0,0,3,10,4850,0,2001,0,98023,47.3181,-122.344,1640,13503
23357,20141112T000000,4,2.5,2560,12760,1.0,0,0,4,7,1760,800,1949,0,98115,47.6947,-122.303,1760,6384
22242,20150320T000000,5,1.75,2344,4800,1.5,0,0,4,7,1544,800,1921,0,98103,47.6537,-122.335,1770,4200
13367,20140617T000000,3,3.25,4340,4947,2.0,0,3,3,11,3060,1280,1993,0,98107,47.6709,-122.406,1680,5250
23825,20140603T000000,3,1.0,1030,9120,1.0,0,0,3,7,1030,0,1961,0,98032,47.3607,-122.291,1470,10220
16399,20150305T000000,3,1.75,1480,8667,1.0,0,0,5,7,740,740,1954,0,98006,47.5718,-122.136,1600,10644
14229,20140701T000000,4,2.75,2910,6334,2.0,0,0,3,8,2910,0,2013,0,98045,47.4826,-121.771,2790,6352
25613,20150213T000000,4,2.0,1450,8175,1.0,0,0,4,7,1450,0,1967,0,98031,47.3933,-122.195,1570,9024
29368,20141211T000000,3,2.0,1470,4640,1.5,0,0,4,7,1470,0,1926,0,98199,47.6398,-122.393,1700,5000
26120,20140611T000000,4,2.75,3370,6675,1.0,0,3,4,8,1920,1450,1948,0,98144,47.5887,-122.291,2250,5550
16283,20140702T000000,2,1.0,1500,4000,1.0,0,0,3,8,1100,400,1933,0,98109,47.6409,-122.353,1980,4000
12328,20140724T000000,3,2.25,1630,9145,1.0,0,0,3,7,1630,0,1960,0,98146,47.5,-122.347,1630,9206
28131,20141119T000000,1,2.0,1240,4800,2.0,0,0,3,6,1240,0,1910,0,98055,47.4778,-122.211,1030,4800
27135,20140613T000000,5,2.5,3210,12000,1.0,0,0,4,8,1830,1380,1968,0,98007,47.6205,-122.148,2450,12000
28094,20141025T000000,4,1.5,1580,6200,1.0,0,0,3,6,790,790,1944,0,98178,47.4971,-122.24,1320,6499
19129,20141219T000000,3,1.0,1180,32214,1.0,0,0,3,7,1180,0,1952,0,98092,47.3313,-122.198,2300,13714
32230,20140728T000000,3,2.0,2440,13250,1.0,0,0,4,8,1440,1000,1977,0,98030,47.375,-122.227,2400,10650
19470,20140728T000000,3,3.25,1710,2171,2.0,0,0,3,7,1400,310,2014,0,98106,47.5434,-122.368,1380,1300
32000,20150416T000000,3,2.5,2000,3837,2.0,0,0,3,8,2000,0,2011,0,98072,47.7713,-122.167,2210,4075
32115,20141030T000000,4,1.0,1170,4590,1.5,0,0,4,7,1170,0,1925,0,98115,47.6804,-122.311,1430,4080
27213,20140725T000000,5,2.25,2100,6936,1.0,0,0,3,8,1600,500,1974,0,98033,47.6737,-122.169,2100,8661
24178,20150316T000000,4,5.0,5820,13906,2.0,0,0,3,11,3750,2070,1993,0,98042,47.3814,-122.164,2980,13000
10868,20140910T000000,5,1.0,1500,9282,1.5,0,0,5,6,1500,0,1966,0,98168,47.4702,-122.281,1520,9639
31440,20150125T000000,3,2.5,1780,4077,2.0,0,0,3,8,1780,0,2011,0,98038,47.3568,-122.056,1970,4077
21319,20150406T000000,3,1.75,1380,10529,1.0,0,0,3,7,1380,0,1967,0,98034,47.7119,-122.233,1670,5694
24682,20140620T000000,4,1.0,2080,5500,1.0,0,0,3,7,1040,1040,1941,0,98117,47.6838,-122.386,1280,4000
14459,20140725T000000,3,2.0,1510,4560,2.0,0,0,4,7,1510,0,1909,1995,98116,47.5689,-122.408,1990,5000
15989,20150109T000000,4,2.75,3090,6200,2.0,0,0,3,9,3090,0,2014,0,98006,47.5538,-122.189,2890,10108
19918,20141119T000000,4,2.0,1720,7560,1.0,0,0,3,7,1720,0,1959,0,98001,47.2845,-122.25,1750,7988
25777,20140912T000000,4,3.25,2830,4000,2.0,0,0,3,9,1910,920,1912,2012,98144,47.5845,-122.291,2740,4000
15031,20150330T000000,4,2.5,2110,3825,2.0,0,0,3,7,2110,0,2012,0,98042,47.3602,-122.082,2110,3825
25529,20141001T000000,4,2.75,3680,5000,2.0,0,3,3,9,2480,1200,1936,0,98105,47.6599,-122.269,3200,5000
24301,20140609T000000,3,3.0,2470,36445,2.0,0,0,4,8,2470,0,1980,0,98027,47.4661,-121.997,2310,35350
22036,20141010T000000,4,1.75,1820,6600,1.0,0,0,5,7,1820,0,1960,0,98007,47.606,-122.135,1430,8800
17001,20140918T000000,3,3.5,2940,6431,2.0,0,0,3,10,2940,0,2014,0,98075,47.5818,-122.047,2760,6695
27699,20140701T000000,2,1.0,1080,7775,1.0,0,0,3,6,1080,0,1955,0,98136,47.5447,-122.394,1730,7350
18725,20150302T000000,2,2.5,1090,13444,2.0,0,0,3,7,1090,0,2007,0,98198,47.4166,-122.319,1380,6000
15236,20140708T000000,3,1.0,1040,8892,1.0,0,0,4,6,800,240,1958,0,98023,47.3273,-122.349,820,9000
19020,20150213T000000,3,1.75,3330,12566,1.0,1,4,4,8,1940,1390,1960,0,98040,47.5287,-122.22,3730,16560
23217,20141204T000000,3,1.75,1420,6980,1.0,0,0,5,7,820,600,1980,0,98023,47.2873,-122.367,1470,7319
17692,20140514T000000,4,2.5,3430,10157,2.0,0,0,3,10,3430,0,2000,0,98034,47.723,-122.158,3480,10157
31654,20140609T000000,3,1.75,1640,13500,1.0,0,0,3,7,1110,530,1940,0,98125,47.7164,-122.304,1770,12600
25934,20140821T000000,3,1.5,1930,11092,1.0,0,0,3,7,1500,430,1983,0,98074,47.634,-122.033,1230,10964
28805,20150504T000000,4,3.5,5360,25800,1.0,0,0,3,9,3270,2090,1971,0,98074,47.6099,-122.054,2650,21781
16819,20150429T000000,5,2.25,2290,39000,2.0,0,0,3,8,2290,0,1979,0,98052,47.7012,-122.12,2750,39900
23293,20141017T000000,4,2.75,2500,5995,2.0,0,0,3,8,2500,0,2008,0,98042,47.3749,-122.107,2530,5988
23497,20140508T000000,2,1.0,1540,6872,1.0,0,0,4,7,820,720,1946,0,98119,47.6454,-122.373,1420,5538
25628,20140528T000000,2,1.0,830,2699,1.0,0,0,3,7,830,0,1996,0,98038,47.3839,-122.038,1030,3574
31099,20140903T000000,3,2.25,2110,7350,1.0,0,0,3,8,1530,580,1980,0,98023,47.3088,-122.341,2640,7777
12104,20140515T000000,4,3.25,3740,12080,1.0,0,0,3,10,2000,1740,1988,0,98077,47.7214,-122.056,4210,15277
17235,20140703T000000,2,2.75,1350,1252,2.0,0,0,3,8,1120,230,2006,0,98136,47.522,-122.39,1410,1265
22882,20150317T000000,3,1.0,1010,15701,1.0,0,0,4,7,1010,0,1949,0,98188,47.4518,-122.292,1260,9800
20558,20150423T000000,3,1.0,1300,5880,1.0,0,0,3,7,1300,0,1968,0,98052,47.6937,-122.113,1300,7700
18107,20150402T000000,3,3.25,1550,1280,2.0,0,0,3,9,1220,330,2013,0,98199,47.6493,-122.384,1550,1579
14047,20140505T000000,3,2.0,1050,10072,1.0,0,0,3,7,1050,0,1986,0,98019,47.7341,-121.976,1130,10087
14365,20141223T000000,4,2.5,2940,7590,2.0,0,0,3,9,2940,0,1991,0,98058,47.4341,-122.16,2550,8360
31264,20150317T000000,4,2.5,1740,6000,1.0,0,0,4,7,1740,0,1952,0,98178,47.5026,-122.236,1190,6000
17710,20140508T000000,3,2.75,2015,16807,2.0,1,4,3,9,2015,0,2007,0,98166,47.45,-122.377,1780,12310
30681,20141014T000000,4,2.5,2963,5797,2.0,0,0,3,9,2963,0,2006,0,98030,47.3831,-122.185,2665,6119
17609,20140726T000000,4,2.25,2130,10650,2.0,0,0,4,8,2130,0,1977,0,98006,47.5567,-122.159,3380,10050
16252,20150402T000000,4,2.0,1790,61419,2.0,0,2,2,7,1790,0,1988,0,98019,47.7216,-121.907,1790,62290
31671,20141112T000000,4,2.5,2080,17532,2.0,0,0,3,9,2080,0,1996,0,98059,47.4835,-122.136,2550,12560
13284,20150511T000000,3,2.5,1510,7300,1.0,0,0,3,7,1040,470,1974,0,98034,47.7153,-122.211,1360,7300
14313,20140806T000000,3,1.0,1370,8162,1.5,0,0,3,6,1370,0,1949,0,98125,47.7263,-122.289,1560,8250
20007,20140827T000000,3,2.5,2330,3141,2.0,0,0,3,8,2330,0,2003,0,98116,47.5622,-122.392,1980,5265
20884,20140920T000000,2,1.5,1210,5000,1.5,0,0,5,6,1210,0,1907,0,98117,47.6793,-122.397,1570,5000
14366,20141224T000000,4,2.5,2690,9551,2.0,0,0,3,9,2690,0,1992,0,98058,47.4343,-122.156,2890,9121
23352,20140717T000000,2,1.0,760,6380,1.0,0,0,3,6,760,0,1941,0,98115,47.6914,-122.31,1590,6380
14093,20140613T000000,4,2.75,4070,115434,2.0,0,0,3,9,4070,0,2002,0,98045,47.4843,-121.752,2970,95832
26448,20150320T000000,3,1.0,1440,7107,1.0,0,0,4,7,1000,440,1980,0,98052,47.6968,-122.124,1540,7140
11462,20150421T000000,4,2.5,3270,8223,2.0,0,0,3,10,3270,0,1998,0,98075,47.6018,-122.073,3460,8872
12945,20141023T000000,4,3.5,4150,49503,2.0,0,0,3,11,4150,0,2003,0,98053,47.6746,-122.018,3330,60137
29487,20150430T000000,5,3.5,3450,19080,2.0,0,3,3,9,3450,0,2001,0,98022,47.2123,-122.005,2570,17007
18151,20140506T000000,3,1.75,2130,6500,1.0,0,2,3,8,1170,960,1954,0,98199,47.6424,-122.386,2020,5000
13633,20140714T000000,3,2.25,1322,1796,2.0,0,0,3,8,1087,235,2005,0,98144,47.5976,-122.298,1690,2025
29150,20140514T000000,3,2.0,1570,5706,1.0,0,0,3,7,1570,0,1998,0,98092,47.3156,-122.188,1570,5706
19917,20150129T000000,4,2.5,2060,16000,2.0,0,0,3,6,2060,0,1993,0,98001,47.2849,-122.251,1530,8000
14887,20140911T000000,5,3.0,2930,5500,1.0,0,0,3,7,1750,1180,1951,0,98118,47.5572,-122.281,1400,5500
15041,20141030T000000,3,1.75,1230,7200,1.0,0,0,3,7,1230,0,1986,0,98023,47.2881,-122.363,1540,7210
21023,20150324T000000,3,1.0,1120,10032,1.0,0,0,3,7,1120,0,1962,0,98034,47.7182,-122.194,1210,9918
31011,20150227T000000,2,1.0,990,5643,1.0,0,0,3,7,870,120,1947,0,98115,47.6802,-122.298,1280,5700
20504,20150504T000000,3,2.25,1920,9672,2.0,0,0,4,8,1920,0,1984,0,98074,47.6233,-122.046,1950,10125
24313,20140505T000000,3,2.25,1800,36704,1.0,0,0,4,8,1360,440,1978,0,98027,47.4688,-122.013,2730,36404
13875,20150416T000000,4,2.5,2330,31705,2.0,0,0,4,8,2330,0,1980,0,98052,47.6471,-122.03,2460,36600
27529,20141111T000000,4,2.0,1970,6480,1.5,0,0,5,7,1130,840,1920,0,98108,47.5511,-122.312,1500,6480
14022,20150507T000000,2,1.0,900,6656,1.0,0,0,3,7,900,0,1940,0,98126,47.5467,-122.377,1230,6400
27811,20140826T000000,3,2.5,2790,6720,2.0,0,0,3,8,2790,0,2002,0,98075,47.5958,-122.038,2620,6720
12809,20140616T000000,4,2.0,1810,8750,1.0,0,0,2,7,1110,700,1967,0,98058,47.4307,-122.17,1810,8750
20365,20140609T000000,4,2.5,2610,33206,2.0,0,0,3,10,2610,0,1988,0,98053,47.6662,-122.057,2870,28295
31286,20140626T000000,2,1.0,950,5316,1.0,0,2,3,7,950,0,1948,0,98126,47.57,-122.38,1620,6085
13239,20140915T000000,3,2.5,2510,47044,1.0,0,0,4,7,1910,600,1975,0,98072,47.7531,-122.14,2510,42803
30259,20141017T000000,3,1.75,1820,8740,1.0,0,0,4,8,1820,0,1987,0,98023,47.3074,-122.385,2210,8320
11404,20140516T000000,3,2.0,2220,6641,1.0,0,2,4,7,1220,1000,1947,0,98199,47.6426,-122.388,1800,5900
26306,20150411T000000,3,1.75,1530,825,3.0,0,0,3,8,1530,0,2015,0,98144,47.5929,-122.308,1580,1915
11034,20140708T000000,4,2.25,1900,7200,1.0,0,0,3,8,1370,530,1977,0,98146,47.5033,-122.372,2030,8008
26687,20150415T000000,5,3.0,2970,7261,2.0,0,0,3,9,2970,0,1999,0,98075,47.5994,-122.019,2970,8437
14327,20141027T000000,4,3.75,4420,9492,2.0,0,1,3,9,3420,1000,1962,2005,98125,47.7211,-122.283,2880,9900
15734,20140717T000000,3,2.0,1550,2401,2.0,0,0,3,7,1550,0,1996,0,98103,47.6545,-122.348,1550,3446
29584,20140812T000000,3,3.5,2480,10800,2.0,0,0,3,8,2480,0,1998,0,98074,47.6083,-122.06,2380,11310
31111,20141029T000000,3,2.5,2040,9765,2.0,0,0,3,8,2040,0,1985,0,98023,47.309,-122.349,2350,10150
13161,20150428T000000,6,3.75,4210,6105,2.0,0,0,3,9,3280,930,2008,0,98059,47.5211,-122.157,3820,6368
13730,20141021T000000,3,1.75,1660,7210,1.0,0,0,4,7,1660,0,1977,0,98032,47.3609,-122.274,2150,7350
24951,20141218T000000,3,1.0,1790,7055,1.0,0,0,5,8,1520,270,1937,0,98133,47.718,-122.355,1710,7055
18168,20140812T000000,2,1.5,1220,1120,2.5,0,0,3,8,1110,110,2008,0,98199,47.6374,-122.388,2010,3175
24486,20140807T000000,5,2.0,2330,6783,1.0,0,0,3,7,1310,1020,1956,0,98115,47.6955,-122.295,1930,6783
12994,20140513T000000,2,1.0,790,2640,1.0,0,0,3,7,790,0,1973,0,98034,47.7351,-122.178,1310,2064
28752,20141015T000000,2,1.0,1030,6000,1.0,0,0,3,7,1030,0,1925,0,98118,47.5669,-122.283,1510,5000
11924,20140826T000000,2,1.0,1610,19965,1.0,0,0,3,7,1610,0,1952,0,98168,47.5095,-122.313,2100,28400
16915,20150319T000000,3,2.5,1820,8722,1.5,0,0,3,7,1820,0,1926,2008,98022,47.2137,-121.989,1480,12285
25131,20140709T000000,3,2.25,1920,8223,2.0,0,0,4,7,1920,0,1989,0,98011,47.735,-122.201,1940,7274
16902,20140805T000000,2,2.0,1190,7570,1.0,0,0,3,6,1190,0,1939,0,98146,47.5113,-122.338,1190,7635
25343,20140710T000000,2,2.0,2930,14057,1.0,0,2,4,8,1680,1250,1980,0,98070,47.4025,-122.463,2234,61011
12090,20150102T000000,4,2.75,2970,59677,1.0,0,2,4,8,1610,1360,1973,0,98075,47.5953,-122.08,2930,42489
30021,20140725T000000,2,2.0,1870,4751,1.0,0,0,3,8,1870,0,2006,0,98053,47.7082,-122.015,2170,5580
18122,20140705T000000,3,2.5,1540,1326,3.0,0,0,3,8,1390,150,1995,0,98119,47.6457,-122.374,1680,1592
31027,20150123T000000,2,1.0,790,5800,1.0,0,0,3,6,790,0,1943,0,98117,47.6973,-122.36,1460,5800
26558,20140814T000000,4,3.5,3310,4850,2.0,0,0,3,9,3310,0,2010,0,98053,47.6954,-122.022,3320,5955
17096,20141112T000000,3,1.75,2270,13000,1.0,0,0,5,8,2270,0,1968,0,98058,47.4474,-122.144,2440,10000
15153,20141124T000000,3,1.75,1530,26642,1.0,0,0,3,7,1180,350,1988,0,98072,47.7422,-122.097,1550,13566
15884,20150218T000000,4,2.5,2270,11500,1.0,0,0,3,8,1540,730,1967,0,98034,47.7089,-122.241,2020,10918
18626,20140924T000000,4,2.5,2170,204296,1.0,0,0,4,7,2170,0,1980,0,98022,47.281,-121.933,1760,154202
24654,20140703T000000,5,3.0,2190,4900,2.0,0,0,5,7,1490,700,1940,0,98117,47.6892,-122.386,1370,4606
31444,20140818T000000,4,3.5,3560,7178,2.0,0,3,3,10,2590,970,2006,0,98052,47.7054,-122.107,3290,6978
26296,20150326T000000,4,2.75,3160,8429,1.0,0,3,4,7,1620,1540,1982,0,98178,47.511,-122.251,1760,6780
29973,20140723T000000,2,2.5,2630,7957,2.0,0,0,3,8,2630,0,2003,0,98053,47.7106,-122.023,2305,7220
25894,20150303T000000,3,2.25,1230,11601,1.0,0,0,4,7,910,320,1992,0,98022,47.1955,-121.991,1820,8465
11960,20150203T000000,2,2.5,1270,1242,3.0,0,0,3,7,1270,0,2008,0,98117,47.701,-122.362,1280,1199
25109,20141125T000000,3,1.0,1980,9540,1.0,0,0,3,7,1080,900,1949,0,98133,47.7551,-122.353,1680,9529
10842,20141024T000000,3,2.25,1640,4420,2.0,0,0,4,7,1640,0,1918,1983,98002,47.311,-122.21,1230,6632
17014,20140528T000000,4,1.75,2330,4000,2.0,0,0,5,8,1300,1030,1924,0,98105,47.666,-122.289,2040,4000
18801,20140930T000000,3,1.0,2090,4755,1.0,0,2,3,8,1200,890,1969,0,98136,47.5304,-122.387,1850,5300
25354,20140910T000000,4,2.0,2400,12753,1.0,0,0,4,7,2400,0,1962,0,98033,47.6947,-122.177,1830,12060
11674,20140922T000000,2,1.0,1060,6504,1.0,0,0,3,6,1060,0,1950,0,98155,47.7412,-122.327,1100,7200
21669,20150421T000000,4,2.25,1860,3766,2.0,0,0,3,8,1860,0,1995,0,98029,47.5699,-122.006,1860,4169
31584,20141224T000000,3,2.25,2020,9000,2.0,0,0,3,7,2020,0,1979,0,98045,47.4487,-121.775,1460,9680
20634,20150330T000000,3,3.0,3410,16015,2.0,1,4,4,10,2220,1190,1973,0,98040,47.5721,-122.239,3760,16572
11340,20141229T000000,3,1.0,2120,31564,1.0,0,0,3,7,1220,900,1942,0,98168,47.4938,-122.298,1790,11571
11612,20150501T000000,3,3.25,1876,1531,3.0,0,0,3,9,1876,0,2009,0,98115,47.6864,-122.265,1876,1533
24713,20141110T000000,3,2.5,1650,4929,2.0,0,0,3,7,1520,130,2007,0,98108,47.5634,-122.298,1520,2287
27973,20140716T000000,3,2.5,2360,11254,1.0,0,2,3,9,2360,0,1990,0,98003,47.3356,-122.333,2390,11254
30292,20140513T000000,3,1.0,1090,7315,1.0,0,0,5,6,1090,0,1981,0,98056,47.494,-122.165,1090,5800
27707,20141022T000000,3,2.0,1800,5000,2.0,0,0,5,7,1600,200,1925,0,98136,47.5447,-122.389,1640,5000
16484,20150112T000000,4,2.5,2240,7589,2.0,0,0,3,8,2240,0,1994,0,98030,47.3824,-122.207,2250,7300
11450,20141113T000000,4,1.0,1440,7404,1.0,0,0,3,6,1080,360,1918,0,98126,47.5328,-122.379,1620,7436
24242,20140912T000000,3,2.5,2400,7478,2.0,0,0,3,9,2400,0,2002,0,98019,47.7362,-121.974,2980,8182
22485,20141031T000000,5,3.25,3540,5971,1.0,0,2,3,10,2000,1540,2005,0,98033,47.6643,-122.202,2820,6029
13733,20150224T000000,3,2.25,1880,7488,2.0,0,0,3,8,1880,0,1980,0,98032,47.3631,-122.277,2180,7344
21791,20141120T000000,3,1.75,1880,9360,1.0,0,0,4,7,940,940,1941,0,98125,47.7131,-122.283,1390,7200
22327,20140610T000000,4,2.75,1940,6555,2.0,0,0,3,8,1940,0,1990,0,98038,47.3701,-122.041,1840,6912
27498,20140602T000000,5,2.75,2910,36250,1.0,0,0,3,8,1590,1320,1977,0,98075,47.5916,-122.076,2910,37376
24163,20140820T000000,3,2.25,2360,14950,1.0,0,0,4,9,2360,0,1978,0,98042,47.3856,-122.158,2720,14388
11168,20150425T000000,4,2.75,3160,42733,2.0,0,0,3,9,3160,0,1995,0,98053,47.6367,-121.958,1890,24000
16021,20150129T000000,3,2.25,1510,6000,1.0,0,0,4,7,1150,360,1993,0,98038,47.3484,-122.036,1510,6000
18257,20150424T000000,2,1.0,1800,8900,1.0,0,0,3,6,900,900,1945,0,98168,47.51,-122.323,2040,10450
23295,20150112T000000,4,2.75,2390,9968,1.0,0,0,4,9,1390,1000,1989,0,98038,47.3706,-122.056,2560,12385
31618,20140710T000000,4,2.75,5470,18200,2.0,1,4,3,11,3730,1740,1992,0,98118,47.5316,-122.263,3620,15100
15756,20140619T000000,4,2.5,2440,34290,2.0,0,0,3,9,2440,0,1987,0,98053,47.6685,-122.044,2860,38119
13674,20140512T000000,3,2.0,2700,6120,1.0,0,0,4,8,1350,1350,1962,0,98115,47.6731,-122.327,1700,4590
18036,20150408T000000,2,1.5,1300,1229,2.0,0,0,3,8,1160,140,2000,0,98107,47.6727,-122.375,1430,1255
26962,20141027T000000,4,2.5,2350,6958,2.0,0,0,3,9,2350,0,1998,0,98092,47.3321,-122.172,2480,6395
21648,20140829T000000,4,2.5,2080,8504,2.0,0,0,3,8,2080,0,1991,0,98029,47.5703,-121.998,2000,6773
26536,20150122T000000,3,2.5,2610,7567,2.0,0,0,3,9,2610,0,1997,0,98052,47.6654,-122.137,2610,8458
16374,20150217T000000,3,2.25,1840,13020,1.0,0,0,3,8,1390,450,1980,0,98052,47.6923,-122.095,2210,13020
18252,20150319T000000,3,1.75,1880,8424,1.0,0,0,4,7,1380,500,1977,0,98059,47.5116,-122.161,1970,8523
12999,20140701T000000,3,1.0,1090,10710,1.0,0,0,4,7,1090,0,1962,0,98056,47.5,-122.169,1090,10440
17755,20140812T000000,3,1.0,1100,8138,1.0,0,0,3,7,1100,0,1949,0,98155,47.7393,-122.325,1440,8131
17624,20150430T000000,4,2.5,2170,9796,1.0,0,0,4,8,1650,520,1980,0,98006,47.5505,-122.152,2350,9796
27027,20141021T000000,5,3.5,4170,9090,2.0,0,0,3,10,4170,0,2008,0,98004,47.5918,-122.196,1930,13635
14600,20140731T000000,4,2.5,2960,37430,2.0,0,0,3,9,2960,0,1990,0,98038,47.3988,-122.023,2800,36384
13119,20140805T000000,4,2.5,3220,5120,2.0,0,0,3,9,2420,800,2000,0,98118,47.5434,-122.27,1770,7680
18965,20141029T000000,1,1.0,710,6000,1.5,0,0,3,6,710,0,2015,0,98144,47.5756,-122.316,1440,4800
30424,20140902T000000,4,3.0,3380,16133,1.0,0,1,3,8,2330,1050,1959,0,98118,47.5501,-122.261,2500,11100
19847,20150128T000000,4,2.5,2590,6474,2.0,0,0,3,8,2590,0,2014,0,98056,47.5164,-122.19,1960,8679
19714,20140701T000000,3,2.0,1770,7000,1.0,0,0,3,7,1770,0,1986,0,98001,47.3321,-122.261,1510,10462
22351,20150430T000000,4,2.5,2590,11018,2.0,0,0,3,8,2590,0,1998,0,98092,47.2634,-122.211,2400,8042
14501,20150323T000000,4,2.5,3450,39683,2.0,0,0,3,10,3450,0,2002,0,98010,47.342,-122.025,3350,39750
31640,20150310T000000,3,1.75,2030,10089,1.0,0,0,4,8,1330,700,1976,0,98027,47.5217,-122.05,2030,9827
28210,20140804T000000,3,3.5,2500,4270,2.0,0,0,3,8,2500,0,2000,0,98065,47.536,-121.877,2420,4205
29211,20150331T000000,3,1.0,1410,9656,1.0,0,0,3,7,960,450,1953,0,98004,47.6354,-122.208,2410,9384
25259,20141201T000000,4,2.25,1720,2300,1.0,0,0,3,7,860,860,1940,2014,98116,47.5762,-122.412,1720,4680
13055,20140813T000000,4,2.25,2100,12738,2.0,0,0,4,8,2100,0,1975,0,98059,47.4698,-122.118,2000,12090
30832,20150105T000000,3,1.75,1890,9535,1.0,0,0,3,7,1210,680,1976,0,98055,47.4872,-122.223,2040,11108
27671,20141014T000000,3,1.75,1710,5000,1.0,0,0,4,7,1360,350,1918,0,98136,47.5492,-122.389,1490,6250
13043,20140617T000000,3,2.5,1530,9406,1.0,0,0,3,7,1270,260,1993,0,98059,47.4852,-122.162,1700,7682
26339,20150304T000000,4,2.5,2350,10655,2.0,0,0,3,8,2350,0,1992,0,98092,47.3284,-122.171,2210,7028
12435,20150407T000000,3,1.75,1330,12092,1.0,0,0,4,6,720,610,1981,0,98168,47.5102,-122.324,1770,11770
21565,20150324T000000,3,1.75,1700,11613,1.0,0,0,5,7,1180,520,1977,0,98092,47.2874,-122.187,1500,12377
11136,20140521T000000,3,2.75,2100,10362,2.0,0,0,3,9,1510,590,1998,0,98045,47.4347,-121.417,2240,11842
11281,20141201T000000,4,4.25,4285,9345,2.0,0,0,3,10,4285,0,2013,0,98004,47.6332,-122.199,1570,8994
31770,20150413T000000,3,1.75,1530,7245,1.0,0,0,4,7,1530,0,1984,0,98034,47.731,-122.191,1530,7490
29828,20141106T000000,3,1.0,1120,5200,1.0,0,0,5,7,1120,0,1976,0,98042,47.3638,-122.088,1690,5200
13293,20141118T000000,3,1.5,1240,1221,2.0,0,0,3,8,1050,190,2009,0,98133,47.7073,-122.356,1180,887
18851,20141112T000000,4,2.25,3240,12930,2.0,0,0,4,9,2730,510,1968,0,98040,47.5373,-122.22,2610,12884
18537,20141103T000000,3,1.0,1780,5236,1.5,0,0,5,6,1050,730,1944,0,98146,47.5119,-122.386,1260,5320
23757,20141125T000000,3,2.0,1760,2875,2.0,0,2,3,7,1290,470,1988,0,98126,47.5602,-122.378,1760,4830
30893,20150424T000000,3,1.75,2190,6450,1.0,0,0,3,8,1480,710,1957,0,98136,47.5284,-122.391,2190,6450
24462,20141211T000000,3,2.0,1330,7419,1.0,0,0,3,7,1330,0,1985,0,98034,47.7322,-122.236,1330,7297
20978,20140716T000000,3,2.5,2220,20531,2.0,0,0,3,8,2220,0,1998,0,98001,47.2864,-122.264,2420,19249
18872,20150317T000000,5,3.5,4090,290980,1.0,0,0,3,11,2920,1170,2002,0,98034,47.7161,-122.219,1880,9255
30008,20150513T000000,2,1.75,1350,4003,1.0,0,0,3,8,1350,0,2004,0,98053,47.7176,-122.033,1350,4479
27313,20150127T000000,4,2.25,2360,15860,1.0,0,0,3,9,2360,0,1977,0,98074,47.6307,-122.051,2650,11798
25130,20140709T000000,4,2.75,2910,6308,1.0,0,0,3,8,1640,1270,1985,0,98011,47.7352,-122.201,1970,7127
15478,20150225T000000,4,2.5,2320,9264,2.0,0,0,3,8,2320,0,1994,0,98188,47.4449,-122.274,2320,9129
30487,20141107T000000,3,2.0,1810,2738,2.0,0,0,4,9,1810,0,1979,0,98008,47.6112,-122.115,1760,2754
26821,20141113T000000,3,2.25,1710,1193,2.0,0,0,3,9,1140,570,2014,0,98122,47.6173,-122.31,1510,1193
31673,20140902T000000,4,2.25,2700,8580,2.0,0,0,3,8,2700,0,1992,0,98022,47.2087,-122.009,2420,8580
25478,20141007T000000,1,1.0,550,16345,1.0,0,0,3,4,550,0,1945,0,98106,47.5181,-122.339,1100,9240
19946,20150330T000000,2,1.75,1260,5300,1.0,0,0,4,7,840,420,1951,0,98103,47.6809,-122.348,1280,3000
25250,20141125T000000,2,1.5,1130,1340,2.0,0,0,3,8,910,220,2008,0,98116,47.5761,-122.41,1310,1340
30702,20141211T000000,3,1.0,1384,8960,1.0,0,0,4,6,1384,0,1965,0,98023,47.3062,-122.371,1000,8470
32317,20140520T000000,3,2.25,1640,1204,3.0,0,0,3,8,1640,0,2014,0,98112,47.6196,-122.297,1630,3136
21295,20140929T000000,4,2.75,2440,7150,1.0,0,0,3,7,1200,1240,1963,1985,98032,47.3662,-122.282,1790,7150
22501,20140919T000000,2,1.0,2240,7200,1.0,0,0,4,7,1120,1120,1940,0,98118,47.5631,-122.271,1390,6000
23949,20140717T000000,4,3.5,4130,77832,2.0,0,2,3,10,4130,0,2011,0,98042,47.3229,-122.045,4130,87476
28885,20150219T000000,3,1.75,1640,4590,1.5,0,0,5,7,1640,0,1951,0,98115,47.6846,-122.294,1760,5100
19800,20140813T000000,3,2.5,2700,6947,2.0,0,3,3,9,2700,0,2013,0,98056,47.5172,-122.208,2500,6947
30205,20150324T000000,3,1.75,2380,10450,1.5,0,0,3,8,2380,0,1966,0,98023,47.3143,-122.37,2320,8500
32237,20140910T000000,5,3.5,2738,6031,2.0,0,0,3,8,2738,0,2014,0,98023,47.2962,-122.35,2738,5201
25511,20140502T000000,4,3.0,3110,7231,2.0,0,0,3,8,3110,0,1997,0,98092,47.3279,-122.191,2820,7311
13109,20140826T000000,4,1.75,1250,12705,1.0,0,0,4,7,1250,0,1971,0,98023,47.302,-122.382,1390,8550
17367,20140722T000000,3,2.25,2190,45738,1.0,0,0,3,8,2190,0,1990,0,98052,47.7108,-122.12,2970,4496
18486,20141113T000000,3,1.0,1510,4178,2.0,0,0,3,8,1510,0,1902,1979,98103,47.6849,-122.335,2140,4916
13174,20140507T000000,4,4.0,4460,103382,2.0,0,0,3,11,4460,0,2001,0,98053,47.634,-121.997,3470,88519
20853,20150409T000000,4,1.75,1940,3060,1.0,0,0,4,7,1000,940,1911,0,98115,47.6786,-122.317,1320,3060
29689,20140925T000000,4,2.5,2390,8432,2.0,0,0,3,9,2390,0,1998,0,98074,47.6027,-122.024,2710,7417
18402,20140514T000000,3,1.75,1400,3825,1.5,0,0,4,6,1100,300,1904,0,98117,47.6793,-122.393,1720,5100
25019,20140922T000000,2,1.0,700,5940,1.0,0,0,3,7,700,0,1948,0,98133,47.7289,-122.337,1070,5995
20630,20150501T000000,4,2.25,2320,13114,2.0,0,0,5,8,2320,0,1967,0,98040,47.5762,-122.239,2740,15000
27828,20150323T000000,3,2.5,2100,17882,2.0,0,0,4,8,2100,0,1985,0,98059,47.4754,-122.119,2080,16686
15702,20140707T000000,4,3.25,4100,241322,2.0,0,0,3,9,2500,1600,1981,0,98072,47.7302,-122.096,3770,87821
21235,20150218T000000,4,2.5,3350,6605,2.0,0,0,3,8,2670,680,1990,0,98011,47.7498,-122.181,2730,5962
30454,20150325T000000,3,1.0,1150,8000,1.5,0,0,4,6,1150,0,1913,1957,98001,47.2749,-122.252,1170,9600
10997,20140617T000000,3,1.75,1160,22470,1.0,0,0,4,7,1160,0,1976,0,98028,47.7595,-122.23,1940,15999
16468,20140814T000000,5,2.5,2500,13034,1.0,0,0,3,7,1300,1200,1962,0,98092,47.3343,-122.194,2440,13300
27622,20150421T000000,4,2.5,3350,4501,2.0,0,0,3,9,2640,710,2002,0,98117,47.688,-122.379,1000,4500
30030,20150330T000000,2,2.0,1440,9985,1.0,0,0,3,8,1440,0,2006,0,98053,47.7217,-122.03,1510,4560
31565,20141010T000000,2,1.0,910,9000,1.0,0,0,4,6,910,0,1983,0,98045,47.4463,-121.771,1410,9440
19255,20150410T000000,3,2.5,1860,44093,1.0,0,0,3,7,1860,0,1978,0,98055,47.4381,-122.188,1900,6130
16903,20140709T000000,3,1.75,1510,6360,1.0,0,0,4,7,1510,0,1954,0,98133,47.7321,-122.353,1480,7260
12178,20141112T000000,2,2.5,2350,2390,3.0,0,2,3,10,2000,350,2007,0,98144,47.5999,-122.286,1950,2390
22009,20141201T000000,3,1.0,1160,8800,1.0,0,0,4,7,1160,0,1959,0,98008,47.6112,-122.128,1750,8400
25497,20140626T000000,3,1.75,1440,11787,1.0,0,0,3,8,1440,0,1983,0,98074,47.6276,-122.033,2190,11787
23252,20150213T000000,5,2.25,2240,9652,2.0,0,0,3,7,2240,0,1990,0,98055,47.4249,-122.211,2180,11644
12122,20150317T000000,3,2.0,1540,67756,1.0,0,0,3,7,1540,0,1900,1973,98077,47.721,-122.078,2060,67756
22385,20141104T000000,4,2.5,2050,7416,2.0,0,0,3,8,2050,0,1990,0,98092,47.2658,-122.219,2050,7920
18544,20140807T000000,5,2.5,2170,2752,2.0,0,0,3,8,2170,0,2014,0,98106,47.5165,-122.346,1800,2752
18118,20150305T000000,3,2.5,1680,1683,2.0,0,0,3,9,1120,560,2014,0,98119,47.6425,-122.374,1610,1618
14104,20141117T000000,3,1.5,1090,7698,1.0,0,0,5,7,1090,0,1966,0,98058,47.4553,-122.174,1540,7624
20518,20150320T000000,3,2.25,1830,7943,2.0,0,0,3,8,1830,0,1985,0,98028,47.7466,-122.249,2100,8070
30746,20150220T000000,3,1.0,1180,6947,1.0,0,0,4,7,1180,0,1968,0,98031,47.4233,-122.177,1760,8657
28985,20150429T000000,5,1.75,1850,14800,1.5,0,0,3,6,1760,90,1937,0,98168,47.4935,-122.321,1250,14800
30156,20140909T000000,4,3.25,3030,5164,1.5,0,0,5,9,2700,330,1925,0,98112,47.6394,-122.299,1890,4415
14497,20150224T000000,2,1.0,870,5689,1.0,0,0,4,7,870,0,1948,0,98103,47.6988,-122.351,1100,5711
16876,20140625T000000,33,1.75,1620,6000,1.0,0,0,5,7,1040,580,1947,0,98103,47.6878,-122.331,1330,4700
11837,20140707T000000,2,1.5,1130,746,2.0,0,0,3,8,1030,100,2009,0,98107,47.6684,-122.363,1520,1519
15506,20140723T000000,2,1.0,890,5423,1.0,0,0,3,6,890,0,1946,0,98117,47.6966,-122.368,1690,5993
12522,20140728T000000,3,2.25,3650,5353,2.0,0,4,4,7,2200,1450,1947,0,98144,47.5949,-122.291,1950,4970
18562,20150319T000000,4,2.25,1780,2684,2.0,0,0,3,7,1780,0,2002,0,98072,47.7642,-122.149,1670,2426
31930,20141003T000000,3,1.5,2040,3960,2.0,0,2,5,8,2040,0,1928,0,98103,47.6658,-122.355,1540,3400
12023,20140821T000000,3,1.75,1960,5520,1.0,0,0,4,7,1080,880,1952,0,98199,47.6535,-122.397,1720,5760
12537,20141108T000000,5,3.75,3530,13260,2.0,0,0,3,10,3530,0,2013,0,98040,47.5761,-122.205,3340,13260
19839,20141027T000000,3,1.5,1190,9135,1.0,0,0,4,7,1190,0,1959,0,98056,47.5164,-122.189,1520,9146
21745,20150506T000000,4,3.0,2270,7245,1.0,0,0,3,7,1410,860,1979,0,98155,47.7722,-122.315,1740,7571
28183,20150313T000000,3,2.5,2200,4544,2.0,0,0,3,8,2200,0,2000,0,98065,47.5319,-121.867,2400,5431
22209,20140530T000000,4,1.75,3420,7200,1.0,0,3,5,8,1770,1650,1947,0,98125,47.7081,-122.277,2450,6200
29258,20150130T000000,4,3.0,2060,9138,1.0,0,0,3,8,1430,630,1992,0,98092,47.321,-122.185,2250,7820
30671,20140819T000000,3,2.5,1520,5649,2.0,0,0,4,7,1520,0,1989,0,98034,47.7221,-122.162,1540,5000
23689,20150316T000000,3,1.0,1070,4000,1.0,0,0,4,7,1070,0,1971,0,98108,47.5529,-122.305,1090,4000
32289,20150106T000000,2,1.0,700,4800,1.0,0,0,3,7,700,0,1922,0,98122,47.6147,-122.3,1440,4800
19324,20150406T000000,3,2.5,2750,35000,2.0,0,0,3,9,2750,0,1993,0,98077,47.75,-122.024,2780,35862
22968,20140512T000000,3,1.75,1440,8040,1.0,0,0,3,7,960,480,1951,0,98125,47.7128,-122.306,1500,8040
21690,20150420T000000,5,2.5,2070,9600,1.0,0,0,3,7,1270,800,1962,0,98146,47.4997,-122.364,1950,7800
21642,20140509T000000,3,2.5,2030,6970,2.0,0,0,4,8,2030,0,1991,0,98029,47.5718,-121.999,2000,6140
16857,20140807T000000,4,2.75,2420,6495,2.0,0,0,3,8,2420,0,2005,0,98038,47.3771,-122.029,2420,6200
26499,20150408T000000,3,2.5,1650,3436,2.0,0,0,3,7,1650,0,2003,0,98053,47.6819,-122.036,1680,3446
21038,20141120T000000,3,2.5,3930,55867,1.0,1,4,4,8,2330,1600,1957,0,98034,47.7022,-122.224,2730,26324
18141,20140517T000000,3,2.0,1700,4250,1.0,0,0,3,6,890,810,1944,0,98199,47.6542,-122.385,1440,4250
11064,20140604T000000,3,1.75,1530,10731,1.0,0,0,3,7,1530,0,1986,0,98028,47.7655,-122.244,2100,12593
15271,20140804T000000,4,3.75,3210,7054,2.0,0,0,4,8,3210,0,1985,0,98052,47.7268,-122.103,2350,8020
20675,20140730T000000,4,2.5,2120,215186,2.0,0,0,2,7,2120,0,1983,0,98014,47.701,-121.857,2000,215186
23142,20150202T000000,4,3.0,2580,6740,2.0,0,0,3,8,2580,0,1999,0,98058,47.4296,-122.185,2010,6740
19970,20140804T000000,4,2.5,2800,28254,2.0,0,0,3,9,2800,0,2001,0,98038,47.3552,-122.063,2530,4694
24337,20140627T000000,3,3.0,2630,4896,2.0,0,0,3,9,2630,0,2006,0,98052,47.6932,-122.133,2880,4972
17342,20150402T000000,5,2.25,2640,14959,1.0,0,0,4,7,1770,870,1929,0,98039,47.6191,-122.234,3240,17904
17410,20150207T000000,3,2.25,1810,8262,2.0,0,0,4,8,1810,0,1981,0,98023,47.2994,-122.37,1820,8262
13803,20141126T000000,4,3.5,3050,7020,2.0,0,3,3,9,2050,1000,1984,0,98126,47.571,-122.374,2170,5900
21749,20140930T000000,3,1.5,1430,8000,1.0,0,0,5,7,1430,0,1948,0,98155,47.772,-122.322,1410,9820
24100,20140613T000000,2,2.25,3170,3000,2.0,0,2,5,10,1990,1180,1900,0,98109,47.6291,-122.351,2980,5061
20629,20140811T000000,3,3.0,2700,47050,2.0,0,0,4,9,1570,1130,1986,0,98058,47.4446,-122.104,2260,45901
21870,20140731T000000,3,2.25,2220,9800,2.0,0,0,3,8,2220,0,1987,0,98155,47.7635,-122.286,2420,10232
30246,20150114T000000,3,1.5,1760,9600,1.0,0,0,4,7,1760,0,1966,0,98031,47.4085,-122.195,1450,9600
12515,20150325T000000,2,1.0,880,17743,1.0,0,0,4,5,880,0,1951,0,98031,47.4115,-122.197,1217,13000
13364,20150206T000000,3,2.5,1510,1493,3.0,0,0,3,8,1510,0,2014,0,98107,47.669,-122.402,1530,1357
24778,20141201T000000,3,1.5,2220,8994,1.0,0,0,4,8,1110,1110,1962,0,98006,47.5473,-122.172,2220,8994
13260,20150205T000000,4,2.5,4020,44431,2.0,0,0,3,10,4020,0,1987,0,98072,47.7467,-122.132,3440,52900
28310,20140805T000000,3,2.5,2230,7934,2.0,0,0,3,7,2230,0,2005,0,98065,47.5439,-121.88,2310,4818
14927,20150424T000000,3,1.0,1790,6120,1.0,0,0,3,6,1790,0,1937,1964,98146,47.508,-122.337,830,6120
18221,20140515T000000,4,1.75,1890,8000,1.0,0,0,4,7,1250,640,1960,0,98133,47.7576,-122.333,1870,8270
15034,20150428T000000,3,2.25,1610,3764,2.0,0,0,3,7,1610,0,2012,0,98042,47.3589,-122.083,1610,3825
22544,20141212T000000,4,2.5,2450,12987,1.0,0,0,4,9,2030,420,1980,0,98007,47.6197,-122.15,2730,13685
15719,20150501T000000,2,1.0,1170,2800,1.5,0,0,4,5,1170,0,1905,0,98103,47.6574,-122.345,1660,4996
18199,20140620T000000,2,2.0,1310,2841,2.0,0,0,3,6,1310,0,2004,0,98038,47.3502,-122.022,1360,2550
26315,20140904T000000,1,1.0,720,5000,1.0,0,0,4,6,720,0,1908,0,98118,47.5289,-122.272,1170,5000
30521,20140520T000000,3,2.25,1990,10260,2.0,0,0,4,8,1990,0,1987,0,98052,47.6801,-122.115,1990,10260
27124,20150416T000000,4,1.75,2500,7690,1.0,0,0,3,7,1250,1250,1973,0,98155,47.7713,-122.307,2040,8646
26206,20150212T000000,4,4.0,2530,1774,3.0,0,2,3,9,2100,430,2013,0,98119,47.6362,-122.369,2160,2400
30818,20140828T000000,3,2.25,1620,1062,3.0,0,0,3,8,1620,0,2014,0,98122,47.6051,-122.304,1560,1728
12533,20141028T000000,3,2.25,2370,10890,2.0,0,0,4,7,2370,0,1980,0,98004,47.5827,-122.197,2370,9514
12279,20150127T000000,4,2.75,2720,54048,2.0,0,0,3,8,2720,0,1985,0,98072,47.7181,-122.089,2580,37721
21453,20150505T000000,3,1.0,900,9600,1.0,0,0,4,7,900,0,1970,0,98072,47.7423,-122.173,1220,8240
14128,20140616T000000,2,1.5,1310,12196,1.5,0,0,3,6,1310,0,1970,0,98052,47.6487,-122.122,2970,12196
13120,20140527T000000,4,2.75,1720,6270,2.0,0,0,3,8,1720,0,1978,0,98118,47.5458,-122.268,2130,8700
12429,20140715T000000,2,1.0,1060,8000,1.0,0,0,3,6,1060,0,1941,0,98168,47.5088,-122.333,1390,8000
17675,20140624T000000,3,2.5,2280,6031,2.0,0,0,3,8,2280,0,2011,0,98019,47.7322,-121.966,2430,7200
17819,20150128T000000,2,1.0,1160,5038,1.0,0,0,5,7,740,420,1942,0,98126,47.5304,-122.38,1160,5076
17897,20141211T000000,2,1.0,820,4206,1.0,0,0,3,5,820,0,1949,0,98125,47.7076,-122.284,1810,7200
14748,20150506T000000,4,3.75,4030,503989,2.0,0,0,3,10,4030,0,2008,0,98045,47.4807,-121.795,2110,71874
14219,20141120T000000,3,2.5,1870,3118,2.0,0,0,3,8,1870,0,1993,0,98038,47.3739,-122.056,1580,3601
14767,20140515T000000,3,2.5,3150,151588,2.0,0,0,3,9,3150,0,2007,0,98024,47.572,-121.926,2410,208652
22562,20140728T000000,4,2.75,1830,3420,2.0,0,0,3,8,1830,0,2012,0,98198,47.366,-122.308,1813,3420
14216,20140808T000000,5,2.5,3180,23809,1.0,0,0,3,9,3180,0,1978,0,98038,47.3727,-122.054,2500,15778
30046,20140725T000000,2,2.0,1350,3926,1.0,0,0,3,8,1350,0,2007,0,98053,47.7192,-122.024,1440,3926
25454,20150129T000000,4,2.5,2420,18480,1.0,0,0,4,9,2420,0,1967,0,98004,47.6214,-122.227,3330,19910
20944,20150505T000000,3,2.0,1540,6000,1.0,0,0,4,6,1540,0,1953,0,98155,47.7372,-122.307,1490,8213
11675,20141117T000000,3,1.75,1140,8263,1.0,0,0,5,7,1140,0,1950,0,98155,47.7407,-122.327,1140,6770
27935,20140923T000000,3,2.0,1150,6249,1.0,0,0,3,7,1150,0,1952,2006,98155,47.7489,-122.284,2470,7751
28958,20141205T000000,2,1.0,1480,5325,1.0,0,0,4,7,1120,360,1925,0,98022,47.2079,-121.993,1670,5800
14937,20141024T000000,5,2.5,4320,107157,1.0,0,0,4,8,2160,2160,1967,0,98038,47.4009,-122.059,2480,107157
12521,20150422T000000,3,1.5,1250,219978,1.0,0,0,4,6,1250,0,1980,0,98038,47.4056,-121.955,1930,210394
14159,20150508T000000,3,1.0,1010,7690,1.0,0,0,4,6,1010,0,1958,0,98058,47.4501,-122.176,1010,7619
28591,20141117T000000,3,1.75,2120,11340,1.0,0,3,4,7,1060,1060,1966,0,98198,47.4109,-122.329,1830,8650
29472,20150414T000000,4,2.5,2040,21781,2.0,0,0,3,8,2040,0,1994,0,98014,47.6458,-121.904,2410,21781
12927,20140916T000000,3,2.5,3280,29111,2.0,1,3,3,11,3280,0,1925,0,98199,47.6699,-122.416,3530,21074
27006,20140616T000000,4,3.25,3430,9870,2.0,0,0,3,9,3430,0,2014,0,98011,47.776,-122.173,3360,9724
23568,20141204T000000,3,2.25,1750,12408,1.0,0,0,5,7,1150,600,1962,0,98155,47.7509,-122.3,1820,12977
31338,20150408T000000,3,1.75,1030,4800,1.0,0,0,3,6,930,100,1927,0,98126,47.566,-122.373,1540,4800
21064,20141027T000000,3,1.5,1330,9900,1.0,0,0,3,7,1330,0,1956,0,98034,47.7167,-122.233,1940,9900
15353,20150123T000000,2,1.0,1010,7200,1.0,0,0,3,6,1010,0,1956,0,98166,47.4815,-122.339,1290,9000
11831,20140512T000000,3,1.5,1620,6630,1.0,0,0,3,8,1280,340,1954,0,98117,47.6948,-122.394,1880,5100
26471,20141003T000000,4,2.5,2420,4500,2.0,0,0,3,7,2420,0,2001,0,98053,47.6874,-122.037,2280,4500
16381,20140604T000000,3,2.25,1830,7897,1.0,0,0,4,8,1290,540,1986,0,98052,47.6914,-122.103,1990,8306
30260,20141222T000000,4,2.25,2150,8250,1.0,0,0,4,7,1240,910,1978,0,98023,47.3045,-122.378,2050,7875
28722,20140813T000000,2,2.0,1370,5756,1.0,0,0,3,8,1370,0,1986,0,98034,47.714,-122.205,1380,5444
21436,20140709T000000,4,2.5,2100,8400,1.0,0,0,4,7,1240,860,1976,0,98072,47.735,-122.17,1980,8610
28438,20140702T000000,2,2.5,3180,9400,2.0,0,4,5,10,2610,570,1985,0,98006,47.5617,-122.158,3760,9450
24738,20140730T000000,3,2.25,1960,1585,2.0,0,0,3,7,1750,210,2003,0,98118,47.5414,-122.288,1760,1958
12863,20140811T000000,3,1.0,1100,7657,1.0,0,0,3,7,1100,0,1955,0,98188,47.4374,-122.285,1300,8000
26086,20150216T000000,3,1.0,1060,4880,1.0,0,0,2,6,910,150,1913,0,98118,47.5545,-122.288,1200,4880
29864,20150317T000000,3,4.25,3840,9751,2.0,0,0,3,10,3840,0,1998,0,98074,47.6347,-122.064,3230,7189
30318,20140603T000000,3,1.75,1620,4200,1.0,0,0,5,7,830,790,1945,0,98115,47.6743,-122.285,1580,5000
23174,20150123T000000,3,1.0,2460,4000,1.5,0,0,4,7,1370,1090,1918,0,98112,47.6268,-122.297,1680,4000
22210,20141027T000000,4,1.75,1930,10210,1.5,0,2,3,8,1670,260,1941,0,98125,47.7078,-122.277,2730,6600
22058,20140609T000000,3,1.75,1300,8800,1.0,0,0,4,8,1300,0,1963,0,98008,47.6199,-122.116,1350,8800
29790,20140806T000000,2,1.0,770,5200,1.0,0,0,5,6,770,0,1969,0,98042,47.3627,-122.087,1150,5330
14890,20150330T000000,4,2.5,2310,5526,2.0,0,0,3,9,2310,0,2003,0,98074,47.6299,-122.02,2500,5769
32104,20150120T000000,3,2.75,1700,3264,1.0,0,0,3,7,1060,640,1919,0,98115,47.6767,-122.311,1880,4080
14094,20150325T000000,4,2.25,1790,42000,1.0,0,0,3,7,1170,620,1983,0,98045,47.4819,-121.744,2060,50094
11588,20150209T000000,4,1.0,2170,12100,1.0,0,0,5,7,2170,0,1961,0,98033,47.6893,-122.164,1270,12844
17152,20150416T000000,4,2.5,2100,7208,2.0,0,0,3,8,2100,0,1974,0,98058,47.4478,-122.128,2060,7480
15874,20150427T000000,3,1.0,1220,3000,1.5,0,0,3,6,1220,0,1901,0,98103,47.6506,-122.346,1350,3000
25034,20140619T000000,6,2.75,2520,9324,1.0,0,0,4,7,1320,1200,1962,0,98155,47.7636,-122.294,1820,11000
21712,20150323T000000,2,1.75,1820,6050,1.0,0,0,3,7,910,910,1950,0,98115,47.6928,-122.323,1730,6050
23746,20150504T000000,3,1.5,1750,5400,1.0,0,0,4,7,1050,700,1952,0,98115,47.6799,-122.279,1750,5400
25446,20150420T000000,4,2.75,2690,25000,1.0,0,0,3,8,1750,940,1978,0,98029,47.5537,-122.026,2640,28250
27763,20141020T000000,2,2.25,1240,1172,2.0,0,0,3,8,1000,240,2008,0,98144,47.5877,-122.316,1260,1111
12592,20140524T000000,4,4.25,5584,68257,2.0,0,0,3,11,5584,0,1998,0,98014,47.6113,-121.952,5030,101901
23256,20150505T000000,5,2.75,3078,6371,2.0,0,0,3,9,3078,0,2014,0,98042,47.3587,-122.163,1979,19030
17108,20140718T000000,3,1.5,1240,8528,1.0,0,0,4,7,1240,0,1967,0,98058,47.4478,-122.157,1570,8064
20554,20150408T000000,3,1.0,880,6664,1.0,0,0,3,6,880,0,1961,0,98033,47.6855,-122.199,1690,6564
17431,20140505T000000,4,1.75,2010,9211,1.0,0,0,3,7,1470,540,1977,0,98034,47.7206,-122.171,1840,8500
13862,20140904T000000,4,3.75,4490,34982,2.0,0,0,3,12,4490,0,1998,0,98005,47.6406,-122.156,4470,37525
15441,20140702T000000,5,2.0,2190,9072,1.0,0,0,5,7,1110,1080,1965,0,98052,47.6696,-122.149,1660,8327
10920,20140818T000000,5,4.25,4610,13252,2.0,0,4,3,11,4610,0,2004,0,98075,47.5878,-121.969,4400,15154
23890,20150413T000000,2,1.0,720,8914,1.0,0,0,3,6,720,0,1949,0,98188,47.4488,-122.274,1100,8916
32017,20140610T000000,3,1.0,1010,9450,1.0,0,0,4,7,1010,0,1959,0,98198,47.3592,-122.315,1240,9450
31743,20150127T000000,3,2.0,1350,6696,1.0,0,0,5,6,680,670,1944,0,98056,47.4919,-122.187,1350,6700
25963,20140903T000000,2,1.0,880,3200,1.0,0,0,3,7,880,0,1910,1970,98199,47.6575,-122.402,1880,6000
27060,20150129T000000,2,1.0,1070,4200,1.0,0,0,4,6,1070,0,1983,0,98002,47.3336,-122.215,1150,4200
23433,20140527T000000,4,2.5,1630,4473,2.0,0,0,3,7,1630,0,2003,0,98038,47.3546,-122.015,1830,5082
13868,20140604T000000,3,2.0,1670,7757,1.0,0,0,3,8,1670,0,1992,0,98030,47.3802,-122.207,2290,7859
28689,20150512T000000,2,2.5,3090,47044,1.0,0,0,4,10,2250,840,1979,0,98058,47.4291,-122.177,1860,62829
29895,20140721T000000,4,1.5,1530,9000,1.0,0,0,4,6,1530,0,1976,0,98014,47.6492,-121.908,1520,8500
19516,20150225T000000,3,1.5,2030,10075,1.0,0,0,5,7,1080,950,1961,0,98055,47.4713,-122.197,2210,10075
27741,20150306T000000,2,1.0,590,8717,1.0,0,0,3,6,590,0,1953,0,98133,47.7343,-122.335,1370,6760
13656,20140908T000000,4,3.0,3330,6990,1.5,0,3,5,9,2330,1000,1928,0,98144,47.5886,-122.287,2620,5310
27618,20141111T000000,3,3.25,3440,4080,2.0,0,0,3,9,2560,880,2005,0,98105,47.6644,-122.28,3110,4080
19770,20140721T000000,2,1.0,1150,6835,1.0,0,1,3,7,1010,140,1922,0,98118,47.5567,-122.273,1150,6561
15462,20140903T000000,5,2.75,3170,7062,2.0,0,0,3,9,3170,0,2014,0,98074,47.5937,-122.061,3210,6891
22401,20140811T000000,4,5.0,6055,21630,1.0,0,3,4,12,3555,2500,1996,0,98006,47.5524,-122.112,4890,19223
30859,20141125T000000,3,1.75,1560,7424,1.0,0,0,5,8,1560,0,1940,0,98117,47.6981,-122.374,1370,7424
15169,20140812T000000,4,1.75,1940,15909,1.0,0,0,3,8,970,970,1974,0,98072,47.7578,-122.094,1940,15120
15367,20140611T000000,1,1.75,750,20339,1.0,0,0,4,4,550,200,1946,0,98059,47.4756,-122.09,2020,23958
29853,20141111T000000,4,2.25,2510,11585,2.0,0,0,4,8,2510,0,1969,0,98040,47.5483,-122.226,2450,9691
16846,20140820T000000,3,1.0,1240,5750,1.0,0,0,4,6,1240,0,1948,0,98116,47.564,-122.398,1240,5750
30628,20150406T000000,3,1.75,1900,9375,1.0,0,1,4,8,1330,570,1941,0,98115,47.6821,-122.273,2760,9375
24936,20141118T000000,3,1.0,1080,10639,1.5,0,0,3,7,1080,0,1953,0,98002,47.3171,-122.219,1470,10600
25246,20141111T000000,2,2.0,1120,780,2.0,0,0,3,8,760,360,2004,0,98116,47.5788,-122.41,1120,1322
30216,20140609T000000,3,2.25,2210,8000,2.0,0,0,4,8,2210,0,1969,0,98023,47.3085,-122.381,1990,8000
14816,20140714T000000,4,2.5,2660,22050,2.0,0,0,3,9,2660,0,1996,0,98059,47.4911,-122.125,3060,21111
22307,20150211T000000,5,2.5,2710,14989,1.0,0,0,3,8,1720,990,1959,0,98004,47.6411,-122.207,3180,16624
24198,20140627T000000,5,2.5,2500,7200,1.0,0,0,4,7,1490,1010,1977,0,98052,47.6964,-122.12,1960,8325
21265,20140725T000000,3,2.5,1670,5797,2.0,0,0,3,7,1670,0,1988,0,98030,47.3505,-122.179,1670,6183
23456,20140930T000000,4,2.5,1770,9239,2.0,0,0,3,7,1770,0,2004,0,98038,47.3512,-122.006,2150,5450
21341,20140815T000000,2,1.0,920,4000,1.0,0,0,4,7,920,0,1906,0,98105,47.6711,-122.328,1300,4000
18365,20140614T000000,3,2.5,1930,7214,2.0,0,0,3,8,1930,0,2005,0,98125,47.7191,-122.309,1930,7266
26082,20140605T000000,4,1.75,1660,3800,1.5,0,0,3,7,1660,0,1926,0,98115,47.6883,-122.314,1660,3767
25256,20140826T000000,4,2.0,1960,4520,1.0,0,0,3,8,960,1000,1922,2001,98116,47.58,-122.405,1680,4520
15588,20140722T000000,4,1.5,1360,9323,1.0,0,0,4,7,1360,0,1968,0,98023,47.3168,-122.401,1180,9611
10941,20140813T000000,3,1.0,1430,7000,1.0,0,0,3,6,1430,0,1968,0,98023,47.3018,-122.369,1050,7700
11112,20141105T000000,3,1.5,1010,5000,1.0,0,0,3,6,1010,0,1943,0,98178,47.4925,-122.278,980,5000
23155,20150211T000000,4,1.0,1130,8308,1.5,0,0,4,6,1130,0,1944,0,98166,47.4669,-122.355,1130,8652
20451,20140514T000000,3,2.5,1820,4883,2.0,0,0,3,9,1820,0,2005,0,98028,47.7355,-122.224,2720,5002
22308,20140710T000000,5,2.0,2310,13430,1.5,0,0,4,8,2310,0,1966,0,98004,47.6395,-122.203,2810,13906
26574,20140819T000000,4,2.5,2650,6240,2.0,0,0,3,8,2650,0,2013,0,98053,47.6885,-122.021,2640,6524
24753,20150213T000000,3,2.5,2330,9160,2.0,0,0,3,9,2330,0,1997,0,98006,47.5467,-122.181,2460,9160
24256,20150318T000000,2,1.0,1180,5100,1.5,0,0,3,7,1180,0,1926,0,98103,47.6947,-122.346,980,5100
18723,20140516T000000,2,1.0,1010,5200,1.0,0,0,3,7,1010,0,1955,0,98198,47.4166,-122.323,1580,7500
26335,20140729T000000,3,2.0,1290,5757,1.0,0,0,3,7,1290,0,1994,0,98092,47.3175,-122.17,1580,6798
26289,20141222T000000,2,1.0,920,5250,1.0,0,0,4,6,920,0,1906,0,98118,47.5177,-122.266,1210,5250
12605,20150206T000000,6,1.0,1430,20620,2.0,0,0,3,7,1430,0,1954,0,98004,47.6255,-122.209,2450,10080
19073,20140711T000000,3,2.5,1650,4725,2.0,0,0,3,8,1650,0,2011,0,98038,47.3548,-122.055,2000,4725
18383,20140915T000000,1,1.0,640,10280,1.0,0,0,2,5,640,0,1920,0,98126,47.5144,-122.368,1090,9000
26009,20140829T000000,3,2.5,1520,3425,2.0,0,0,3,7,1520,0,1986,0,98052,47.6801,-122.161,1640,3425
25556,20150428T000000,3,2.5,2160,15817,2.0,0,0,3,8,2160,0,1999,0,98031,47.4166,-122.183,1990,15817
19266,20150508T000000,4,3.0,3150,6599,2.0,0,0,3,9,3150,0,2008,0,98056,47.5279,-122.199,2680,9430
12631,20141211T000000,3,1.0,1650,5102,1.0,0,0,4,8,1300,350,1953,0,98199,47.6524,-122.404,1440,5102
25063,20141114T000000,2,1.0,960,8450,1.0,0,0,5,6,960,0,1950,0,98155,47.755,-122.316,1090,8450
28415,20150409T000000,5,3.5,4000,9234,2.0,0,0,3,9,4000,0,2015,0,98024,47.5265,-121.887,3690,6600
17487,20140701T000000,3,2.25,3530,17450,1.0,1,3,3,9,1840,1690,1930,1993,98040,47.5358,-122.213,3530,17310
12508,20141017T000000,4,3.5,3720,213073,1.0,0,2,3,10,3720,0,2007,0,98010,47.3216,-121.94,2190,59241
26620,20140820T000000,3,1.0,1120,5000,1.0,0,0,3,6,1120,0,1917,0,98146,47.5109,-122.357,1050,5000
18432,20140530T000000,4,3.5,3760,5000,2.0,0,0,3,9,2860,900,2014,0,98117,47.6826,-122.394,1340,5000
20123,20140624T000000,4,2.5,2650,18295,2.0,0,0,3,8,2650,0,1986,0,98005,47.6075,-122.154,2230,19856
24260,20150330T000000,3,2.5,2450,5760,2.0,0,0,3,9,2450,0,2000,0,98074,47.6145,-122.026,2450,5762
15670,20141017T000000,3,1.75,3150,9258,1.0,0,1,3,8,2370,780,1970,0,98027,47.5571,-122.08,2740,10274
20287,20140919T000000,2,1.0,720,5600,1.0,0,0,4,7,720,0,1920,0,98116,47.5641,-122.391,1330,5600
22930,20140721T000000,3,2.0,1840,14985,1.0,0,0,3,7,1840,0,1968,0,98033,47.6916,-122.158,2300,16067
16073,20141117T000000,3,2.5,2690,17461,2.0,0,3,3,10,2690,0,1997,0,98074,47.654,-122.088,3610,16887
32294,20140628T000000,2,1.0,1050,2542,1.0,0,0,3,7,880,170,1904,0,98122,47.6172,-122.298,1620,1809
22424,20140620T000000,4,4.5,3850,13551,2.0,0,2,3,10,3000,850,1998,0,98006,47.5522,-122.103,3480,10737
26221,20140624T000000,3,1.5,1820,5756,1.5,0,0,3,7,1640,180,1946,0,98119,47.6479,-122.367,1760,6169
18574,20141027T000000,2,2.75,1100,1088,2.0,0,0,3,7,750,350,2006,0,98102,47.6405,-122.324,2090,4125
22672,20140527T000000,2,2.0,1880,5400,1.5,0,0,3,8,1880,0,1902,0,98112,47.6238,-122.311,1590,5400
26244,20150303T000000,3,1.75,2360,8290,1.0,0,0,4,7,1180,1180,1950,0,98115,47.6738,-122.281,1880,7670
12778,20141105T000000,2,1.0,890,3271,1.0,0,0,4,6,890,0,1918,0,98116,47.5631,-122.381,1190,5175
29825,20140516T000000,5,1.75,1730,5200,1.0,0,0,4,7,1050,680,1978,0,98042,47.3628,-122.089,1350,5200
14274,20140702T000000,2,1.0,1050,6600,1.5,0,0,3,6,1050,0,1964,0,98168,47.4828,-122.324,1330,6600
21324,20140708T000000,3,2.5,2538,4600,2.0,0,0,3,8,2538,0,2013,0,98092,47.2584,-122.196,2570,4800
18422,20140821T000000,3,1.75,1995,18360,2.0,0,0,3,7,1995,0,1957,0,98198,47.4129,-122.322,1980,13640
22880,20140625T000000,3,1.75,2030,17100,1.0,0,0,4,7,2030,0,1953,0,98166,47.451,-122.365,1950,14400
15116,20150202T000000,4,2.75,1920,4400,1.0,0,0,4,6,960,960,1906,0,98106,47.5532,-122.365,1040,4400
11680,20140611T000000,4,2.5,2090,9702,1.0,0,0,5,7,1320,770,1965,0,98133,47.7467,-122.339,1850,7200
22199,20150122T000000,3,1.75,1610,14000,1.0,0,0,4,7,1050,560,1977,0,98010,47.3429,-122.036,1550,10080
11824,20141104T000000,2,1.0,840,5000,1.0,0,0,4,7,840,0,1908,0,98117,47.6803,-122.371,1240,5000
28933,20140512T000000,2,1.0,1220,2500,1.0,0,0,3,6,770,450,1910,0,98126,47.5727,-122.372,1540,3000
17754,20150116T000000,3,2.0,1720,8145,2.0,0,0,5,7,1720,0,1949,0,98155,47.7393,-122.325,1400,8138
26089,20141111T000000,5,3.5,3700,5400,2.0,0,0,3,9,2890,810,2011,0,98053,47.7085,-122.117,3620,5460
25938,20140624T000000,3,2.0,1230,11413,1.0,0,0,3,7,990,240,1984,0,98074,47.6321,-122.034,1570,11517
23329,20141119T000000,4,1.5,1430,6380,1.5,0,0,4,7,1130,300,1945,0,98115,47.6942,-122.319,1570,6380
18870,20140813T000000,3,2.75,3040,24192,2.0,0,0,4,10,3040,0,1987,0,98034,47.7108,-122.225,2770,5728
18074,20150311T000000,4,3.0,2020,4300,1.5,0,0,3,6,2020,0,1900,0,98107,47.6653,-122.372,1290,3440
21297,20141119T000000,4,2.75,1500,7036,1.0,0,0,3,7,1060,440,1979,0,98032,47.3665,-122.276,1620,7200
25588,20150511T000000,3,2.5,1630,1755,2.0,0,0,3,8,1320,310,1997,0,98033,47.691,-122.176,1920,14550
13526,20150428T000000,2,1.5,1450,3840,1.0,0,0,3,7,950,500,1947,0,98117,47.684,-122.381,1450,3840
21332,20140701T000000,4,2.5,2701,4500,2.0,0,0,3,9,2701,0,2014,0,98092,47.2586,-122.194,2570,4800
31880,20140721T000000,4,2.5,2154,4153,2.0,0,0,3,9,2154,0,2012,0,98058,47.4557,-122.13,2154,4091
23043,20140716T000000,3,1.75,1790,7679,1.0,0,0,4,7,1790,0,1953,0,98133,47.7442,-122.338,1560,7680
18792,20150325T000000,4,3.25,3440,4920,2.0,0,4,3,10,2520,920,2014,0,98116,47.5727,-122.409,2350,5166
13754,20141230T000000,3,2.0,1560,7000,1.0,0,0,4,7,1560,0,1968,0,98001,47.3355,-122.284,1560,7200
27871,20150129T000000,4,2.5,3600,21794,2.0,0,0,4,11,3600,0,1990,0,98077,47.7121,-122.072,3410,19864
21213,20140819T000000,3,2.25,1890,7498,1.0,0,0,3,7,1190,700,1987,0,98125,47.73,-122.297,1660,8100
26714,20140506T000000,4,3.25,3569,8327,2.0,0,0,3,10,3569,0,2013,0,98055,47.4595,-122.208,2550,5251
24965,20150406T000000,3,1.75,1910,17003,1.5,0,0,4,8,1910,0,1963,0,98001,47.3095,-122.283,1820,14806
21948,20140606T000000,2,1.0,1730,9610,1.0,0,0,3,7,1380,350,1962,0,98001,47.2956,-122.285,1310,9812
27375,20140903T000000,4,2.5,1690,4080,1.5,0,0,4,7,1140,550,1912,0,98117,47.6825,-122.379,1600,4590
15673,20150113T000000,4,2.0,1960,190357,1.0,0,3,2,8,1960,0,1971,0,98027,47.5538,-121.958,2560,189100
24307,20150506T000000,3,2.25,1910,35015,1.0,0,0,4,8,1430,480,1977,0,98027,47.4672,-122.006,2340,36680
13200,20141218T000000,3,2.25,1570,43350,1.0,0,3,4,7,1570,0,1967,0,98022,47.2377,-122.016,1570,220849
25140,20140616T000000,3,2.0,1530,8925,1.0,0,0,3,7,1530,0,1977,0,98011,47.736,-122.199,2040,8856
21663,20150123T000000,4,2.5,3120,8792,2.0,0,0,4,9,3120,0,1992,0,98029,47.5699,-121.993,2150,7688
21467,20140915T000000,3,2.5,1580,1487,3.0,0,1,3,9,1580,0,2009,0,98119,47.6276,-122.359,1610,1297
11037,20140909T000000,3,1.75,1570,6975,1.0,0,0,3,7,1040,530,1979,0,98126,47.5137,-122.37,1280,7813
13196,20140624T000000,5,4.75,6390,13180,2.0,0,0,3,10,4560,1830,1940,0,98112,47.6312,-122.291,4010,8137
25094,20140926T000000,2,1.0,1550,7713,1.0,0,0,3,7,1550,0,1930,1979,98117,47.7005,-122.358,1340,6350
23583,20140709T000000,3,1.5,1950,15954,1.0,0,0,4,8,1950,0,1959,0,98003,47.336,-122.319,1940,12667
20142,20140623T000000,2,1.0,1060,7200,1.0,0,0,4,6,1060,0,1951,0,98155,47.7463,-122.315,1850,8291
23964,20140929T000000,4,2.5,2380,4913,2.0,0,0,3,8,2380,0,2006,0,98038,47.3607,-122.038,2580,5311
18099,20140703T000000,3,2.5,1930,1348,2.0,0,0,3,8,1300,630,2005,0,98199,47.6513,-122.384,1630,6000
14995,20140508T000000,2,1.5,1110,957,2.0,0,0,3,8,930,180,2005,0,98119,47.6319,-122.362,1680,1104
30166,20150507T000000,3,1.5,1740,9046,1.0,0,0,3,7,1740,0,1956,0,98028,47.7402,-122.255,1830,9513
24030,20150511T000000,5,3.5,4750,8234,2.0,0,2,3,10,3350,1400,2013,0,98198,47.3574,-122.318,2160,14496
22332,20141020T000000,3,2.5,2250,8076,2.0,0,0,3,8,2250,0,1995,0,98038,47.3667,-122.041,2180,7244
24987,20140819T000000,5,1.75,1960,3748,1.0,0,0,3,7,980,980,1965,0,98133,47.7027,-122.349,1410,3844
28333,20140821T000000,4,4.0,4000,9309,2.0,0,0,3,9,4000,0,2007,0,98065,47.5421,-121.888,3920,8048
20896,20140818T000000,3,2.5,2580,7500,2.0,0,0,3,9,2580,0,1991,0,98116,47.5577,-122.396,910,6500
27434,20150421T000000,3,1.0,840,4495,1.0,0,0,3,6,840,0,1921,0,98146,47.496,-122.349,1260,7434
24488,20140825T000000,1,1.0,950,10585,1.5,0,0,3,6,950,0,1929,0,98115,47.6968,-122.297,1400,7056
26919,20150420T000000,3,1.75,1500,10269,1.0,0,0,3,7,1030,470,1958,0,98133,47.7672,-122.348,2090,10269
14295,20150312T000000,3,1.75,1310,7314,1.0,0,0,5,6,1310,0,1960,0,98002,47.2888,-122.221,1010,7314
28801,20150504T000000,4,3.25,5050,20100,1.5,0,2,3,11,4750,300,1982,2008,98004,47.6312,-122.223,3890,20060
25072,20140709T000000,6,4.5,4230,6420,2.0,0,3,4,8,2360,1870,1916,0,98119,47.6301,-122.369,3450,4085
31665,20150430T000000,3,2.5,1640,5707,2.0,0,0,3,7,1640,0,1995,0,98031,47.4016,-122.209,1850,5827
19843,20140807T000000,3,1.5,1900,7584,1.0,0,0,5,7,1900,0,1962,0,98056,47.5091,-122.19,1410,7584
29755,20150102T000000,4,2.5,1880,3853,2.0,0,0,3,8,1880,0,2010,0,98027,47.5636,-122.094,1890,3078
10988,20141203T000000,4,2.5,2800,21370,2.0,0,0,3,8,2800,0,2003,0,98028,47.776,-122.246,1880,9336
16095,20141119T000000,3,2.25,2580,7434,1.0,0,0,3,7,1630,950,1963,0,98133,47.7446,-122.332,1920,7737
15844,20140804T000000,3,2.25,1650,946,3.0,0,0,3,8,1650,0,2014,0,98103,47.6536,-122.354,1570,1283
