acctid,state,zip,rollout,cobal,collscr,cs,accessscr,lnacscr,bureauscr,eaglemod,numcalls,numrpcs,totalpay
1,CA,93313,Wells,1786,04013181,4,0.1992,-1.61,133,67,104,3,360
2,CA,92154,Wells,2048,01015805,1,0.4376,-0.83,109,6,233,6,300
3,FL,33319,Wells,5170,04013057,4,0.8140,-0.21,103,90,28,1,10
4,WA,98115,Bank_Of_Am,4506,08012265,8,0.2978,-1.21,136,11,8,2,2550
5,MI,49615,Associates,2706,03013630,3,0.3722,-0.99,105,42,45,11,2000
6,MD,20743,Associates,740,05012860,5,0.4153,-0.88,120,51,9,1,14
7,TN,37917,Discover,1578,03013468,3,0.8264,-0.19,126,67,82,1,368
8,CA,92628,Discover,5699,01019161,1,0.5225,-0.65,132,88,158,2,117
9,RI,02842,Bank_Of_Am,2099,01016315,1,0.7119,-0.34,123,33,37,6,865
10,NC,28543,Discover,1606,02013829,2,0.0265,-3.63,129,21,95,4,500
11,CA,93722,Wells,1413,08012311,8,0.9006,-0.1,130,88,21,1,30
12,MO,63031,Chase,2778,03013356,3,0.4958,-0.7,125,75,88,2,797
13,CA,94109,Discover,1859,04013066,4,0.6660,-0.41,137,77,64,1,1270
14,CA,94702,Bank_Of_Am,6650,09011960,9,0.4056,-0.9,146,31,32,20,2430
15,MD,20657,Discover,4524,08012288,8,0.2738,-1.3,130,63,13,2,3181
16,AZ,85006,Bank_Of_Am,2436,06012571,6,0.9181,-0.09,120,1,43,2,106
17,MS,39307,Associates,2661,02013804,2,0.3603,-1.02,113,8,120,1,218
18,GA,31419,Discover,1533,05012890,5,0.2812,-1.27,145,60,72,1,126
19,TX,79930,Discover,3747,10011461,10,0.9347,-0.07,135,91,48,7,337
20,NY,11212,Wells,4438,02013700,2,0.9514,-0.05,120,50,112,1,2900
21,CA,91792,Bank_Of_Am,6503,01019062,1,0.3312,-1.1,121,1,126,3,1250
22,SC,29412,Bank_Of_Am,6948,01018765,1,0.5915,-0.53,131,54,112,9,729
23,CA,94544,Wells,1547,04013152,4,0.5014,-0.69,120,32,59,7,260
24,MD,21136,Bank_Of_Am,4965,04923405,4,0.4038,-0.91,141,11,39,8,4212
25,NJ,07306,Chase,1447,04013047,4,0.9401,-0.06,140,9,13,1,559
26,NY,10567,Associates,2174,03013581,3,0.8175,-0.2,117,92,42,1,791
27,CA,90006,Wells,2138,01014966,1,0.5570,-0.59,116,9,7,2,540
28,CA,94066,Wells,2744,09012056,9,0.9148,-0.09,136,46,1,1,150
29,OK,73034,Discover,1533,06012588,6,0.4748,-0.74,112,86,19,1,1470
30,IL,60621,Discover,1915,01015078,1,0.7680,-0.26,98,12,81,1,1080
31,FL,32824,Discover,2714,01016007,1,0.8788,-0.13,126,62,19,3,330
32,WI,53213,Wells,2931,08012287,8,0.5669,-0.57,130,9,80,2,66
33,TN,37075,Discover,4554,04013068,4,0.4966,-0.7,103,32,77,3,1113
34,AK,99752,Bank_Of_Am,2927,02925563,2,0.3604,-1.02,99,82,187,18,170
35,OH,44708,Discover,5981,07012497,7,0.5855,-0.54,129,67,65,1,3140
36,MD,21215,Bank_Of_Am,2957,05012856,5,0.3988,-0.92,108,38,9,2,1700
37,CA,95632,Bank_Of_Am,10392,01015695,1,0.1117,-2.19,100,16,8,4,850
38,CO,80241,Discover,2984,02014175,2,0.7733,-0.26,102,76,72,2,538
39,WA,98233,Bank_Of_Am,702,01015651,1,0.8334,-0.18,111,40,27,14,615
40,NY,12086,Discover,1918,04013021,4,0.5354,-0.62,83,25,29,9,506
41,NY,13850,Discover,6059,01017370,1,0.0376,-3.28,140,81,69,1,2200
42,MO,64683,Associates,4076,09012046,9,0.3655,-1.01,108,25,32,1,625
43,IN,46158,Discover,1805,01017706,1,0.6565,-0.42,133,34,78,2,486
44,FL,32789,Chase_Rev,2777,02014731,2,0.9919,-0.01,86,30,192,4,150
45,LA,71461,Discover,1840,04013197,4,0.6355,-0.45,118,39,43,3,1236
46,OR,97540,Wells,762,02013685,2,0.2117,-1.55,133,82,81,1,270
47,CA,95831,Bank_Of_Am,4890,02014189,2,0.0839,-2.48,129,2,61,18,25
48,SC,29624,Discover,5926,08012207,8,0.2720,-1.3,138,5,88,3,270
49,CA,91205,Chase_Bony,2931,02013700,2,0.2713,-1.3,115,21,165,3,1250
50,TN,38485,Chase_Rev,3657,06012654,6,0.8307,-0.19,142,42,46,1,550
51,WA,99163,Chase_Bony,1721,06012768,6,0.5390,-0.62,146,13,15,2,1109
52,PA,17109,Wells,3825,03013470,3,0.1948,-1.64,102,66,88,1,2058
53,CA,91773,Wells,1339,06012661,6,0.5954,-0.52,107,77,18,1,800
54,HI,96778,Wells,3574,03013357,3,0.3616,-1.02,119,76,73,5,950
55,TN,37221,Discover,6667,09012127,9,0.8015,-0.22,139,66,46,2,1449
56,WA,98133,Discover,3820,09012109,9,0.8145,-0.21,133,97,39,2,3198
57,KS,66441,Associates,1203,04923117,4,0.6810,-0.38,127,56,18,2,250
58,CA,94010,Bank_Of_Am,516,05012827,5,0.4674,-0.76,136,14,110,1,35
59,OH,44203,Discover,1598,03013486,3,0.0880,-2.43,116,2,80,1,1560
60,FL,34420,Associates,5021,01019283,1,0.1371,-1.99,137,34,3,1,378
61,KY,41230,Associates,1205,01015551,1,0.7669,-0.27,94,62,56,5,100
62,TX,76006,Associates,1401,10011653,10,0.2034,-1.59,129,8,65,7,680
63,AZ,85711,Chase_Rev,4849,09012081,9,0.4938,-0.71,124,76,43,5,600
64,VA,23832,Chase_Rev,3331,04013209,4,0.3121,-1.16,141,94,241,3,61
65,TX,75042,Discover,3983,10011622,10,0.2197,-1.52,114,98,91,25,30
66,CA,95035,Wells,1771,03013431,3,0.5256,-0.64,99,18,13,4,1000
67,CA,95822,Wells,1955,01019486,1,0.2652,-1.33,109,55,70,6,740
68,AZ,85716,Wells_FIB,3523,01016119,1,0.5140,-0.67,118,26,54,13,1222
69,GA,30030,Discover,5690,02013846,2,0.4632,-0.77,103,88,142,1,300
70,NY,11215,Chase_Rev,5614,01016092,1,0.4017,-0.91,87,64,87,1,759
71,MI,48060,Discover,1992,01015405,1,0.9680,-0.03,106,91,118,3,726
72,TX,76522,Discover,1771,08012152,8,0.1758,-1.74,121,99,91,2,423
73,PA,19120,Associates,4296,01015211,1,0.7618,-0.27,143,92,107,1,70
74,TN,38008,Discover,3129,01014983,1,0.5238,-0.65,128,88,106,1,1008
75,CA,95116,Discover,1860,06012726,6,0.9597,-0.04,99,53,45,9,100
76,NC,28120,Associates,3921,01018023,1,0.0555,-2.89,131,33,97,2,1075
77,FL,33126,Discover,3225,03013486,3,0.1709,-1.77,126,60,123,9,1056
78,MI,48312,Bank_Of_Am,1062,06012569,6,0.4670,-0.76,111,67,218,2,1404
79,CA,92113,Wells,3180,01019363,1,0.6189,-0.48,116,17,30,2,1850
80,SC,29803,Discover,2034,08000000,8,0.3382,-1.08,122,99,195,1,282
81,NY,10039,Discover,3719,06012722,6,0.9246,-0.08,116,89,96,1,250
82,TX,75607,Chase,7033,08000000,8,0.9574,-0.04,134,64,97,4,1100
83,NC,28715,Chase,2746,02014591,2,0.6675,-0.4,123,22,21,1,3076
84,TX,77489,Wells,1753,09011966,9,0.1744,-1.75,123,47,114,13,40
85,MD,20770,Chase_Rev,5044,01016615,1,0.7217,-0.33,111,48,11,1,3283
86,KY,41230,Associates,3199,02014640,2,0.8054,-0.22,108,74,84,2,900
87,ME,04268,Chase,8588,07012353,7,0.4555,-0.79,87,55,4,1,962
88,MI,48895,Discover,4060,01016770,1,0.0467,-3.06,111,42,2,1,1000
89,CA,94928,Wells,985,05012771,5,0.5311,-0.63,110,92,215,5,347
90,CA,95336,Wells,2531,06012610,6,0.2429,-1.42,136,21,62,1,500
91,IL,60632,Discover,1709,03013515,3,0.0597,-2.82,134,75,43,7,230
92,CA,95501,Bank_Of_Am,964,01926517,1,0.9136,-0.09,117,77,15,2,314
93,OH,43201,Discover,2125,04013045,4,0.3425,-1.07,109,2,108,1,765
94,FL,32221,Discover,3821,06012729,6,0.5461,-0.6,116,63,30,2,450
95,MI,48074,Associates,6282,01015909,1,0.9410,-0.06,147,6,82,4,1813
96,OH,44232,Chase,1136,02014124,2,0.3613,-1.02,139,61,146,2,225
97,MS,39501,Discover,2720,07012461,7,0.8300,-0.19,117,92,23,11,1107
98,CT,06513,Chase,3400,04013279,4,0.7336,-0.31,119,4,42,3,1122
99,CA,91950,Associates,1404,10010184,10,0.9662,-0.03,98,37,7,1,198
100,FL,33931,Discover,3505,04013073,4,0.5665,-0.57,139,35,86,5,252
101,LA,70041,Discover,2672,04013157,4,0.4919,-0.71,92,56,50,3,300
102,NY,11226,Bank_Of_Am,2228,01015671,1,0.4728,-0.75,129,38,126,1,1300
103,IL,60194,Wells,4667,06012619,6,0.5542,-0.59,97,90,56,3,2727
104,LA,70665,Associates,2307,01928006,1,0.1754,-1.74,145,22,35,1,1584
105,CA,92051,Chase,753,08921618,8,0.5523,-0.59,108,11,13,4,454
106,NY,11003,Bank_Of_Am,8820,02014249,2,0.4529,-0.79,127,19,40,1,5054
107,FL,32937,Bank_Of_Am,9234,01018980,1,0.7260,-0.32,136,46,1,1,972
108,CA,91706,Bank_Of_Am,3006,01019276,1,0.2987,-1.21,134,72,6,1,1275
109,CA,95112,Bank_Of_Am,2435,09011929,9,0.4748,-0.74,119,95,1,1,520
110,IA,52208,Associates,1178,08000000,8,0.2779,-1.28,103,79,21,1,550
111,KS,66049,Discover,989,05012961,5,0.8799,-0.13,128,75,172,4,90
112,CA,92310,Discover,3178,10011832,10,0.3919,-0.94,94,43,36,3,337
113,MS,39356,Discover,4564,09011983,9,0.8641,-0.15,130,37,31,2,1095
114,MD,20774,Discover,6118,01015761,1,0.0499,-3,143,15,20,2,1997
115,WY,82073,Wells_FIB,9778,01014824,1,0.6106,-0.49,104,52,67,8,2289
116,TN,37869,Chase,3559,02013739,2,0.9668,-0.03,113,58,16,1,820
117,CA,93930,Associates,2706,08012331,8,0.0919,-2.39,125,55,35,3,110
118,CA,95380,Discover,1628,03013330,3,0.3708,-0.99,123,43,227,3,466
119,NY,10701,Wells,4632,05012836,5,0.3049,-1.19,128,40,93,9,88
120,WI,54751,Associates,1798,01015350,1,0.0259,-3.65,129,50,76,1,800
121,OR,97754,Bank_Of_Am,8338,09012019,9,0.7152,-0.34,139,16,5,3,25
122,FL,32304,Discover,2277,06012642,6,0.6788,-0.39,137,30,12,1,1257
123,OK,74820,Associates,2394,05012804,5,0.4963,-0.7,118,55,77,4,98
124,CA,93309,Wells,1128,05012770,5,0.6399,-0.45,102,68,76,1,23
125,MA,02494,Bank_Of_Am,670,01019311,1,0.2840,-1.26,148,42,197,5,139
126,IN,47371,Discover,3968,08012319,8,0.7504,-0.29,126,33,200,5,550
127,MS,38663,Wells,2484,01016357,1,0.7896,-0.24,131,96,45,3,25
128,PA,15213,Discover,935,08000000,8,0.0055,-5.2,113,53,189,3,157
129,NV,89433,Wells,2837,09012011,9,0.5071,-0.68,109,37,179,1,1591
130,TX,77274,Wells,7374,10011871,10,0.9389,-0.06,110,12,261,1,275
131,SC,29803,Discover,5744,08012174,8,0.3066,-1.18,118,68,1,1,253
132,NY,14012,Discover,2683,04013125,4,0.0142,-4.25,126,47,45,1,1510
133,CA,90066,Associates,4987,02014175,2,0.0581,-2.85,131,51,62,4,460
134,WA,98107,Bank_Of_Am,627,06012712,6,0.5286,-0.64,66,37,34,10,677
135,WI,54476,Chase,949,04013190,4,0.5961,-0.52,112,41,39,9,745
136,AZ,85017,Wells,1088,05012929,5,0.9122,-0.09,120,89,42,1,250
137,NY,11758,Chase,4880,07012388,7,0.2586,-1.35,122,95,75,1,2229
138,TX,76657,Chase,2043,10011868,10,0.1073,-2.23,129,3,252,2,25
139,TX,79413,Bank_Of_Am,3706,10010167,10,0.7514,-0.29,127,29,11,2,650
140,OH,44718,Discover,1531,08000000,8,0.7110,-0.34,124,94,81,3,25
141,FL,34972,Chase,3573,05922894,5,0.4002,-0.92,109,92,11,1,522
142,CA,92009,Wells,1336,01015012,1,0.1506,-1.89,103,88,80,14,376
143,CA,95521,Bank_Of_Am,2080,01019253,1,0.9289,-0.07,107,6,25,6,125
144,CA,94501,Bank_Of_Am,1877,05012879,5,0.2260,-1.49,96,58,73,5,470
145,MD,20746,Bank_Of_Am,4163,04013228,4,0.0354,-3.34,96,50,51,2,3255
146,IL,60477,Discover,5284,07012511,7,0.7773,-0.25,131,63,8,3,2090
147,TX,78219,Chase,2086,10011749,10,0.2005,-1.61,141,38,52,2,1174
148,NY,13202,Discover,2019,04013245,4,0.0850,-2.47,132,91,69,6,1015
149,PA,16510,Chase_Rev,1832,03013659,3,0.2651,-1.33,133,65,95,2,2267
150,PA,15043,Discover,3335,01016205,1,0.7683,-0.26,115,81,85,4,1552
151,NY,11207,Chase,1792,06012761,6,0.3837,-0.96,135,99,14,4,200
152,TN,37821,Discover,5230,07012425,7,0.8854,-0.12,105,50,86,1,1475
153,CA,95205,Bank_Of_Am,905,01016366,1,0.0239,-3.73,132,13,34,1,600
154,PA,16033,Discover,2543,06012700,6,0.5146,-0.66,101,31,90,7,320
155,CA,94122,Wells,5163,01015757,1,0.0908,-2.4,132,19,34,17,2701
156,CA,93230,Chase,2259,05012862,5,0.8650,-0.15,121,18,151,1,3385
157,VA,24054,Associates,1240,06012762,6,0.5289,-0.64,129,16,224,4,650
158,CA,95209,Wells,2525,01015443,1,0.8453,-0.17,119,38,24,5,242
159,LA,70503,Discover,2043,04013066,4,0.2821,-1.27,124,58,117,1,2400
160,NY,10801,Wells,1933,01017212,1,0.9628,-0.04,121,32,57,3,200
161,GA,31632,Discover,3087,05012930,5,0.6689,-0.4,113,75,103,1,100
162,AK,99802,Bank_Of_Am,3083,03013500,3,0.4350,-0.83,148,23,10,1,175
163,CA,92054,Wells,5517,06012569,6,0.8714,-0.14,139,35,19,5,1840
164,CA,92866,Associates,3181,07012536,7,0.5544,-0.59,85,56,55,2,2000
165,IN,46268,Discover,4496,03924248,3,0.6797,-0.39,90,29,107,6,1695
166,NH,03062,Discover,3828,08012325,8,0.7460,-0.29,74,94,116,6,395
167,FL,34233,Associates,3710,02014225,2,0.4942,-0.7,126,26,38,2,875
168,PA,15216,Discover,1885,01015261,1,0.6836,-0.38,142,17,49,4,940
169,GA,31909,Discover,2577,01019605,1,0.4111,-0.89,117,45,40,1,185
170,CA,90019,Bank_Of_Am,1458,01016857,1,0.1639,-1.81,121,91,107,3,93
171,VA,23112,Chase_Rev,2024,03013559,3,0.5247,-0.64,114,89,38,1,1072
172,TX,79936,Discover,1446,08000000,8,0.5500,-0.6,108,42,292,1,100
173,ME,04927,Chase_Rev,1520,04013280,4,0.0714,-2.64,123,30,103,2,31
174,CA,91343,Wells,1679,02013905,2,0.2434,-1.41,105,38,24,1,450
175,WA,98026,Wells,1787,06012706,6,0.3923,-0.94,118,41,40,1,495
176,TN,37172,Chase,5993,06012668,6,0.8351,-0.18,126,82,33,1,3025
177,CA,94518,Wells,2518,01016020,1,0.7144,-0.34,124,27,122,3,66
178,TX,75758,Discover,3745,10011505,10,0.5145,-0.66,110,51,33,1,584
179,AL,36612,Discover,2554,04013189,4,0.1779,-1.73,138,28,61,8,55
180,TX,75243,Discover,3343,03013309,3,0.8708,-0.14,125,49,102,2,150
181,TN,37115,Discover,6512,08012298,8,0.3003,-1.2,116,68,42,19,120
182,MA,02301,Discover,2399,04013056,4,0.1717,-1.76,110,41,50,2,1200
183,CA,93204,Bank_Of_Am,2809,03013448,3,0.1577,-1.85,119,87,460,1,25
184,AZ,85706,Associates,3785,10011608,10,0.2443,-1.41,115,47,22,1,25
185,AZ,85365,Discover,3709,04013178,4,0.0260,-3.65,75,29,150,1,150
186,LA,71220,Discover,1556,03013406,3,0.8700,-0.14,120,6,98,5,2517
187,FL,33186,Associates,1780,05012960,5,0.8947,-0.11,102,92,52,2,28
188,NC,28311,Discover,5660,10920749,10,0.3554,-1.03,141,34,223,1,820
189,UT,84068,Wells_FIB,5786,05012773,5,0.2923,-1.23,126,52,165,2,300
190,MO,63301,Bank_Of_Am,3399,05012945,5,0.8835,-0.12,125,96,33,1,3801
191,ID,83303,Bank_Of_Am,11533,08012212,8,0.9278,-0.07,143,77,69,19,25
192,TX,76704,Associates,2030,07012525,7,0.1638,-1.81,142,34,69,2,423
193,NH,03062,Discover,5284,08000000,8,0.8619,-0.15,101,58,6,1,25
194,PA,17327,Bank_Of_Am,5693,05012800,5,0.8240,-0.19,132,44,161,4,175
195,WA,98310,Bank_Of_Am,568,01015888,1,0.3829,-0.96,113,91,79,7,50
196,NJ,08854,Discover,6635,08012236,8,0.4522,-0.79,128,96,39,2,4637
197,AL,35085,Chase,1046,03013468,3,0.6404,-0.45,131,60,7,3,150
198,CA,90068,Wells,2762,01015332,1,0.3695,-1,97,15,57,1,1422
199,CA,90670,Wells,5755,07012405,7,0.5323,-0.63,141,92,36,1,238
200,FL,34234,Discover,4235,03013447,3,0.2292,-1.47,125,39,5,1,137
201,FL,33325,Discover,7572,01016225,1,0.1996,-1.61,127,13,162,6,1420
202,LA,70392,Associates,2650,06012612,6,0.8531,-0.16,122,79,109,1,550
203,LA,70506,Discover,2012,03013670,3,0.2330,-1.46,107,99,26,2,1375
204,TX,78539,Discover,2537,06012650,6,0.3582,-1.03,123,67,10,3,1655
205,LA,71457,Associates,2791,05012882,5,0.2311,-1.47,120,31,62,2,907
206,MA,02141,Chase_Rev,8487,08012235,8,0.3765,-0.98,119,21,6,1,162
207,CA,91802,Bank_Of_Am,1082,03013524,3,0.3303,-1.11,149,74,58,3,860
208,KY,40337,Associates,1334,05012851,5,0.1193,-2.13,122,3,82,1,163
209,LA,70117,Discover,3540,01017362,1,0.1209,-2.11,105,79,52,2,808
210,NY,11727,Bank_Of_Am,8536,09920870,9,0.1051,-2.25,125,3,4,2,1100
211,NC,28073,Bank_Of_Am,1822,01015799,1,0.5347,-0.63,112,81,201,2,630
212,CA,92868,Bank_Of_Am,4804,10011688,10,0.7159,-0.33,123,73,10,1,50
213,CA,91335,Wells,2257,04013016,4,0.9456,-0.06,129,27,48,1,1723
214,CO,80013,Wells,5041,01017024,1,0.9761,-0.02,104,23,109,1,5
215,CA,90631,Wells,1189,06012559,6,0.2428,-1.42,104,29,32,1,25
216,MI,48198,Discover,5680,07012492,7,0.2297,-1.47,118,44,288,1,2200
217,OH,45601,Discover,2283,05012850,5,0.2210,-1.51,102,9,82,2,988
218,AL,35063,Chase,2550,04013156,4,0.8417,-0.17,144,31,110,2,56
219,KY,40216,Discover,2803,01926027,1,0.4287,-0.85,142,81,127,2,900
220,KS,66104,Chase,2899,05012859,5,0.0931,-2.37,141,73,56,7,531
221,LA,70092,Bank_Of_Am,839,06012753,6,0.1138,-2.17,146,86,13,4,621
222,KS,66112,Associates,2855,06012690,6,0.8262,-0.19,144,66,31,3,2008
223,PA,19147,Discover,9007,01019022,1,0.4417,-0.82,131,54,50,7,405
224,KS,67361,Chase_Rev,7247,08012336,8,0.8233,-0.19,129,52,45,1,300
225,WI,53051,Chase,1918,07012531,7,0.9099,-0.09,124,54,18,2,1599
226,TX,75182,Chase,8676,10011223,10,0.1331,-2.02,128,2,83,1,2728
227,CA,93291,Discover,2364,09012099,9,0.8438,-0.17,110,62,1,1,1746
228,IA,52402,Discover,5432,09011974,9,0.6953,-0.36,132,50,31,3,50
229,MA,01906,Bank_Of_Am,2519,01016974,1,0.6616,-0.41,131,21,99,12,220
230,CA,92375,Bank_Of_Am,1017,07012472,7,0.8337,-0.18,140,9,293,3,195
231,MA,01057,Wells,3407,05012880,5,0.9439,-0.06,112,3,5,1,100
232,NJ,08054,Discover,2755,07012481,7,0.1673,-1.79,132,58,18,1,474
233,TX,77282,Discover,2087,10011623,10,0.5691,-0.56,138,19,6,1,1300
234,AZ,85210,Wells_FIB,3009,02014631,2,0.1919,-1.65,86,56,94,9,61
235,IN,46375,Chase,2746,02014215,2,0.7067,-0.35,123,62,120,1,1811
236,NC,28585,Chase_Rev,1435,02014120,2,0.6184,-0.48,105,58,52,3,55
237,CA,91706,Associates,1110,08000000,8,0.1068,-2.24,139,20,85,2,10
238,CA,90064,Wells_FIB,11038,08012225,8,0.0594,-2.82,123,62,66,7,3400
239,CA,94107,Wells,1691,02014109,2,0.2436,-1.41,95,82,95,3,717
240,TX,77520,Chase,1068,08012180,8,0.4327,-0.84,131,39,51,1,20
241,TX,75052,Discover,1281,08000000,8,0.9384,-0.06,95,74,87,1,42
242,CA,92359,Bank_Of_Am,2746,06922501,6,0.9043,-0.1,124,82,294,6,1200
243,OK,73159,Discover,1588,02013911,2,0.5099,-0.67,98,72,31,4,400
244,MS,39180,Associates,688,08000000,8,0.5913,-0.53,125,67,70,2,200
245,TX,76017,Discover,766,08012279,8,0.7674,-0.26,91,71,77,2,100
246,PA,19119,Bank_Of_Am,412,01016413,1,0.1898,-1.66,132,74,221,1,10
247,CA,95828,Chase,6166,08012145,8,0.7843,-0.24,145,93,92,1,500
248,FL,33183,Chase,1536,02013690,2,0.1700,-1.77,133,71,84,1,1800
249,CA,90254,Bank_Of_Am,3522,01016169,1,0.1815,-1.71,113,28,40,1,2089
250,CA,92692,Chase_Rev,3064,05012899,5,0.6853,-0.38,130,83,123,1,1885
251,MO,64030,Associates,7312,03013403,3,0.0150,-4.2,100,53,96,15,25
252,CA,94549,Wells,1217,06012688,6,0.6703,-0.4,128,34,81,1,275
253,IA,50313,Bank_Of_Am,5530,01018914,1,0.4497,-0.8,123,27,181,3,25
254,SC,29556,Discover,678,08000000,8,0.5570,-0.59,118,81,22,3,60
255,OR,97838,Bank_Of_Am,1342,02013722,2,0.2054,-1.58,99,14,87,1,210
256,CA,92649,Wells,1372,06012750,6,0.6898,-0.37,112,75,18,3,717
257,TX,75206,Wells,1497,10011454,10,0.9981,0,123,24,17,2,3115
258,OR,97479,Wells,2072,01017093,1,0.7393,-0.3,129,68,28,2,669
259,ID,83815,Bank_Of_Am,5391,10010986,10,0.6047,-0.5,110,6,7,2,1075
260,CA,95112,Wells,1475,10011849,10,0.7065,-0.35,95,60,122,4,316
261,WI,53141,Chase_Rev,3628,04923328,4,0.1406,-1.96,129,74,36,8,1128
262,OH,44312,Chase_Rev,1163,05013006,5,0.4582,-0.78,113,11,65,1,262
263,CA,94523,Wells,1902,05012992,5,0.5902,-0.53,131,66,45,3,915
264,CA,93426,Wells,2301,01015245,1,0.2438,-1.41,111,44,213,2,141
265,CA,95240,Discover,1963,05012777,5,0.7345,-0.31,144,55,25,6,1327
266,NJ,07960,Bank_Of_Am,5849,01016251,1,0.6345,-0.45,112,9,40,2,625
267,LA,70438,Chase_Rev,2075,03013291,3,0.4555,-0.79,86,94,54,1,550
268,CA,95012,Wells,2087,01015469,1,0.3082,-1.18,107,54,78,4,375
269,CA,92691,Discover,5839,09012123,9,0.7447,-0.29,139,95,218,2,829
270,CA,92056,Bank_Of_Am,1708,06012700,6,0.1945,-1.64,137,90,2,1,169
271,PA,16833,Chase,2741,02014293,2,0.9341,-0.07,98,53,167,5,330
272,NY,11210,Bank_Of_Am,2144,01019302,1,0.1234,-2.09,120,63,2,2,2247
273,TX,78681,Discover,4717,10011307,10,0.8693,-0.14,99,87,69,4,1000
274,TX,78210,Discover,3751,02013805,2,0.6528,-0.43,133,79,25,6,3615
275,NY,11419,Chase_Rev,7636,07012391,7,0.5962,-0.52,141,29,244,1,100
276,LA,70548,Wells,1690,03013623,3,0.2507,-1.38,115,3,43,1,385
277,IL,60643,Discover,3091,04923167,4,0.4931,-0.71,137,60,52,2,770
278,TX,75007,Associates,6378,10011234,10,0.5503,-0.6,144,46,219,1,70
279,IL,62204,Discover,3184,02014707,2,0.4231,-0.86,135,40,9,2,1140
280,CA,95382,Wells,993,06922489,6,0.5511,-0.6,114,59,59,3,76
281,IL,62863,Associates,4481,01019196,1,0.9626,-0.04,103,37,4,2,1046
282,NY,14425,Discover,2831,02014658,2,0.6028,-0.51,138,48,9,1,1250
283,CA,90212,Wells_FIB,11225,10011543,10,0.5616,-0.58,87,59,90,4,63
284,CA,95125,Discover,3368,06012589,6,0.5720,-0.56,135,15,114,1,2500
285,FL,34488,Bank_Of_Am,2392,02014602,2,0.5875,-0.53,88,49,4,1,150
286,AZ,85705,Wells,5750,03923886,3,0.8646,-0.15,115,85,29,4,530
287,IN,47203,Associates,8380,09012094,9,0.2208,-1.51,96,90,121,6,340
288,TN,38551,Discover,2448,03013446,3,0.2848,-1.26,136,7,62,3,2635
289,ME,04901,Chase_Rev,1562,05012838,5,0.6439,-0.44,135,20,94,5,170
290,RI,02915,Discover,1563,01015676,1,0.5076,-0.68,142,33,73,4,1330
291,IL,60145,Associates,4130,06012645,6,0.9602,-0.04,134,79,51,1,375
292,MA,02038,Discover,3623,05012890,5,0.6991,-0.36,118,36,52,1,3971
293,TX,76104,Discover,3874,10011425,10,0.2366,-1.44,131,96,91,3,100
294,FL,33069,Associates,1133,05013001,5,0.9335,-0.07,142,60,133,1,282
295,MA,01930,Bank_Of_Am,1598,03013569,3,0.9877,-0.01,105,31,193,5,400
296,TX,78501,Discover,4571,10010142,10,0.7444,-0.3,125,14,22,1,922
297,LA,70538,Discover,1675,02014119,2,0.6704,-0.4,85,35,12,1,30
298,KS,66061,Chase,8395,08012182,8,0.3552,-1.04,126,38,106,8,670
299,WA,98007,Bank_Of_Am,478,01018894,1,0.1865,-1.68,108,57,38,1,108
300,AK,99503,Bank_Of_Am,4673,04013127,4,0.8963,-0.11,104,43,69,1,988
301,NJ,08859,Chase_Rev,2359,03013301,3,0.0666,-2.71,131,69,65,1,2755
302,TX,75228,Chase,9975,08000000,8,0.5030,-0.69,134,58,80,10,4000
303,CA,90631,Discover,559,02014610,2,0.8653,-0.14,119,57,50,6,677
304,CA,90037,Wells,1563,01019305,1,0.4981,-0.7,92,66,3,2,196
305,CA,95222,Associates,2943,06012661,6,0.6286,-0.46,127,82,132,7,1
306,GA,31763,Associates,9233,10011677,10,0.7681,-0.26,121,86,55,3,500
307,SC,29566,Chase,3937,04013277,4,0.8702,-0.14,97,28,8,3,175
308,NY,10033,Associates,1167,01017038,1,0.0954,-2.35,95,80,51,11,685
309,WI,53515,Bank_Of_Am,1296,01015590,1,0.9631,-0.04,122,35,24,3,1546
310,CA,95401,Discover,1826,02014403,2,0.0873,-2.44,121,55,79,7,450
311,NV,89118,Discover,2539,04013054,4,0.3898,-0.94,125,84,85,1,213
312,TX,79414,Associates,1697,07012544,7,0.5098,-0.67,115,6,161,5,1215
313,CA,91762,Wells,2477,01016637,1,0.3516,-1.05,143,86,17,6,130
314,HI,96792,Wells,2015,03013512,3,0.6673,-0.4,144,27,166,1,881
315,MA,01801,Chase_Rev,9496,09011991,9,0.0079,-4.84,139,60,109,2,1550
316,DC,20002,Associates,1414,01019198,1,0.4523,-0.79,117,22,96,5,922
317,TX,75028,Wells,6177,09012045,9,0.6990,-0.36,120,79,35,4,1760
318,TN,37303,Chase,828,03013359,3,0.5187,-0.66,134,16,65,3,835
319,NJ,07657,Discover,9619,05012774,5,0.5007,-0.69,124,27,181,5,5000
320,CA,92227,Bank_Of_Am,2425,08012336,8,0.3170,-1.15,133,23,39,2,50
321,FL,32541,Chase,1570,02013730,2,0.2489,-1.39,121,45,66,1,200
322,NJ,07036,Discover,6556,02013726,2,0.8856,-0.12,109,96,108,5,700
323,FL,34972,Chase,2405,04013225,4,0.9976,0,133,80,50,1,1437
324,MD,21655,Wells,8085,01015130,1,0.6743,-0.39,110,10,157,2,200
325,TX,77375,Chase_Rev,3095,10011830,10,0.0627,-2.77,113,56,107,2,66
326,TX,75147,Associates,1722,10010143,10,0.3040,-1.19,113,51,102,9,80
327,CA,95240,Chase,4481,08000000,8,0.8426,-0.17,94,96,218,5,620
328,TN,38310,Discover,3483,01014798,1,0.2029,-1.6,149,58,51,5,2044
329,PA,18706,Discover,2502,04013018,4,0.7698,-0.26,110,59,101,7,1500
330,CA,90703,Wells,2170,03013299,3,0.6947,-0.36,123,67,80,4,700
331,CA,92336,Wells,1548,05922585,5,0.3937,-0.93,132,74,108,6,80
332,MI,48340,Associates,1827,06012640,6,0.9035,-0.1,102,84,99,1,1937
333,CA,94509,Bank_Of_Am,2753,09011915,9,0.4797,-0.73,139,10,78,2,3755
334,CA,94014,Wells,1397,05012854,5,0.3977,-0.92,125,84,68,3,1107
335,CA,92083,Bank_Of_Am,751,07921879,7,0.0083,-4.79,130,38,50,2,100
336,NY,11419,Discover,7255,08012204,8,0.8102,-0.21,102,1,332,1,160
337,CA,92501,Wells_FIB,3176,02013794,2,0.9263,-0.08,105,79,70,11,3238
338,NY,11378,Associates,2921,07012489,7,0.8078,-0.21,137,39,186,6,200
339,NY,10701,Discover,2004,06012696,6,0.6381,-0.45,129,83,84,5,50
340,KY,40391,Chase,402,02014312,2,0.7939,-0.23,76,43,325,6,225
341,GA,31698,Discover,1579,02014231,2,0.1149,-2.16,84,61,120,6,100
342,VA,22305,Discover,1187,01019427,1,0.7944,-0.23,126,10,119,3,1300
343,CA,91709,Wells,3152,03013390,3,0.3468,-1.06,137,39,46,1,3922
344,NY,11435,Discover,2394,01016154,1,0.3219,-1.13,112,88,81,2,390
345,IL,60194,Chase,3233,05013000,5,0.8528,-0.16,110,6,72,6,1672
346,WI,53944,Bank_Of_Am,1682,03924176,3,0.2217,-1.51,136,69,81,4,1444
347,NC,28115,Associates,2877,01019005,1,0.3798,-0.97,111,39,50,7,682
348,NC,28016,Discover,6330,01014922,1,0.8561,-0.16,93,66,45,6,100
349,DE,19958,Discover,3586,01015397,1,0.4201,-0.87,118,70,80,3,311
350,CA,94590,Wells,2943,02014684,2,0.4083,-0.9,115,85,65,2,475
351,FL,33414,Discover,5933,01014855,1,0.6678,-0.4,131,86,145,1,235
352,CA,94523,Wells_FIB,2599,05012882,5,0.7279,-0.32,103,38,133,1,150
353,IL,60632,Discover,7682,01016572,1,0.9611,-0.04,111,77,87,11,150
354,CA,91343,Wells,1464,03013409,3,0.5512,-0.6,106,60,78,1,798
355,NY,11417,Associates,2302,01018587,1,0.5424,-0.61,101,66,162,1,955
356,CA,90731,Wells,5159,08012174,8,0.7872,-0.24,135,29,41,4,105
357,OK,73036,Bank_Of_Am,2489,04013219,4,0.7616,-0.27,116,1,59,1,200
358,TX,76522,Discover,1294,08012246,8,0.1379,-1.98,142,43,105,4,325
359,CA,90059,Bank_Of_Am,1117,02014565,2,0.1111,-2.2,90,59,22,9,20
360,IL,61241,Associates,3930,09012011,9,0.1244,-2.08,129,86,4,2,838
361,CA,91766,Bank_Of_Am,1837,05012929,5,0.3160,-1.15,130,86,39,1,187
362,CA,94102,Discover,8962,02013729,2,0.9583,-0.04,124,85,227,1,346
363,AZ,85634,Wells,1206,01925636,1,0.2342,-1.45,101,1,225,4,657
364,CA,92249,Wells_FIB,2490,07921999,7,0.2318,-1.46,114,28,280,2,200
365,TX,75040,Associates,3931,03924068,3,0.5442,-0.61,119,7,92,2,1540
366,NY,14301,Discover,1770,02014208,2,0.9350,-0.07,132,39,255,2,250
367,CA,91706,Wells,2542,05012897,5,0.5366,-0.62,74,63,216,1,105
368,MA,02126,Wells,4577,06012734,6,0.8362,-0.18,101,74,65,1,850
369,CA,95620,Associates,3058,05012823,5,0.4578,-0.78,125,41,93,3,300
370,WI,54880,Discover,3022,02013960,2,0.5485,-0.6,108,18,81,3,380
371,TN,38118,Chase,2470,03013516,3,0.4485,-0.8,91,16,52,4,1970
372,CA,92324,Bank_Of_Am,1845,08012278,8,0.4056,-0.9,82,6,19,1,167
373,CA,94122,Bank_Of_Am,5125,07921826,7,0.6018,-0.51,121,62,29,1,350
374,MS,39576,Discover,1343,05012884,5,0.0689,-2.68,114,33,13,4,444
375,CA,95008,Discover,4460,01019451,1,0.3264,-1.12,109,52,47,1,5804
376,TX,75052,Discover,8730,02014145,2,0.0323,-3.43,135,79,78,9,800
377,NJ,07501,Associates,3239,01016918,1,0.6350,-0.45,108,39,113,2,54
378,WI,54947,Associates,1975,07012538,7,0.3184,-1.14,121,56,90,3,100
379,CA,92114,Bank_Of_Am,3317,05012784,5,0.4003,-0.92,137,15,109,1,75
380,TX,77044,Associates,6261,10011182,10,0.8944,-0.11,120,12,59,4,1675
381,DC,20020,Associates,761,08000000,8,0.5900,-0.53,125,44,5,1,25
382,PA,15958,Chase_Rev,511,02013775,2,0.3510,-1.05,127,88,72,2,50
383,PA,15235,Discover,1422,05012871,5,0.6436,-0.44,84,88,139,1,1840
384,HI,96766,Wells,4637,03924317,3,0.3416,-1.07,89,95,1,1,400
385,CA,94801,Wells,9151,01018941,1,0.7457,-0.29,118,54,61,15,625
386,PA,17980,Chase,2232,08000000,8,0.7404,-0.3,117,88,51,1,492
387,CA,96003,Wells,1511,03013606,3,0.8211,-0.2,124,27,59,4,1500
388,MO,65717,Associates,2916,04013171,4,0.2684,-1.32,132,95,33,7,80
389,CA,92225,Wells_FIB,13384,08012224,8,0.0438,-3.13,136,89,45,2,3852
390,CA,94720,Wells,852,05012969,5,0.3466,-1.06,130,58,32,1,700
391,IL,60115,Associates,1700,03013607,3,0.4475,-0.8,124,12,100,1,150
392,MD,20910,Chase_Rev,1911,02013720,2,0.2627,-1.34,112,65,44,2,179
393,CA,93933,Discover,4498,01019058,1,0.9560,-0.04,132,18,113,6,1598
394,CA,92509,Chase,3135,07012493,7,0.2279,-1.48,94,68,53,4,731
395,AL,35962,Discover,5497,02014680,2,0.8509,-0.16,127,85,53,1,375
396,MI,48842,Discover,3789,06012755,6,0.0564,-2.88,95,6,78,2,1038
397,AZ,85338,Wells,1601,04013115,4,0.1724,-1.76,133,66,80,6,1876
398,KY,40218,Discover,3727,08012195,8,0.8785,-0.13,118,33,27,12,70
399,IL,60411,Discover,2377,01016728,1,0.1054,-2.25,120,71,127,8,210
400,MA,02169,Discover,2648,04013038,4,0.2094,-1.56,132,21,33,1,600
401,NY,11210,Discover,1066,07012433,7,0.5487,-0.6,130,63,124,2,952
402,NV,89131,Wells,1619,09012126,9,0.2243,-1.49,146,58,45,3,300
403,AZ,85635,Discover,3303,01019245,1,0.2549,-1.37,131,18,14,4,532
404,FL,32937,Chase_Rev,9170,09012053,9,0.7836,-0.24,118,1,59,3,174
405,TX,77013,Discover,7688,03923928,3,0.9300,-0.07,121,35,114,3,255
406,UT,84765,Bank_Of_Am,4064,01017586,1,0.0887,-2.42,110,62,65,7,960
407,TX,77868,Chase_Rev,6277,09011939,9,0.4241,-0.86,132,95,37,2,100
408,CA,91103,Associates,542,01015342,1,0.8374,-0.18,135,7,38,7,166
409,NC,28803,Bank_Of_Am,2556,02014689,2,0.9638,-0.04,138,67,33,3,99
410,NJ,08110,Chase_Rev,1700,02013833,2,0.4096,-0.89,133,36,69,7,1823
411,CA,94530,Wells,1139,01017947,1,0.7599,-0.27,144,40,165,6,45
412,CA,93950,Wells_FIB,13225,01018869,1,0.9128,-0.09,134,18,80,4,5131
413,NY,12010,Associates,1663,03013435,3,0.2326,-1.46,130,69,45,1,105
414,CT,06519,Wells,5331,01016021,1,0.7372,-0.3,136,3,28,10,335
415,IL,60506,Discover,3497,01015750,1,0.3711,-0.99,98,25,43,2,200
416,TX,75951,Associates,5016,01018683,1,0.0096,-4.65,129,20,21,2,100
417,TX,78631,Associates,1432,09012082,9,0.5320,-0.63,128,53,196,2,80
418,PA,15905,Associates,1576,03013602,3,0.8471,-0.17,130,6,36,3,445
419,NV,89119,Wells,2649,10011756,10,0.4782,-0.74,113,35,54,4,115
420,CA,93703,Bank_Of_Am,285,05012837,5,0.0572,-2.86,134,97,80,1,25
421,TX,77026,Wells,3346,01014856,1,0.2315,-1.46,114,27,129,2,205
422,MI,48122,Associates,4125,05012852,5,0.7667,-0.27,122,67,91,1,692
423,MN,55805,Discover,3466,01016596,1,0.0800,-2.53,142,48,73,2,310
424,FL,34608,Discover,1861,04013190,4,0.5226,-0.65,142,35,64,9,25
425,WI,53149,Associates,10527,01018818,1,0.8067,-0.21,138,50,35,2,1873
426,NY,12144,Discover,2901,04013231,4,0.1137,-2.17,140,26,9,1,50
427,MN,56479,Associates,8221,10011587,10,0.0496,-3,134,48,82,2,991
428,CT,06108,Discover,3217,05012816,5,0.2482,-1.39,139,77,56,3,1085
429,TX,77077,Bank_Of_Am,5002,09012138,9,0.8658,-0.14,97,26,4,1,1215
430,NC,28815,Bank_Of_Am,3583,01016315,1,0.0609,-2.8,125,50,158,1,1175
431,TX,78045,Discover,4742,08012317,8,0.9979,0,119,41,45,2,760
432,NY,10009,Discover,7186,01926209,1,0.2952,-1.22,125,98,102,3,540
433,NY,11233,Chase,1766,08000000,8,0.8961,-0.11,104,12,188,5,50
434,TX,77087,Discover,1559,07012410,7,0.8678,-0.14,120,20,87,1,10
435,CA,94080,Bank_Of_Am,1000,06012642,6,0.3862,-0.95,142,94,96,2,300
436,OR,97209,Wells,362,02014485,2,0.4704,-0.75,129,9,25,1,18
437,MI,48126,Chase,11626,09011966,9,0.6706,-0.4,147,16,101,1,450
438,OH,44120,Discover,1552,03013381,3,0.9107,-0.09,68,18,135,14,375
439,VA,23602,Discover,1584,03013610,3,0.5648,-0.57,115,55,46,3,352
440,FL,33185,Discover,2210,04013278,4,0.1803,-1.71,137,34,37,2,1550
441,TX,78945,Discover,2781,10011217,10,0.7090,-0.34,120,10,102,2,100
442,IL,60628,Chase,462,01015398,1,0.5432,-0.61,109,15,61,3,229
443,CA,92655,Discover,1471,07920000,7,0.0247,-3.7,129,1,89,1,60
444,GA,30815,Wells,3073,03013364,3,0.8965,-0.11,131,93,81,3,272
445,FL,33040,Discover,2915,01014884,1,0.5188,-0.66,75,2,47,1,1050
446,TX,77020,Wells,2964,01015241,1,0.2035,-1.59,122,15,35,5,842
447,CA,94124,Wells,1305,07012534,7,0.0788,-2.54,127,96,6,2,60
448,OH,44512,Bank_Of_Am,4959,05012779,5,0.2774,-1.28,109,54,49,2,1920
449,FL,33447,Associates,3090,01016332,1,0.0089,-4.73,137,78,59,13,2300
450,IL,60616,Discover,3343,07012415,7,0.9751,-0.03,129,26,125,1,200
451,NY,14150,Bank_Of_Am,6097,02924608,2,0.2845,-1.26,123,62,23,4,1910
452,CA,91762,Discover,2712,09011963,9,0.2978,-1.21,112,31,39,1,50
453,CA,91201,Bank_Of_Am,897,01017366,1,0.7838,-0.24,87,79,69,3,1176
454,GA,30263,Chase,2345,04013244,4,0.2017,-1.6,100,16,87,5,914
455,LA,70070,Discover,2590,02013865,2,0.2172,-1.53,97,71,22,2,775
456,WA,98499,Bank_Of_Am,1818,05012823,5,0.6210,-0.48,106,10,18,7,1325
457,CA,94403,Wells,1002,04013076,4,0.5327,-0.63,147,11,115,4,400
458,FL,33756,Bank_Of_Am,6610,10011816,10,0.5146,-0.66,146,6,1,1,3122
459,NV,89506,Bank_Of_Am,8765,10011304,10,0.2380,-1.44,86,27,4,2,1356
460,CA,92870,Chase,5293,08012326,8,0.0809,-2.51,109,74,84,2,2300
461,NC,27513,Discover,4716,02013834,2,0.6258,-0.47,123,29,92,2,2086
462,WA,98826,Wells,2708,02013781,2,0.6626,-0.41,127,91,87,5,910
463,AL,36575,Discover,3954,04013245,4,0.8895,-0.12,91,24,90,4,100
464,IL,60433,Discover,3441,01016803,1,0.4650,-0.77,116,90,521,2,1489
465,AL,36116,Discover,1752,01019561,1,0.0543,-2.91,109,90,76,1,35
466,IL,61301,Associates,3017,04013189,4,0.2730,-1.3,137,83,85,1,1750
467,WI,54130,Discover,2996,08012287,8,0.1059,-2.25,133,25,40,6,175
468,AZ,85323,Chase_Rev,9184,10011555,10,0.3038,-1.19,130,24,382,2,950
469,MA,01830,Discover,4968,02014587,2,0.3690,-1,141,52,124,3,760
470,MA,01089,Associates,2835,04013174,4,0.1213,-2.11,117,43,37,1,1224
471,KY,40517,Discover,4561,01016213,1,0.0808,-2.52,87,87,2,1,1135
472,HI,96814,Bank_Of_Am,465,01927089,1,0.3474,-1.06,135,98,89,2,914
473,TX,76201,Discover,3003,10011631,10,0.2283,-1.48,139,44,99,1,80
474,MA,02093,Discover,3592,05012973,5,0.0667,-2.71,130,92,61,2,3643
475,WA,99166,Chase,6654,08921263,8,0.4147,-0.88,141,79,119,1,500
476,IL,60690,Discover,2699,07012398,7,0.2090,-1.57,125,97,92,2,360
477,LA,70068,Associates,3347,04013135,4,0.3888,-0.94,93,90,5,4,852
478,CA,93111,Bank_Of_Am,2541,01018222,1,0.5894,-0.53,122,81,77,1,103
479,MI,48423,Chase_Rev,9832,09012112,9,0.9670,-0.03,119,71,68,11,2250
480,WA,98031,Bank_Of_Am,1540,04923403,4,0.3781,-0.97,139,20,102,1,1090
481,IN,46319,Discover,2349,07012511,7,0.1679,-1.78,125,31,139,2,100
482,FL,33319,Associates,5811,01014898,1,0.7971,-0.23,145,34,91,4,1039
483,CA,92021,Wells,1609,01016732,1,0.2631,-1.34,94,23,88,2,205
484,ME,04011,Associates,1037,04013186,4,0.2203,-1.51,105,7,38,5,20
485,CA,95621,Wells,2044,02013729,2,0.1365,-1.99,108,66,81,2,200
486,CO,80601,Discover,2915,05012844,5,0.0643,-2.74,124,17,69,1,150
487,IL,61455,Discover,2218,01016262,1,0.4379,-0.83,123,34,41,1,230
488,CA,92231,Wells,2137,04923452,4,0.5810,-0.54,130,40,48,3,930
489,SC,29715,Associates,687,02013757,2,0.4060,-0.9,129,79,86,19,149
490,IL,62565,Bank_Of_Am,8595,01015826,1,0.8465,-0.17,119,92,75,10,2860
491,NC,28304,Discover,3509,01015317,1,0.3481,-1.06,89,42,23,4,1020
492,PA,16101,Associates,3026,02014416,2,0.5622,-0.58,141,87,95,8,3185
493,CA,92708,Wells,1044,05012794,5,0.3232,-1.13,105,21,57,2,450
494,IN,47102,Discover,7468,08012277,8,0.6191,-0.48,130,76,68,2,3710
495,FL,33033,Bank_Of_Am,2886,01019416,1,0.7352,-0.31,135,29,58,2,468
496,CA,94609,Wells,1074,06012674,6,0.6630,-0.41,133,89,128,1,130
497,CA,90805,Discover,5933,01015653,1,0.8841,-0.12,123,85,26,6,225
498,IN,46962,Discover,1660,05012868,5,0.8690,-0.14,98,48,61,4,440
499,MN,55414,Discover,2995,01014786,1,0.1217,-2.11,137,76,49,1,719
500,SC,29745,Chase,4182,05012876,5,0.6684,-0.4,108,7,48,1,1040
501,LA,70092,Chase_Rev,3281,02014301,2,0.0503,-2.99,132,14,45,1,2900
502,MD,21212,Discover,500,01019856,1,0.5127,-0.67,129,50,10,1,425
503,CO,80477,Chase,8001,08012174,8,0.7648,-0.27,111,77,57,2,4200
504,FL,33712,Associates,5950,02924398,2,0.0683,-2.68,102,87,2,1,1194
505,NC,27263,Discover,3440,03013367,3,0.2784,-1.28,137,39,70,4,160
506,CA,93306,Wells,1427,06922397,6,0.3430,-1.07,117,58,75,10,326
507,OR,97103,Chase,2924,03013325,3,0.5312,-0.63,124,56,37,8,75
508,MI,48880,Discover,833,01019545,1,0.4764,-0.74,126,62,68,11,661
509,NC,27302,Discover,3672,05012880,5,0.7921,-0.23,113,67,5,2,500
510,CA,93306,Bank_Of_Am,2400,08012321,8,0.3422,-1.07,137,50,11,4,1715
511,MN,55917,Discover,1104,05012903,5,0.0673,-2.7,104,15,211,7,81
512,NY,11423,Discover,4707,09011879,9,0.2300,-1.47,123,64,36,1,400
513,GA,30044,Wells,3026,04013011,4,0.1093,-2.21,82,82,45,1,390
514,KY,40962,Associates,1692,04013228,4,0.9222,-0.08,90,96,41,1,320
515,CA,92115,Chase,5434,07012382,7,0.9141,-0.09,143,45,72,1,1420
516,TN,38108,Discover,3759,01015115,1,0.4854,-0.72,117,95,34,9,200
517,CA,95610,Wells,1480,08012337,8,0.4989,-0.7,139,24,62,3,405
518,IL,60804,Wells,1447,05012885,5,0.5144,-0.66,134,13,40,4,540
519,SD,57703,Chase_Rev,4013,09012096,9,0.0201,-3.91,130,58,61,2,125
520,ME,04740,Discover,6090,10011722,10,0.0991,-2.31,107,30,95,1,521
521,FL,34446,Bank_Of_Am,1557,01926231,1,0.1765,-1.73,145,55,46,3,1070
522,CA,91360,Discover,3294,09011978,9,0.4501,-0.8,146,40,7,3,2035
523,IN,47401,Discover,4776,03013340,3,0.9062,-0.1,127,10,111,1,5072
524,FL,34251,Associates,2255,04013108,4,0.2433,-1.41,111,70,101,5,145
525,CA,96080,Discover,4082,02013919,2,0.3940,-0.93,117,26,52,3,580
526,TX,75043,Discover,7045,02014102,2,0.2577,-1.36,119,33,11,3,1502
527,CA,91364,Chase,4249,06012574,6,0.8062,-0.22,145,10,25,2,1095
528,FL,33025,Associates,4958,09011902,9,0.1838,-1.69,117,29,13,10,1850
529,TX,77372,Discover,2848,09011903,9,0.6237,-0.47,108,60,12,5,2128
530,TX,77058,Discover,998,03013607,3,0.8165,-0.2,128,67,40,2,90
531,OH,43228,Discover,2902,01926752,1,0.4290,-0.85,140,36,19,1,812
532,IL,60411,Discover,5521,02013777,2,0.3834,-0.96,138,62,51,8,485
533,IA,52556,Bank_Of_Am,979,01019453,1,0.0016,-6.42,128,12,134,1,30
534,TX,76906,Discover,1931,10011385,10,0.1618,-1.82,101,3,40,3,186
535,KY,42025,Discover,5311,07012508,7,0.1883,-1.67,91,17,46,6,3264
536,CA,95833,Wells,1319,07012452,7,0.7033,-0.35,119,75,28,8,250
537,WA,98105,Bank_Of_Am,418,05922970,5,0.1524,-1.88,144,80,19,2,560
538,PA,19104,Associates,4198,01019207,1,0.1400,-1.97,81,36,63,5,1096
539,ME,04102,Discover,4174,10011451,10,0.1758,-1.74,139,35,4,1,1944
540,FL,32686,Discover,11514,01019016,1,0.1959,-1.63,112,15,23,4,618
541,CA,91103,Wells_FIB,1595,02013903,2,0.1716,-1.76,105,82,37,1,189
542,WA,98467,Bank_Of_Am,1540,02013933,2,0.6295,-0.46,124,58,113,3,1707
543,WA,98037,Bank_Of_Am,1462,05012826,5,0.9884,-0.01,116,35,73,4,1400
544,CA,90650,Wells,1923,04013131,4,0.7025,-0.35,133,3,108,2,114
545,CA,92675,Bank_Of_Am,811,04013055,4,0.7966,-0.23,111,6,100,1,50
546,NV,89102,Discover,3851,10011188,10,0.0471,-3.06,130,47,9,3,947
547,WI,53215,Bank_Of_Am,474,01018349,1,0.5355,-0.62,140,54,139,7,60
548,TX,77801,Chase,5376,10011171,10,0.5851,-0.54,103,51,54,1,75
549,MA,02740,Discover,998,02014224,2,0.2477,-1.4,124,33,216,2,200
550,GA,31208,Wells,3032,02014248,2,0.0138,-4.28,136,92,26,1,1711
551,IL,60625,Discover,1884,02013797,2,0.6633,-0.41,147,28,87,1,80
552,CA,91205,Wells,1468,07012469,7,0.4375,-0.83,144,57,18,7,718
553,NY,11220,Discover,2451,02013711,2,0.9312,-0.07,135,26,50,2,506
554,DE,19711,Chase_Rev,1628,02013852,2,0.1367,-1.99,81,14,213,4,225
555,CA,94062,Bank_Of_Am,2040,06012623,6,0.4010,-0.91,118,45,106,6,1825
556,TX,75215,Associates,1236,10011757,10,0.2994,-1.21,145,11,102,9,222
557,NJ,08879,Chase_Rev,2793,04013114,4,0.1850,-1.69,126,82,54,2,200
558,CA,90746,Wells,8570,05012900,5,0.9389,-0.06,124,20,82,2,2638
559,OH,43402,Bank_Of_Am,2840,01019285,1,0.1458,-1.93,111,90,47,3,717
560,ME,04210,Discover,2730,08012346,8,0.4002,-0.92,148,94,44,1,552
561,CA,90278,Chase,4106,05012956,5,0.3868,-0.95,126,54,128,1,600
562,NJ,07410,Discover,2192,04013266,4,0.8620,-0.15,135,46,253,4,1390
563,FL,33905,Discover,7877,08012342,8,0.0034,-5.68,136,7,41,5,1100
564,CA,90280,Bank_Of_Am,1977,01015459,1,0.5987,-0.51,129,95,303,11,1501
565,DE,19808,Discover,6691,08012226,8,0.6558,-0.42,113,49,146,4,1200
566,AZ,85260,Wells,3573,01014997,1,0.5367,-0.62,131,67,26,6,860
567,NY,10466,Discover,6893,07920000,7,0.9559,-0.05,115,86,100,12,1300
568,CA,92880,Discover,5441,01016414,1,0.0638,-2.75,137,69,76,2,260
569,CA,93505,Wells_FIB,2394,06922426,6,0.7936,-0.23,134,81,99,1,200
570,FL,33162,Associates,9234,01019218,1,0.6392,-0.45,126,62,78,2,3055
571,NJ,07843,Bank_Of_Am,3449,02013731,2,0.0618,-2.78,98,93,109,7,1791
572,MS,39046,Discover,2233,02014658,2,0.0034,-5.68,116,11,42,11,1050
573,TX,77008,Wells,3658,10011815,10,0.0830,-2.49,112,44,61,11,325
574,MO,63114,Discover,5992,06012679,6,0.5229,-0.65,136,63,160,5,628
575,FL,32792,Discover,1525,03013366,3,0.9748,-0.03,92,61,52,1,630
576,CA,95501,Bank_Of_Am,2339,03013578,3,0.1601,-1.83,140,79,31,12,445
577,IL,60608,Discover,2292,04013137,4,0.4349,-0.83,117,22,17,2,2871
578,MA,02045,Discover,2592,01016274,1,0.9621,-0.04,130,50,147,4,115
579,TX,79407,Chase,1681,09012051,9,0.0512,-2.97,124,89,19,7,435
580,MS,39406,Discover,2131,03013537,3,0.6971,-0.36,121,43,11,2,825
581,FL,32209,Wells,2960,03013507,3,0.6536,-0.43,117,76,69,2,530
582,AL,36066,Chase,5600,06012605,6,0.3332,-1.1,139,14,262,1,1330
583,CA,95403,Discover,1454,08012345,8,0.8175,-0.2,107,76,9,2,470
584,OK,74948,Discover,5975,10011743,10,0.7182,-0.33,138,10,7,2,175
585,SC,29073,Discover,3049,03013323,3,0.2372,-1.44,120,21,227,1,200
586,HI,96749,Associates,2884,07012432,7,0.4444,-0.81,142,59,112,1,709
587,SC,29928,Chase_Rev,4666,04013042,4,0.1860,-1.68,89,14,45,1,190
588,TX,77539,Discover,3216,04013167,4,0.4856,-0.72,116,48,88,5,1631
589,CA,90064,Bank_Of_Am,2330,07012403,7,0.1637,-1.81,130,93,35,6,1617
590,MN,55060,Chase_Rev,3289,05012922,5,0.2024,-1.6,135,67,48,16,1295
591,MS,38732,Associates,1752,02014258,2,0.6342,-0.46,106,50,81,2,100
592,NY,11238,Wells,1342,04013220,4,0.4847,-0.72,116,16,123,2,50
593,KY,41139,Wells,487,01014954,1,0.0262,-3.64,131,49,32,2,34
594,NV,89030,Discover,7106,10011072,10,0.0377,-3.28,125,4,148,7,250
595,CA,91944,Wells,1125,06012764,6,0.1773,-1.73,126,2,71,3,230
596,MS,39156,Discover,1618,06012705,6,0.3579,-1.03,111,13,113,3,155
597,VA,22003,Discover,1625,01019615,1,0.7758,-0.25,98,52,303,1,125
598,FL,33024,Discover,7665,09011968,9,0.4269,-0.85,118,85,47,1,25
599,NJ,07306,Associates,3758,01017843,1,0.1312,-2.03,124,55,121,1,870
600,AZ,85208,Wells,1510,05012859,5,0.7530,-0.28,134,42,72,11,366
601,IL,60521,Bank_Of_Am,713,02013693,2,0.0549,-2.9,141,64,183,1,454
602,LA,70816,Discover,3828,04013069,4,0.5791,-0.55,132,26,3,3,160
603,AZ,85337,Bank_Of_Am,3594,02014585,2,0.7615,-0.27,129,10,159,5,75
604,TX,78526,Bank_Of_Am,2999,01015107,1,0.8567,-0.15,135,91,102,10,285
605,VA,23608,Chase,1385,02013707,2,0.2660,-1.32,123,50,19,6,75
606,CA,92101,Bank_Of_Am,3512,07922085,7,0.5515,-0.6,147,33,44,5,1900
607,MN,55082,Discover,2186,04013009,4,0.6952,-0.36,109,32,14,3,1080
608,CA,94578,Wells,8598,01014951,1,0.6270,-0.47,129,27,89,2,908
609,NY,11412,Discover,4998,05012816,5,0.6084,-0.5,121,52,190,1,450
610,MO,64427,Chase_Rev,1386,06012587,6,0.4328,-0.84,87,58,116,1,692
611,CA,90706,Wells,1938,01015487,1,0.1273,-2.06,98,80,234,2,225
612,KS,66007,Discover,1486,08012219,8,0.6117,-0.49,133,8,74,1,70
613,WA,98055,Bank_Of_Am,382,04013094,4,0.9384,-0.06,109,45,375,2,743
614,CA,90037,Wells,1108,06012644,6,0.6797,-0.39,116,66,184,9,603
615,NJ,08109,Chase,4148,02013720,2,0.9905,-0.01,104,95,549,1,800
616,TX,77532,Discover,8171,10011156,10,0.3582,-1.03,112,12,97,4,2106
617,SC,29150,Associates,5846,01926772,1,0.6953,-0.36,128,29,55,3,1138
618,MS,39440,Discover,2164,01926022,1,0.8344,-0.18,134,47,45,3,154
619,GA,31728,Discover,6341,05012925,5,0.0080,-4.82,123,91,46,1,720
620,NV,89149,Wells,1153,10011831,10,0.3983,-0.92,98,16,150,3,162
621,AK,99833,Chase_Rev,9030,06012632,6,0.5881,-0.53,122,53,129,1,294
622,TX,78681,Discover,3525,06922295,6,0.7197,-0.33,135,59,166,1,2350
623,UT,84108,Chase,3349,04013107,4,0.3823,-0.96,140,87,187,7,509
624,PA,19103,Bank_Of_Am,1811,03013363,3,0.9250,-0.08,137,21,43,3,200
625,LA,70805,Discover,2394,04013116,4,0.9310,-0.07,145,17,86,4,150
626,TX,77904,Discover,5518,10011248,10,0.9149,-0.09,129,36,89,4,300
627,TX,77088,Wells,2675,02014390,2,0.2699,-1.31,93,21,110,1,25
628,AL,36925,Chase,6116,05012874,5,0.4349,-0.83,117,51,87,6,126
629,CA,95610,Wells,667,03013522,3,0.1096,-2.21,125,37,47,1,480
630,OH,45424,Bank_Of_Am,6600,02013904,2,0.5605,-0.58,120,88,6,5,2590
631,OH,43402,Bank_Of_Am,3528,01019189,1,0.5639,-0.57,120,21,8,4,430
632,CA,92025,Wells,5868,02925559,2,0.6319,-0.46,116,11,148,6,890
633,CA,90803,Discover,1959,04013083,4,0.8611,-0.15,104,50,191,1,300
634,PA,19067,Chase,1264,04013146,4,0.4632,-0.77,100,94,114,3,216
635,NY,10472,Discover,1568,03013309,3,0.4359,-0.83,136,35,178,4,328
636,PA,19135,Chase_Rev,2226,03013513,3,0.9173,-0.09,103,67,63,1,858
637,CA,94086,Wells,2814,06012606,6,0.5126,-0.67,106,68,25,4,350
638,CA,95334,Bank_Of_Am,2440,01019347,1,0.7164,-0.33,83,76,77,8,30
639,CA,92128,Wells,1370,04013083,4,0.4675,-0.76,129,74,84,2,1480
640,CA,94117,Bank_Of_Am,1994,06012625,6,0.2358,-1.44,141,12,69,2,1313
641,NY,10924,Bank_Of_Am,2189,03013405,3,0.3504,-1.05,133,83,72,1,2960
642,TN,37764,Chase_Rev,3652,05012801,5,0.4456,-0.81,124,72,182,1,1270
643,NY,10027,Associates,3107,04013091,4,0.3867,-0.95,109,47,49,7,1100
644,NY,12401,Associates,1776,03013567,3,0.0701,-2.66,116,99,58,3,100
645,MD,20772,Bank_Of_Am,1273,02013922,2,0.3958,-0.93,136,55,138,2,50
646,KY,42104,Discover,1657,05012825,5,0.9621,-0.04,111,80,78,4,635
647,FL,34769,Discover,3145,04013117,4,0.1930,-1.65,145,41,22,4,828
648,CA,91043,Chase_Rev,1755,04013033,4,0.3452,-1.06,138,5,117,3,1200
649,MS,38671,Chase,4330,10011818,10,0.2793,-1.28,135,81,82,1,227
650,TX,77541,Discover,1703,09011910,9,0.8942,-0.11,124,9,23,1,106
651,WV,26554,Chase,2687,08000000,8,0.2706,-1.31,139,68,100,9,109
652,CA,95945,Wells,1947,04013155,4,0.0216,-3.84,81,25,47,5,50
653,NJ,08609,Associates,4669,05012787,5,0.4794,-0.74,139,23,74,14,500
654,CA,93614,Bank_Of_Am,840,03013354,3,0.8107,-0.21,124,62,79,11,192
655,CA,91706,Bank_Of_Am,1571,04013265,4,0.4237,-0.86,120,95,62,3,350
656,MO,64503,Discover,5934,01015841,1,0.3080,-1.18,125,51,45,2,392
657,GA,30096,Discover,2177,03013333,3,0.5920,-0.52,140,43,22,2,2613
658,CA,95062,Discover,8285,10011674,10,0.0296,-3.52,108,15,220,1,341
659,NY,12205,Chase_Rev,4481,06012759,6,0.9707,-0.03,106,32,33,3,300
660,SC,29073,Discover,2063,07012539,7,0.3760,-0.98,129,23,21,5,1535
661,KY,40502,Bank_Of_Am,4048,01016070,1,0.4772,-0.74,132,29,28,7,4510
662,NC,27513,Chase,2057,02014530,2,0.0306,-3.49,99,13,40,1,40
663,AZ,85710,Wells,4182,09012081,9,0.3043,-1.19,139,44,39,3,2000
664,CA,91910,Wells,2897,01019350,1,0.9399,-0.06,141,59,46,1,425
665,PA,15201,Bank_Of_Am,637,04013046,4,0.0570,-2.86,127,86,4,2,175
666,GA,30233,Discover,1550,04013185,4,0.1771,-1.73,127,16,67,5,424
667,TN,38112,Associates,811,03013665,3,0.3555,-1.03,134,11,37,7,419
668,TX,77449,Discover,6751,10010156,10,0.3762,-0.98,142,63,109,2,1757
669,CA,91706,Discover,8835,07012367,7,0.8710,-0.14,120,38,148,3,191
670,LA,70591,Discover,2842,05012977,5,0.8732,-0.14,98,79,31,1,1035
671,CA,94587,Wells,3626,01016357,1,0.9621,-0.04,103,75,49,2,986
672,CO,80498,Discover,2760,05012928,5,0.6867,-0.38,126,4,59,2,450
673,OR,97007,Wells,1796,02013790,2,0.0683,-2.68,84,82,26,3,75
674,NC,28383,Discover,1616,01016280,1,0.4695,-0.76,146,94,158,3,322
675,WA,98011,Bank_Of_Am,477,08012341,8,0.8927,-0.11,137,90,71,2,38
676,CA,90404,Wells,1280,04923084,4,0.0981,-2.32,121,49,16,2,530
677,CA,94112,Chase_Rev,1851,06012740,6,0.9999,0,130,56,68,3,100
678,UT,84790,Wells,1622,05012954,5,0.9235,-0.08,95,16,175,7,281
679,CA,92546,Wells,2214,01014840,1,0.6805,-0.38,117,78,65,26,5
680,CA,95624,Wells,1381,06012572,6,0.2610,-1.34,132,73,46,5,100
681,TX,77095,Discover,5093,10011439,10,0.3637,-1.01,139,95,29,3,4200
682,MD,20747,Discover,3595,02013990,2,0.4772,-0.74,125,1,68,2,275
683,AR,72209,Associates,931,04013089,4,0.6884,-0.37,121,20,26,1,125
684,PA,16127,Discover,2003,01017176,1,0.8511,-0.16,129,4,67,1,625
685,MI,48879,Discover,1942,02014432,2,0.7920,-0.23,138,51,8,2,512
686,MI,48235,Associates,1822,03013488,3,0.6216,-0.48,95,1,40,1,608
687,NJ,08817,Bank_Of_Am,2903,01014994,1,0.1141,-2.17,143,64,28,4,940
688,MO,65560,Bank_Of_Am,982,08921400,8,0.6037,-0.5,85,22,64,2,650
689,FL,32808,Wells,2613,03013623,3,0.6031,-0.51,117,69,5,4,325
690,FL,33445,Discover,1650,03013311,3,0.3380,-1.08,125,28,46,1,1326
691,IN,46107,Discover,12314,03013466,3,0.8732,-0.14,123,37,157,1,125
692,NC,27924,Chase,1692,08000000,8,0.4464,-0.81,120,61,104,16,540
693,VA,24527,Chase_Rev,4877,07012538,7,0.1006,-2.3,122,65,20,1,128
694,KY,40456,Discover,6994,07012401,7,0.3442,-1.07,141,71,135,6,20
695,NC,28304,Discover,2591,01018113,1,0.5041,-0.69,90,6,117,6,135
696,CA,90305,Wells,1550,03013401,3,0.8268,-0.19,141,97,77,5,65
697,CA,90262,Wells,6794,06012608,6,0.7273,-0.32,129,73,62,12,3020
698,IL,61354,Bank_Of_Am,2389,01018230,1,0.0408,-3.2,120,92,81,1,3146
699,CO,80223,Chase,2998,04013052,4,0.3040,-1.19,121,4,44,6,1750
700,WV,26003,Associates,756,02013729,2,0.2376,-1.44,143,21,296,1,100
701,KS,66609,Discover,5375,02014156,2,0.0782,-2.55,134,48,11,1,54
702,CT,06484,Discover,7217,09012135,9,0.0141,-4.26,137,76,37,2,3620
703,LA,70805,Discover,1272,04013023,4,0.6665,-0.41,142,37,84,5,160
704,IL,60425,Discover,2043,01014788,1,0.4003,-0.92,135,52,69,2,500
705,PA,19462,Discover,867,02013772,2,0.3642,-1.01,121,78,577,1,396
706,NC,27713,Wells,4862,01017335,1,0.4669,-0.76,111,77,130,6,108
707,MA,02124,Discover,2069,03013516,3,0.3720,-0.99,114,6,27,6,1065
708,KS,66801,Discover,3026,01016200,1,0.7276,-0.32,110,40,92,2,3875
709,IA,50220,Associates,4155,05012929,5,0.1472,-1.92,116,29,100,1,2000
710,NJ,07307,Bank_Of_Am,4642,04013096,4,0.2135,-1.54,139,71,50,2,139
711,NY,12571,Chase_Rev,1671,02014511,2,0.9865,-0.01,97,33,4,1,500
712,WA,98011,Bank_Of_Am,1499,05012857,5,0.6533,-0.43,135,64,40,1,840
713,CA,95901,Wells,1648,01019471,1,0.8038,-0.22,88,34,44,3,1008
714,CA,92071,Wells,2107,01016693,1,0.0411,-3.19,136,55,164,5,370
715,FL,32825,Wells,1601,02013822,2,0.8210,-0.2,118,34,155,3,340
716,IL,60516,Discover,5561,07012497,7,0.1789,-1.72,127,57,128,1,100
717,OH,44105,Discover,1575,08000000,8,0.8052,-0.22,122,30,43,6,700
718,FL,33056,Bank_Of_Am,6345,08012343,8,0.7907,-0.23,101,46,20,4,625
719,AZ,86047,Wells,1989,03013364,3,0.5180,-0.66,113,94,78,8,582
720,MO,63136,Discover,3326,05012769,5,0.2460,-1.4,125,95,52,1,782
721,IL,60901,Discover,5903,01019299,1,0.8066,-0.21,132,15,37,4,1870
722,FL,32413,Discover,2880,04013214,4,0.0641,-2.75,140,1,212,3,150
723,TX,77089,Chase,2602,09011921,9,0.7788,-0.25,87,27,54,2,810
724,LA,70538,Discover,5404,05012785,5,0.4595,-0.78,129,10,88,4,4680
725,CA,90305,Bank_Of_Am,2656,02013693,2,0.7904,-0.24,102,65,76,6,1380
726,HI,96746,Bank_Of_Am,920,03013353,3,0.3134,-1.16,132,53,215,3,1183
727,TX,79721,Associates,8381,10010876,10,0.8313,-0.18,134,3,53,5,1214
728,SC,29468,Associates,1931,02013914,2,0.4998,-0.69,121,79,32,3,890
729,TX,75211,Chase,2153,09012028,9,0.8877,-0.12,137,54,129,2,300
730,NC,27407,Discover,1879,02014755,2,0.8945,-0.11,118,67,184,5,1290
731,PA,19147,Associates,5611,01015024,1,0.1057,-2.25,132,26,43,6,1900
732,CA,95123,Bank_Of_Am,2044,04013242,4,0.5607,-0.58,103,17,339,1,410
733,NY,10977,Chase_Rev,1520,02014248,2,0.7703,-0.26,133,51,50,1,67
734,IL,60646,Discover,9950,03013490,3,0.2200,-1.51,143,99,16,2,500
735,FL,33174,Associates,1589,02013856,2,0.3285,-1.11,136,56,7,1,96
736,FL,32701,Bank_Of_Am,2847,04013145,4,0.9433,-0.06,135,18,37,2,679
737,CA,90065,Wells,2331,05012820,5,0.7175,-0.33,142,40,10,3,1050
738,OH,45177,Discover,1904,04013095,4,0.5159,-0.66,136,23,89,12,1955
739,CA,93110,Bank_Of_Am,819,05012889,5,0.7560,-0.28,111,76,120,1,401
740,AZ,85650,Discover,3454,02014672,2,0.5595,-0.58,122,53,74,1,1014
741,CA,90606,Bank_Of_Am,3619,01016754,1,0.6675,-0.4,122,54,94,3,240
742,MS,38843,Discover,3412,07012373,7,0.2829,-1.26,95,5,97,2,1896
743,CA,92393,Discover,5974,10011748,10,0.4085,-0.9,130,36,1,1,350
744,CA,94521,Bank_Of_Am,1107,06012586,6,0.7312,-0.31,88,47,15,5,498
745,NY,14131,Chase_Rev,3881,02013742,2,0.1931,-1.64,123,39,113,6,1185
746,TX,77642,Discover,3502,09012110,9,0.9327,-0.07,138,45,96,1,76
747,GA,30188,Associates,391,08000000,8,0.2164,-1.53,145,44,163,3,8
748,NJ,07014,Discover,2121,02013822,2,0.8501,-0.16,98,48,26,1,2444
749,FL,33539,Discover,1660,01015637,1,0.9349,-0.07,143,34,205,6,190
750,TN,37122,Discover,10185,08012217,8,0.4094,-0.89,117,41,11,5,415
751,FL,33023,Discover,2274,03013344,3,0.3984,-0.92,132,4,54,3,352
752,FL,33839,Associates,1811,05012849,5,0.1761,-1.74,119,1,66,5,600
753,MO,63106,Associates,1138,08000000,8,0.9832,-0.02,119,51,82,11,40
754,CA,92585,Bank_Of_Am,4716,04013115,4,0.8982,-0.11,115,39,322,1,1750
755,SD,57006,Discover,1394,08012246,8,0.8855,-0.12,129,94,68,3,60
756,FL,32505,Chase,2605,03013384,3,0.3121,-1.16,96,72,116,1,1220
757,WA,98027,Bank_Of_Am,4418,03013357,3,0.9073,-0.1,132,46,77,2,4821
758,CA,94605,Discover,1801,05012995,5,0.0268,-3.62,125,86,8,4,200
759,CT,06830,Bank_Of_Am,3797,05012786,5,0.3738,-0.98,114,52,178,6,480
760,NC,27262,Discover,2065,01015855,1,0.9823,-0.02,147,32,179,1,1050
761,OK,73843,Associates,1730,03013517,3,0.4568,-0.78,117,74,56,1,670
762,KS,67212,Bank_Of_Am,6163,07012510,7,0.1964,-1.63,123,12,55,1,2455
763,CA,92173,Wells,1460,07012548,7,0.0815,-2.51,133,93,12,1,50
764,MO,64111,Discover,1877,02014200,2,0.6680,-0.4,123,9,74,1,935
765,GA,31034,Discover,2410,02925176,2,0.3101,-1.17,127,5,60,4,1620
766,WA,98133,Bank_Of_Am,1206,05012866,5,0.8588,-0.15,142,80,15,2,900
767,TX,75243,Chase_Rev,1663,08012344,8,0.2190,-1.52,113,95,21,1,500
768,GA,30117,Associates,865,08000000,8,0.5285,-0.64,143,97,49,3,55
769,HI,96706,Discover,2715,04013076,4,0.7952,-0.23,134,30,98,3,2364
770,CA,92139,Wells,2702,04013196,4,0.6266,-0.47,98,94,61,4,220
771,IN,46041,Associates,1273,06012744,6,0.0613,-2.79,126,34,285,2,25
772,PA,19365,Chase,4528,03013642,3,0.7980,-0.23,106,59,81,1,690
773,IL,61755,Associates,1961,02014010,2,0.5219,-0.65,142,46,109,2,805
774,OK,73052,Associates,1506,05012934,5,0.3232,-1.13,94,86,84,8,248
775,CA,90270,Discover,1821,04013290,4,0.8861,-0.12,128,60,96,1,38
776,PA,17560,Discover,5588,01015591,1,0.0817,-2.5,124,58,10,4,825
777,CA,91746,Wells,2280,04013254,4,0.8133,-0.21,72,43,35,4,343
778,NY,12603,Associates,1940,02013688,2,0.6233,-0.47,140,7,45,1,838
779,NV,89801,Chase,573,08012352,8,0.7589,-0.28,107,16,41,11,30
780,OH,44106,Chase,1479,04013019,4,0.8096,-0.21,143,83,96,3,650
781,TN,37774,Associates,5571,06012591,6,0.2974,-1.21,128,46,52,1,766
782,CA,93555,Bank_Of_Am,4929,09011988,9,0.1362,-1.99,143,48,205,1,163
783,LA,70665,Chase,4032,08000000,8,0.7153,-0.34,129,29,2,1,20
784,OH,44240,Discover,4311,05012794,5,0.9482,-0.05,78,56,5,1,2702
785,TX,78209,Associates,4316,01018816,1,0.7632,-0.27,123,29,99,1,208
786,AZ,86442,Wells_FIB,6270,03013496,3,0.8151,-0.2,114,20,10,4,75
787,MI,48423,Chase,3004,04013017,4,0.0373,-3.29,134,23,133,5,270
788,CA,94124,Wells,3603,01019278,1,0.8582,-0.15,126,82,106,2,358
789,CT,06002,Chase_Rev,2115,02013735,2,0.8420,-0.17,114,37,378,2,975
790,CA,90009,Bank_Of_Am,502,09012046,9,0.6754,-0.39,129,75,2,1,821
791,WI,53226,Bank_Of_Am,6348,03013374,3,0.4589,-0.78,124,62,13,1,1443
792,CA,94565,Wells,1434,09011900,9,0.1689,-1.78,131,64,173,7,160
793,OH,44101,Chase,5833,07012463,7,0.3929,-0.93,114,89,26,5,225
794,MS,39069,Associates,2274,08012260,8,0.3680,-1,96,68,94,1,25
795,MI,48210,Discover,796,05012890,5,0.3598,-1.02,121,70,58,2,27
796,AZ,85937,Chase,9218,10011248,10,0.1900,-1.66,90,39,302,2,208
797,WA,98110,Wells,7709,01018965,1,0.7031,-0.35,105,45,24,7,2941
798,CT,06492,Discover,3507,01016998,1,0.7897,-0.24,104,32,83,1,1454
799,CA,91331,Wells,2335,04013078,4,0.2405,-1.42,115,69,74,1,1708
800,MA,01040,Discover,5725,06012601,6,0.7190,-0.33,119,97,1,1,400
801,OR,97201,Wells,1113,01015436,1,0.8067,-0.21,103,35,76,1,175
802,TX,76542,Wells,2981,01018509,1,0.3152,-1.15,136,97,10,6,2053
803,CA,92082,Wells,1153,06012649,6,0.7823,-0.25,133,89,7,2,450
804,TN,37209,Chase,2158,02013957,2,0.5935,-0.52,136,52,28,17,847
805,OH,45331,Associates,1400,05012958,5,0.6841,-0.38,121,33,105,2,719
806,NJ,07874,Associates,1609,04013247,4,0.3203,-1.14,140,43,71,1,900
807,FL,32976,Associates,6733,01016117,1,0.6746,-0.39,128,64,27,4,700
808,CA,90044,Wells_FIB,4167,06012620,6,0.9614,-0.04,139,35,59,7,136
809,FL,34698,Associates,6642,07012546,7,0.2535,-1.37,137,77,214,3,398
810,NY,14224,Wells,2242,02013810,2,0.1998,-1.61,112,3,2,1,300
811,MO,65809,Discover,1451,08000000,8,0.5358,-0.62,133,89,1,1,461
812,CA,93033,Wells,1011,08000000,8,0.1506,-1.89,91,36,97,2,41
813,GA,30021,Discover,5783,10011609,10,0.1661,-1.8,143,69,1,1,104
814,MS,39576,Chase,3778,03923771,3,0.6279,-0.47,125,66,168,23,125
815,LA,70811,Chase_Rev,7443,06012709,6,0.6757,-0.39,131,11,41,9,100
816,TX,75783,Discover,9424,10011065,10,0.2980,-1.21,119,93,93,2,144
817,CA,90277,Bank_Of_Am,3782,01015988,1,0.0635,-2.76,105,13,25,6,300
818,WY,82423,Chase_Bony,3982,05012918,5,0.4044,-0.91,114,50,53,1,1413
819,FL,32725,Chase_Rev,7976,05922771,5,0.1166,-2.15,129,34,5,2,2650
820,NY,11360,Discover,9398,02014421,2,0.6732,-0.4,135,94,73,2,665
821,PA,18951,Bank_Of_Am,2925,02014134,2,0.0016,-6.46,94,12,91,1,1438
822,CA,90608,Wells,1273,07012472,7,0.8918,-0.11,112,16,117,1,124
823,TX,78026,Wells,3666,07921825,7,0.4437,-0.81,138,90,1,1,160
824,OH,44120,Discover,1138,03013338,3,0.6250,-0.47,133,16,142,4,100
825,TN,38313,Discover,3742,06012584,6,0.5046,-0.68,107,11,5,3,2551
826,GA,31738,Bank_Of_Am,4710,01015281,1,0.9555,-0.05,110,88,84,10,876
827,TX,76354,Discover,1838,09011924,9,0.7198,-0.33,82,33,90,7,80
828,CA,94930,Wells,2154,02014658,2,0.2348,-1.45,119,81,67,6,270
829,FL,33634,Chase,3947,06012687,6,0.4617,-0.77,134,22,88,2,2628
830,CA,93263,Wells,3610,01017981,1,0.1288,-2.05,142,92,45,3,1753
831,TX,78666,Discover,1864,02013811,2,0.4041,-0.91,119,55,32,3,75
832,IL,60439,Associates,611,02013772,2,0.7775,-0.25,89,16,106,1,44
833,CA,94590,Wells,2359,09012120,9,0.4045,-0.91,96,64,2,1,200
834,NV,89433,Bank_Of_Am,3203,01015165,1,0.3495,-1.05,123,87,107,2,1072
835,IL,60015,Bank_Of_Am,5201,09011936,9,0.0037,-5.61,142,23,1,1,250
836,CA,92832,Wells,1971,05012844,5,0.1705,-1.77,133,52,72,8,1279
837,FL,32810,Chase,3111,02013908,2,0.0394,-3.23,106,10,38,11,1053
838,LA,70769,Wells,2449,03013456,3,0.2807,-1.27,110,77,74,1,165
839,MO,65483,Associates,3819,09012088,9,0.1069,-2.24,116,23,25,2,120
840,DC,20032,Discover,1958,07012385,7,0.0323,-3.43,143,74,120,6,25
841,TX,76505,Chase_Rev,3394,09011992,9,0.5289,-0.64,114,46,11,2,510
842,NC,27713,Discover,3339,02014049,2,0.3937,-0.93,99,87,37,1,4315
843,KY,42256,Chase,5475,04013061,4,0.5731,-0.56,131,78,92,2,1780
844,OH,44708,Discover,2274,05012831,5,0.3098,-1.17,110,16,52,1,75
845,KY,41016,Chase,5864,09012138,9,0.3508,-1.05,112,17,336,2,603
846,CA,90260,Wells,1163,05012994,5,0.7734,-0.26,102,45,6,1,800
847,CA,95062,Bank_Of_Am,2808,07012399,7,0.8045,-0.22,105,14,76,2,25
848,IN,46528,Discover,3880,06012675,6,0.9771,-0.02,103,30,171,10,150
849,NE,68602,Associates,3899,07012388,7,0.9682,-0.03,146,71,3,1,365
850,TN,37162,Chase,885,04013114,4,0.0634,-2.76,117,36,9,1,870
851,TN,37924,Associates,4002,05012906,5,0.7301,-0.31,132,78,73,1,1485
852,VA,23669,Discover,1901,01926653,1,0.6723,-0.4,131,50,86,4,667
853,PA,19132,Wells,2920,01019591,1,0.0065,-5.04,117,11,151,5,817
854,CA,94115,Bank_Of_Am,973,01015526,1,0.0301,-3.5,124,85,127,5,1137
855,TX,79416,Chase,1590,06012739,6,0.5775,-0.55,132,33,98,3,174
856,CA,91354,Wells,1436,06922535,6,0.7096,-0.34,147,20,264,5,100
857,AR,72301,Discover,1854,04923386,4,0.1928,-1.65,139,93,84,1,83
858,MI,48021,Wells,3044,02014186,2,0.8313,-0.18,122,10,55,5,1950
859,GA,30284,Discover,9104,06012726,6,0.8867,-0.12,109,81,110,4,200
860,MS,39501,Discover,1578,05922994,5,0.7300,-0.31,119,48,67,1,332
861,RI,02862,Chase,5433,06012695,6,0.2842,-1.26,117,69,58,1,100
862,SD,57718,Discover,7199,09012016,9,0.6916,-0.37,103,33,18,3,137
863,CO,81416,Bank_Of_Am,5826,01019037,1,0.5963,-0.52,106,3,195,2,30
864,FL,33009,Wells,2166,03013577,3,0.9548,-0.05,140,75,91,2,50
865,TX,76234,Chase,2348,10011737,10,0.3328,-1.1,92,48,90,10,50
866,TN,37334,Chase_Rev,4216,05012787,5,0.9257,-0.08,117,19,41,1,2172
867,FL,33675,Chase_Rev,3062,04013172,4,0.4520,-0.79,122,89,108,1,2006
868,AR,72063,Bank_Of_Am,1846,01016483,1,0.8977,-0.11,121,8,76,1,235
869,CA,90221,Wells,2120,04013104,4,0.6183,-0.48,118,46,45,1,880
870,IA,50845,Chase,7521,08000000,8,0.6932,-0.37,124,40,100,3,100
871,TX,76255,Wells,3271,08012231,8,0.7960,-0.23,119,54,92,6,373
872,TX,75232,Wells,1645,08012350,8,0.0384,-3.26,136,72,54,3,419
873,CA,94301,Wells,1287,06012767,6,0.1331,-2.02,111,1,74,1,203
874,CA,92115,Discover,2201,02013853,2,0.3848,-0.96,119,17,58,7,960
875,TN,37862,Discover,3998,01016119,1,0.7957,-0.23,130,92,58,2,1959
876,CA,94928,Bank_Of_Am,4918,02014636,2,0.8042,-0.22,127,85,15,3,3394
877,LA,70549,Discover,9403,02925526,2,0.2886,-1.24,127,8,17,8,2730
878,PA,18229,Chase_Rev,5472,07012514,7,0.3185,-1.14,113,60,116,2,959
879,CA,92114,Wells,1382,07921858,7,0.9599,-0.04,91,76,50,7,736
880,NJ,08034,Associates,4473,02013958,2,0.0944,-2.36,114,71,47,6,1655
881,NH,03836,Discover,2813,07012358,7,0.2606,-1.34,100,53,33,1,900
882,MI,49024,Associates,6321,01015896,1,0.8599,-0.15,146,73,158,1,5779
883,CA,90631,Bank_Of_Am,2395,05012790,5,0.0452,-3.1,134,85,13,4,750
884,MA,02368,Associates,3373,05012851,5,0.2288,-1.48,122,24,52,2,357
885,OH,44515,Discover,4300,02014595,2,0.3262,-1.12,138,57,216,1,1850
886,NC,27858,Discover,2339,01017641,1,0.9757,-0.02,116,84,44,3,1103
887,GA,31775,Wells,3312,01014838,1,0.4093,-0.89,141,3,50,13,150
888,CA,92845,Wells,1214,01014982,1,0.0212,-3.85,106,91,24,5,1439
889,AL,35209,Discover,9374,09011935,9,0.8934,-0.11,126,7,4,1,2200
890,NC,27106,Bank_Of_Am,2616,01017933,1,0.7014,-0.35,138,96,199,2,1500
891,CA,91604,Wells,1225,06922482,6,0.2775,-1.28,125,6,16,4,1358
892,TX,77036,Bank_Of_Am,2411,09011906,9,0.2798,-1.27,116,35,86,1,231
893,TX,78566,Discover,2050,10011559,10,0.7590,-0.28,142,21,23,3,509
894,NC,27405,Discover,1933,02013845,2,0.5885,-0.53,105,57,3,2,540
895,NJ,07004,Wells,1675,02013877,2,0.2511,-1.38,115,37,24,1,2428
896,PA,16801,Chase_Rev,2045,03013533,3,0.6835,-0.38,90,1,65,7,25
897,PA,19036,Discover,6206,05922976,5,0.7418,-0.3,135,85,122,2,2070
898,CA,95361,Bank_Of_Am,3267,01019074,1,0.6245,-0.47,105,61,1,1,2437
899,TN,38127,Discover,2868,02014249,2,0.9978,0,129,49,64,8,1500
900,CA,90011,Associates,5794,09012121,9,0.0029,-5.83,84,85,91,1,758
901,NY,14214,Bank_Of_Am,5645,01015080,1,0.6969,-0.36,125,21,55,8,490
902,OR,97701,Wells,1161,04013156,4,0.8994,-0.11,125,11,72,6,490
903,CA,95131,Wells_FIB,5679,08012156,8,0.3746,-0.98,115,31,51,1,6634
904,PA,16602,Chase_Rev,1005,04013167,4,0.0287,-3.55,124,89,171,5,25
905,NY,10463,Associates,1833,03013430,3,0.9640,-0.04,141,19,60,1,1962
906,GA,31794,Discover,553,05012878,5,0.1869,-1.68,143,57,152,2,30
907,CA,95828,Associates,3491,07012414,7,0.8559,-0.16,98,86,74,1,70
908,WA,98032,Discover,7701,07012435,7,0.3830,-0.96,137,51,66,1,980
909,MO,65803,Discover,5798,06012579,6,0.0089,-4.73,119,7,66,2,1155
910,TN,37412,Discover,2944,05012864,5,0.0190,-3.97,109,99,118,1,1916
911,CA,91106,Wells,1402,07012373,7,0.3207,-1.14,122,10,23,3,1040
912,CA,92336,Bank_Of_Am,2067,05012972,5,0.9708,-0.03,140,73,42,2,1250
913,IN,46016,Wells,2793,01016832,1,0.1076,-2.23,110,80,9,6,216
914,MA,01852,Discover,2137,01015676,1,0.9809,-0.02,140,88,126,4,370
915,AL,35218,Discover,2756,01019614,1,0.2292,-1.47,106,55,27,1,1330
916,FL,33054,Associates,4043,02013706,2,0.6511,-0.43,143,76,133,2,200
917,WA,98501,Bank_Of_Am,1180,07012427,7,0.3623,-1.02,70,84,32,2,815
918,CA,92117,Bank_Of_Am,3916,07012402,7,0.7173,-0.33,117,35,12,3,150
919,OH,45245,Discover,5068,02014516,2,0.6330,-0.46,134,98,38,1,430
920,GA,30021,Chase,1808,02013860,2,0.4581,-0.78,140,94,25,1,80
921,TX,78840,Wells,2576,09011900,9,0.9632,-0.04,134,34,89,2,475
922,NY,11738,Chase_Bony,480,02014253,2,0.7899,-0.24,137,78,37,4,572
923,SC,29732,Discover,6041,03013294,3,0.5831,-0.54,122,42,39,1,2600
924,TX,77459,Chase,1401,08012195,8,0.9502,-0.05,132,4,26,14,87
925,MI,48212,Wells,1297,02013788,2,0.4213,-0.86,120,44,228,2,202
926,OH,43567,Discover,6917,06012620,6,0.5480,-0.6,124,81,49,3,3388
927,CO,80015,Bank_Of_Am,2174,04013099,4,0.0243,-3.72,115,81,8,2,825
928,TX,75216,Wells,4478,01018775,1,0.0203,-3.9,91,81,100,3,388
929,CA,92399,Wells,6026,09012134,9,0.9716,-0.03,110,34,19,1,125
930,MT,59803,Associates,3177,10011597,10,0.9889,-0.01,137,72,5,1,50
931,AZ,85749,Bank_Of_Am,10044,01015149,1,0.1095,-2.21,126,27,16,2,75
932,ME,04106,Bank_Of_Am,1471,03013632,3,0.3623,-1.02,119,49,20,2,745
933,CA,95205,Wells,1249,06012612,6,0.2232,-1.5,94,41,25,2,125
934,FL,33065,Discover,7597,05012931,5,0.5198,-0.65,115,59,88,5,310
935,PA,16146,Discover,1231,04013256,4,0.3663,-1,137,12,134,5,30
936,TX,75287,Discover,2892,10011642,10,0.4528,-0.79,124,89,6,1,914
937,OH,43822,Discover,3699,06012639,6,0.7011,-0.36,131,7,291,6,810
938,CA,92115,Wells,1123,04013091,4,0.1255,-2.08,112,41,51,6,630
939,CA,90007,Wells,4573,01019163,1,0.5411,-0.61,143,95,17,11,445
940,CA,92551,Wells,2064,01015625,1,0.6102,-0.49,101,91,101,4,460
941,FL,33844,Discover,5589,02013960,2,0.0708,-2.65,116,75,113,1,325
942,CA,92051,Bank_Of_Am,617,06012636,6,0.5263,-0.64,136,36,47,11,90
943,CA,93307,Discover,3660,01015312,1,0.6671,-0.4,140,20,82,1,2078
944,IL,60053,Chase_Rev,3413,05012840,5,0.1162,-2.15,111,90,70,4,3763
945,LA,70122,Chase,2548,04013112,4,0.5192,-0.66,128,12,35,1,512
946,KY,40229,Chase_Rev,2701,03013434,3,0.3973,-0.92,134,80,137,2,25
947,FL,33416,Discover,11455,09011954,9,0.5145,-0.66,140,20,13,2,281
948,CT,06512,Chase,8490,04013145,4,0.7893,-0.24,140,81,78,8,1600
949,PA,15924,Chase_Rev,3888,05012912,5,0.8667,-0.14,128,20,1,1,53
950,NY,10466,Discover,748,01019592,1,0.8643,-0.15,144,15,169,1,62
951,AZ,85233,Wells,1336,03013657,3,0.5743,-0.55,109,31,158,4,162
952,TX,78355,Associates,6398,02013710,2,0.9380,-0.06,119,42,66,2,60
953,FL,33055,Chase,1998,03013538,3,0.9821,-0.02,127,61,43,1,480
954,CA,91103,Discover,2425,01015916,1,0.4854,-0.72,123,40,67,1,100
955,CA,93930,Bank_Of_Am,5514,05012812,5,0.4645,-0.77,115,92,78,2,2960
956,MA,02745,Discover,3011,01016987,1,0.5939,-0.52,103,17,15,1,125
957,MO,65559,Discover,5787,07012442,7,0.4558,-0.79,116,2,30,1,300
958,MA,02021,Discover,3594,02924465,2,0.1953,-1.63,93,93,24,2,100
959,NC,27516,Discover,3311,01927241,1,0.6289,-0.46,120,26,15,5,1068
960,OR,97527,Bank_Of_Am,3843,01016532,1,0.5324,-0.63,111,56,159,13,348
961,FL,33584,Associates,1814,04013206,4,0.3962,-0.93,117,36,45,2,468
962,TX,77459,Wells_FIB,4277,10011617,10,0.7200,-0.33,138,68,31,1,640
963,WA,99362,Bank_Of_Am,9469,01018819,1,0.6773,-0.39,141,85,31,11,1885
964,AR,71638,Associates,4913,01016052,1,0.3360,-1.09,135,27,49,16,790
965,TX,77385,Discover,3705,10011211,10,0.9340,-0.07,122,79,143,1,25
966,FL,33161,Associates,4917,02014620,2,0.1407,-1.96,114,5,164,3,300
967,RI,02878,Bank_Of_Am,4130,01018307,1,0.7290,-0.32,128,23,144,4,1251
968,CA,90633,Bank_Of_Am,3638,09012048,9,0.1574,-1.85,128,48,39,1,174
969,TX,76129,Wells,1335,07012535,7,0.5601,-0.58,112,70,108,1,746
970,TN,38233,Chase,4147,06012637,6,0.9347,-0.07,141,25,57,3,80
971,CA,90266,Bank_Of_Am,558,07012495,7,0.5981,-0.51,87,82,69,1,1162
972,TX,79602,Discover,3097,10011453,10,0.2136,-1.54,124,75,88,1,75
973,CT,06360,Bank_Of_Am,2937,06012698,6,0.1118,-2.19,115,68,13,4,3107
974,MT,59102,Wells,2457,04923436,4,0.2573,-1.36,104,36,60,2,689
975,AZ,85208,Bank_Of_Am,4172,09011886,9,0.3472,-1.06,109,18,16,3,250
976,CA,92316,Wells,9284,08012274,8,0.2669,-1.32,124,13,115,4,106
977,TX,76010,Bank_Of_Am,1710,08012142,8,0.9820,-0.02,145,60,53,1,54
978,NY,10312,Discover,1833,02013883,2,0.1581,-1.84,100,89,73,2,4248
979,AZ,85631,Wells,2148,05012772,5,0.6985,-0.36,119,76,46,1,1116
980,AL,36610,Bank_Of_Am,5684,02014608,2,0.7608,-0.27,118,11,54,1,353
981,HI,96792,Wells,2438,03013369,3,0.8208,-0.2,126,71,53,2,505
982,NC,27713,Associates,2734,01018558,1,0.8906,-0.12,97,8,91,1,116
983,OH,44103,Bank_Of_Am,4915,06012688,6,0.6064,-0.5,121,60,179,5,858
984,CA,91911,Chase,3481,06012674,6,0.0346,-3.37,104,65,15,1,347
985,IL,60104,Discover,1008,01015909,1,0.6863,-0.38,130,34,100,1,910
986,MI,49503,Discover,6329,08012350,8,0.9865,-0.01,135,87,295,2,2500
987,FL,33142,Associates,1973,03013439,3,0.5535,-0.59,121,11,13,2,66
988,NY,11418,Chase,3040,05013003,5,0.5025,-0.69,116,91,18,2,800
989,TX,77042,Chase_Rev,3393,10011628,10,0.8385,-0.18,136,42,58,3,1144
990,CA,90042,Bank_Of_Am,1289,01018842,1,0.1653,-1.8,113,41,97,2,640
991,IN,46384,Associates,4662,01015750,1,0.5496,-0.6,133,2,111,1,542
992,KY,40475,Discover,2390,06012570,6,0.1622,-1.82,145,44,32,2,876
993,TX,75060,Bank_Of_Am,460,05012894,5,0.5380,-0.62,117,6,2,1,100
994,NV,89121,Associates,2871,10011332,10,0.7436,-0.3,143,63,40,1,250
995,CA,95993,Wells,1906,01017947,1,0.8619,-0.15,107,22,4,2,710
996,CA,90731,Wells,1476,07012422,7,0.6141,-0.49,105,71,57,3,120
997,TX,77478,Wells,815,05012890,5,0.7964,-0.23,121,17,54,1,750
998,LA,70067,Discover,3578,01016242,1,0.2253,-1.49,134,87,91,1,1440
999,NC,28119,Wells,3403,01017424,1,0.6681,-0.4,112,61,120,5,460
1000,AZ,85710,Bank_Of_Am,1715,04013270,4,0.0803,-2.52,140,58,136,1,310
1001,CA,92234,Chase_Rev,9783,09011974,9,0.6114,-0.49,144,93,4,1,325
1002,PA,17801,Associates,3048,01016381,1,0.2656,-1.33,129,75,186,7,25
1003,NY,11413,Chase_Rev,1048,03013306,3,0.8019,-0.22,110,66,73,5,210
1004,CA,93441,Wells,1563,01015182,1,0.9122,-0.09,141,73,85,4,510
1005,CA,93103,Bank_Of_Am,1435,08012252,8,0.2435,-1.41,124,35,31,2,361
1006,OH,43420,Discover,3862,05012852,5,0.6406,-0.45,124,55,35,1,2869
1007,CA,94103,Wells,8762,09012107,9,0.6470,-0.44,148,80,90,1,1290
1008,CA,91342,Wells,3061,07012408,7,0.8836,-0.12,122,13,19,4,910
1009,AZ,85716,Wells,2341,05012784,5,0.0723,-2.63,148,28,36,5,950
1010,TN,38106,Associates,1832,03013304,3,0.4955,-0.7,116,49,95,2,126
1011,MA,02453,Discover,2745,02014455,2,0.9788,-0.02,131,18,33,1,2963
1012,LA,70811,Discover,3852,01015027,1,0.1162,-2.15,135,85,17,4,1225
1013,CA,94124,Bank_Of_Am,1474,07012530,7,0.5018,-0.69,136,1,110,3,199
1014,NY,10562,Discover,1771,02013887,2,0.0128,-4.36,116,53,201,1,80
1015,FL,32131,Chase_Rev,5160,02014311,2,0.6640,-0.41,143,65,127,3,105
1016,IL,60515,Discover,3496,05012792,5,0.2615,-1.34,116,77,45,3,3750
1017,SC,29577,Chase_Rev,2837,02014397,2,0.6067,-0.5,116,12,53,4,121
1018,CA,90019,Bank_Of_Am,1065,07012458,7,0.5868,-0.53,142,16,53,1,208
1019,CA,95336,Wells,1105,06012658,6,0.5654,-0.57,113,63,34,2,25
1020,TX,75801,Associates,4956,10010133,10,0.8049,-0.22,95,69,21,5,1195
1021,CO,80903,Discover,4218,09011945,9,0.7325,-0.31,142,65,56,1,2550
1022,NJ,07017,Chase,1830,03013556,3,0.1625,-1.82,145,13,47,4,1405
1023,IL,60641,Bank_Of_Am,570,01017326,1,0.2653,-1.33,98,12,74,6,250
1024,TX,77099,Bank_Of_Am,7759,10010117,10,0.2870,-1.25,107,33,32,3,2000
1025,MO,65074,Chase,7120,08012281,8,0.7159,-0.33,149,12,33,2,150
1026,NM,87109,Associates,1330,02014153,2,0.0894,-2.41,137,46,23,5,470
1027,FL,34734,Chase_Rev,589,02013995,2,0.6645,-0.41,114,9,40,1,175
1028,WA,98226,Wells,2220,02013788,2,0.1154,-2.16,119,20,308,1,800
1029,CA,94551,Wells,4570,03013557,3,0.2405,-1.43,134,59,49,5,1277
1030,CA,91505,Associates,2447,02013750,2,0.6527,-0.43,104,14,48,1,3756
1031,AZ,85741,Discover,3429,10010588,10,0.8864,-0.12,142,74,124,2,40
1032,CA,92865,Wells,1225,05012885,5,0.2980,-1.21,121,49,69,1,220
1033,CA,90746,Bank_Of_Am,5092,03923797,3,0.3228,-1.13,137,20,38,1,1645
1034,CA,95608,Wells,1150,08000000,8,0.1917,-1.65,126,27,80,2,80
1035,NY,11422,Discover,4249,01016563,1,0.3158,-1.15,133,49,166,9,528
1036,CA,95901,Associates,912,06012638,6,0.5174,-0.66,119,58,110,3,50
1037,CA,90621,Discover,3353,06012716,6,0.8045,-0.22,121,78,11,2,2476
1038,GA,31804,Associates,2913,01016959,1,0.0087,-4.74,97,80,23,2,273
1039,CA,94555,Chase,6875,09011907,9,0.0214,-3.85,118,32,99,2,175
1040,AR,72204,Associates,8938,01018868,1,0.1507,-1.89,105,65,49,1,140
1041,FL,34142,Associates,2834,02013686,2,0.2770,-1.28,136,15,38,2,1124
1042,FL,34117,Discover,3332,01015576,1,0.7856,-0.24,137,61,32,1,1794
1043,CA,93221,Discover,2622,07012459,7,0.6372,-0.45,136,34,6,2,750
1044,CA,92126,Discover,1662,01019270,1,0.7047,-0.35,99,76,67,2,450
1045,WI,54970,Chase_Rev,2204,06012657,6,0.9333,-0.07,117,23,26,1,100
1046,MD,21239,Wells,7149,02014721,2,0.7716,-0.26,124,70,335,1,379
1047,NV,89883,Associates,1005,08000000,8,0.4719,-0.75,139,68,15,2,574
1048,FL,32254,Discover,4684,07012420,7,0.0683,-2.68,139,85,23,4,2089
1049,CA,92124,Wells,1693,01014819,1,0.5821,-0.54,139,5,38,4,95
1050,IL,60618,Chase,1641,02013687,2,0.2507,-1.38,118,90,223,2,793
1051,NY,13215,Wells,1219,03013518,3,0.5485,-0.6,129,2,45,2,600
1052,NJ,07060,Discover,6029,08012298,8,0.8774,-0.13,116,65,8,3,100
1053,OH,45377,Discover,6300,08012293,8,0.3831,-0.96,137,94,45,1,3360
1054,FL,32926,Associates,3579,05012798,5,0.9892,-0.01,113,48,11,3,773
1055,SC,29102,Discover,3292,01016821,1,0.0446,-3.11,134,76,60,11,200
1056,WV,26426,Discover,2273,06012593,6,0.1621,-1.82,127,93,130,1,330
1057,TX,77015,Discover,2189,09012003,9,0.0940,-2.36,120,72,45,1,1015
1058,GA,31415,Discover,1760,10010282,10,0.1552,-1.86,113,37,79,3,600
1059,WA,98402,Bank_Of_Am,2348,05012788,5,0.3480,-1.06,127,89,43,1,1200
1060,SC,29621,Associates,2135,01016506,1,0.8445,-0.17,118,78,167,1,528
1061,VA,22553,Bank_Of_Am,2106,05012935,5,0.0488,-3.02,115,59,1,1,290
1062,DC,20032,Bank_Of_Am,7358,10011872,10,0.4696,-0.76,111,5,206,9,40
1063,NY,12010,Discover,5215,09012049,9,0.9977,0,120,83,2,2,241
1064,CA,90041,Bank_Of_Am,3707,01019304,1,0.5837,-0.54,145,66,33,1,2070
1065,LA,70114,Bank_Of_Am,1104,03013479,3,0.0415,-3.18,129,47,128,4,100
1066,OR,97007,Chase,1750,02014171,2,0.9294,-0.07,127,38,135,3,1000
1067,NJ,07063,Discover,2625,05012910,5,0.1499,-1.9,130,67,268,5,1410
1068,AL,35951,Chase,3248,02013913,2,0.6543,-0.42,124,85,9,1,270
1069,FL,33709,Chase_Rev,1385,04013242,4,0.3620,-1.02,141,16,16,1,600
1070,TX,78543,Discover,1990,10011382,10,0.0108,-4.53,105,56,4,1,1656
1071,CA,91607,Discover,3064,05012828,5,0.9483,-0.05,132,84,213,3,629
1072,OH,45371,Bank_Of_Am,2141,03013461,3,0.2994,-1.21,90,50,35,1,1887
1073,TX,76115,Chase,2767,09012107,9,0.7618,-0.27,132,13,92,1,135
1074,PA,19122,Chase_Rev,8161,06012568,6,0.5561,-0.59,124,46,9,3,400
1075,FL,33175,Associates,3744,07012555,7,0.8822,-0.13,120,8,113,1,69
1076,PA,19139,Chase,7350,07012507,7,0.5888,-0.53,119,51,382,3,655
1077,UT,84109,Chase,5559,10011798,10,0.0120,-4.42,95,80,128,2,100
1078,NC,27511,Discover,3183,02014292,2,0.9797,-0.02,144,86,30,2,1816
1079,MA,02122,Chase_Rev,7329,06012625,6,0.1909,-1.66,138,92,16,6,1450
1080,IL,61240,Discover,3078,05013000,5,0.0506,-2.98,91,61,79,1,400
1081,OR,97045,Wells,1851,02013900,2,0.5723,-0.56,124,3,86,3,500
1082,NY,10040,Discover,1895,01017994,1,0.0195,-3.94,94,97,37,1,450
1083,MO,63147,Associates,2405,05013001,5,0.5169,-0.66,108,34,104,6,30
1084,MD,21204,Chase_Rev,5924,07012554,7,0.8119,-0.21,132,35,353,1,175
1085,CA,94954,Wells,2837,02013919,2,0.6808,-0.38,118,14,29,8,1690
1086,TN,37128,Chase,6888,06012609,6,0.5548,-0.59,128,35,48,2,3811
1087,NY,11203,Discover,1788,01014855,1,0.9986,0,142,68,107,3,1634
1088,CA,90661,Bank_Of_Am,1523,04013108,4,0.6261,-0.47,140,49,38,1,152
1089,NV,89115,Wells,1113,01016603,1,0.1624,-1.82,118,89,89,6,230
1090,LA,70117,Bank_Of_Am,683,02013762,2,0.8049,-0.22,122,86,147,2,140
1091,CA,90808,Bank_Of_Am,5408,07012391,7,0.2696,-1.31,135,14,44,2,175
1092,FL,32746,Discover,5042,02014090,2,0.1264,-2.07,124,59,59,7,1872
1093,TX,75751,Discover,3052,10011558,10,0.6119,-0.49,110,13,17,1,690
1094,TX,76354,Bank_Of_Am,2424,10011733,10,0.7052,-0.35,120,26,116,2,1585
1095,WA,98533,Bank_Of_Am,1729,03013498,3,0.5757,-0.55,114,45,48,2,40
1096,TX,76502,Chase_Bony,6210,09011964,9,0.6664,-0.41,105,58,36,1,1056
1097,MA,01746,Discover,6174,08012242,8,0.6241,-0.47,104,67,40,11,25
1098,LA,70090,Discover,1890,01017580,1,0.2021,-1.6,136,92,44,1,729
1099,CA,94541,Wells,1630,04013263,4,0.8174,-0.2,148,77,44,3,154
1100,WA,98498,Bank_Of_Am,8073,10011845,10,0.7815,-0.25,120,39,303,1,1850
1101,KY,40854,Chase,4115,08000000,8,0.1827,-1.7,130,84,19,2,1325
1102,TX,78942,Discover,3202,01018869,1,0.4511,-0.8,107,57,130,2,710
1103,NY,11226,Discover,2349,03013656,3,0.2161,-1.53,129,40,47,2,1300
1104,PA,17901,Chase_Rev,6079,02014040,2,0.7863,-0.24,103,68,97,5,560
1105,PA,15235,Discover,9910,02014184,2,0.1881,-1.67,118,97,23,1,100
1106,NJ,08901,Discover,6749,09012021,9,0.6818,-0.38,112,73,97,5,350
1107,TN,38127,Chase,1798,03013592,3,0.3353,-1.09,117,25,39,8,1250
1108,PA,16037,Bank_Of_Am,1234,02014258,2,0.7970,-0.23,113,59,142,2,25
1109,OH,43235,Discover,1065,04013278,4,0.9639,-0.04,111,13,18,3,718
1110,TX,78029,Bank_Of_Am,3028,10011235,10,0.2122,-1.55,149,16,1,1,1280
1111,CA,93550,Wells,2518,03013314,3,0.1503,-1.89,127,37,113,1,1200
1112,TX,76541,Discover,4287,10011215,10,0.8274,-0.19,121,39,6,2,1073
1113,TX,77598,Chase,7442,10010137,10,0.2304,-1.47,140,40,98,8,406
1114,IL,62401,Associates,3168,04013011,4,0.9913,-0.01,139,64,58,2,858
1115,CA,94568,Bank_Of_Am,4507,02924997,2,0.4474,-0.8,108,21,83,9,1969
1116,FL,33407,Bank_Of_Am,3551,01016544,1,0.9237,-0.08,127,43,46,1,2000
1117,CA,93309,Wells,1563,03013396,3,0.4749,-0.74,113,54,60,5,250
1118,SD,57501,Discover,2229,07012545,7,0.3519,-1.04,139,15,121,1,335
1119,CA,90014,Associates,3701,01015194,1,0.2099,-1.56,132,72,73,1,70
1120,OH,44060,Bank_Of_Am,1111,03013296,3,0.8854,-0.12,130,35,37,1,1330
1121,MD,21157,Chase_Rev,2794,04013185,4,0.4483,-0.8,140,29,23,1,150
1122,CA,90802,Discover,2703,01016532,1,0.7748,-0.26,133,97,28,4,301
1123,TX,78705,Discover,1621,09011963,9,0.3873,-0.95,133,38,1,1,1028
1124,LA,70122,Associates,2524,03013591,3,0.1112,-2.2,132,26,43,1,1431
1125,TX,76099,Associates,9054,10011205,10,0.0488,-3.02,97,75,170,1,468
1126,TX,75963,Discover,1653,08012321,8,0.8037,-0.22,130,29,1,1,172
1127,LA,70748,Chase_Rev,2016,05012832,5,0.7326,-0.31,140,91,111,4,275
1128,TX,78242,Discover,1469,10011748,10,0.0155,-4.16,136,85,13,1,50
1129,LA,70128,Chase_Rev,1560,02013945,2,0.7268,-0.32,143,77,98,1,942
1130,OK,74136,Discover,1599,02014151,2,0.9928,-0.01,123,15,244,3,631
1131,FL,32073,Associates,862,08000000,8,0.5683,-0.57,136,86,80,4,35
1132,MA,02657,Discover,6024,05012894,5,0.6797,-0.39,145,61,19,2,1122
1133,CT,06512,Discover,4372,01017528,1,0.9556,-0.05,119,74,28,6,140
1134,LA,70001,Chase,7128,04013218,4,0.8531,-0.16,115,9,311,1,3375
1135,MA,02124,Discover,1812,01016778,1,0.4142,-0.88,131,51,401,7,10
1136,NY,11361,Associates,879,03013657,3,0.1578,-1.85,108,89,93,4,423
1137,CA,95828,Bank_Of_Am,1473,01016452,1,0.0400,-3.22,110,49,133,3,1603
1138,SC,29566,Associates,6742,01019291,1,0.1145,-2.17,129,41,201,13,284
1139,MD,20882,Wells,2240,06012670,6,0.6911,-0.37,106,97,14,2,1058
1140,MN,56001,Discover,2221,01015458,1,0.0051,-5.27,134,79,47,6,1325
1141,MO,63401,Chase_Rev,6138,02014438,2,0.6318,-0.46,133,86,51,9,350
1142,FL,32792,Chase_Rev,3615,03923963,3,0.9280,-0.07,136,28,17,2,1270
1143,CA,94080,Wells,2371,05012979,5,0.8683,-0.14,110,64,199,7,3099
1144,MI,49310,Discover,1532,05012774,5,0.0957,-2.35,148,79,97,3,1083
1145,SC,29440,Wells,1986,02013793,2,0.3861,-0.95,118,41,201,4,2325
1146,PA,16335,Chase,1261,05013006,5,0.7469,-0.29,135,95,104,1,28
1147,FL,33610,Associates,4552,03013348,3,0.1093,-2.21,115,83,32,3,4325
1148,UT,84770,Discover,1671,09012011,9,0.6973,-0.36,137,65,29,3,25
1149,MD,20774,Associates,1844,02014756,2,0.4594,-0.78,124,33,11,3,497
1150,MD,20876,Associates,1341,08012218,8,0.8531,-0.16,134,41,23,5,855
1151,TN,37115,Associates,1354,09012083,9,0.7018,-0.35,137,61,24,5,500
1152,FL,33021,Chase,381,02014484,2,0.2791,-1.28,133,30,82,5,60
1153,CA,95205,Wells_FIB,3176,03013493,3,0.7184,-0.33,130,90,72,13,450
1154,GA,30338,Associates,1546,01019456,1,0.5509,-0.6,143,69,531,1,1049
1155,CA,92201,Bank_Of_Am,7326,08012199,8,0.6854,-0.38,104,92,136,2,600
1156,MO,63033,Discover,1570,03013386,3,0.7668,-0.27,137,68,36,3,469
1157,TX,78840,Discover,6138,06922413,6,0.7142,-0.34,139,66,49,4,100
1158,FL,32825,Bank_Of_Am,8552,01014946,1,0.7037,-0.35,147,8,251,3,1825
1159,IL,61252,Associates,1589,01019419,1,0.6125,-0.49,133,91,18,1,200
1160,TX,78412,Discover,1942,10011626,10,0.4802,-0.73,144,79,2,2,1826
1161,CA,96161,Chase,4238,04013085,4,0.4796,-0.73,136,65,72,6,3975
1162,NY,10977,Discover,1973,02013701,2,0.7191,-0.33,129,67,72,2,1200
1163,MA,01107,Discover,3327,01014950,1,0.2964,-1.22,134,75,124,2,3479
1164,CA,91723,Wells_FIB,2678,06012675,6,0.0727,-2.62,85,81,33,4,1040
1165,NV,89433,Discover,1007,10011381,10,0.2355,-1.45,87,13,150,7,506
1166,NV,89119,Wells,6002,10011826,10,0.9214,-0.08,123,49,123,6,204
1167,LA,70802,Discover,1695,02925021,2,0.0962,-2.34,140,68,64,5,270
1168,TX,78561,Discover,2016,10011358,10,0.9813,-0.02,146,53,182,1,50
1169,VA,22602,Discover,2999,04013151,4,0.2618,-1.34,114,11,112,2,2025
1170,IL,61443,Chase_Rev,3673,05012816,5,0.7651,-0.27,117,36,311,1,800
1171,IL,61775,Discover,1466,07012468,7,0.0093,-4.67,133,81,1,1,40
1172,DE,19956,Discover,4265,01926910,1,0.0267,-3.62,115,80,133,1,350
1173,CA,90250,Wells,1828,08012299,8,0.8072,-0.21,130,43,17,8,34
1174,CA,95118,Wells,1485,01018645,1,0.3984,-0.92,94,1,156,2,228
1175,TX,77064,Bank_Of_Am,6872,10010127,10,0.2586,-1.35,121,44,52,3,50
1176,AL,36603,Chase,4932,07012435,7,0.3515,-1.05,124,37,64,1,910
1177,LA,71201,Discover,1668,01017842,1,0.6349,-0.45,131,87,109,2,650
1178,HI,96797,Discover,4042,03013362,3,0.9160,-0.09,135,42,35,1,2253
1179,FL,33061,Chase,2678,03013436,3,0.7997,-0.22,116,24,273,2,725
1180,CA,95109,Wells_FIB,10856,09011905,9,0.9169,-0.09,100,87,67,1,450
1181,MI,49503,Chase_Rev,1700,02013804,2,0.1479,-1.91,75,4,92,1,15
1182,AZ,85705,Chase,7450,08000000,8,0.4948,-0.7,124,31,13,1,4415
1183,TX,75043,Discover,1187,07012480,7,0.7962,-0.23,108,25,116,1,296
1184,TN,37184,Chase,2793,03013494,3,0.1782,-1.72,134,28,34,4,360
1185,NC,27320,Wells,1896,01017003,1,0.7595,-0.28,144,92,50,2,100
1186,OR,97071,Wells,1302,03013660,3,0.3593,-1.02,129,55,60,6,420
1187,OH,45324,Chase,3215,04013171,4,0.8345,-0.18,123,12,50,2,200
1188,MS,39042,Discover,4453,04923257,4,0.2692,-1.31,101,75,48,2,1290
1189,OH,44104,Bank_Of_Am,1449,04013221,4,0.9400,-0.06,122,5,53,3,231
1190,FL,33013,Chase,2314,03013553,3,0.1732,-1.75,138,71,23,5,550
1191,NJ,08755,Discover,4361,06012670,6,0.7084,-0.34,124,98,82,1,2265
1192,MD,21154,Bank_Of_Am,1709,02013739,2,0.3741,-0.98,112,78,15,3,900
1193,NC,28513,Associates,2568,03013441,3,0.9577,-0.04,120,7,20,2,982
1194,CA,95350,Chase,4350,07012374,7,0.0874,-2.44,143,85,17,6,25
1195,NV,89041,Chase_Bony,8340,10011418,10,0.5590,-0.58,119,86,103,4,182
1196,FL,34690,Associates,1886,03013498,3,0.3078,-1.18,115,32,49,1,150
1197,CA,95832,Wells,1282,07012467,7,0.2621,-1.34,110,87,32,11,442
1198,CA,90301,Discover,3144,01018881,1,0.2412,-1.42,127,81,3,1,150
1199,OR,97045,Bank_Of_Am,10918,08012236,8,0.8341,-0.18,123,1,56,2,2925
1200,CA,94132,Bank_Of_Am,734,01015401,1,0.0770,-2.56,126,12,87,3,72
1201,LA,70730,Associates,4676,04013122,4,0.0856,-2.46,132,5,319,1,2025
1202,AL,36605,Discover,7214,04013116,4,0.6953,-0.36,110,42,19,6,240
1203,CO,80005,Bank_Of_Am,2996,02014058,2,0.0330,-3.41,124,46,70,4,701
1204,FL,33023,Discover,3227,01019609,1,0.3423,-1.07,139,25,71,1,2926
1205,MD,21224,Discover,6205,01019057,1,0.2129,-1.55,138,55,74,1,661
1206,CA,91911,Associates,273,01015148,1,0.9790,-0.02,126,40,25,3,17
1207,WA,98661,Discover,2588,03013309,3,0.8629,-0.15,112,58,65,14,5
1208,OR,97006,Bank_Of_Am,3093,02014320,2,0.7653,-0.27,86,92,121,2,50
1209,CA,94015,Bank_Of_Am,2914,01014843,1,0.3594,-1.02,143,62,100,2,958
1210,NY,11212,Chase,4378,06012757,6,0.7930,-0.23,101,98,21,4,1180
1211,PA,17111,Bank_Of_Am,4656,01018243,1,0.5654,-0.57,130,86,132,4,737
1212,MI,48213,Associates,770,08000000,8,0.8194,-0.2,86,44,66,14,50
1213,IL,60657,Chase,2528,03013517,3,0.7050,-0.35,128,78,9,1,749
1214,FL,33073,Discover,2290,01017265,1,0.9249,-0.08,140,65,65,2,342
1215,CA,95991,Bank_Of_Am,1417,05012782,5,0.3198,-1.14,143,7,4,1,120
1216,NY,14606,Discover,3222,03013647,3,0.2557,-1.36,109,65,68,3,150
1217,FL,33549,Chase,1853,02013745,2,0.4664,-0.76,121,12,24,1,810
1218,CA,95340,Wells,4073,01019201,1,0.7493,-0.29,122,37,8,5,350
1219,FL,33169,Associates,2366,07012414,7,0.0772,-2.56,148,60,303,2,415
1220,OK,74954,Associates,1987,03013548,3,0.3948,-0.93,133,90,104,2,93
1221,NY,14081,Chase_Rev,3388,03013509,3,0.0114,-4.48,99,5,38,2,2212
1222,OK,73071,Bank_Of_Am,1966,07012520,7,0.2313,-1.46,124,80,1,1,284
1223,VA,23234,Associates,1127,02014485,2,0.8981,-0.11,120,83,44,1,150
1224,PA,19138,Discover,1631,04013113,4,0.3340,-1.1,101,24,33,5,790
1225,CA,90025,Discover,2064,08012274,8,0.8946,-0.11,141,55,193,5,75
1226,VA,20151,Discover,4764,01015891,1,0.6460,-0.44,114,94,65,1,4000
1227,CA,95340,Associates,3077,05012772,5,0.4590,-0.78,121,34,79,4,1200
1228,TX,78705,Discover,2166,01015426,1,0.0594,-2.82,86,53,131,2,60
1229,TX,77429,Associates,8231,10011116,10,0.9004,-0.1,124,76,62,6,2939
1230,TX,78239,Discover,6957,10011666,10,0.0485,-3.03,133,55,19,3,175
1231,CT,06375,Discover,5401,07012395,7,0.5870,-0.53,119,25,7,2,581
1232,CA,95816,Bank_Of_Am,523,03013514,3,0.9489,-0.05,97,72,20,1,64
1233,KY,40146,Wells,6187,01019630,1,0.7733,-0.26,139,97,65,7,65
1234,MA,02532,Associates,1051,04013193,4,0.6322,-0.46,87,3,359,1,350
1235,OH,45056,Discover,2256,03013309,3,0.8150,-0.2,92,48,127,4,25
1236,TX,78130,Chase,1300,08012175,8,0.5325,-0.63,123,49,84,1,30
1237,AL,35616,Discover,8974,01016018,1,0.6421,-0.44,103,95,93,5,1350
1238,TX,77547,Bank_Of_Am,3712,09011959,9,0.6097,-0.49,111,77,53,1,500
1239,NV,89128,Discover,4543,10011731,10,0.2812,-1.27,130,58,113,4,200
1240,TX,78570,Discover,2199,10011688,10,0.2343,-1.45,95,23,65,2,250
1241,MA,01247,Discover,7301,03013382,3,0.3139,-1.16,129,10,304,5,6778
1242,NY,12202,Discover,4322,07012437,7,0.7637,-0.27,125,25,98,16,175
1243,CA,90239,Discover,3127,08012274,8,0.1116,-2.19,140,24,39,4,126
1244,MA,01886,Discover,6800,02014537,2,0.0262,-3.64,83,96,43,5,2475
1245,CA,95965,Bank_Of_Am,1923,01019565,1,0.7530,-0.28,144,77,93,1,2771
1246,KS,67347,Discover,4948,01019303,1,0.0769,-2.57,135,8,33,7,550
1247,NY,11213,Chase,367,02014742,2,0.9060,-0.1,138,27,106,2,343
1248,CA,90057,Bank_Of_Am,712,01019348,1,0.8343,-0.18,123,29,118,5,25
1249,CA,94941,Wells,1503,02014342,2,0.0958,-2.35,126,86,211,2,700
1250,TN,37083,Discover,3788,01016109,1,0.6472,-0.44,134,14,176,2,738
1251,NC,28340,Bank_Of_Am,1340,01015993,1,0.6230,-0.47,131,89,191,1,644
1252,NJ,08527,Chase_Rev,3737,05012828,5,0.9651,-0.04,114,4,278,4,175
1253,CA,94703,Wells,2854,05012800,5,0.5730,-0.56,123,46,211,1,344
1254,MA,01605,Discover,3416,01016297,1,0.9650,-0.04,104,63,61,14,1400
1255,MA,02136,Discover,1261,04013183,4,0.7275,-0.32,119,69,19,3,662
1256,CA,91761,Associates,2126,09012118,9,0.8411,-0.17,122,21,79,1,33
1257,CA,91502,Bank_Of_Am,3244,01019308,1,0.6822,-0.38,122,49,373,2,140
1258,MA,01027,Discover,2565,04013170,4,0.4430,-0.81,111,71,43,2,500
1259,MN,55405,Bank_Of_Am,2945,03013561,3,0.2681,-1.32,116,28,204,2,1687
1260,CA,93631,Wells,2053,03013446,3,0.8108,-0.21,104,78,55,7,250
1261,TX,77026,Associates,1679,01015479,1,0.4389,-0.82,113,84,105,2,252
1262,IA,50613,Discover,1484,08012270,8,0.4949,-0.7,116,69,141,1,70
1263,NV,89012,Discover,3448,10011323,10,0.2060,-1.58,138,23,1,1,2520
1264,OK,73533,Discover,1613,03013460,3,0.4317,-0.84,113,1,19,1,292
1265,TX,77598,Discover,3255,02013809,2,0.7850,-0.24,120,27,24,2,1740
1266,CA,93033,Bank_Of_Am,1814,01019426,1,0.0557,-2.89,134,72,7,1,100
1267,TX,76087,Chase_Rev,3966,10011616,10,0.5118,-0.67,138,79,75,6,75
1268,NJ,07067,Discover,1869,02013710,2,0.9671,-0.03,114,43,70,2,772
1269,LA,70805,Discover,1828,04013072,4,0.2557,-1.36,130,14,39,1,682
1270,AZ,85552,Discover,1794,01019056,1,0.5559,-0.59,123,60,3,1,28
1271,TX,75062,Wells,3029,01018074,1,0.6973,-0.36,115,61,90,1,45
1272,NC,28216,Chase_Rev,3429,02014149,2,0.4904,-0.71,121,3,178,4,1831
1273,CA,96021,Wells,10466,10011702,10,0.2779,-1.28,109,13,7,2,1578
1274,CA,95119,Wells_FIB,2975,06012557,6,0.4747,-0.75,76,59,37,2,1798
1275,FL,33181,Discover,3738,05012811,5,0.1922,-1.65,124,39,14,3,430
1276,MA,02176,Discover,4507,02014749,2,0.8988,-0.11,122,70,44,3,2400
1277,KS,66202,Discover,1689,02014708,2,0.4138,-0.88,118,85,59,2,406
1278,TX,79007,Discover,2301,10011763,10,0.7815,-0.25,125,84,88,3,1550
1279,WA,98498,Wells,1695,04013022,4,0.0175,-4.05,122,40,48,1,1490
1280,WA,99324,Discover,6335,10920281,10,0.4862,-0.72,131,53,7,3,1730
1281,GA,30058,Associates,1070,07012410,7,0.2044,-1.59,146,25,63,13,438
1282,CA,92503,Bank_Of_Am,2907,01017660,1,0.9065,-0.1,82,10,64,4,58
1283,CA,95066,Wells,1737,02014280,2,0.8141,-0.21,148,7,12,1,100
1284,CA,92324,Bank_Of_Am,2695,05012810,5,0.7932,-0.23,130,40,30,5,25
1285,FL,33162,Chase_Bony,5412,06012604,6,0.3411,-1.08,109,89,35,2,150
1286,TN,37203,Discover,2874,01015738,1,0.7371,-0.31,110,63,17,1,400
1287,CT,06108,Bank_Of_Am,2950,01016695,1,0.8970,-0.11,117,95,35,2,988
1288,CA,90280,Bank_Of_Am,8895,01018697,1,0.7912,-0.23,111,31,22,5,600
1289,GA,30067,Discover,1904,03013302,3,0.1601,-1.83,102,28,211,2,1100
1290,NJ,08104,Associates,4428,01019396,1,0.1075,-2.23,134,21,72,1,1657
1291,CA,94205,Wells,1142,04013195,4,0.3049,-1.19,130,37,38,8,290
1292,CA,94062,Discover,2373,04013100,4,0.7942,-0.23,111,94,263,2,1155
1293,KY,40229,Discover,4165,02014570,2,0.1608,-1.83,98,87,58,2,2234
1294,VA,23148,Wells,1430,05012986,5,0.8153,-0.2,123,6,37,4,245
1295,CA,95667,Associates,2979,04013225,4,0.0515,-2.97,140,61,45,1,509
1296,LA,70122,Discover,2907,05012874,5,0.5612,-0.58,125,22,40,2,524
1297,WY,82072,Wells,2446,04013288,4,0.6165,-0.48,135,51,82,1,390
1298,MI,48336,Discover,7618,08012144,8,0.7824,-0.25,131,8,87,1,208
1299,CA,90240,Bank_Of_Am,2670,06012591,6,0.5648,-0.57,110,9,27,2,56
1300,FL,33675,Associates,1381,05012818,5,0.7582,-0.28,113,96,31,1,581
1301,MD,21212,Wells,4201,02013978,2,0.2978,-1.21,115,96,472,1,520
1302,OR,97233,Discover,2259,03013434,3,0.4998,-0.69,109,53,71,1,595
1303,OR,97401,Wells_FIB,1503,02013798,2,0.9165,-0.09,147,5,75,3,710
1304,MN,55106,Discover,3666,01016811,1,0.0857,-2.46,126,29,49,7,45
1305,VA,23185,Wells,1534,02014231,2,0.5977,-0.51,122,96,177,7,725
1306,CO,81004,Chase_Rev,2305,03013303,3,0.2564,-1.36,119,80,13,1,90
1307,MO,63123,Discover,4194,06012629,6,0.0853,-2.46,128,44,114,1,1514
1308,NY,14224,Discover,2275,06012565,6,0.3860,-0.95,136,24,78,4,2522
1309,NH,03276,Associates,1247,04013211,4,0.8552,-0.16,144,54,147,1,55
1310,CA,92701,Wells,2826,05012815,5,0.7507,-0.29,140,30,102,3,290
1311,IL,60618,Associates,329,02013699,2,0.6028,-0.51,141,36,27,2,417
1312,DC,20026,Bank_Of_Am,1902,03013608,3,0.5265,-0.64,145,43,151,1,250
1313,PA,15425,Discover,3997,06012667,6,0.0386,-3.25,125,33,79,5,1540
1314,TX,76105,Discover,5539,10011457,10,0.9271,-0.08,131,51,52,1,628
1315,TX,75142,Chase,1679,08012151,8,0.2301,-1.47,97,98,184,12,150
1316,NY,11219,Discover,3699,01016890,1,0.2122,-1.55,111,8,41,1,510
1317,NJ,08105,Discover,1882,01017106,1,0.4157,-0.88,134,15,33,1,50
1318,FL,33033,Associates,491,01019130,1,0.5155,-0.66,136,79,65,3,17
1319,ID,83713,Associates,3069,02925228,2,0.8025,-0.22,101,24,137,4,150
1320,MO,64151,Associates,791,08000000,8,0.9375,-0.06,134,43,112,2,17
1321,TX,77550,Chase_Rev,6127,02013894,2,0.8846,-0.12,94,57,116,3,20
1322,CA,90808,Wells,1095,08000000,8,0.8078,-0.21,125,77,65,11,300
1323,MA,02139,Wells,1171,04013066,4,0.7332,-0.31,127,93,103,3,60
1324,CA,92346,Wells,4747,01019263,1,0.6869,-0.38,100,60,50,3,1972
1325,CA,90011,Bank_Of_Am,942,01019329,1,0.2538,-1.37,128,36,102,3,100
1326,NC,28462,Wells,1421,02014118,2,0.8583,-0.15,104,20,80,8,1606
1327,CA,91104,Wells,1286,07012551,7,0.7780,-0.25,125,8,114,1,102
1328,MI,48911,Discover,3405,01927286,1,0.3450,-1.06,112,20,129,6,800
1329,MA,02465,Chase_Rev,5835,06012587,6,0.2768,-1.28,127,41,62,8,200
1330,TX,79503,Associates,1134,10011745,10,0.4245,-0.86,127,35,91,2,50
1331,CA,92705,Wells,922,03013319,3,0.4992,-0.69,88,29,37,3,350
1332,AL,36572,Discover,2498,02013807,2,0.2046,-1.59,105,82,5,1,1142
1333,AZ,85302,Wells,1460,06012715,6,0.0677,-2.69,135,56,79,1,60
1334,IA,52057,Bank_Of_Am,2862,09012041,9,0.3274,-1.12,120,10,1,1,240
1335,CA,93955,Chase,4115,07012422,7,0.4832,-0.73,120,67,22,4,94
1336,VA,22192,Discover,1670,03013672,3,0.6706,-0.4,110,88,66,1,1217
1337,TX,77485,Bank_Of_Am,4399,10011732,10,0.6895,-0.37,106,70,46,11,400
1338,TX,75241,Chase,4211,09011891,9,0.4348,-0.83,88,31,203,2,47
1339,CA,90003,Bank_Of_Am,7604,10010151,10,0.9867,-0.01,102,36,57,3,8398
1340,AZ,85301,Chase,4067,08012184,8,0.0958,-2.35,129,8,90,4,989
1341,VA,23703,Associates,1078,07012484,7,0.0553,-2.89,85,98,179,1,30
1342,CA,92225,Associates,874,08000000,8,0.8393,-0.18,140,51,7,1,17
1343,NM,87111,Wells_FIB,7768,09011957,9,0.1377,-1.98,128,86,81,6,173
1344,MI,48116,Bank_Of_Am,6930,07012539,7,0.9211,-0.08,118,3,40,1,4001
1345,NY,13205,Wells,2841,01016712,1,0.4216,-0.86,115,64,227,4,620
1346,CA,90006,Bank_Of_Am,4973,09012111,9,0.9455,-0.06,112,64,35,6,25
1347,CA,95690,Wells,1217,07012514,7,0.2578,-1.36,108,38,359,1,100
1348,CA,92226,Bank_Of_Am,2232,10011792,10,0.3621,-1.02,121,94,20,3,475
1349,CA,91911,Bank_Of_Am,1735,02014482,2,0.0692,-2.67,87,53,86,5,1185
1350,LA,71111,Discover,2327,03013576,3,0.4259,-0.85,135,1,34,1,900
1351,MS,38676,Associates,2388,10011858,10,0.2480,-1.39,116,93,127,1,50
1352,WA,98038,Wells,1408,06012572,6,0.4801,-0.73,118,93,117,4,171
1353,NM,88101,Associates,2433,09012102,9,0.1816,-1.71,126,71,84,1,212
1354,NC,27974,Discover,3038,02013989,2,0.3201,-1.14,114,86,490,2,1335
1355,ME,04496,Discover,791,02013897,2,0.4418,-0.82,115,18,91,1,64
1356,VA,23462,Wells,1279,04013051,4,0.4978,-0.7,117,18,116,2,182
1357,MD,20853,Discover,1769,03013446,3,0.1479,-1.91,146,5,141,1,450
1358,NY,11692,Wells,2729,01016164,1,0.7406,-0.3,130,90,59,6,180
1359,LA,71272,Discover,1654,01016057,1,0.2648,-1.33,121,43,45,2,700
1360,NC,28704,Associates,2567,02014020,2,0.0130,-4.34,122,60,155,2,310
1361,CA,94080,Wells,1439,09012129,9,0.6930,-0.37,113,1,11,6,900
1362,PA,19131,Discover,5844,01019279,1,0.1063,-2.24,128,53,214,8,983
1363,TX,75240,Associates,1868,10011812,10,0.4723,-0.75,115,39,105,3,75
1364,SC,29512,Discover,1660,03013488,3,0.6391,-0.45,101,58,19,9,525
1365,TN,37122,Discover,3002,02014377,2,0.5506,-0.6,92,94,133,1,1260
1366,IN,46110,Discover,3552,03013292,3,0.0332,-3.4,134,69,53,12,1973
1367,CA,95380,Chase_Rev,6174,09011983,9,0.0695,-2.67,125,45,3,1,41
1368,SC,29440,Discover,1471,08000000,8,0.0631,-2.76,129,51,146,7,240
1369,IL,60053,Associates,7854,05012904,5,0.3926,-0.93,119,70,117,1,117
1370,NC,27371,Chase,6712,03013362,3,0.4763,-0.74,104,99,16,1,700
1371,IN,47993,Chase,1793,02013745,2,0.9301,-0.07,120,16,61,1,762
1372,CA,92886,Bank_Of_Am,779,01018720,1,0.3781,-0.97,103,42,73,5,1200
1373,NC,27703,Associates,3447,02013951,2,0.3347,-1.09,132,65,418,1,25
1374,KY,40475,Discover,1434,05922584,5,0.5892,-0.53,134,84,81,6,933
1375,MD,21213,Wells,2300,03013414,3,0.2467,-1.4,123,70,88,1,1364
1376,NY,11414,Chase,9402,07012401,7,0.2374,-1.44,142,75,40,2,3210
1377,OH,43608,Wells,1685,03013515,3,0.9232,-0.08,90,54,177,12,406
1378,TX,78220,Chase,8950,10011136,10,0.6656,-0.41,114,58,38,1,137
1379,NJ,07307,Discover,3377,04013223,4,0.3619,-1.02,108,8,45,1,4276
1380,CA,90201,Wells,2688,05012838,5,0.0587,-2.83,110,82,89,3,889
1381,NM,87123,Discover,1524,06012708,6,0.0094,-4.66,116,32,82,2,1150
1382,NY,11234,Wells,4215,02014555,2,0.4094,-0.89,104,76,31,10,1005
1383,MD,21244,Discover,1472,06012609,6,0.2828,-1.26,145,63,731,1,419
1384,CA,95758,Wells,1099,05012826,5,0.2799,-1.27,124,81,68,2,36
1385,MA,02131,Discover,7659,10011175,10,0.6056,-0.5,126,18,2,2,250
1386,VA,22301,Associates,1657,02014488,2,0.0846,-2.47,138,54,90,1,703
1387,MA,02130,Discover,6237,04013087,4,0.6966,-0.36,95,8,71,3,1065
1388,NY,12205,Chase,3226,05012977,5,0.3794,-0.97,109,9,1,1,2165
1389,FL,33884,Chase,669,02014268,2,0.8719,-0.14,138,83,7,1,183
1390,MI,48227,Discover,2210,03013483,3,0.8106,-0.21,135,64,33,8,305
1391,IA,52327,Associates,2506,09011946,9,0.8567,-0.15,149,51,3,1,309
1392,TN,38118,Discover,8130,01015585,1,0.5732,-0.56,132,64,53,2,1045
1393,CA,92113,Bank_Of_Am,2200,07012377,7,0.6170,-0.48,94,28,11,5,1634
1394,FL,32708,Chase_Rev,9224,07012405,7,0.1430,-1.94,144,38,140,2,375
1395,CA,95521,Bank_Of_Am,1787,05922780,5,0.6996,-0.36,143,63,24,4,850
1396,IL,60521,Discover,1735,05012993,5,0.8710,-0.14,116,7,6,1,236
1397,TX,77356,Discover,4604,04013205,4,0.0615,-2.79,122,92,58,1,293
1398,AK,99803,Bank_Of_Am,4081,01927891,1,0.4910,-0.71,133,37,28,5,330
1399,AZ,85704,Associates,1305,08012193,8,0.1087,-2.22,130,96,114,1,100
1400,CA,90241,Bank_Of_Am,1100,09011986,9,0.6093,-0.5,113,33,44,1,837
1401,KY,42303,Discover,2121,04013150,4,0.7338,-0.31,125,65,29,1,2939
1402,TX,77662,Chase_Rev,6377,10011368,10,0.9699,-0.03,134,52,82,1,1462
1403,OH,43611,Discover,7673,08012233,8,0.5357,-0.62,148,51,92,12,165
1404,NY,12816,Chase_Rev,8057,07012393,7,0.1239,-2.09,115,97,7,1,450
1405,CA,95127,Wells,1420,06012610,6,0.8006,-0.22,114,32,7,2,1172
1406,SC,29020,Wells,4751,06012711,6,0.3740,-0.98,102,73,5,2,1377
1407,CA,92173,Wells,1559,04013171,4,0.5940,-0.52,130,49,115,6,1260
1408,NJ,07663,Discover,1266,05012868,5,0.0478,-3.04,146,22,92,9,802
1409,FL,33823,Associates,997,05012943,5,0.5095,-0.67,115,88,137,7,35
1410,MO,65616,Discover,2643,01015455,1,0.3466,-1.06,103,22,181,9,375
1411,CA,90046,Bank_Of_Am,1459,05012823,5,0.3212,-1.14,108,13,97,4,1386
1412,NY,10467,Discover,1804,02013952,2,0.1976,-1.62,129,37,29,5,1475
1413,OK,74464,Discover,1391,05922727,5,0.0744,-2.6,137,70,118,1,1200
1414,MO,63869,Discover,8253,01015789,1,0.9052,-0.1,112,55,70,2,378
1415,MO,63042,Bank_Of_Am,952,01016655,1,0.3161,-1.15,140,52,63,7,104
1416,TX,78550,Associates,3457,10011417,10,0.4333,-0.84,141,46,38,2,1240
1417,NY,14215,Wells,2511,04013151,4,0.1432,-1.94,119,12,89,1,3117
1418,SC,29640,Discover,679,03013468,3,0.6305,-0.46,114,30,35,2,322
1419,PA,15701,Chase,2960,03013340,3,0.3204,-1.14,95,85,64,1,932
1420,WI,53223,Chase_Bony,7422,09011893,9,0.8273,-0.19,122,13,34,17,200
1421,MO,63137,Associates,1176,03013442,3,0.6362,-0.45,130,75,242,2,400
1422,CA,94010,Bank_Of_Am,294,04923084,4,0.5438,-0.61,119,42,53,2,30
1423,CA,90680,Associates,5340,01019184,1,0.1685,-1.78,115,55,182,2,739
1424,PA,19104,Discover,2667,04013009,4,0.4260,-0.85,139,86,92,9,820
1425,CO,81324,Chase,2753,02013758,2,0.9016,-0.1,95,89,49,1,3855
1426,FL,32618,Wells,2737,03013468,3,0.6025,-0.51,122,57,49,12,50
1427,CA,91766,Wells,1676,01019591,1,0.1267,-2.07,86,72,151,1,100
1428,CA,91709,Bank_Of_Am,1882,01016198,1,0.5776,-0.55,139,50,96,3,1234
1429,FL,32333,Bank_Of_Am,977,02013926,2,0.2760,-1.29,136,62,213,4,1082
1430,CA,94710,Bank_Of_Am,2079,03013291,3,0.4202,-0.87,128,62,43,2,465
1431,VA,23692,Chase_Bony,5648,07012384,7,0.1949,-1.64,134,75,34,1,50
1432,TN,37604,Discover,2355,03013618,3,0.7027,-0.35,122,41,89,3,2559
1433,HI,96768,Bank_Of_Am,1519,03013678,3,0.1496,-1.9,133,30,141,4,390
1434,GA,31606,Bank_Of_Am,2239,01019525,1,0.6795,-0.39,131,10,97,4,491
1435,TX,75010,Chase,1424,09012063,9,0.1985,-1.62,126,55,14,1,703
1436,CA,93446,Wells,3369,03013466,3,0.4857,-0.72,110,25,75,8,414
1437,OH,44260,Discover,3022,04013143,4,0.3454,-1.06,115,29,75,2,3975
1438,CA,92108,Discover,1683,03013437,3,0.4763,-0.74,98,16,117,2,729
1439,CA,94590,Wells,2612,06922556,6,0.5317,-0.63,116,97,69,1,1080
1440,OK,73402,Chase,1509,02014080,2,0.1829,-1.7,117,69,80,2,100
1441,CA,90731,Discover,4791,09011975,9,0.3948,-0.93,135,49,170,5,185
1442,KY,40118,Associates,3617,04013129,4,0.6736,-0.4,144,42,38,1,984
1443,SD,57350,Associates,4088,10011426,10,0.0962,-2.34,144,32,6,4,760
1444,TX,77406,Associates,3365,10010148,10,0.7965,-0.23,123,37,144,1,440
1445,CA,93555,Bank_Of_Am,1771,07012361,7,0.3958,-0.93,115,53,1,1,614
1446,KY,40404,Discover,1542,03013518,3,0.3039,-1.19,147,27,21,3,270
1447,MD,20744,Discover,2092,04013234,4,0.2455,-1.4,115,80,70,3,592
1448,LA,70763,Discover,1975,02014467,2,0.6404,-0.45,124,19,39,2,740
1449,AL,36801,Discover,3348,04013072,4,0.5409,-0.61,122,92,167,1,880
1450,MO,65459,Discover,7403,05012999,5,0.9611,-0.04,99,87,139,3,260
1451,MI,48158,Discover,3929,01016806,1,0.2069,-1.58,119,89,147,2,600
1452,NY,11226,Chase,2199,03013589,3,0.5123,-0.67,79,68,48,7,925
1453,NY,11373,Discover,1978,01019629,1,0.8574,-0.15,102,42,52,1,2018
1454,VA,23704,Discover,6337,06012560,6,0.8770,-0.13,91,99,94,1,75
1455,NV,89429,Wells,3444,10011822,10,0.4224,-0.86,108,18,64,3,300
1456,VA,22079,Discover,2673,02014025,2,0.4103,-0.89,107,67,102,2,2810
1457,IN,46241,Associates,3772,06012688,6,0.5136,-0.67,125,3,28,4,1620
1458,IL,60638,Discover,4828,10011843,10,0.2508,-1.38,142,78,26,6,1650
1459,NY,10462,Discover,8270,09012057,9,0.0930,-2.38,147,59,17,1,400
1460,GA,30013,Bank_Of_Am,4477,01019277,1,0.8825,-0.12,99,56,79,3,131
1461,NJ,08837,Chase,941,03013403,3,0.5757,-0.55,105,26,54,2,550
1462,ID,83332,Bank_Of_Am,4721,09011971,9,0.7345,-0.31,142,62,24,4,410
1463,AR,72364,Wells,3599,02014071,2,0.3961,-0.93,129,40,50,12,260
1464,TN,37601,Bank_Of_Am,5796,06922254,6,0.2650,-1.33,107,77,116,2,120
1465,MI,49686,Associates,537,02013738,2,0.5023,-0.69,134,12,13,1,541
1466,MS,39095,Chase,508,02013966,2,0.4347,-0.83,110,52,119,1,325
1467,FL,33304,Bank_Of_Am,2763,01015768,1,0.4413,-0.82,141,77,229,1,586
1468,CA,95240,Wells,1999,03013409,3,0.3357,-1.09,108,48,69,1,620
1469,OH,44266,Discover,1524,02014318,2,0.7086,-0.34,111,7,126,1,230
1470,NY,13029,Discover,1472,05012860,5,0.9782,-0.02,133,81,24,1,1040
1471,MI,49038,Discover,2290,03013336,3,0.1820,-1.7,142,16,68,6,466
1472,FL,33569,Associates,847,08000000,8,0.2194,-1.52,131,82,50,1,100
1473,AZ,85714,Discover,2326,05012880,5,0.9219,-0.08,122,10,48,1,303
1474,CA,92027,Wells,1692,04013015,4,0.4265,-0.85,101,53,82,5,612
1475,CA,91941,Bank_Of_Am,992,06012715,6,0.2722,-1.3,122,92,62,1,812
1476,NJ,08046,Discover,1918,01014830,1,0.4407,-0.82,134,80,70,1,240
1477,CA,94110,Wells_FIB,4330,01014785,1,0.8731,-0.14,112,83,113,2,800
1478,KS,66725,Discover,5578,07012388,7,0.8084,-0.21,135,74,11,2,450
1479,CA,95660,Wells,1866,02014750,2,0.8644,-0.15,125,92,3,1,140
1480,VA,20109,Discover,4196,08012320,8,0.8227,-0.2,139,90,12,2,1925
1481,MD,21842,Discover,5794,02014483,2,0.5819,-0.54,133,52,39,4,100
1482,CA,94530,Bank_Of_Am,10733,10011858,10,0.5709,-0.56,139,77,3,1,474
1483,MI,49783,Chase,2878,08000000,8,0.8774,-0.13,125,82,23,1,464
1484,WA,98240,Associates,1990,08012299,8,0.8027,-0.22,99,70,4,1,1380
1485,NY,11203,Discover,7415,08012274,8,0.8909,-0.12,130,67,51,4,350
1486,MI,48051,Bank_Of_Am,580,01019500,1,0.9699,-0.03,149,84,58,7,60
1487,FL,33463,Bank_Of_Am,1146,05012865,5,0.3313,-1.1,106,27,95,6,200
1488,CA,91911,Bank_Of_Am,5062,08012215,8,0.5252,-0.64,97,58,126,1,25
1489,MD,21613,Discover,2267,01015415,1,0.7971,-0.23,134,31,102,1,60
1490,NJ,08046,Discover,2640,03013533,3,0.4032,-0.91,119,82,10,4,2335
1491,TN,37010,Associates,1528,02013772,2,0.6907,-0.37,137,7,66,1,593
1492,WA,98055,Bank_Of_Am,1623,07012475,7,0.5774,-0.55,126,59,22,2,255
1493,TX,78724,Chase,2111,09011935,9,0.7915,-0.23,147,57,51,4,312
1494,TN,38115,Chase,3187,05012913,5,0.4985,-0.7,111,87,36,13,390
1495,WA,98503,Discover,1351,02924594,2,0.0724,-2.63,131,73,104,3,25
1496,NM,87511,Chase,1237,04013046,4,0.5088,-0.68,116,70,16,2,24
1497,KY,42038,Discover,1681,04013093,4,0.7546,-0.28,137,1,15,1,1085
1498,AL,35901,Discover,1949,02014539,2,0.9052,-0.1,106,26,36,12,375
1499,AR,72301,Discover,3379,02013832,2,0.6652,-0.41,100,95,71,7,1191
1500,PA,19023,Discover,3325,05012968,5,0.9308,-0.07,121,1,202,3,174
1501,NJ,08043,Associates,7160,01015084,1,0.8475,-0.17,124,29,135,1,3110
1502,NY,12123,Wells,1827,03013622,3,0.7828,-0.24,80,51,10,2,2678
1503,FL,33030,Associates,3126,05012890,5,0.0778,-2.55,91,6,139,3,193
1504,CA,93102,Discover,1926,08012255,8,0.2625,-1.34,110,27,15,1,87
1505,CA,91103,Bank_Of_Am,2088,01019493,1,0.8069,-0.21,139,68,125,5,2205
1506,CA,95376,Wells,2071,03924240,3,0.6331,-0.46,78,32,44,6,1559
1507,NY,11236,Discover,1483,06012760,6,0.0291,-3.54,123,30,193,3,30
1508,IL,62220,Discover,5684,01016470,1,0.5903,-0.53,118,63,123,2,2165
1509,WA,98225,Bank_Of_Am,2344,06012604,6,0.8065,-0.22,128,37,37,1,495
1510,FL,34209,Associates,2007,02013795,2,0.6471,-0.44,128,19,32,1,220
1511,MN,55109,Bank_Of_Am,2850,05012818,5,0.8721,-0.14,129,91,3,1,620
1512,WA,98682,Wells,2063,01016601,1,0.4973,-0.7,123,41,119,22,2089
1513,FL,32221,Bank_Of_Am,940,03013357,3,0.7340,-0.31,108,1,22,5,876
1514,TX,79015,Discover,7240,10011217,10,0.1414,-1.96,123,14,139,5,430
1515,TN,37922,Discover,3226,03013318,3,0.2626,-1.34,128,8,108,1,138
1516,CA,94589,Wells,1608,03013420,3,0.0771,-2.56,148,66,64,1,700
1517,PA,15018,Discover,2317,01015959,1,0.1984,-1.62,111,17,49,10,645
1518,FL,33186,Bank_Of_Am,2999,04013146,4,0.5978,-0.51,137,97,505,1,750
1519,TX,75161,Associates,6299,05922650,5,0.6999,-0.36,133,67,206,6,650
1520,CA,91732,Wells,6806,01015526,1,0.5786,-0.55,147,57,17,8,50
1521,CA,90731,Bank_Of_Am,996,05922788,5,0.7471,-0.29,102,17,83,10,749
1522,SD,57625,Associates,5323,10011748,10,0.9740,-0.03,117,1,316,6,50
1523,CA,95954,Chase,2808,04013114,4,0.0125,-4.38,118,23,68,2,2141
1524,TX,77071,Chase,2238,10011867,10,0.9802,-0.02,120,42,23,1,70
1525,DC,20002,Associates,2586,08012314,8,0.1626,-1.82,101,39,141,3,625
1526,KY,40508,Associates,4193,10010171,10,0.9014,-0.1,138,9,483,1,750
1527,FL,33615,Bank_Of_Am,1694,02013781,2,0.4908,-0.71,121,68,20,3,1042
1528,CA,95928,Bank_Of_Am,284,08012257,8,0.7563,-0.28,115,63,50,9,150
1529,NJ,07203,Chase_Bony,1527,06922369,6,0.2141,-1.54,116,70,251,1,955
1530,CA,95336,Wells_FIB,6377,01015238,1,0.4525,-0.79,117,34,36,1,50
1531,WA,98632,Associates,7073,03013600,3,0.2860,-1.25,143,35,55,1,1796
1532,MD,20774,Discover,2734,02013947,2,0.2364,-1.44,127,34,125,3,250
1533,MD,20784,Discover,1159,01014840,1,0.9713,-0.03,117,13,28,2,130
1534,IL,60438,Chase_Rev,4335,05012781,5,0.8616,-0.15,137,4,73,1,400
1535,LA,70127,Wells,2916,01015550,1,0.8019,-0.22,137,87,11,2,672
1536,OR,97330,Wells,12016,06012677,6,0.5229,-0.65,114,90,88,5,1797
1537,KY,40146,Bank_Of_Am,1835,01019510,1,0.5794,-0.55,103,89,50,3,1834
1538,IN,46350,Discover,5791,08012162,8,0.3842,-0.96,117,89,82,18,435
1539,MO,64873,Chase_Rev,2017,01015107,1,0.4182,-0.87,113,80,63,2,157
1540,MO,63121,Discover,4679,06012682,6,0.3634,-1.01,140,74,337,1,150
1541,TX,78501,Associates,1870,10011388,10,0.0716,-2.64,132,72,61,2,280
1542,IL,60612,Discover,1562,01014994,1,0.2102,-1.56,141,15,54,4,65
1543,WA,98626,Bank_Of_Am,911,01016251,1,0.5277,-0.64,116,12,108,1,140
1544,TX,79714,Discover,2446,05012916,5,0.2961,-1.22,123,47,32,3,1675
1545,PA,15133,Discover,2471,05012827,5,0.8381,-0.18,124,96,97,2,666
1546,MO,65026,Associates,1226,03013321,3,0.7047,-0.35,130,25,85,2,1075
1547,NY,11420,Discover,2393,01015452,1,0.1994,-1.61,148,12,85,2,50
1548,CA,92113,Wells,1753,02014644,2,0.2490,-1.39,123,66,6,1,520
1549,TX,77506,Associates,8659,10011168,10,0.5535,-0.59,85,78,90,5,155
1550,OR,97330,Bank_Of_Am,1132,05922973,5,0.3525,-1.04,131,62,44,1,300
1551,WV,26505,Chase,4040,03923810,3,0.9372,-0.06,123,15,108,4,620
1552,CA,91321,Wells,481,03013547,3,0.9839,-0.02,129,13,36,2,162
1553,CA,92630,Bank_Of_Am,735,05012914,5,0.0893,-2.42,97,42,65,1,625
1554,NJ,07728,Chase_Rev,2905,03013450,3,0.4628,-0.77,126,35,84,1,1040
1555,IL,62441,Associates,2094,03013469,3,0.2191,-1.52,113,53,33,3,53
1556,TN,37042,Chase,2878,05012982,5,0.4735,-0.75,141,93,149,1,2066
1557,MI,49509,Bank_Of_Am,3980,02013749,2,0.1432,-1.94,110,8,75,1,50
1558,CA,95334,Wells,2098,05012967,5,0.1501,-1.9,110,22,53,4,1031
1559,NC,27534,Chase_Rev,7547,02925487,2,0.2480,-1.39,117,52,26,5,1040
1560,IN,46544,Bank_Of_Am,4146,05012905,5,0.0528,-2.94,115,70,79,2,1680
1561,CA,93454,Wells,1086,06012626,6,0.6544,-0.42,136,4,64,1,200
1562,NV,89102,Bank_Of_Am,2113,07012552,7,0.9355,-0.07,134,41,86,1,150
1563,GA,30092,Discover,3943,03013487,3,0.1079,-2.23,138,17,54,1,1500
1564,CA,90803,Chase,1458,06012644,6,0.0894,-2.42,117,24,187,3,600
1565,LA,71201,Bank_Of_Am,3000,05012826,5,0.3723,-0.99,118,21,19,1,382
1566,TX,75248,Discover,4116,10011715,10,0.6696,-0.4,106,98,17,1,1953
1567,MI,48386,Discover,2047,04013141,4,0.1175,-2.14,105,7,49,4,626
1568,IN,47025,Discover,718,03013563,3,0.7965,-0.23,114,3,95,2,25
1569,NY,11221,Discover,882,04013189,4,0.7004,-0.36,146,47,142,3,82
1570,CA,91303,Wells,2592,01015276,1,0.9406,-0.06,147,77,101,3,575
1571,FL,33801,Chase,2592,03013308,3,0.5629,-0.57,128,71,17,6,550
1572,CA,91401,Bank_Of_Am,2511,06012638,6,0.0259,-3.65,130,37,63,2,1305
1573,MN,55321,Chase_Rev,2022,03013348,3,0.0316,-3.46,132,12,31,1,423
1574,NY,11210,Discover,2389,02014754,2,0.0217,-3.83,129,65,162,8,1612
1575,TX,79007,Discover,2340,10011681,10,0.3606,-1.02,118,61,23,5,633
1576,OH,45631,Discover,2621,01017225,1,0.9050,-0.1,129,92,116,5,100
1577,CA,91790,Wells_FIB,2548,02014672,2,0.8395,-0.17,118,1,66,4,502
1578,GA,31635,Chase,2250,05012959,5,0.7991,-0.22,142,73,102,5,236
1579,CA,90250,Bank_Of_Am,933,05012777,5,0.5779,-0.55,104,60,87,2,88
1580,TN,37075,Chase,6152,06012588,6,0.2252,-1.49,102,43,47,1,420
1581,CA,90639,Wells,1588,04013037,4,0.7967,-0.23,115,6,63,2,70
1582,TX,78723,Chase,1344,08012259,8,0.4958,-0.7,136,65,15,1,201
1583,AZ,85225,Discover,3102,02014533,2,0.8825,-0.13,98,80,14,2,2125
1584,FL,32218,Chase,8249,08012232,8,0.0215,-3.84,110,55,1,1,172
1585,TX,76132,Associates,4168,10011516,10,0.8853,-0.12,101,40,199,1,46
1586,AZ,85283,Wells,1287,06012745,6,0.1502,-1.9,123,57,37,1,200
1587,CA,94124,Wells,10643,08012196,8,0.4226,-0.86,121,46,115,1,309
1588,AZ,85007,Bank_Of_Am,286,06012716,6,0.1211,-2.11,140,61,50,2,395
1589,AL,35401,Chase,1983,02014323,2,0.5455,-0.61,133,54,56,2,550
1590,PA,17110,Discover,6063,07012380,7,0.7486,-0.29,132,61,80,4,50
1591,FL,33629,Chase_Bony,2474,05012890,5,0.7757,-0.25,110,79,103,4,1000
1592,FL,34217,Chase,1502,02014024,2,0.2605,-1.34,140,61,86,4,69
1593,TX,75240,Wells,2804,10011729,10,0.3987,-0.92,131,21,13,1,113
1594,PA,19602,Discover,1600,03013305,3,0.1954,-1.63,129,98,217,6,1255
1595,MO,64138,Wells,6443,02014025,2,0.1683,-1.78,102,92,15,7,100
1596,OH,44515,Discover,1133,04013098,4,0.4372,-0.83,123,73,110,7,595
1597,NM,87327,Bank_Of_Am,1629,06012667,6,0.9628,-0.04,87,62,157,3,550
1598,NC,27105,Wells,2485,02014370,2,0.1619,-1.82,109,13,61,10,90
1599,CA,94587,Wells,1171,01016165,1,0.9470,-0.05,96,2,68,2,175
1600,TX,75002,Discover,3974,02014636,2,0.2171,-1.53,134,32,15,4,636
1601,MA,02302,Discover,1973,01016377,1,0.9445,-0.06,129,94,77,5,170
1602,MA,01952,Discover,951,03013298,3,0.5472,-0.6,123,27,124,5,600
1603,HI,96792,Discover,900,01015453,1,0.0089,-4.72,121,10,104,1,39
1604,AR,72202,Discover,5816,10011804,10,0.6123,-0.49,141,79,13,1,50
1605,IN,47804,Discover,10707,09012003,9,0.1486,-1.91,122,37,36,8,100
1606,TN,37190,Discover,1744,03013412,3,0.2242,-1.5,130,56,157,1,580
1607,PA,17028,Bank_Of_Am,931,01019530,1,0.7588,-0.28,110,80,101,3,270
1608,WV,26241,Bank_Of_Am,2495,01015937,1,0.9030,-0.1,99,53,1,1,30
1609,SC,29115,Wells,3322,02014631,2,0.2459,-1.4,134,94,46,4,850
1610,FL,33183,Discover,2510,04013264,4,0.0427,-3.15,111,41,100,1,360
1611,CA,95407,Bank_Of_Am,5972,01018115,1,0.3800,-0.97,83,13,71,5,170
1612,OR,97224,Discover,7413,04923557,4,0.7466,-0.29,141,4,64,5,825
1613,LA,70538,Discover,1615,03013506,3,0.9504,-0.05,101,5,36,1,69
1614,CA,90241,Discover,2548,03013517,3,0.5404,-0.62,137,35,48,5,315
1615,MA,01086,Discover,7849,03013505,3,0.1060,-2.24,99,68,30,3,2600
1616,LA,70112,Associates,2122,02013873,2,0.5376,-0.62,115,58,38,9,665
1617,NH,03431,Discover,10266,10010164,10,0.3119,-1.17,113,5,13,7,100
1618,PA,19443,Wells,2493,03013411,3,0.4574,-0.78,106,29,138,4,110
1619,PA,15520,Discover,4955,01016342,1,0.9769,-0.02,98,19,25,7,1900
1620,WA,98126,Bank_Of_Am,585,10011859,10,0.0871,-2.44,101,48,47,7,610
1621,IL,60614,Discover,1989,03923769,3,0.6857,-0.38,107,63,25,3,1214
1622,OR,97405,Bank_Of_Am,1599,01016247,1,0.5226,-0.65,121,73,85,1,1400
1623,IL,62234,Wells,3577,01015837,1,0.7414,-0.3,119,36,95,1,300
1624,CA,92083,Wells,1366,07012376,7,0.7851,-0.24,109,90,75,2,45
1625,NY,10457,Associates,1144,05013002,5,0.9142,-0.09,123,57,69,8,100
1626,MI,49746,Discover,3014,01014945,1,0.5602,-0.58,120,52,61,5,200
1627,TX,79902,Bank_Of_Am,8258,01017822,1,0.9453,-0.06,131,21,3,1,725
1628,WA,98541,Wells,2826,05012856,5,0.1987,-1.62,118,7,47,1,925
1629,MD,21215,Bank_Of_Am,1380,01019334,1,0.2039,-1.59,140,99,3,1,272
1630,MI,48726,Associates,3949,01016487,1,0.1495,-1.9,88,51,116,6,350
1631,TX,77532,Chase_Bony,7587,06922557,6,0.3054,-1.19,113,51,127,2,225
1632,OH,43223,Discover,4279,06012738,6,0.5710,-0.56,94,6,86,1,25
1633,CA,94947,Wells,1039,04013055,4,0.6108,-0.49,146,14,56,7,43
1634,MI,48850,Associates,2622,08012296,8,0.0259,-3.65,120,69,44,2,878
1635,CA,92027,Bank_Of_Am,1322,06012631,6,0.7107,-0.34,99,52,16,1,241
1636,MO,65536,Discover,6882,10011681,10,0.1234,-2.09,127,98,46,3,975
1637,IL,62450,Bank_Of_Am,1629,01927333,1,0.4218,-0.86,134,90,11,4,2228
1638,CA,94928,Wells,1939,04013053,4,0.3726,-0.99,111,17,73,1,405
1639,TX,77084,Discover,1540,09011972,9,0.3149,-1.16,110,77,4,1,475
1640,FL,32208,Discover,1665,03013326,3,0.5724,-0.56,132,41,79,1,336
1641,SC,29405,Discover,1745,04013264,4,0.4973,-0.7,122,94,6,2,1195
1642,CA,90061,Wells,1109,08000000,8,0.5722,-0.56,106,70,24,3,90
1643,CA,91342,Wells_FIB,3189,06012766,6,0.7465,-0.29,130,48,35,1,600
1644,MI,49264,Wells,3381,01016189,1,0.4387,-0.82,134,67,51,4,600
1645,NY,14464,Wells,3512,04013077,4,0.7003,-0.36,92,22,69,1,25
1646,TX,77016,Discover,1700,08012154,8,0.0311,-3.47,130,52,63,1,29
1647,FL,33319,Discover,5957,07921853,7,0.6644,-0.41,142,62,49,1,155
1648,CA,94585,Bank_Of_Am,1447,04013210,4,0.0054,-5.22,133,17,100,11,1160
1649,MO,63130,Associates,1263,05012926,5,0.3801,-0.97,131,18,93,2,1022
1650,CA,95337,Wells,2324,05012775,5,0.6746,-0.39,135,99,22,6,125
1651,MA,02124,Bank_Of_Am,2443,02014067,2,0.5660,-0.57,111,89,75,3,225
1652,FL,32209,Discover,4895,02014665,2,0.2598,-1.35,87,57,24,1,229
1653,AK,99517,Bank_Of_Am,2419,02925281,2,0.3505,-1.05,110,30,34,5,1020
1654,PA,19103,Bank_Of_Am,10308,09011992,9,0.5368,-0.62,137,46,19,3,2800
1655,CA,92029,Bank_Of_Am,7792,01018957,1,0.8121,-0.21,115,34,3,2,1624
1656,MA,02474,Discover,2253,03013312,3,0.5648,-0.57,123,13,52,1,800
1657,LA,70529,Chase,2491,03013535,3,0.9799,-0.02,120,86,89,1,663
1658,FL,33846,Discover,1659,01019556,1,0.7113,-0.34,91,12,31,2,1350
1659,MT,59922,Wells_FIB,3700,10011675,10,0.0853,-2.46,98,79,2,2,675
1660,AZ,85251,Wells,4065,05012975,5,0.9687,-0.03,132,41,134,6,1925
1661,CA,96080,Bank_Of_Am,1510,06012734,6,0.4611,-0.77,133,32,2,1,1400
1662,TX,77076,Associates,1885,08012177,8,0.7584,-0.28,142,21,7,2,1784
1663,NC,27604,Chase,1867,07921890,7,0.3490,-1.05,146,81,75,1,555
1664,SC,29205,Bank_Of_Am,8172,07012378,7,0.5308,-0.63,101,47,103,8,4147
1665,NJ,08302,Chase,1589,02014133,2,0.2542,-1.37,123,98,64,1,85
1666,OK,73036,Associates,1387,05012873,5,0.7588,-0.28,127,88,94,2,30
1667,CA,92234,Associates,1103,01015211,1,0.6761,-0.39,115,99,67,2,292
1668,CA,95376,Wells,1463,01015919,1,0.1086,-2.22,116,18,371,2,592
1669,RI,02896,Chase,8864,02925212,2,0.1154,-2.16,112,42,201,3,2360
1670,CT,06437,Chase,9015,07921815,7,0.3099,-1.17,108,16,116,3,675
1671,DC,20019,Associates,1370,04013100,4,0.8321,-0.18,136,47,53,18,25
1672,TX,77511,Associates,3699,01014898,1,0.5792,-0.55,114,28,144,3,100
1673,MO,65705,Chase_Rev,1897,04013189,4,0.4117,-0.89,111,77,6,2,378
1674,CA,91780,Wells,1188,02014142,2,0.7639,-0.27,112,59,113,6,550
1675,IA,52403,Associates,1888,02014424,2,0.4093,-0.89,135,63,5,4,375
1676,CA,94110,Wells,1557,04013239,4,0.8145,-0.21,128,70,78,1,100
1677,KY,40517,Associates,7099,10011603,10,0.8092,-0.21,88,84,23,2,25
1678,MI,48412,Discover,3260,02013960,2,0.7195,-0.33,104,8,9,2,50
1679,NJ,07050,Discover,2694,06012689,6,0.4377,-0.83,103,54,29,1,486
1680,TX,75070,Associates,1003,07012438,7,0.3840,-0.96,125,28,148,1,800
1681,AZ,86004,Associates,818,09012008,9,0.7777,-0.25,101,53,21,1,33
1682,MI,48207,Chase,2987,08000000,8,0.0577,-2.85,110,48,242,1,120
1683,NC,28023,Discover,7007,04013051,4,0.6692,-0.4,139,70,86,2,350
1684,OH,43452,Chase_Rev,2640,04013193,4,0.2031,-1.59,113,51,20,1,30
1685,CA,94621,Chase_Rev,4348,09012095,9,0.1932,-1.64,127,26,99,6,25
1686,AZ,85016,Wells,1774,06012675,6,0.5192,-0.66,106,34,50,8,1011
1687,SC,29642,Associates,1472,09011911,9,0.5901,-0.53,109,96,55,8,120
1688,WI,53744,Associates,3599,04013213,4,0.1334,-2.01,99,21,23,2,320
1689,IL,60098,Discover,1473,03013638,3,0.1155,-2.16,105,17,47,2,389
1690,CO,80260,Discover,3346,04013106,4,0.4595,-0.78,126,4,55,1,50
1691,CA,95678,Wells,1393,09012100,9,0.3388,-1.08,124,46,60,3,35
1692,CA,91345,Discover,2497,01016073,1,0.0885,-2.42,139,32,123,3,999
1693,WA,98230,Bank_Of_Am,1221,04013066,4,0.3195,-1.14,128,75,152,3,500
1694,OH,45150,Bank_Of_Am,1699,02014048,2,0.3420,-1.07,144,42,298,1,214
1695,TX,77045,Wells,2430,09011884,9,0.4203,-0.87,102,35,124,2,50
1696,CO,80237,Discover,2129,03013625,3,0.1425,-1.95,138,44,10,7,1290
1697,GA,30094,Discover,5579,08012309,8,0.8832,-0.12,126,24,210,2,1310
1698,RI,02864,Discover,2919,04013253,4,0.4409,-0.82,110,88,63,2,950
1699,FL,33610,Associates,1563,02014268,2,0.3852,-0.95,105,36,54,5,750
1700,TX,77449,Discover,2168,10011522,10,0.0340,-3.38,118,52,36,1,423
1701,NY,11421,Chase_Rev,3180,04013088,4,0.9884,-0.01,139,49,33,1,1540
1702,WY,82501,Wells,2036,03013503,3,0.0206,-3.88,142,66,225,1,2368
1703,TX,78237,Discover,6642,10011044,10,0.8457,-0.17,119,67,80,1,117
1704,CA,94402,Wells,1127,05012854,5,0.0564,-2.88,114,39,91,3,637
1705,TX,78045,Associates,1204,06012562,6,0.9854,-0.01,129,40,65,3,218
1706,MA,02121,Discover,5719,07012410,7,0.0079,-4.85,133,58,481,2,5875
1707,MN,55436,Associates,1620,06012738,6,0.8871,-0.12,118,31,39,2,835
1708,CA,92337,Wells,2367,03013294,3,0.2565,-1.36,136,12,27,1,46
1709,TX,76308,Discover,2382,03013584,3,0.4481,-0.8,136,79,39,3,296
1710,FL,33410,Discover,2747,01016750,1,0.4884,-0.72,126,97,564,1,1428
1711,VA,24060,Wells,3859,03013672,3,0.1894,-1.66,86,15,2,1,169
1712,TX,79772,Chase,2268,09012129,9,0.5923,-0.52,116,99,180,8,200
1713,MD,21207,Discover,1581,02014696,2,0.1057,-2.25,133,8,244,4,504
1714,IL,60616,Discover,1977,03013318,3,0.7493,-0.29,128,77,22,2,180
1715,MN,55432,Discover,2692,01015058,1,0.0146,-4.22,121,4,48,1,220
1716,WI,53204,Bank_Of_Am,1788,02013752,2,0.3314,-1.1,143,43,90,1,508
1717,NH,03104,Discover,2380,03013601,3,0.8747,-0.13,104,83,144,1,53
1718,PA,19054,Discover,4778,06922206,6,0.4884,-0.72,145,11,85,1,60
1719,CA,95971,Discover,3405,09012096,9,0.4306,-0.84,113,68,122,7,150
1720,CA,94533,Wells,1804,04013193,4,0.7961,-0.23,117,36,4,2,2360
1721,FL,32428,Bank_Of_Am,5601,01015414,1,0.3965,-0.93,136,66,17,5,300
1722,CA,95589,Wells_FIB,15100,01017196,1,0.0269,-3.62,138,8,64,2,5494
1723,CA,92802,Wells,1524,03013400,3,0.1002,-2.3,127,43,31,1,1931
1724,IN,47150,Discover,1832,03013437,3,0.9367,-0.07,103,65,58,1,86
1725,OH,44107,Discover,675,02014157,2,0.0724,-2.63,130,2,95,4,105
1726,MO,63026,Chase,3754,06012743,6,0.3558,-1.03,117,50,78,3,550
1727,IA,52233,Discover,3951,09012114,9,0.4759,-0.74,132,8,39,6,100
1728,CA,94544,Chase,2936,05012948,5,0.2546,-1.37,98,84,10,4,275
1729,CA,92625,Bank_Of_Am,5525,07012434,7,0.4965,-0.7,125,90,11,1,1210
1730,CA,90006,Wells,1212,07012454,7,0.0623,-2.78,138,56,14,3,50
1731,TN,37062,Chase,2255,03013647,3,0.8439,-0.17,149,89,260,1,2639
1732,CA,93263,Bank_Of_Am,1470,05012883,5,0.5719,-0.56,135,48,20,5,276
1733,MA,02301,Discover,2269,05012990,5,0.4287,-0.85,133,29,287,6,380
1734,CA,91350,Bank_Of_Am,6686,01015707,1,0.8571,-0.15,143,65,75,12,137
1735,CA,92342,Bank_Of_Am,3887,07012421,7,0.6521,-0.43,131,4,67,1,102
1736,IL,62546,Associates,1522,03013439,3,0.2894,-1.24,125,49,12,5,990
1737,CA,91789,Wells,2578,08012302,8,0.8580,-0.15,140,90,38,2,850
1738,KY,40211,Bank_Of_Am,1143,03013453,3,0.3741,-0.98,129,33,195,6,50
1739,IL,60188,Chase_Rev,1539,03013450,3,0.3693,-1,111,57,73,7,300
1740,AL,35242,Chase,3898,04013116,4,0.0522,-2.95,118,48,44,1,3300
1741,NY,11105,Bank_Of_Am,2190,04013237,4,0.8351,-0.18,133,11,106,4,756
1742,CO,80221,Discover,2194,08000000,8,0.7265,-0.32,115,5,42,5,1014
1743,CA,91344,Discover,2723,02014583,2,0.2738,-1.3,135,12,72,11,475
1744,PA,19047,Discover,4753,02014226,2,0.2813,-1.27,116,58,132,2,2600
1745,MA,01085,Associates,4561,02014484,2,0.4906,-0.71,127,74,59,2,3650
1746,NJ,07060,Chase_Rev,2694,03013486,3,0.0870,-2.44,108,56,82,4,60
1747,TN,37757,Discover,4157,01016912,1,0.3607,-1.02,139,39,26,1,1971
1748,LA,71343,Chase_Rev,5973,03013323,3,0.4257,-0.85,76,55,68,2,8760
1749,TX,76092,Discover,6992,02014525,2,0.0253,-3.68,132,71,181,1,1300
1750,NY,13732,Associates,6002,07012421,7,0.1425,-1.95,95,27,225,2,73
1751,FL,33169,Chase,3282,05012926,5,0.9472,-0.05,140,44,26,7,799
1752,AZ,85282,Discover,1772,05922805,5,0.4408,-0.82,88,88,93,1,600
1753,IL,60431,Discover,10682,01016679,1,0.3511,-1.05,128,91,207,5,3610
1754,CA,95827,Wells,1241,05922667,5,0.0987,-2.32,103,54,46,2,50
1755,FL,33142,Associates,473,02014187,2,0.2491,-1.39,116,9,37,3,120
1756,IL,60644,Associates,4539,06012573,6,0.4621,-0.77,133,23,47,6,140
1757,NV,89117,Wells,2676,02014181,2,0.8604,-0.15,110,24,28,1,636
1758,HI,96817,Wells,3134,01015299,1,0.5769,-0.55,86,94,33,2,595
1759,AZ,85719,Wells,992,02014532,2,0.8679,-0.14,137,74,88,3,682
1760,OH,43214,Chase_Rev,2310,05012932,5,0.8245,-0.19,119,84,32,3,2001
1761,NJ,07022,Bank_Of_Am,800,06012677,6,0.4831,-0.73,114,5,5,1,200
1762,MD,20723,Bank_Of_Am,918,02014406,2,0.9842,-0.02,107,87,44,1,741
1763,NY,10467,Chase,4315,05012966,5,0.6746,-0.39,111,92,215,1,300
1764,KY,40033,Chase_Rev,489,02014248,2,0.7306,-0.31,136,56,52,6,47
1765,MD,20715,Bank_Of_Am,1761,01016273,1,0.2566,-1.36,119,69,55,4,907
1766,TX,75216,Wells,2328,09012077,9,0.7997,-0.22,130,7,75,1,400
1767,PA,17901,Discover,9068,01016001,1,0.4163,-0.88,149,42,43,2,175
1768,OK,74134,Associates,2488,10011361,10,0.5578,-0.58,143,44,2,1,48
1769,TX,76528,Discover,6226,10011229,10,0.2823,-1.26,125,96,9,2,300
1770,CA,94116,Wells,1344,05922856,5,0.8452,-0.17,108,51,256,2,420
1771,OR,97413,Wells,5597,07012441,7,0.2635,-1.33,135,84,16,2,50
1772,FL,33150,Associates,778,08000000,8,0.6301,-0.46,109,61,91,5,132
1773,NY,10940,Discover,1670,01017527,1,0.7115,-0.34,114,31,82,5,25
1774,NJ,07661,Discover,10370,09012113,9,0.1612,-1.82,127,92,84,1,61
1775,OR,97007,Discover,2691,05013006,5,0.3746,-0.98,111,80,90,2,1030
1776,CA,95610,Wells,1165,09920764,9,0.4265,-0.85,144,14,30,2,50
1777,CA,94566,Bank_Of_Am,4865,01015116,1,0.9698,-0.03,96,66,68,1,2445
1778,CA,93277,Bank_Of_Am,2720,06012710,6,0.0626,-2.77,119,55,21,1,82
1779,IL,60634,Discover,3730,01016600,1,0.3406,-1.08,133,49,55,3,1860
1780,IL,60656,Bank_Of_Am,3034,01015304,1,0.1933,-1.64,132,15,215,24,200
1781,CA,92666,Wells,3307,07012524,7,0.9137,-0.09,128,92,39,2,1168
1782,FL,32351,Discover,1624,07012555,7,0.5996,-0.51,128,45,19,3,590
1783,MD,20772,Chase_Rev,6393,08921597,8,0.0493,-3.01,106,65,189,3,50
1784,CA,90057,Associates,1539,04013085,4,0.5428,-0.61,133,94,44,1,80
1785,PA,19140,Discover,2907,01016687,1,0.1923,-1.65,117,84,18,4,1944
1786,DE,19960,Discover,8239,01016262,1,0.8382,-0.18,132,33,78,3,1264
1787,CA,90008,Bank_Of_Am,5025,07012404,7,0.7793,-0.25,100,26,344,6,540
1788,LA,71103,Discover,6647,02014023,2,0.8929,-0.11,121,5,80,2,200
1789,VA,22657,Discover,992,02014056,2,0.6440,-0.44,128,2,140,1,120
1790,CA,93257,Wells,2201,01015178,1,0.0891,-2.42,100,79,49,1,1390
1791,WA,98403,Bank_Of_Am,2776,02014701,2,0.5798,-0.55,89,62,30,3,1000
1792,CA,94577,Bank_Of_Am,5531,10011615,10,0.8418,-0.17,110,35,72,1,330
1793,ME,04401,Discover,1639,05012802,5,0.7959,-0.23,126,23,143,2,70
1794,TX,78213,Associates,1710,08012237,8,0.4019,-0.91,127,65,61,1,107
1795,TX,77489,Associates,730,02013935,2,0.8273,-0.19,113,95,34,1,198
1796,FL,33711,Bank_Of_Am,2900,02013973,2,0.5172,-0.66,141,75,66,10,300
1797,TX,78229,Wells,1779,08012194,8,0.4837,-0.73,81,95,234,3,600
1798,IL,60426,Discover,802,05012851,5,0.7464,-0.29,140,38,6,2,745
1799,MI,48906,Wells,2645,06012672,6,0.5166,-0.66,125,38,25,8,1125
1800,SC,29170,Discover,4970,04013010,4,0.1995,-1.61,110,54,320,2,2290
1801,MO,63703,Associates,475,01015499,1,0.8265,-0.19,148,45,23,1,350
1802,IN,47130,Associates,7724,08012302,8,0.1047,-2.26,140,21,28,1,75
1803,TN,37421,Chase,6273,08012284,8,0.7327,-0.31,99,36,387,8,285
1804,VA,20165,Discover,2724,05012949,5,0.0046,-5.38,112,27,161,1,110
1805,FL,33616,Associates,4227,05012889,5,0.3071,-1.18,120,60,13,2,2558
1806,TX,79413,Discover,3815,10011372,10,0.6950,-0.36,118,54,31,16,75
1807,HI,96720,Discover,3768,01015333,1,0.2030,-1.59,139,72,80,5,110
1808,MO,63130,Chase,2152,02014511,2,0.9940,-0.01,116,87,47,2,300
1809,GA,30907,Discover,4106,05012975,5,0.9038,-0.1,142,24,8,2,3043
1810,NM,88021,Discover,4017,10011777,10,0.2855,-1.25,95,73,51,1,150
1811,CA,90630,Discover,8534,08012351,8,0.6410,-0.44,143,4,50,1,4500
1812,TN,37144,Discover,2681,01018361,1,0.0161,-4.13,144,60,60,3,307
1813,TN,38008,Associates,675,01015942,1,0.4312,-0.84,142,70,121,2,600
1814,CO,80526,Discover,1621,01019058,1,0.6649,-0.41,126,42,155,2,680
1815,CA,93230,Wells,4150,07012545,7,0.4298,-0.84,130,91,32,1,20
1816,CA,93620,Bank_Of_Am,5907,02014509,2,0.5439,-0.61,110,98,57,1,50
1817,TX,79416,Discover,864,06012697,6,0.7759,-0.25,111,64,42,3,31
1818,NJ,07103,Bank_Of_Am,3437,09921035,9,0.9533,-0.05,138,45,128,1,140
1819,CA,93274,Bank_Of_Am,5128,06012605,6,0.7184,-0.33,144,47,57,1,3010
1820,NY,11225,Discover,1507,06012594,6,0.1213,-2.11,87,47,140,1,960
1821,LA,71357,Discover,2669,02014748,2,0.6473,-0.43,140,88,22,4,2250
1822,FL,32095,Chase_Bony,2652,03013493,3,0.7847,-0.24,145,81,30,4,650
1823,CA,94589,Wells,923,05012862,5,0.3822,-0.96,139,46,148,2,753
1824,AR,72904,Chase_Bony,899,03013412,3,0.9935,-0.01,119,16,84,1,350
1825,NY,13090,Bank_Of_Am,4895,01015929,1,0.3588,-1.02,119,80,84,1,3037
1826,CA,95340,Bank_Of_Am,1945,06012700,6,0.2825,-1.26,139,99,4,3,125
1827,SC,29718,Chase_Rev,916,04013085,4,0.7161,-0.33,124,33,49,7,425
1828,TX,75029,Bank_Of_Am,1289,01019132,1,0.0520,-2.96,118,21,158,2,200
1829,OK,73006,Wells,3332,05012842,5,0.4735,-0.75,137,37,16,1,1242
1830,PA,19120,Chase,1027,04013252,4,0.7321,-0.31,111,86,116,7,275
1831,LA,70538,Discover,2426,05013002,5,0.5553,-0.59,114,72,87,6,640
1832,FL,33477,Associates,2516,04013234,4,0.6643,-0.41,142,46,94,11,500
1833,WV,25411,Chase_Rev,4164,08012320,8,0.1701,-1.77,110,52,100,7,200
1834,MO,63841,Bank_Of_Am,452,01014981,1,0.3554,-1.03,106,47,107,5,80
1835,CA,95833,Wells,6058,10011837,10,0.0319,-3.44,134,59,18,6,2273
1836,CA,91980,Bank_Of_Am,3380,07012376,7,0.9996,0,106,80,18,5,2500
1837,WA,98122,Bank_Of_Am,1417,01019320,1,0.7471,-0.29,127,96,74,1,1024
1838,CA,94117,Wells,2586,04013277,4,0.4566,-0.78,127,21,73,5,957
1839,MD,20910,Associates,1493,06012579,6,0.5670,-0.57,111,27,67,6,25
1840,TX,77015,Associates,2301,10011432,10,0.5028,-0.69,89,35,33,4,2095
1841,MD,21532,Discover,1533,03013427,3,0.8682,-0.14,131,86,43,2,37
1842,CA,90501,Chase_Rev,2516,04013089,4,0.8266,-0.19,137,65,283,2,425
1843,FL,33183,Discover,5255,02014744,2,0.0200,-3.91,124,63,59,9,822
1844,NC,28314,Discover,2970,01017997,1,0.6337,-0.46,99,64,40,7,375
1845,FL,32867,Wells,1524,02014102,2,0.7017,-0.35,145,83,19,3,530
1846,TX,78238,Discover,8940,10010177,10,0.9239,-0.08,124,9,65,2,4771
1847,SC,29063,Discover,1825,01015664,1,0.7443,-0.3,99,23,254,2,92
1848,CA,92253,Discover,1912,03013292,3,0.2908,-1.24,141,36,112,1,81
1849,NY,11207,Discover,3998,01015198,1,0.6682,-0.4,130,44,39,3,2798
1850,MO,64061,Bank_Of_Am,655,02014072,2,0.9736,-0.03,99,50,62,2,100
1851,TX,77357,Discover,2430,02014069,2,0.3869,-0.95,115,79,45,4,330
1852,NM,87002,Wells,2041,02013807,2,0.7432,-0.3,141,4,193,20,25
1853,CA,93401,Wells,1278,06012646,6,0.6998,-0.36,111,65,191,7,1218
1854,FL,33428,Discover,8791,10011737,10,0.2685,-1.31,127,89,9,2,250
1855,AR,72904,Discover,5405,01015399,1,0.2881,-1.24,107,40,115,1,1732
1856,TN,38075,Chase_Rev,4335,05012789,5,0.1535,-1.87,127,45,37,1,1368
1857,NV,89012,Associates,6762,10011306,10,0.8709,-0.14,94,56,159,2,1373
1858,NY,11228,Wells,3446,02014527,2,0.9362,-0.07,141,75,146,1,1083
1859,FL,32501,Chase_Rev,860,04013258,4,0.6306,-0.46,132,78,151,3,500
1860,NJ,07036,Discover,1633,06922326,6,0.1309,-2.03,105,25,288,1,66
1861,IL,60089,Chase_Rev,9139,09011930,9,0.7210,-0.33,147,62,92,7,1224
1862,CA,93927,Bank_Of_Am,887,07012398,7,0.8144,-0.21,143,60,54,1,1535
1863,NY,10471,Discover,902,03013397,3,0.1480,-1.91,136,33,138,2,150
1864,CA,92154,Discover,2299,02014098,2,0.1145,-2.17,129,7,56,3,1300
1865,CA,91910,Bank_Of_Am,3427,02013979,2,0.8088,-0.21,110,39,52,5,50
1866,KY,41141,Discover,2322,03013380,3,0.2534,-1.37,115,6,66,6,1290
1867,AR,72002,Chase,1070,02013825,2,0.0524,-2.95,126,11,13,2,25
1868,CA,95670,Bank_Of_Am,1918,03013525,3,0.2366,-1.44,74,11,158,5,435
1869,TN,38040,Discover,3649,09011962,9,0.0419,-3.17,115,24,108,4,3005
1870,TN,37870,Associates,4107,04013113,4,0.8722,-0.14,142,80,71,2,485
1871,CA,90031,Associates,2218,02014093,2,0.1949,-1.64,96,42,34,3,1835
1872,MO,64119,Bank_Of_Am,1838,01015975,1,0.6957,-0.36,130,20,100,1,60
1873,CA,92128,Wells,3406,06012744,6,0.3752,-0.98,116,9,53,2,710
1874,AL,35222,Discover,1985,03013404,3,0.2158,-1.53,126,97,129,10,325
1875,NC,27870,Associates,4145,01017581,1,0.8550,-0.16,141,97,40,1,2605
1876,PA,19341,Bank_Of_Am,2889,04013055,4,0.2897,-1.24,114,49,61,2,536
1877,CA,90810,Wells,3197,04013076,4,0.0471,-3.06,129,53,53,1,55
1878,PA,19122,Associates,2554,03013404,3,0.3467,-1.06,117,76,140,10,875
1879,TX,75052,Discover,3981,10011431,10,0.4281,-0.85,118,66,96,5,835
1880,TX,76014,Discover,3573,03013359,3,0.9246,-0.08,109,20,42,2,175
1881,MN,55419,Chase,3100,04013141,4,0.4690,-0.76,134,95,36,3,267
1882,NC,28052,Chase,701,01014778,1,0.4621,-0.77,133,92,88,8,10
1883,TX,79606,Discover,2295,09011951,9,0.6890,-0.37,130,99,100,2,536
1884,TX,76689,Associates,5413,07012356,7,0.0250,-3.69,92,95,369,2,136
1885,TN,38104,Discover,6435,06012606,6,0.0248,-3.7,113,84,27,3,1375
1886,CA,94806,Chase,1362,06012718,6,0.4225,-0.86,115,94,32,9,65
1887,WA,98043,Bank_Of_Am,1221,08012340,8,0.7273,-0.32,120,37,221,1,83
1888,TN,38109,Discover,1601,01015271,1,0.0320,-3.44,135,79,125,2,428
1889,PA,19033,Chase,1124,03013337,3,0.7415,-0.3,133,37,236,3,755
1890,NY,11788,Bank_Of_Am,7398,01015934,1,0.9938,-0.01,136,65,41,8,350
1891,NC,28217,Chase_Bony,2522,02014286,2,0.1151,-2.16,142,37,140,4,344
1892,FL,32208,Discover,1499,04013063,4,0.6025,-0.51,103,9,69,1,400
1893,PA,17073,Bank_Of_Am,1439,01016638,1,0.8922,-0.11,95,21,44,4,580
1894,MO,65536,Associates,2146,03013417,3,0.0469,-3.06,76,34,76,10,300
1895,CA,95815,Chase_Rev,9227,08921670,8,0.7584,-0.28,106,44,12,3,1384
1896,NY,10314,Discover,2434,01017991,1,0.2953,-1.22,126,31,87,11,300
1897,MI,48021,Associates,3713,05012787,5,0.1226,-2.1,106,40,48,14,1725
1898,OK,74955,Wells,1597,03923696,3,0.2387,-1.43,117,51,60,1,132
1899,MO,65770,Bank_Of_Am,673,02014264,2,0.4188,-0.87,121,68,5,2,21
1900,TN,37804,Associates,5743,09012127,9,0.9291,-0.07,146,42,42,4,1257
1901,AR,72301,Discover,3700,01015741,1,0.1063,-2.24,121,13,59,3,20
1902,CA,93063,Wells,1555,02013969,2,0.9700,-0.03,125,45,71,4,1900
1903,CA,90230,Wells,1766,01019407,1,0.0133,-4.32,104,95,72,1,400
1904,AZ,85345,Associates,6322,07012420,7,0.5161,-0.66,102,72,81,3,1861
1905,TX,75229,Discover,6952,10011302,10,0.2603,-1.35,90,78,52,1,225
1906,NJ,07001,Discover,5534,02014652,2,0.4998,-0.69,144,92,93,2,539
1907,MA,02382,Discover,1144,07012476,7,0.7884,-0.24,130,86,1,1,60
1908,CA,91104,Chase_Rev,3782,07012369,7,0.1907,-1.66,102,86,37,4,533
1909,MD,20763,Chase_Rev,1572,02013930,2,0.9365,-0.07,96,49,13,1,500
1910,NJ,08816,Associates,330,10011295,10,0.4036,-0.91,130,7,45,7,7
1911,FL,32433,Chase_Rev,8580,07012426,7,0.4913,-0.71,144,45,70,6,1230
1912,GA,30083,Discover,3509,01016073,1,0.1160,-2.15,110,21,37,3,147
1913,NC,27344,Associates,2276,02013906,2,0.8959,-0.11,144,19,130,4,75
1914,FL,32225,Chase_Rev,1576,03013351,3,0.7203,-0.33,138,30,156,1,275
1915,NY,12205,Chase,2710,03013530,3,0.7226,-0.32,126,7,10,1,1184
1916,MA,01005,Chase,2427,03013433,3,0.4881,-0.72,126,16,26,2,1961
1917,NM,87347,Bank_Of_Am,1248,07012401,7,0.1443,-1.94,112,51,33,2,472
1918,CA,90630,Bank_Of_Am,5567,01017936,1,0.9491,-0.05,127,27,24,1,1992
1919,TX,77541,Chase,1396,03924092,3,0.1044,-2.26,137,12,90,1,269
1920,NY,10543,Discover,3398,01015646,1,0.3567,-1.03,137,33,33,7,355
1921,GA,30157,Discover,2464,02014043,2,0.0587,-2.83,107,6,32,3,895
1922,PA,16127,Associates,2097,04013159,4,0.0272,-3.6,115,7,68,3,894
1923,OH,45424,Discover,1920,04923503,4,0.7772,-0.25,93,21,60,4,629
1924,TN,37138,Chase_Rev,2018,03013515,3,0.4793,-0.74,94,57,34,4,1050
1925,CA,90247,Wells,1386,08921675,8,0.1598,-1.83,127,1,150,1,70
1926,CA,95833,Wells,1259,03923831,3,0.7551,-0.28,112,4,29,6,1035
1927,CA,94538,Wells,1133,08012178,8,0.6454,-0.44,145,87,185,3,450
1928,MD,21784,Bank_Of_Am,4241,04013243,4,0.2197,-1.52,117,32,123,1,415
1929,OH,43701,Bank_Of_Am,6232,02013936,2,0.1631,-1.81,124,2,139,1,632
1930,PA,15214,Discover,4486,08012301,8,0.5009,-0.69,139,85,135,6,30
1931,TN,37642,Discover,8094,08012211,8,0.7941,-0.23,110,3,89,1,726
1932,GA,30349,Chase,2016,03013539,3,0.5551,-0.59,129,75,143,3,75
1933,FL,33015,Bank_Of_Am,2906,02014727,2,0.5867,-0.53,140,88,128,12,568
1934,GA,30294,Discover,5674,01016547,1,0.7853,-0.24,99,5,214,2,575
1935,RI,02879,Discover,3015,01016918,1,0.2085,-1.57,112,43,21,4,1864
1936,CA,90245,Chase,7625,09011952,9,0.0531,-2.94,140,35,55,2,696
1937,IL,60443,Bank_Of_Am,685,01017308,1,0.1305,-2.04,105,26,82,2,278
1938,FL,33064,Chase,12180,09011910,9,0.9035,-0.1,126,14,144,5,4471
1939,TN,37211,Bank_Of_Am,3299,01019439,1,0.6575,-0.42,114,31,94,3,2968
1940,CA,90806,Wells,2140,05012864,5,0.8104,-0.21,110,30,386,1,900
1941,NC,28768,Discover,1448,01017021,1,0.9830,-0.02,131,68,133,5,1033
1942,AL,36615,Discover,4718,02014519,2,0.4876,-0.72,107,99,54,1,2180
1943,CA,94801,Bank_Of_Am,1512,05012861,5,0.3311,-1.11,135,89,69,1,100
1944,CA,91766,Wells,1545,02013683,2,0.5013,-0.69,138,24,30,3,680
1945,IN,46304,Chase,6640,08012342,8,0.5774,-0.55,123,99,77,2,9324
1946,CA,95687,Discover,3403,07012467,7,0.7720,-0.26,87,24,7,1,63
1947,CA,92780,Bank_Of_Am,5805,01019085,1,0.5219,-0.65,144,64,99,7,2008
1948,CA,91206,Bank_Of_Am,1370,05012885,5,0.2200,-1.51,141,64,75,2,100
1949,CA,91206,Wells,3989,07012528,7,0.0224,-3.8,129,50,144,2,46
1950,TX,78415,Discover,6979,10011838,10,0.4911,-0.71,120,32,142,3,5
1951,NY,10589,Chase_Rev,3455,04013145,4,0.2260,-1.49,104,40,105,1,2300
1952,CA,92782,Bank_Of_Am,1635,01015458,1,0.2825,-1.26,88,37,347,15,60
1953,LA,70070,Chase,10952,09012077,9,0.2940,-1.22,120,97,127,4,2000
1954,AL,36024,Bank_Of_Am,1136,01016751,1,0.8477,-0.17,128,85,42,1,25
1955,CA,90242,Bank_Of_Am,3458,01019184,1,0.4452,-0.81,123,66,25,3,72
1956,CA,94066,Wells,1752,02014230,2,0.5011,-0.69,133,98,65,7,2096
1957,PA,16823,Associates,4059,02925308,2,0.6781,-0.39,113,25,13,2,1679
1958,FL,33990,Associates,692,06012739,6,0.6856,-0.38,107,9,14,7,250
1959,CA,95823,Wells,1198,01016087,1,0.1999,-1.61,129,8,69,16,128
1960,OH,44708,Discover,4784,09012019,9,0.2144,-1.54,113,36,36,4,30
1961,NJ,08053,Discover,3308,02014345,2,0.4220,-0.86,100,79,12,6,690
1962,MN,55119,Discover,1683,03013493,3,0.1426,-1.95,148,76,49,3,595
1963,TN,38302,Chase_Rev,3003,05012938,5,0.7522,-0.28,122,49,30,1,365
1964,OK,73072,Discover,1812,01019555,1,0.1037,-2.27,95,17,38,5,2692
1965,SC,29847,Chase,357,01014801,1,0.4080,-0.9,131,89,139,2,100
1966,MA,02116,Bank_Of_Am,748,04013154,4,0.3196,-1.14,132,53,3,1,1106
1967,CA,95203,Wells,2030,03013296,3,0.3496,-1.05,115,59,59,2,25
1968,CA,91423,Wells_FIB,9221,10010185,10,0.1629,-1.81,105,18,39,1,25
1969,TX,76103,Discover,1570,10011339,10,0.4366,-0.83,128,96,6,1,28
1970,NH,03833,Associates,368,02013911,2,0.9451,-0.06,127,70,9,3,531
1971,AL,35115,Wells,3655,02013845,2,0.2984,-1.21,138,40,164,1,439
1972,NY,14127,Bank_Of_Am,892,01016326,1,0.3670,-1,109,3,194,3,627
1973,CA,94509,Wells,2088,02013978,2,0.9016,-0.1,129,27,132,2,500
1974,LA,70127,Wells,1351,04013211,4,0.9725,-0.03,124,9,43,1,256
1975,CA,90029,Chase,1437,06012615,6,0.1081,-2.22,127,88,197,1,420
1976,TN,37215,Bank_Of_Am,6631,01016332,1,0.0196,-3.93,148,92,122,2,400
1977,CA,91701,Discover,5712,09012090,9,0.5830,-0.54,142,68,48,1,30
1978,AL,35501,Chase,3914,08000000,8,0.8566,-0.15,137,67,10,1,76
1979,CA,91911,Bank_Of_Am,7226,01019005,1,0.8744,-0.13,122,63,79,6,1788
1980,CA,92374,Wells,1008,06012740,6,0.0383,-3.26,126,69,196,5,70
1981,MD,20783,Discover,3003,02014599,2,0.3934,-0.93,131,39,86,5,277
1982,AZ,85296,Discover,1197,10011772,10,0.4454,-0.81,114,33,33,3,1141
1983,OR,97420,Wells,1069,03013664,3,0.2818,-1.27,134,7,131,8,500
1984,MD,21217,Associates,2358,01015244,1,0.7573,-0.28,131,81,66,24,85
1985,CA,90201,Wells,1422,07012427,7,0.5581,-0.58,114,50,11,2,492
1986,OK,73049,Chase,1937,02013738,2,0.1168,-2.15,129,23,26,4,1120
1987,TX,77571,Chase_Rev,1727,09011917,9,0.5163,-0.66,143,44,68,2,329
1988,TX,76401,Discover,1495,10011647,10,0.9981,0,110,62,59,5,325
1989,CA,95828,Wells,1872,01015627,1,0.0298,-3.51,125,24,70,7,2000
1990,CT,06515,Associates,3125,05012771,5,0.1215,-2.11,100,58,42,1,975
1991,FL,34652,Associates,2251,06012605,6,0.5539,-0.59,90,60,148,7,490
1992,NC,27360,Associates,590,01014853,1,0.2685,-1.31,101,86,79,6,388
1993,TX,78596,Discover,5867,04013075,4,0.5732,-0.56,108,52,22,2,337
1994,IN,46406,Chase,4636,02013692,2,0.5928,-0.52,122,27,35,1,610
1995,TN,37918,Chase_Rev,2744,05012972,5,0.9005,-0.1,138,65,128,1,200
1996,FL,32207,Bank_Of_Am,6288,01015091,1,0.5430,-0.61,125,53,91,1,5270
1997,TX,78258,Bank_Of_Am,8853,01018225,1,0.2323,-1.46,120,10,324,10,420
1998,OR,97115,Chase_Rev,1677,02014255,2,0.9724,-0.03,116,44,14,6,52
1999,CA,92336,Bank_Of_Am,2462,06012693,6,0.0376,-3.28,103,24,20,3,25
2000,NY,11003,Chase,4552,04013224,4,0.7723,-0.26,108,97,85,2,400
2001,FL,33548,Discover,2940,04013036,4,0.2394,-1.43,126,52,88,1,1757
2002,NV,89108,Chase_Bony,7914,10011261,10,0.0067,-5.01,106,10,5,2,868
2003,CA,91786,Wells,1733,01015524,1,0.2520,-1.38,90,51,11,2,520
2004,NC,27107,Discover,4149,02014650,2,0.4771,-0.74,115,3,6,3,1330
2005,CA,90278,Wells,4863,09012059,9,0.1925,-1.65,139,8,82,7,848
2006,CA,92227,Associates,1827,05012885,5,0.2312,-1.46,111,92,90,3,420
2007,TX,78046,Wells,1305,08012348,8,0.0342,-3.38,93,32,180,2,1146
2008,NJ,07010,Discover,4275,03013664,3,0.3477,-1.06,136,2,3,1,1858
2009,ME,04938,Wells,1456,04013231,4,0.8303,-0.19,101,32,111,1,25
2010,WA,98046,Bank_Of_Am,1198,03013596,3,0.8179,-0.2,117,39,109,2,1000
2011,WI,54481,Bank_Of_Am,4802,02013772,2,0.6301,-0.46,129,90,72,3,75
2012,AZ,85730,Wells,1455,08012282,8,0.8968,-0.11,117,22,143,3,100
2013,OK,74134,Discover,3441,03013439,3,0.4412,-0.82,100,59,47,3,1430
2014,CA,93101,Bank_Of_Am,1453,09011903,9,0.1190,-2.13,136,88,162,1,150
2015,NY,10033,Associates,2447,04013164,4,0.7529,-0.28,112,30,96,9,100
2016,SD,57201,Chase,6197,10011736,10,0.8578,-0.15,107,67,13,1,261
2017,LA,70538,Bank_Of_Am,1664,04013226,4,0.9276,-0.08,91,17,70,2,785
2018,CA,92807,Wells,12887,06012742,6,0.6088,-0.5,140,63,112,4,720
2019,OK,74023,Associates,2024,03013342,3,0.0683,-2.68,127,31,81,17,600
2020,CA,94560,Wells,7521,01015298,1,0.7011,-0.36,103,78,106,2,400
2021,CA,93003,Discover,8630,10920458,10,0.4526,-0.79,114,87,5,1,150
2022,CA,90262,Bank_Of_Am,353,06012761,6,0.6442,-0.44,94,80,4,3,333
2023,WA,98273,Discover,3182,09011936,9,0.4625,-0.77,146,89,4,1,1120
2024,IA,52314,Discover,4666,03013448,3,0.4129,-0.88,105,16,126,1,200
2025,CA,92105,Discover,1733,01015653,1,0.8170,-0.2,128,42,484,2,210
2026,AZ,85502,Wells,1219,02014529,2,0.4156,-0.88,117,60,14,2,1444
2027,PA,19020,Discover,1838,03013536,3,0.1638,-1.81,142,71,40,3,280
2028,MI,48178,Bank_Of_Am,9850,03013618,3,0.9363,-0.07,138,36,65,2,3814
2029,CA,93274,Discover,4222,10011789,10,0.6291,-0.46,102,47,66,1,120
2030,MD,20785,Discover,6836,01018756,1,0.1203,-2.12,126,59,24,5,419
2031,IL,62232,Discover,1798,06922462,6,0.4759,-0.74,137,66,36,1,796
2032,SC,29741,Discover,4087,03013575,3,0.1589,-1.84,123,46,1,1,35
2033,TX,79925,Chase_Rev,1523,09012047,9,0.8948,-0.11,128,80,63,4,63
2034,CA,91767,Bank_Of_Am,1980,02014556,2,0.7440,-0.3,120,84,44,5,240
2035,OK,74883,Discover,1870,03013334,3,0.2700,-1.31,144,20,18,1,100
2036,TN,37814,Chase,2246,03013322,3,0.6464,-0.44,126,5,26,4,275
2037,NJ,07735,Discover,5245,04923356,4,0.7242,-0.32,122,52,42,4,235
2038,NY,11212,Discover,1449,05012793,5,0.8718,-0.14,142,96,210,8,485
2039,SC,29732,Discover,2394,04013181,4,0.7724,-0.26,103,34,105,5,65
2040,CA,91766,Wells,2113,01016754,1,0.2620,-1.34,97,34,70,1,287
2041,TX,77099,Discover,2272,10011679,10,0.5143,-0.66,144,84,146,2,45
2042,TN,37079,Chase,4021,04013028,4,0.3727,-0.99,117,1,80,2,4615
2043,VA,20194,Chase_Rev,7950,07012381,7,0.7959,-0.23,137,54,13,2,3060
2044,MI,48203,Associates,5058,05012971,5,0.2525,-1.38,102,89,25,1,431
2045,MN,55330,Discover,1406,08012280,8,0.6427,-0.44,111,82,32,3,1492
2046,MD,20707,Associates,1372,03924206,3,0.0416,-3.18,108,84,39,9,409
2047,NY,11375,Associates,1996,06012650,6,0.6229,-0.47,96,24,6,2,850
2048,TX,76119,Associates,2000,10011551,10,0.9719,-0.03,129,27,101,1,50
2049,SC,29223,Chase,2651,02014056,2,0.8898,-0.12,129,81,283,1,125
2050,MA,01852,Discover,6906,02014171,2,0.7673,-0.26,79,38,30,5,1160
2051,CA,92054,Bank_Of_Am,490,03013677,3,0.0201,-3.91,127,25,105,2,460
2052,PA,18346,Associates,1235,08012244,8,0.1014,-2.29,126,54,13,4,900
2053,CA,90301,Discover,3073,06012598,6,0.9876,-0.01,104,76,80,8,235
2054,VA,24012,Discover,3531,03013342,3,0.8271,-0.19,94,52,93,1,479
2055,NY,11225,Bank_Of_Am,1555,03013520,3,0.4905,-0.71,127,8,50,3,1450
2056,CA,93235,Wells,1979,04013104,4,0.2607,-1.34,128,33,38,1,235
2057,IL,62510,Associates,1633,03013590,3,0.8674,-0.14,110,22,42,1,1327
2058,NY,11221,Discover,5931,05012967,5,0.7912,-0.23,105,50,129,8,25
2059,TX,75218,Associates,3399,07921725,7,0.2911,-1.23,137,55,59,3,407
2060,NJ,08085,Discover,6783,06012750,6,0.5763,-0.55,138,50,172,1,75
2061,CA,91803,Discover,1680,03013546,3,0.6836,-0.38,125,4,109,2,280
2062,VA,23930,Associates,6423,01018578,1,0.9238,-0.08,136,24,21,5,994
2063,TX,75652,Wells,3794,05012943,5,0.6371,-0.45,118,48,102,15,10
2064,OH,45385,Discover,3499,01015128,1,0.1417,-1.95,149,29,149,1,75
2065,FL,34947,Bank_Of_Am,1327,06012622,6,0.8305,-0.19,116,68,2,2,25
2066,NY,12205,Chase_Rev,1281,05012942,5,0.0964,-2.34,93,64,116,2,592
2067,FL,32217,Chase,2506,02014431,2,0.5941,-0.52,131,75,77,6,540
2068,FL,33055,Associates,2485,05922968,5,0.1627,-1.82,106,33,169,4,480
2069,NV,89146,Bank_Of_Am,2957,01015130,1,0.8636,-0.15,126,51,54,8,1015
2070,AZ,85338,Associates,1120,08000000,8,0.6644,-0.41,144,39,3,1,1270
2071,LA,70427,Wells,6617,04013057,4,0.1782,-1.72,131,22,59,8,900
2072,CA,92870,Wells,1180,01016268,1,0.0821,-2.5,113,46,164,2,1016
2073,MO,63628,Bank_Of_Am,1540,01019541,1,0.0208,-3.87,133,96,39,4,1495
2074,CA,92704,Discover,8865,01018783,1,0.1333,-2.01,123,58,112,2,300
2075,CA,91709,Chase_Rev,2623,04013273,4,0.8689,-0.14,128,51,12,5,1100
2076,CA,90001,Associates,2238,10011857,10,0.0089,-4.72,120,81,3,1,546
2077,TX,77995,Associates,3544,02014535,2,0.6820,-0.38,114,29,57,3,950
2078,MI,49001,Chase,6679,05012960,5,0.2258,-1.49,107,5,356,1,2516
2079,CA,90712,Associates,4030,06012634,6,0.0509,-2.98,126,92,265,7,1127
2080,CA,91770,Bank_Of_Am,5480,01019310,1,0.0427,-3.15,127,9,101,1,6441
2081,KY,42164,Discover,3459,05012949,5,0.4837,-0.73,142,44,241,1,1380
2082,CA,92692,Wells,1726,01015531,1,0.1165,-2.15,112,56,3,2,604
2083,CA,92243,Wells,1502,03013477,3,0.5044,-0.68,145,38,151,4,60
2084,OH,43221,Discover,4517,07012544,7,0.5747,-0.55,134,22,38,1,1803
2085,NC,28904,Associates,4429,02013972,2,0.8754,-0.13,104,22,136,2,300
2086,TX,79936,Discover,9580,03013343,3,0.7709,-0.26,139,82,233,5,407
2087,TX,78501,Wells,5012,03013300,3,0.7806,-0.25,142,31,32,3,538
2088,CA,90230,Discover,7980,06012613,6,0.7055,-0.35,135,99,41,11,2499
2089,CA,93906,Wells,2351,02014224,2,0.6135,-0.49,110,53,76,2,2595
2090,NC,27892,Wells,2896,01015599,1,0.7936,-0.23,112,58,55,4,139
2091,CA,93035,Bank_Of_Am,3650,01016476,1,0.0210,-3.86,127,2,34,1,2283
2092,CA,90020,Bank_Of_Am,2456,07012491,7,0.4731,-0.75,133,37,5,2,700
2093,KY,41267,Associates,1203,07012361,7,0.4684,-0.76,124,54,18,2,60
2094,NJ,07719,Associates,7537,08012314,8,0.2247,-1.49,132,73,131,3,665
2095,NM,87801,Discover,1663,05922951,5,0.5340,-0.63,131,20,111,3,887
2096,TX,77009,Associates,3247,10011764,10,0.1909,-1.66,91,2,142,2,30
2097,LA,70127,Bank_Of_Am,2151,01019480,1,0.5782,-0.55,128,55,53,1,150
2098,WA,99337,Wells,1665,04013056,4,0.2039,-1.59,125,56,49,4,422
2099,PA,18042,Discover,3654,02014344,2,0.6807,-0.38,108,77,140,2,1325
2100,TX,78704,Chase,9579,10011368,10,0.2660,-1.32,113,95,115,3,1100
2101,CA,94014,Wells,1422,05012769,5,0.5829,-0.54,114,70,72,2,50
2102,WI,54139,Chase,1977,06012620,6,0.1943,-1.64,114,58,27,10,210
2103,PA,17851,Associates,1416,07012410,7,0.0516,-2.96,88,23,6,1,625
2104,FL,32607,Chase,1500,05012911,5,0.4107,-0.89,127,69,54,2,695
2105,MD,21237,Discover,8426,01017234,1,0.8299,-0.19,144,87,179,6,6000
2106,FL,33569,Chase,963,04013247,4,0.8945,-0.11,129,53,48,2,50
2107,IL,62901,Discover,1351,08012263,8,0.6975,-0.36,78,52,4,1,164
2108,PA,15068,Discover,2452,03013423,3,0.6493,-0.43,118,61,31,3,1400
2109,TX,77379,Discover,3726,09012023,9,0.5713,-0.56,144,98,62,11,399
2110,KS,66611,Discover,937,02013732,2,0.3830,-0.96,113,88,43,1,40
2111,AR,71603,Discover,2723,01016491,1,0.9032,-0.1,112,84,85,6,2498
2112,MI,48206,Discover,1674,04013252,4,0.0399,-3.22,147,13,41,2,240
2113,OH,44112,Discover,1706,07012515,7,0.6541,-0.42,124,91,4,3,357
2114,FL,33147,Associates,2729,04013281,4,0.8700,-0.14,128,13,90,1,252
2115,FL,34748,Bank_Of_Am,1514,03013645,3,0.4370,-0.83,139,7,28,1,390
2116,KS,66071,Discover,2439,04013063,4,0.4675,-0.76,114,13,94,1,500
2117,FL,33173,Discover,7869,05012866,5,0.3387,-1.08,138,41,71,1,140
2118,PA,19104,Discover,7859,02013971,2,0.8069,-0.21,140,46,50,2,495
2119,VA,23851,Discover,1581,01926381,1,0.2988,-1.21,122,52,46,9,110
2120,GA,31419,Discover,6846,01016140,1,0.4459,-0.81,106,91,16,1,150
2121,MN,55115,Discover,3133,01016454,1,0.4338,-0.84,97,14,90,3,3982
2122,KY,40206,Associates,3102,04013009,4,0.0058,-5.16,136,16,91,2,185
2123,WA,98034,Wells,2191,02013686,2,0.8462,-0.17,122,41,309,5,400
2124,OK,73118,Chase,5078,06012572,6,0.1740,-1.75,110,1,96,7,1300
2125,MA,01985,Bank_Of_Am,1948,01016854,1,0.3038,-1.19,135,39,38,3,150
2126,KS,66865,Bank_Of_Am,5440,01015965,1,0.0017,-6.38,122,84,22,1,100
2127,TX,77072,Wells,2714,08921285,8,0.4162,-0.88,146,15,12,1,665
2128,CA,95662,Bank_Of_Am,7675,01016456,1,0.6538,-0.42,125,61,70,5,160
2129,TX,76106,Discover,3427,10011566,10,0.5533,-0.59,123,79,153,1,50
2130,LA,71106,Discover,4145,07012452,7,0.9525,-0.05,137,25,54,7,225
2131,TX,76148,Discover,3477,08012220,8,0.8959,-0.11,129,68,166,1,100
2132,CA,95422,Wells,1136,09012085,9,0.1280,-2.06,100,93,16,8,275
2133,WI,53140,Discover,1815,01015137,1,0.1123,-2.19,97,72,152,3,150
2134,NC,27569,Chase,1564,01015056,1,0.6642,-0.41,146,65,95,3,100
2135,NC,27886,Discover,4323,01019042,1,0.4852,-0.72,119,68,14,10,1783
2136,CA,91731,Bank_Of_Am,2310,05012771,5,0.7604,-0.27,113,37,41,1,2861
2137,MA,02367,Associates,6982,10011732,10,0.1229,-2.1,117,67,3,1,110
2138,CA,91910,Bank_Of_Am,3169,07012527,7,0.5408,-0.61,107,89,141,2,69
2139,NY,14610,Chase,13089,09011934,9,0.0465,-3.07,99,75,11,4,3012
2140,FL,33169,Associates,3380,04013189,4,0.9859,-0.01,115,42,62,5,1370
2141,MS,39341,Discover,2019,01015316,1,0.4142,-0.88,135,76,198,2,323
2142,NY,11550,Chase,2207,08000000,8,0.4702,-0.75,127,76,31,6,100
2143,CA,95008,Wells,5233,01019141,1,0.9072,-0.1,136,23,23,5,1622
2144,MA,02777,Discover,1123,04013175,4,0.4792,-0.74,142,50,117,2,475
2145,TX,78362,Chase_Rev,2819,10011654,10,0.5097,-0.67,116,65,5,1,652
2146,TX,77069,Wells,1530,01015058,1,0.7342,-0.31,107,26,30,2,50
2147,NM,87505,Chase,807,04013257,4,0.1105,-2.2,135,66,261,1,106
2148,CA,94591,Associates,1995,01017286,1,0.6243,-0.47,87,4,45,2,75
2149,MD,21221,Discover,517,01015517,1,0.6335,-0.46,84,63,79,1,548
2150,AR,72933,Discover,7533,06012638,6,0.0763,-2.57,133,61,1,1,50
2151,CA,95401,Associates,1929,08012218,8,0.6536,-0.43,125,52,134,8,355
2152,NY,10707,Bank_Of_Am,5934,04013010,4,0.7274,-0.32,109,2,53,4,1980
2153,CA,90249,Bank_Of_Am,317,03013357,3,0.3643,-1.01,116,8,123,1,100
2154,CA,94564,Bank_Of_Am,1063,03013432,3,0.4213,-0.86,129,71,129,1,141
2155,OK,73010,Associates,1951,01014799,1,0.3391,-1.08,139,77,198,2,700
2156,AZ,85226,Wells,1132,07012525,7,0.0999,-2.3,129,4,30,2,300
2157,CA,90220,Associates,1759,01015006,1,0.6311,-0.46,124,99,27,5,388
2158,TX,75215,Associates,1193,09012141,9,0.0184,-3.99,131,86,52,2,25
2159,NY,11691,Discover,3510,01016798,1,0.2516,-1.38,119,97,90,1,3484
2160,PA,19007,Discover,2273,01016427,1,0.5449,-0.61,95,56,101,2,94
2161,AR,72450,Discover,1892,06012711,6,0.1251,-2.08,106,60,50,2,703
2162,MA,01945,Associates,6524,08012231,8,0.6833,-0.38,125,19,58,2,1242
2163,NJ,07307,Bank_Of_Am,1478,04013132,4,0.4429,-0.81,90,27,199,1,808
2164,NY,10451,Discover,1755,01015902,1,0.0040,-5.53,108,72,14,2,505
2165,CT,06606,Bank_Of_Am,482,02014650,2,0.9572,-0.04,121,18,239,2,30
2166,PA,19147,Chase_Rev,2188,02013878,2,0.9501,-0.05,126,94,46,2,1016
2167,TX,75030,Wells,3059,10011827,10,0.1712,-1.76,119,45,145,3,1546
2168,WY,82935,Bank_Of_Am,1812,02014733,2,0.3039,-1.19,128,47,62,1,1484
2169,TN,37075,Chase,1352,04013016,4,0.3489,-1.05,93,13,548,1,832
2170,IL,60060,Discover,2689,02013860,2,0.2790,-1.28,118,65,80,2,1025
2171,MI,48732,Chase_Rev,1790,03013583,3,0.6924,-0.37,114,4,70,2,604
2172,IN,47390,Associates,7019,01019139,1,0.2674,-1.32,115,46,27,8,3942
2173,KY,42020,Associates,5704,01015006,1,0.4827,-0.73,126,45,62,1,59
2174,OR,97702,Discover,2981,08012278,8,0.3102,-1.17,142,77,78,9,75
2175,CA,91910,Wells,1659,07012510,7,0.6236,-0.47,126,16,2,1,33
2176,UT,84067,Bank_Of_Am,1196,02014112,2,0.0293,-3.53,116,26,9,1,50
2177,GA,31404,Wells,1629,03013569,3,0.6199,-0.48,133,49,94,1,1849
2178,NY,11210,Bank_Of_Am,3304,01019170,1,0.8509,-0.16,146,76,16,7,500
2179,NV,89110,Bank_Of_Am,2142,10011465,10,0.9588,-0.04,135,22,25,1,25
2180,LA,71245,Associates,7244,01019227,1,0.0655,-2.73,120,51,112,1,840
2181,CO,81101,Associates,1030,07012402,7,0.8184,-0.2,112,34,4,1,600
2182,IL,60637,Associates,9108,05012776,5,0.1779,-1.73,141,88,117,6,200
2183,MI,48238,Associates,7737,01018411,1,0.8855,-0.12,147,68,42,11,693
2184,PA,19122,Associates,1636,02013852,2,0.7746,-0.26,104,32,19,4,978
2185,TX,78741,Discover,756,08921505,8,0.0361,-3.32,130,27,95,6,454
2186,CA,94531,Wells,1490,07012434,7,0.7405,-0.3,132,26,92,1,1045
2187,WA,98012,Discover,3957,09012032,9,0.6096,-0.49,133,79,314,1,3325
2188,SC,29306,Associates,4783,02014215,2,0.3331,-1.1,107,85,39,4,550
2189,FL,33805,Discover,1591,02013842,2,0.4028,-0.91,141,27,46,3,705
2190,WA,98840,Bank_Of_Am,1337,07012439,7,0.5616,-0.58,118,27,62,4,555
2191,TX,77067,Associates,1847,07012393,7,0.0604,-2.81,106,53,92,19,80
2192,CA,92019,Bank_Of_Am,2217,04013010,4,0.9644,-0.04,98,80,576,3,100
2193,VA,22192,Associates,1656,02013733,2,0.9441,-0.06,115,72,7,1,446
2194,CA,94526,Wells_FIB,3347,01929546,1,0.9943,-0.01,113,12,32,9,1960
2195,GA,30022,Bank_Of_Am,2503,03013324,3,0.8990,-0.11,138,40,46,4,3030
2196,TX,77564,Discover,7918,07012357,7,0.9215,-0.08,120,6,99,1,411
2197,CA,95422,Bank_Of_Am,3782,09012029,9,0.7701,-0.26,103,70,7,5,350
2198,FL,33415,Discover,3174,01016862,1,0.3763,-0.98,128,97,218,2,2860
2199,IL,61614,Bank_Of_Am,2174,02013687,2,0.3727,-0.99,137,7,221,1,150
2200,CA,90047,Associates,4065,04923132,4,0.5597,-0.58,143,4,29,1,350
2201,IL,60106,Discover,6641,01014973,1,0.9892,-0.01,110,79,46,1,25
2202,OR,97219,Bank_Of_Am,7207,06012572,6,0.1755,-1.74,87,40,78,7,311
2203,AL,35118,Chase,2664,04013072,4,0.9012,-0.1,114,94,52,12,600
2204,NJ,07513,Discover,1660,03013659,3,0.3429,-1.07,119,82,110,6,35
2205,IL,60471,Discover,3910,01017672,1,0.7098,-0.34,125,57,65,1,1840
2206,TX,75862,Discover,8314,07012381,7,0.1531,-1.88,137,34,9,1,300
2207,NY,13166,Wells,3148,02013749,2,0.4827,-0.73,120,21,135,5,1170
2208,MI,48051,Discover,1448,04013086,4,0.2967,-1.21,98,35,34,4,1346
2209,CA,95928,Wells,1425,05012811,5,0.7892,-0.24,115,19,29,3,440
2210,MI,48335,Discover,1991,04013183,4,0.4206,-0.87,118,44,67,2,162
2211,AL,36089,Chase,1535,07921803,7,0.1047,-2.26,99,87,16,1,193
2212,TX,79904,Discover,1295,02014093,2,0.6814,-0.38,115,83,108,3,393
2213,AZ,85282,Associates,2702,03013637,3,0.6917,-0.37,125,31,150,1,1100
2214,KY,40229,Associates,726,08000000,8,0.6259,-0.47,116,19,96,10,50
2215,CA,90068,Bank_Of_Am,7985,10011857,10,0.2153,-1.54,132,59,53,1,400
2216,GA,30458,Discover,2156,04013228,4,0.3076,-1.18,127,92,138,2,700
2217,IN,46342,Associates,2635,01927579,1,0.3398,-1.08,112,45,303,11,435
2218,MD,21146,Discover,9633,02014650,2,0.0493,-3.01,126,52,99,2,350
2219,MA,01128,Discover,3409,02014352,2,0.3217,-1.13,89,85,44,10,595
2220,MS,38674,Discover,3477,08012299,8,0.2711,-1.31,141,17,179,2,385
2221,NV,89108,Chase,5924,10011175,10,0.1920,-1.65,99,69,71,2,25
2222,CA,93620,Bank_Of_Am,1231,09012049,9,0.3223,-1.13,121,62,5,2,610
2223,CA,94541,Wells,1395,07012526,7,0.5474,-0.6,129,51,40,4,253
2224,NY,11208,Bank_Of_Am,2284,03013393,3,0.2252,-1.49,128,92,25,1,487
2225,CA,91710,Wells,2206,06012758,6,0.5595,-0.58,142,73,637,1,1274
2226,NJ,07029,Bank_Of_Am,8820,02014207,2,0.8879,-0.12,141,76,292,4,150
2227,ME,03904,Associates,6570,10011634,10,0.9028,-0.1,143,13,82,2,418
2228,MI,48846,Chase_Rev,5988,01016380,1,0.0297,-3.52,122,81,49,3,2503
2229,TX,75137,Discover,8425,10011195,10,0.3605,-1.02,129,14,241,3,4500
2230,CA,92647,Associates,1945,08012291,8,0.4372,-0.83,126,64,49,1,350
2231,CA,91789,Wells,4862,02014308,2,0.1090,-2.22,118,77,15,3,130
2232,PA,19120,Discover,2826,01016872,1,0.1875,-1.67,97,23,23,8,175
2233,CA,90063,Wells,2448,02013971,2,0.7666,-0.27,131,42,87,1,3205
2234,CA,91605,Bank_Of_Am,1087,08012197,8,0.2013,-1.6,130,73,2,1,702
2235,AZ,85044,Bank_Of_Am,1827,06012655,6,0.4634,-0.77,132,67,52,2,1950
2236,VA,22015,Discover,2187,02014574,2,0.2601,-1.35,123,98,30,1,132
2237,CO,80207,Bank_Of_Am,1569,01016236,1,0.7508,-0.29,112,59,27,1,289
2238,WA,98198,Wells,6496,02014693,2,0.9227,-0.08,125,24,259,1,2697
2239,NM,88053,Discover,2028,01016357,1,0.1315,-2.03,123,95,3,1,507
2240,MO,65285,Chase_Rev,326,01015631,1,0.6713,-0.4,132,10,209,1,130
2241,IN,46410,Discover,1304,02013811,2,0.6579,-0.42,148,16,124,3,50
2242,OH,44403,Associates,3218,03013318,3,0.8101,-0.21,131,79,102,2,33
2243,IL,60540,Bank_Of_Am,6208,02014331,2,0.8740,-0.13,96,59,98,1,400
2244,TN,37029,Associates,6440,10011841,10,0.1223,-2.1,74,5,9,1,510
2245,IL,60103,Bank_Of_Am,5770,04013027,4,0.1961,-1.63,119,71,616,1,300
2246,CA,90220,Wells,1766,02014285,2,0.9195,-0.08,121,99,44,8,780
2247,NY,14150,Discover,4521,02013792,2,0.0713,-2.64,128,86,45,1,750
2248,CA,90018,Wells,2044,04013024,4,0.3016,-1.2,121,82,36,10,361
2249,MO,63031,Discover,1615,01015968,1,0.1919,-1.65,134,30,48,1,150
2250,MI,48505,Associates,5661,01926046,1,0.9529,-0.05,86,44,13,3,240
2251,CA,93311,Chase,3601,06012736,6,0.5982,-0.51,133,10,79,1,148
2252,NJ,08091,Discover,3444,01015926,1,0.6767,-0.39,118,46,31,4,1733
2253,IL,60188,Associates,1080,04013014,4,0.7209,-0.33,101,31,130,11,413
2254,NY,10029,Discover,4196,02013802,2,0.6204,-0.48,122,32,79,7,227
2255,MD,21620,Wells,7068,07012424,7,0.8201,-0.2,130,50,47,1,1158
2256,GA,31313,Chase_Rev,541,02013856,2,0.2578,-1.36,117,15,82,7,405
2257,CA,91603,Bank_Of_Am,2147,05012906,5,0.0556,-2.89,119,43,85,5,100
2258,CA,93277,Discover,4611,08012254,8,0.8166,-0.2,110,66,99,1,51
2259,CA,91770,Bank_Of_Am,2950,01926374,1,0.1087,-2.22,114,40,19,2,988
2260,KS,66047,Bank_Of_Am,1245,04013251,4,0.5891,-0.53,129,1,29,1,3244
2261,SC,29906,Discover,5514,06012587,6,0.1101,-2.21,82,28,41,1,373
2262,CA,93033,Wells,3731,05012971,5,0.4959,-0.7,136,5,101,2,600
2263,GA,30017,Discover,3252,05012847,5,0.0900,-2.41,126,93,34,2,140
2264,CA,93727,Bank_Of_Am,652,05012790,5,0.2591,-1.35,135,44,17,2,85
2265,NJ,07735,Discover,932,08000000,8,0.6903,-0.37,132,52,94,1,17
2266,CA,92870,Wells,2036,01927176,1,0.4645,-0.77,118,34,30,3,730
2267,CA,92675,Wells,1718,04013204,4,0.5890,-0.53,135,51,145,5,100
2268,MD,20706,Discover,4042,01019416,1,0.8158,-0.2,115,72,35,1,1475
2269,WA,98001,Associates,2732,08012194,8,0.6137,-0.49,146,21,64,4,120
2270,IL,62946,Associates,2258,04013161,4,0.6978,-0.36,125,99,79,1,563
2271,KY,41074,Discover,4255,07012357,7,0.0182,-4.01,117,14,60,1,175
2272,CA,92056,Bank_Of_Am,1168,04013241,4,0.7924,-0.23,113,40,52,4,1430
2273,UT,84107,Associates,1525,09012063,9,0.3969,-0.92,142,82,17,1,75
2274,LA,70127,Discover,2502,06012622,6,0.4857,-0.72,144,17,9,1,600
2275,NY,10025,Chase_Rev,1941,02013932,2,0.1097,-2.21,102,53,65,1,1000
2276,OH,45780,Discover,684,07012557,7,0.3816,-0.96,128,89,175,5,442
2277,PA,18201,Discover,3009,01018261,1,0.7672,-0.26,130,41,30,5,1566
2278,CA,90042,Wells,2339,04013076,4,0.6337,-0.46,99,10,65,1,1555
2279,NJ,07823,Associates,3283,06012758,6,0.9460,-0.06,146,59,45,3,70
2280,NJ,07202,Discover,2233,03013390,3,0.1630,-1.81,113,5,39,5,350
2281,NC,27260,Associates,3476,01015048,1,0.1680,-1.78,130,26,42,5,1950
2282,CA,92503,Wells,1428,06012728,6,0.5987,-0.51,84,25,32,3,30
2283,NJ,08757,Discover,3385,01015058,1,0.9202,-0.08,129,24,57,1,1700
2284,CA,92706,Wells,7698,01015102,1,0.9836,-0.02,114,8,47,8,6177
2285,NJ,07728,Associates,1365,08012347,8,0.7011,-0.36,91,2,3,1,504
2286,OK,74006,Discover,3642,04013086,4,0.8955,-0.11,104,85,12,3,1100
2287,CA,94061,Wells,6701,09011996,9,0.5949,-0.52,129,47,36,4,1
2288,MI,48174,Bank_Of_Am,7246,01019115,1,0.3143,-1.16,114,4,6,1,4700
2289,NJ,08215,Discover,3163,03013315,3,0.2950,-1.22,100,82,31,2,470
2290,NJ,07026,Chase_Rev,1590,02013975,2,0.7909,-0.23,112,20,105,3,834
2291,IN,47384,Associates,7308,09012091,9,0.5132,-0.67,123,97,57,3,463
2292,CA,94546,Wells,1087,08000000,8,0.6119,-0.49,91,8,72,3,100
2293,OR,97030,Bank_Of_Am,4599,01016852,1,0.1009,-2.29,138,62,135,13,1500
2294,TX,78233,Wells,1014,08012319,8,0.3225,-1.13,140,42,63,1,18
2295,CA,95307,Wells,1149,06012615,6,0.0724,-2.63,135,42,4,1,500
2296,WA,98671,Associates,3620,01019230,1,0.4251,-0.86,139,80,16,6,519
2297,TX,76123,Associates,269,03013398,3,0.2304,-1.47,129,6,7,1,250
2298,NY,14445,Chase,4622,04013027,4,0.5595,-0.58,132,42,102,6,477
2299,CA,90716,Discover,1702,05012895,5,0.3937,-0.93,118,73,89,1,760
2300,CA,95610,Wells,1974,01015595,1,0.8059,-0.22,129,31,59,6,724
2301,RI,02906,Chase_Bony,2534,03013298,3,0.8756,-0.13,130,47,63,2,780
2302,AZ,85035,Discover,6864,10011317,10,0.0527,-2.94,139,84,30,3,25
2303,CA,95610,Bank_Of_Am,8432,10011592,10,0.3654,-1.01,119,50,147,3,8431
2304,MO,65704,Chase_Rev,5132,01016393,1,0.2799,-1.27,142,11,115,8,252
2305,KY,40390,Discover,508,04013226,4,0.3065,-1.18,140,31,120,3,425
2306,NY,11520,Bank_Of_Am,4935,06922268,6,0.0726,-2.62,137,1,67,3,1200
2307,NY,11217,Associates,5615,01015686,1,0.6090,-0.5,83,75,116,3,1772
2308,NC,27609,Associates,2362,03013314,3,0.6896,-0.37,143,16,34,1,550
2309,OR,97537,Bank_Of_Am,5326,07012354,7,0.5880,-0.53,108,18,116,22,275
2310,TX,78705,Discover,1895,05922950,5,0.3449,-1.06,122,95,102,2,600
2311,TX,79705,Discover,5050,08012324,8,0.9378,-0.06,74,34,2,1,958
2312,NC,28311,Associates,1287,02014040,2,0.8096,-0.21,142,89,71,7,450
2313,NC,28212,Associates,2396,02014754,2,0.6306,-0.46,125,82,82,3,250
2314,ID,83670,Chase_Bony,3753,10011822,10,0.6779,-0.39,129,57,42,8,74
2315,IL,60649,Bank_Of_Am,433,06922265,6,0.5779,-0.55,133,48,45,4,753
2316,CA,90056,Associates,6585,03013513,3,0.2503,-1.38,104,97,289,9,535
2317,OH,45732,Discover,1718,03013480,3,0.4022,-0.91,116,1,393,1,1467
2318,NY,11550,Chase,6473,07012388,7,0.1313,-2.03,132,12,61,1,67
2319,TX,76354,Chase,3437,10011563,10,0.7571,-0.28,99,82,37,2,2602
2320,CA,94087,Wells,1107,05012811,5,0.9557,-0.05,110,56,329,2,167
2321,CA,94608,Wells,5022,08012217,8,0.2622,-1.34,143,16,33,8,200
2322,IL,60201,Associates,726,05012863,5,0.9635,-0.04,83,24,66,5,450
2323,IL,60415,Chase,4193,07920000,7,0.2400,-1.43,130,85,218,7,620
2324,WI,54725,Chase,2479,07012487,7,0.7053,-0.35,118,26,46,3,925
2325,AZ,86327,Bank_Of_Am,516,06012659,6,0.0435,-3.13,116,53,231,1,70
2326,UT,84078,Chase,6245,10011801,10,0.6664,-0.41,142,13,227,4,175
2327,NM,87108,Bank_Of_Am,4287,02014306,2,0.6795,-0.39,122,75,7,4,400
2328,FL,33613,Discover,1642,02014665,2,0.8538,-0.16,112,58,18,7,882
2329,WY,82072,Bank_Of_Am,3610,05012832,5,0.0344,-3.37,137,1,111,1,1800
2330,IA,52577,Discover,6204,02014439,2,0.9634,-0.04,86,87,5,3,865
2331,PA,19335,Chase,4411,08000000,8,0.2006,-1.61,141,47,130,1,177
2332,TN,37874,Associates,606,03013416,3,0.4936,-0.71,100,98,195,6,30
2333,IN,46323,Associates,934,02014037,2,0.7401,-0.3,114,21,230,4,500
2334,AR,72616,Discover,2620,02014196,2,0.5293,-0.64,126,32,52,3,63
2335,LA,70392,Chase_Rev,4663,06012742,6,0.1423,-1.95,138,98,75,7,75
2336,LA,70072,Discover,4225,01017559,1,0.7421,-0.3,134,40,115,1,990
2337,FL,33928,Discover,3897,02014181,2,0.1653,-1.8,139,12,55,17,25
2338,TX,75060,Bank_Of_Am,1649,01017611,1,0.6970,-0.36,120,30,128,9,96
2339,PA,19141,Associates,6935,08012278,8,0.7147,-0.34,112,90,36,1,188
2340,SC,29611,Discover,1631,05012884,5,0.8928,-0.11,125,11,24,1,35
2341,NY,12205,Chase,5014,10011569,10,0.7986,-0.22,144,34,173,1,2751
2342,OH,44446,Discover,4317,01015721,1,0.9666,-0.03,103,54,75,1,500
2343,WA,98404,Wells,1371,04013233,4,0.3655,-1.01,108,97,14,1,28
2344,CA,92019,Chase_Rev,1720,04013105,4,0.1535,-1.87,83,97,24,2,280
2345,CA,90291,Wells,2077,02013713,2,0.3947,-0.93,110,40,34,8,200
2346,TX,77071,Chase_Bony,1582,08012142,8,0.6158,-0.48,131,93,31,6,800
2347,KS,67214,Associates,6408,08012321,8,0.9282,-0.07,109,8,54,25,500
2348,NE,68333,Discover,1276,04013186,4,0.9945,-0.01,135,60,27,4,30
2349,OH,43130,Discover,4662,01015837,1,0.9817,-0.02,127,87,23,4,788
2350,IL,60440,Discover,2869,03013524,3,0.7439,-0.3,111,85,62,4,619
2351,TX,77004,Associates,3850,10010156,10,0.6560,-0.42,122,24,106,3,196
2352,AZ,86336,Associates,5098,10010187,10,0.2287,-1.48,120,85,171,1,2140
2353,OH,44146,Discover,873,08000000,8,0.0248,-3.7,109,90,228,2,94
2354,LA,71037,Discover,9045,01018844,1,0.5046,-0.68,140,34,6,1,875
2355,HI,96792,Bank_Of_Am,640,09012066,9,0.8590,-0.15,116,99,29,5,25
2356,TX,79464,Chase_Rev,910,06012580,6,0.2410,-1.42,120,65,82,1,210
2357,MO,65619,Discover,2597,03013329,3,0.1248,-2.08,101,62,109,4,1265
2358,CO,80631,Bank_Of_Am,1352,02014032,2,0.4925,-0.71,111,74,114,8,270
2359,VT,05156,Bank_Of_Am,1413,02014061,2,0.7939,-0.23,86,67,8,3,800
2360,FL,33411,Discover,1907,03013603,3,0.8724,-0.14,76,64,86,2,65
2361,LA,70094,Discover,3282,03013370,3,0.5034,-0.69,113,48,36,2,1391
2362,SC,29464,Discover,3210,05012932,5,0.3380,-1.08,113,1,100,2,1710
2363,OH,43302,Associates,1036,08000000,8,0.4725,-0.75,128,84,94,3,63
2364,GA,31093,Discover,4020,06012662,6,0.3828,-0.96,113,17,56,9,100
2365,CA,95425,Wells,1891,01019510,1,0.0046,-5.39,126,96,47,5,720
2366,PA,16101,Associates,6893,01015374,1,0.4526,-0.79,100,29,129,3,230
2367,TX,79096,Discover,3436,07012528,7,0.4905,-0.71,104,26,69,1,700
2368,NV,89108,Wells,1100,08000000,8,0.6208,-0.48,124,33,37,1,400
2369,UT,84790,Wells,991,03013359,3,0.1784,-1.72,122,54,65,4,268
2370,TN,37664,Chase_Rev,4363,05012798,5,0.6689,-0.4,129,84,34,1,2268
2371,AZ,85018,Wells,1181,08012236,8,0.5995,-0.51,133,12,4,1,55
2372,FL,33534,Discover,4577,04013268,4,0.3905,-0.94,115,36,21,3,475
2373,LA,71060,Chase,8083,05012996,5,0.6935,-0.37,125,67,3,1,40
2374,CA,95630,Wells,1054,09012129,9,0.2688,-1.31,110,3,50,2,100
2375,OH,43791,Chase,2258,04013016,4,0.9488,-0.05,144,4,65,1,663
2376,CA,94591,Wells,2267,05012785,5,0.1525,-1.88,92,4,67,4,590
2377,TX,77033,Discover,2943,05012831,5,0.1640,-1.81,128,70,59,2,20
2378,KS,66502,Discover,9433,03924230,3,0.9255,-0.08,118,17,92,9,75
2379,CA,94401,Associates,1035,03013368,3,0.7245,-0.32,132,48,137,3,62
2380,KS,66102,Chase,2571,03013498,3,0.4158,-0.88,127,9,315,1,100
2381,CA,92505,Wells,1859,04013259,4,0.1219,-2.1,135,81,83,4,1029
2382,NY,14615,Wells,7294,02014468,2,0.5238,-0.65,134,46,48,3,2650
2383,TN,38118,Discover,1047,03013467,3,0.2004,-1.61,139,55,87,6,725
2384,TX,75091,Associates,1238,09011909,9,0.9048,-0.1,117,81,50,2,375
2385,CA,92583,Bank_Of_Am,3757,02014596,2,0.3330,-1.1,110,97,74,4,100
2386,GA,31543,Associates,1748,01019428,1,0.3826,-0.96,136,3,22,1,291
2387,NY,11413,Discover,3321,01016096,1,0.7485,-0.29,114,35,14,2,1740
2388,NY,12202,Chase,375,02014466,2,0.5585,-0.58,105,97,19,9,180
2389,OH,44143,Associates,7161,09012083,9,0.2779,-1.28,100,17,50,2,100
2390,NC,28570,Wells,1530,01016902,1,0.0013,-6.63,137,28,42,6,1010
2391,CT,06515,Bank_Of_Am,6866,05012865,5,0.0820,-2.5,123,32,73,2,200
2392,CA,92399,Discover,1566,04013165,4,0.1084,-2.22,115,11,81,1,595
2393,NY,14224,Bank_Of_Am,11126,01018221,1,0.6279,-0.47,137,39,39,1,2232
2394,CA,92815,Bank_Of_Am,7267,01018736,1,0.8121,-0.21,135,36,244,5,515
2395,TX,77414,Chase,5864,10011054,10,0.1290,-2.05,143,87,136,4,2053
2396,CA,92410,Wells,845,01015409,1,0.1677,-1.79,107,22,30,3,500
2397,TN,37203,Bank_Of_Am,5834,01925794,1,0.2992,-1.21,113,36,57,3,1505
2398,NM,87006,Associates,2386,08012330,8,0.5451,-0.61,106,56,228,2,50
2399,FL,34979,Discover,7502,09012080,9,0.9267,-0.08,133,77,98,34,135
2400,TX,78753,Associates,6320,09011877,9,0.2157,-1.53,111,70,138,5,100
2401,CA,92801,Wells,2801,04013075,4,0.7416,-0.3,91,33,49,2,2520
2402,IL,60629,Discover,1469,06012727,6,0.5528,-0.59,131,57,81,2,76
2403,NJ,07205,Discover,2154,02014492,2,0.3183,-1.14,129,44,61,3,400
2404,CA,92142,Discover,1718,09920857,9,0.3020,-1.2,102,51,74,1,397
2405,TX,75455,Discover,8637,10011126,10,0.4354,-0.83,135,1,270,1,65
2406,OH,44904,Chase_Rev,8150,08012303,8,0.8845,-0.12,116,8,4,2,507
2407,OH,44108,Associates,4143,06012655,6,0.3151,-1.15,144,24,108,1,15
2408,CA,94966,Bank_Of_Am,13008,05012927,5,0.6274,-0.47,139,69,9,3,9535
2409,CA,91306,Bank_Of_Am,1273,02014215,2,0.4079,-0.9,130,27,172,1,428
2410,CA,94518,Bank_Of_Am,1028,01019316,1,0.8807,-0.13,147,5,101,1,40
2411,NY,10458,Discover,1279,02013771,2,0.9909,-0.01,145,78,112,1,30
2412,TX,77306,Chase_Rev,2725,10011228,10,0.2864,-1.25,105,57,23,8,910
2413,TX,78520,Chase,3214,08012210,8,0.9174,-0.09,135,9,32,9,550
2414,MD,20755,Discover,4044,07012426,7,0.0461,-3.08,129,19,37,6,1000
2415,FL,34113,Chase,3052,04013290,4,0.2088,-1.57,123,84,42,1,803
2416,SC,29673,Chase_Rev,2985,04013151,4,0.4524,-0.79,121,59,45,1,730
2417,CA,90022,Bank_Of_Am,2722,06012722,6,0.7191,-0.33,108,21,50,2,1850
2418,TN,37146,Chase,5994,05012923,5,0.6965,-0.36,103,21,24,9,91
2419,CA,90009,Discover,3638,01016422,1,0.9014,-0.1,131,50,239,3,315
2420,MA,01420,Bank_Of_Am,1873,02013724,2,0.6264,-0.47,120,14,167,1,80
2421,MO,63501,Bank_Of_Am,3918,05012783,5,0.1351,-2,130,71,131,17,25
2422,CA,92831,Bank_Of_Am,1290,02014362,2,0.0092,-4.69,130,20,2,1,480
2423,FL,32244,Chase,2232,03013368,3,0.8169,-0.2,122,95,7,1,558
2424,CA,95817,Bank_Of_Am,2169,05012954,5,0.7418,-0.3,140,2,92,1,925
2425,MS,39114,Chase_Rev,2347,06012588,6,0.9191,-0.08,142,37,54,1,50
2426,MA,01056,Bank_Of_Am,2485,02014245,2,0.7042,-0.35,107,59,36,2,750
2427,TX,76798,Discover,1460,10011645,10,0.3196,-1.14,138,27,38,4,25
2428,NJ,07030,Discover,4155,01016107,1,0.4195,-0.87,89,2,74,2,790
2429,NY,12401,Discover,2134,05012937,5,0.9743,-0.03,105,61,58,1,350
2430,TX,75437,Chase,886,07012361,7,0.5118,-0.67,124,17,12,6,25
2431,AZ,85550,Wells,1178,02013745,2,0.8864,-0.12,118,84,113,2,50
2432,GA,30117,Associates,1008,08000000,8,0.4221,-0.86,116,30,82,2,72
2433,CA,94063,Bank_Of_Am,2310,05012973,5,0.0559,-2.88,89,29,16,4,1646
2434,VA,22309,Associates,1014,08000000,8,0.1569,-1.85,116,43,97,1,854
2435,CO,80003,Bank_Of_Am,5815,01015281,1,0.9063,-0.1,122,70,157,3,900
2436,NY,10550,Associates,6727,01018447,1,0.7665,-0.27,97,91,66,4,2005
2437,CA,92706,Associates,2491,06012673,6,0.9990,0,135,74,71,1,489
2438,GA,30093,Chase_Rev,3489,03013520,3,0.8945,-0.11,124,6,55,2,1443
2439,NJ,07112,Associates,5075,04013044,4,0.2161,-1.53,126,38,37,1,2828
2440,NV,89128,Bank_Of_Am,6123,07012528,7,0.3741,-0.98,127,70,142,1,967
2441,NY,12594,Chase,3595,03013415,3,0.3966,-0.92,126,12,78,2,352
2442,CA,94591,Wells,1089,07012455,7,0.7308,-0.31,108,11,9,2,75
2443,FL,33844,Wells,1461,02013763,2,0.3745,-0.98,104,86,56,2,73
2444,CA,90602,Discover,892,05922864,5,0.1677,-1.79,135,7,74,3,257
2445,GA,31791,Chase_Rev,1827,02014312,2,0.0752,-2.59,133,82,41,6,825
2446,CA,94014,Wells,3123,03013483,3,0.1870,-1.68,142,13,85,3,1550
2447,OR,97526,Discover,4042,06012652,6,0.2781,-1.28,129,12,10,6,1853
2448,IL,61108,Discover,6167,09920874,9,0.9710,-0.03,145,52,39,3,585
2449,TN,37743,Chase_Rev,9106,08012199,8,0.5206,-0.65,99,32,87,3,900
2450,MN,55454,Associates,2924,07012516,7,0.0314,-3.46,123,69,86,1,3150
2451,TN,38127,Chase,2386,02013714,2,0.4292,-0.85,142,71,53,1,1130
2452,AR,72687,Associates,1284,03013360,3,0.7258,-0.32,138,35,67,5,57
2453,NY,14065,Wells,1320,01015088,1,0.6992,-0.36,146,90,73,5,180
2454,MA,01077,Discover,1836,03013646,3,0.2996,-1.21,112,46,3,1,1317
2455,VA,22554,Chase_Rev,5141,06012602,6,0.8146,-0.21,137,92,169,1,470
2456,MI,49340,Bank_Of_Am,1530,01019499,1,0.8699,-0.14,128,57,48,1,710
2457,CA,91730,Associates,3833,07012419,7,0.4173,-0.87,140,48,146,6,674
2458,PA,15211,Associates,2884,03924105,3,0.1337,-2.01,136,38,173,2,1066
2459,TX,75501,Discover,1356,08012160,8,0.3150,-1.16,109,13,134,5,278
2460,NJ,07083,Associates,2601,01019243,1,0.6797,-0.39,132,32,141,7,415
2461,NY,11207,Discover,2893,04013029,4,0.7189,-0.33,128,97,113,2,2360
2462,CA,90036,Wells,3500,01017204,1,0.0531,-2.94,136,90,54,4,4958
2463,UT,84065,Discover,1586,09012006,9,0.7927,-0.23,110,56,100,10,225
2464,CA,92105,Wells,2514,05012997,5,0.2360,-1.44,120,4,93,2,100
2465,WA,98012,Bank_Of_Am,409,08012160,8,0.8405,-0.17,123,34,5,3,460
2466,TX,75120,Chase,982,07012392,7,0.6647,-0.41,114,46,114,31,75
2467,AL,35611,Discover,2660,05012905,5,0.2357,-1.45,140,18,64,9,920
2468,CA,94502,Bank_Of_Am,1580,02013924,2,0.3945,-0.93,108,61,91,2,1600
2469,TX,78575,Associates,1756,09011933,9,0.1242,-2.09,124,24,117,3,425
2470,WA,98387,Bank_Of_Am,6970,07012368,7,0.9383,-0.06,110,38,110,4,350
2471,ID,83814,Wells,2881,03013452,3,0.4648,-0.77,106,55,49,12,250
2472,NJ,08091,Associates,6855,03013453,3,0.2736,-1.3,128,32,58,4,3000
2473,WA,98117,Bank_Of_Am,6883,10011781,10,0.9820,-0.02,105,20,148,3,2956
2474,TX,75243,Bank_Of_Am,374,03013342,3,0.0207,-3.88,143,25,57,3,25
2475,IL,60660,Associates,4400,06012669,6,0.5634,-0.57,91,48,14,7,540
2476,NC,27946,Discover,7945,01019490,1,0.8918,-0.11,132,79,397,1,3024
2477,AR,72764,Discover,760,02014750,2,0.4841,-0.73,118,10,79,1,350
2478,IN,46342,Associates,1060,03013393,3,0.6618,-0.41,96,66,104,1,76
2479,OR,97219,Wells,1388,04013051,4,0.3720,-0.99,143,97,35,2,84
2480,AL,35007,Wells_FIB,8592,08012189,8,0.3100,-1.17,148,97,10,4,125
2481,LA,70125,Bank_Of_Am,5025,01016277,1,0.1401,-1.97,126,10,67,7,600
2482,CA,92083,Wells,874,02014450,2,0.8079,-0.21,145,8,58,3,326
2483,LA,70117,Chase_Rev,701,03013609,3,0.8633,-0.15,117,38,198,1,345
2484,CA,95008,Wells,6558,09012072,9,0.4383,-0.82,94,13,3,1,1719
2485,CA,90220,Wells,4661,06012730,6,0.6414,-0.44,116,65,48,1,200
2486,TX,77042,Wells,2178,08012245,8,0.1766,-1.73,125,49,133,1,400
2487,CA,95616,Wells,1138,05012798,5,0.0057,-5.16,104,3,82,1,50
2488,CA,95032,Wells,1448,07012371,7,0.8308,-0.19,96,88,34,1,352
2489,FL,34142,Associates,3932,04013242,4,0.5015,-0.69,133,74,7,1,180
2490,NJ,08753,Discover,5882,06012585,6,0.6862,-0.38,116,31,37,2,2107
2491,GA,30445,Associates,4392,04013208,4,0.3709,-0.99,117,55,12,2,425
2492,NE,68104,Discover,4720,10011858,10,0.3095,-1.17,107,7,26,11,350
2493,VA,23860,Discover,1276,05012978,5,0.5375,-0.62,148,68,51,4,25
2494,IL,60123,Discover,5816,07012385,7,0.2903,-1.24,127,46,34,1,3250
2495,CA,92120,Discover,1523,03013516,3,0.7452,-0.29,142,8,40,1,200
2496,CO,80906,Chase,1262,03013479,3,0.7798,-0.25,121,4,207,2,500
2497,FL,33311,Chase_Rev,3218,04013029,4,0.2734,-1.3,131,3,47,2,2500
2498,MI,49078,Discover,2939,02014410,2,0.6470,-0.44,96,95,8,1,425
2499,AZ,86314,Chase_Rev,1482,02013754,2,0.4426,-0.82,111,21,34,1,75
2500,CO,80219,Bank_Of_Am,653,01017278,1,0.6839,-0.38,139,98,19,11,50
2501,AK,99517,Discover,3026,03013413,3,0.5690,-0.56,112,3,67,6,694
2502,PA,19083,Chase_Rev,4441,04013155,4,0.3269,-1.12,106,3,141,1,357
2503,LA,70570,Chase,391,08921347,8,0.0231,-3.77,127,38,87,1,23
2504,TX,77084,Wells_FIB,5981,10011401,10,0.5755,-0.55,123,65,12,1,810
2505,AR,71730,Associates,1136,05922756,5,0.6320,-0.46,105,73,41,11,50
2506,MS,39746,Wells,2796,02014099,2,0.4825,-0.73,113,12,96,1,385
2507,NY,11215,Discover,1383,02925181,2,0.4542,-0.79,99,21,117,4,240
2508,TX,78626,Discover,1482,10011487,10,0.7196,-0.33,132,67,110,1,219
2509,CA,94403,Wells,7951,06012616,6,0.8834,-0.12,90,33,61,4,250
2510,TX,79932,Wells,3267,10011825,10,0.2528,-1.38,141,97,36,3,2125
2511,WA,98117,Bank_Of_Am,17534,02014282,2,0.8134,-0.21,128,41,43,4,1075
2512,FL,33315,Wells,3298,04013065,4,0.3888,-0.94,127,77,32,1,250
2513,FL,33461,Wells,3565,01019450,1,0.1203,-2.12,129,44,49,1,283
2514,MO,63020,Wells,3854,02013922,2,0.7236,-0.32,124,8,72,1,927
2515,TX,75647,Associates,2391,02925527,2,0.3587,-1.03,110,74,53,4,646
2516,TX,75050,Discover,2177,08000000,8,0.3437,-1.07,128,21,29,1,1575
2517,OH,44113,Discover,6357,04013142,4,0.6598,-0.42,117,2,83,1,1126
2518,TX,78229,Wells,3619,10011792,10,0.5389,-0.62,128,57,55,2,1968
2519,IN,46241,Discover,5904,01016219,1,0.7577,-0.28,111,93,91,5,390
2520,FL,32073,Chase,837,03013438,3,0.5914,-0.53,119,50,93,1,50
2521,IL,60660,Bank_Of_Am,1586,02013998,2,0.7776,-0.25,148,1,49,7,462
2522,MD,21060,Discover,1228,03013464,3,0.2060,-1.58,107,73,142,4,123
2523,NY,10034,Discover,1818,03013465,3,0.1615,-1.82,134,50,210,2,723
2524,VA,23454,Associates,1526,05012999,5,0.2134,-1.54,113,66,94,1,100
2525,TX,77038,Discover,4944,10011555,10,0.2330,-1.46,125,46,154,1,114
2526,NE,68152,Discover,2880,02014379,2,0.7006,-0.36,120,32,122,2,1777
2527,TX,76078,Discover,7725,10010012,10,0.3137,-1.16,108,41,71,2,75
2528,TX,75080,Discover,3115,03013403,3,0.7206,-0.33,112,94,131,5,1211
2529,CA,90032,Wells,2791,05012849,5,0.7763,-0.25,137,83,121,3,175
2530,NY,11726,Discover,1789,05012831,5,0.1606,-1.83,111,93,132,12,276
2531,AL,36925,Chase_Rev,2487,03013296,3,0.2663,-1.32,129,95,46,1,180
2532,MS,39213,Chase,2306,07012520,7,0.7080,-0.35,129,34,135,2,106
2533,NJ,07306,Discover,1712,03013426,3,0.7828,-0.24,92,62,62,3,1000
2534,CA,92509,Associates,4271,08012244,8,0.4462,-0.81,124,13,80,3,1311
2535,CA,95762,Wells,1988,02014440,2,0.7608,-0.27,133,63,272,3,775
2536,MN,55076,Discover,3538,01015569,1,0.3650,-1.01,117,15,140,3,150
2537,FL,33334,Bank_Of_Am,7432,08012292,8,0.4568,-0.78,129,90,38,1,3671
2538,AL,35951,Discover,4732,04013156,4,0.3424,-1.07,125,96,74,7,633
2539,CA,90241,Discover,4821,01016180,1,0.9293,-0.07,84,54,132,6,800
2540,NV,89110,Associates,4440,10011398,10,0.7837,-0.24,115,85,48,1,25
2541,TX,78028,Bank_Of_Am,1563,08012221,8,0.1347,-2,107,28,72,6,159
2542,FL,33425,Discover,2294,08012331,8,0.3061,-1.18,112,5,71,3,300
2543,NC,28056,Bank_Of_Am,4000,02013874,2,0.3327,-1.1,142,41,11,1,395
2544,AZ,85746,Discover,3578,08012312,8,0.1490,-1.9,104,17,13,1,80
2545,PA,16601,Discover,5732,03013536,3,0.9422,-0.06,124,24,181,1,675
2546,CA,91776,Bank_Of_Am,3679,01015958,1,0.4352,-0.83,113,35,26,8,50
2547,PA,19428,Bank_Of_Am,3809,02014503,2,0.9657,-0.03,123,9,85,1,1450
2548,LA,70879,Associates,8416,01925759,1,0.6573,-0.42,123,27,86,14,1836
2549,WI,54301,Associates,938,04013222,4,0.1156,-2.16,114,42,19,1,17
2550,NY,11219,Chase_Rev,3017,04013039,4,0.2859,-1.25,137,70,4,1,350
2551,WA,98374,Bank_Of_Am,991,03013581,3,0.1559,-1.86,98,30,24,2,600
2552,LA,71052,Discover,1526,08000000,8,0.1713,-1.76,133,23,132,10,90
2553,WV,26169,Discover,8130,04013098,4,0.7192,-0.33,139,84,47,2,330
2554,IA,52404,Wells,5890,10011467,10,0.2058,-1.58,121,98,9,2,1324
2555,CA,90650,Bank_Of_Am,3332,01016220,1,0.0510,-2.98,123,29,93,5,1200
2556,MO,63301,Discover,1515,02013722,2,0.2114,-1.55,123,92,37,2,513
2557,CA,92346,Chase,1008,03013382,3,0.1750,-1.74,108,69,6,3,100
2558,WA,98362,Discover,5243,08012309,8,0.2454,-1.4,130,18,127,3,3600
2559,FL,32967,Discover,2986,01016727,1,0.7303,-0.31,138,92,71,1,550
2560,LA,70634,Discover,5147,05012887,5,0.5915,-0.53,141,78,130,1,1868
2561,NC,28541,Bank_Of_Am,1970,02013698,2,0.9718,-0.03,112,17,91,3,245
2562,AR,72360,Discover,3340,03013448,3,0.0382,-3.27,119,48,29,4,755
2563,TX,75150,Wells,1937,05922595,5,0.9798,-0.02,120,61,22,2,660
2564,MO,64477,Bank_Of_Am,6549,09011934,9,0.8249,-0.19,88,83,1,1,120
2565,CA,92832,Bank_Of_Am,1601,04013219,4,0.6066,-0.5,123,26,96,3,886
2566,NV,89121,Wells,1367,01017368,1,0.0281,-3.57,129,41,4,1,26
2567,MA,01347,Discover,1479,08000000,8,0.1896,-1.66,106,38,108,4,1125
2568,CA,95206,Associates,1594,05012772,5,0.4170,-0.87,98,56,46,1,2151
2569,CA,90043,Bank_Of_Am,568,04013133,4,0.4274,-0.85,149,4,17,6,650
2570,SD,57703,Discover,3558,02014077,2,0.3453,-1.06,80,77,310,3,100
2571,CA,92057,Wells,934,05012800,5,0.6190,-0.48,128,94,61,3,143
2572,CA,92869,Wells,4946,08012256,8,0.6022,-0.51,141,38,30,6,525
2573,NC,28382,Discover,3212,04013119,4,0.3850,-0.95,104,10,37,2,950
2574,MD,21001,Associates,933,02013715,2,0.8238,-0.19,145,13,38,4,40
2575,TX,77840,Discover,2058,07012453,7,0.2464,-1.4,142,62,248,1,180
2576,WA,98816,Bank_Of_Am,2747,02014347,2,0.1609,-1.83,124,52,105,3,1150
2577,CA,92845,Wells,1107,06012629,6,0.7867,-0.24,128,99,7,2,445
2578,CA,95951,Bank_Of_Am,766,03013469,3,0.7625,-0.27,131,39,56,9,792
2579,NJ,07624,Associates,1097,04013100,4,0.0528,-2.94,143,36,57,1,20
2580,LA,70805,Discover,2818,06012660,6,0.9921,-0.01,106,66,29,15,3008
2581,GA,30904,Chase_Rev,781,03013422,3,0.8856,-0.12,135,24,5,1,555
2582,CA,95605,Chase,2532,06012627,6,0.6920,-0.37,133,55,251,3,489
2583,NC,27909,Associates,1676,01015985,1,0.8484,-0.16,104,52,70,4,695
2584,MI,48180,Associates,564,02013712,2,0.4383,-0.82,134,15,115,6,175
2585,PA,19131,Associates,3613,06012643,6,0.5647,-0.57,105,11,54,1,1220
2586,CO,80002,Discover,5396,02014342,2,0.2749,-1.29,113,55,81,5,423
2587,TX,78250,Discover,1933,05012851,5,0.2841,-1.26,108,80,2,1,273
2588,IN,46214,Discover,4710,06012679,6,0.6755,-0.39,119,62,30,3,2183
2589,LA,70816,Discover,1778,03013520,3,0.8145,-0.21,75,93,20,2,525
2590,CA,91360,Wells,1149,01015551,1,0.3981,-0.92,127,7,36,4,23
2591,MS,39365,Associates,1495,09012074,9,0.3350,-1.09,138,81,13,3,1254
2592,OH,43701,Associates,2278,03013327,3,0.1595,-1.84,120,67,50,1,183
2593,WA,98684,Bank_Of_Am,4071,01015903,1,0.5629,-0.57,120,33,143,10,150
2594,RI,02908,Discover,1390,08000000,8,0.6062,-0.5,120,9,23,2,180
2595,WI,53405,Chase_Bony,1676,07012482,7,0.0593,-2.82,109,4,167,1,175
2596,NY,11550,Discover,3233,01016410,1,0.2081,-1.57,148,21,83,2,304
2597,IA,50703,Discover,2451,02014012,2,0.7484,-0.29,111,15,45,4,100
2598,CA,94087,Wells,3216,06012604,6,0.7083,-0.34,82,87,40,1,4486
2599,WY,82602,Discover,4438,03013358,3,0.9536,-0.05,124,5,45,1,2405
2600,CA,90043,Wells,1555,02014023,2,0.1603,-1.83,145,42,53,4,205
2601,CA,91701,Discover,11508,10011671,10,0.7855,-0.24,133,47,48,3,30
2602,NJ,07735,Associates,2490,01018060,1,0.2686,-1.31,107,67,60,1,775
2603,HI,96744,Discover,3079,01016421,1,0.7063,-0.35,110,63,138,6,371
2604,MD,21282,Bank_Of_Am,4359,09012112,9,0.6322,-0.46,118,79,148,3,475
2605,CA,93622,Bank_Of_Am,1167,05012969,5,0.4254,-0.85,108,4,186,1,120
2606,CA,92505,Bank_Of_Am,5164,04013088,4,0.7267,-0.32,131,93,45,1,222
2607,VA,23223,Discover,1611,04013285,4,0.5954,-0.52,118,93,10,3,1088
2608,CA,95932,Bank_Of_Am,496,05012900,5,0.9336,-0.07,146,99,45,1,410
2609,HI,96814,Bank_Of_Am,1956,01017771,1,0.5248,-0.64,121,83,34,10,400
2610,NC,27320,Associates,2203,02014552,2,0.4738,-0.75,91,37,90,6,725
2611,MD,21014,Associates,4172,04013127,4,0.2728,-1.3,142,42,169,3,1346
2612,NY,11727,Discover,1078,08012277,8,0.2179,-1.52,108,80,19,3,598
2613,CT,06418,Discover,2933,05012903,5,0.3027,-1.19,120,98,229,8,225
2614,TX,78381,Discover,9441,10011011,10,0.4418,-0.82,140,91,38,6,150
2615,CA,90016,Wells,1707,02014245,2,0.7032,-0.35,131,14,26,1,49
2616,FL,32909,Bank_Of_Am,1281,03013489,3,0.7585,-0.28,100,79,59,4,224
2617,OK,74525,Discover,2435,01016200,1,0.3386,-1.08,140,64,54,2,1128
2618,TN,37416,Discover,2935,01926381,1,0.1410,-1.96,147,82,84,2,2130
2619,NJ,08012,Discover,2472,02014035,2,0.0273,-3.6,117,86,178,4,1045
2620,NV,89511,Bank_Of_Am,2993,10010158,10,0.7599,-0.27,135,68,30,2,610
2621,IL,60561,Chase,2507,02014182,2,0.9371,-0.06,130,17,153,2,200
2622,IA,50313,Discover,9408,01018607,1,0.5046,-0.68,102,73,46,4,4703
2623,CT,06519,Discover,1616,06012655,6,0.8336,-0.18,131,6,47,3,25
2624,NC,27028,Associates,2557,03013335,3,0.2002,-1.61,100,35,4,2,50
2625,CA,93551,Bank_Of_Am,5627,06922412,6,0.6452,-0.44,111,65,62,5,1416
2626,IL,61080,Associates,8265,01016220,1,0.1607,-1.83,109,58,147,1,250
2627,CA,92064,Associates,3017,09011891,9,0.7011,-0.36,99,7,22,1,450
2628,CA,95035,Discover,2657,03013543,3,0.0486,-3.02,103,82,44,2,228
2629,NJ,07111,Bank_Of_Am,1417,01926463,1,0.9978,0,90,47,24,4,1783
2630,AZ,85251,Wells,1431,02014075,2,0.2685,-1.31,144,74,141,7,431
2631,CA,90222,Chase,1789,05012816,5,0.7131,-0.34,117,13,27,5,150
2632,TN,37923,Associates,736,07920000,7,0.2431,-1.41,144,35,64,5,621
2633,OK,73601,Bank_Of_Am,2361,01017173,1,0.2448,-1.41,129,67,62,2,662
2634,FL,33428,Wells,2049,02924553,2,0.6944,-0.36,132,77,128,6,832
2635,VT,05478,Wells,2972,08012345,8,0.9877,-0.01,108,75,81,7,65
2636,CA,92586,Wells_FIB,12304,01016240,1,0.5546,-0.59,125,3,54,1,100
2637,CA,92841,Wells,2197,01015564,1,0.3952,-0.93,103,4,36,1,881
2638,CO,80237,Associates,2406,07012472,7,0.3633,-1.01,105,63,92,4,30
2639,CA,91743,Bank_Of_Am,2715,07012518,7,0.3724,-0.99,134,10,61,4,2298
2640,NC,27262,Associates,3240,02013863,2,0.6858,-0.38,139,16,115,3,1010
2641,CA,90008,Wells,3519,06012566,6,0.3813,-0.96,97,13,89,1,230
2642,AR,71675,Chase,3283,07012431,7,0.0761,-2.58,103,88,37,1,100
2643,ME,04563,Bank_Of_Am,3901,09012075,9,0.8347,-0.18,121,70,72,1,3642
2644,MA,02302,Associates,2241,04013207,4,0.7803,-0.25,144,55,102,2,50
2645,MI,49127,Bank_Of_Am,6956,07012417,7,0.3384,-1.08,148,97,69,1,2100
2646,IL,60714,Chase,2013,02013797,2,0.9671,-0.03,146,63,360,1,500
2647,TX,77469,Associates,10327,10010105,10,0.4163,-0.88,116,78,219,10,210
2648,FL,32054,Chase,3143,02013904,2,0.9876,-0.01,104,90,70,3,175
2649,NJ,07052,Wells,2516,03013413,3,0.1954,-1.63,107,74,59,1,2700
2650,MA,01109,Discover,1734,01015913,1,0.1012,-2.29,109,18,1,1,40
2651,FL,34221,Discover,1760,06012628,6,0.0670,-2.7,132,55,115,2,25
2652,NC,28226,Associates,1694,01014801,1,0.2534,-1.37,134,56,119,3,280
2653,OH,45122,Discover,3726,05012904,5,0.0727,-2.62,131,93,41,2,1638
2654,CA,91605,Wells,7096,01019054,1,0.8987,-0.11,127,45,31,1,2468
2655,OR,97470,Bank_Of_Am,2116,08012275,8,0.9304,-0.07,135,67,45,4,1250
2656,WA,98444,Associates,1191,07012466,7,0.3588,-1.02,141,17,91,1,699
2657,PA,18426,Chase,5771,04013148,4,0.5048,-0.68,142,24,106,7,70
2658,MI,48015,Discover,1494,07012549,7,0.3828,-0.96,85,97,213,1,446
2659,TX,76067,Discover,3095,08012194,8,0.9496,-0.05,132,84,21,9,125
2660,NY,11787,Associates,2747,04013258,4,0.2665,-1.32,146,62,37,2,1780
2661,MO,64439,Associates,3174,01019472,1,0.2780,-1.28,133,89,86,1,1855
2662,FL,33810,Bank_Of_Am,8874,09012131,9,0.6972,-0.36,130,65,279,1,423
2663,CA,94577,Wells,844,02013788,2,0.8306,-0.19,110,52,23,3,100
2664,OR,97537,Bank_Of_Am,4172,06012602,6,0.8385,-0.18,126,32,181,27,70
2665,NC,27350,Associates,1605,01019776,1,0.3679,-1,143,83,32,2,100
2666,CA,90034,Wells,1128,01016592,1,0.4901,-0.71,137,48,51,1,575
2667,OH,43228,Discover,2279,04013163,4,0.4180,-0.87,137,67,534,1,728
2668,CA,93291,Wells,1363,04013166,4,0.0911,-2.4,130,4,165,5,25
2669,MD,21842,Wells,3166,05012946,5,0.0558,-2.89,128,35,120,6,253
2670,NY,13036,Bank_Of_Am,8678,01015569,1,0.5985,-0.51,128,96,25,3,3075
2671,CA,95973,Bank_Of_Am,4433,05012901,5,0.4286,-0.85,91,77,49,4,1270
2672,CA,95326,Wells,1163,04013050,4,0.2323,-1.46,130,95,80,5,260
2673,IA,52408,Discover,6496,10011659,10,0.0645,-2.74,132,2,60,2,1100
2674,OR,97006,Wells,888,04013257,4,0.6863,-0.38,133,67,5,1,140
2675,VA,22003,Discover,1012,02013741,2,0.2795,-1.27,105,96,300,2,930
2676,GA,30035,Wells,3494,04013260,4,0.2465,-1.4,109,35,51,1,1190
2677,IL,60629,Chase_Rev,7172,08012347,8,0.9364,-0.07,138,32,299,2,1645
2678,FL,34224,Associates,2477,04013223,4,0.0460,-3.08,113,20,71,5,200
2679,CA,90041,Bank_Of_Am,1847,01018124,1,0.4565,-0.78,102,40,46,4,400
2680,CO,80454,Chase,3503,05012872,5,0.7648,-0.27,128,56,115,3,558
2681,FL,33782,Discover,1594,02013858,2,0.2018,-1.6,134,13,52,4,145
2682,MD,21532,Discover,3462,04013182,4,0.3304,-1.11,136,9,101,2,185
2683,GA,30620,Wells,2833,03013307,3,0.6387,-0.45,125,1,86,4,1143
2684,PA,18301,Chase,5272,03923728,3,0.7778,-0.25,137,66,80,7,390
2685,CA,90221,Wells,478,02013824,2,0.8136,-0.21,130,8,203,1,250
2686,MA,02777,Discover,1835,01015449,1,0.9735,-0.03,114,80,20,10,521
2687,CA,92336,Wells,1425,08012331,8,0.2314,-1.46,97,84,79,3,100
2688,FL,32030,Chase_Rev,1815,02013725,2,0.4317,-0.84,93,66,274,1,2046
2689,CA,91362,Bank_Of_Am,314,02924976,2,0.4749,-0.74,117,75,184,1,537
2690,TX,75602,Discover,7646,01018514,1,0.2762,-1.29,132,67,109,1,300
2691,CT,06514,Chase,3094,05012940,5,0.0387,-3.25,109,29,317,1,365
2692,IA,50461,Chase,3906,10011603,10,0.1761,-1.74,122,13,32,3,9
2693,MN,55418,Bank_Of_Am,2104,01019297,1,0.2834,-1.26,105,78,117,1,132
2694,CA,91106,Wells,1980,03013615,3,0.4289,-0.85,134,86,68,8,2311
2695,FL,33810,Bank_Of_Am,1472,01019413,1,0.4392,-0.82,137,16,127,7,450
2696,FL,33309,Discover,6795,08012293,8,0.0327,-3.42,120,73,59,7,75
2697,GA,30909,Discover,1652,05012975,5,0.5414,-0.61,119,98,13,2,652
2698,TX,77429,Discover,7732,10011472,10,0.2342,-1.45,125,78,15,1,50
2699,WA,98937,Bank_Of_Am,1886,09012021,9,0.4022,-0.91,131,5,10,3,2484
2700,CA,92595,Discover,1679,01927377,1,0.4686,-0.76,132,57,15,2,628
2701,CO,80241,Associates,2959,02013729,2,0.0695,-2.67,111,41,64,5,1560
2702,MI,48072,Associates,3315,02013782,2,0.0475,-3.05,101,70,129,1,3888
2703,AL,35111,Discover,4094,02013773,2,0.1179,-2.14,111,32,36,3,1600
2704,MI,48341,Discover,1638,01016286,1,0.4447,-0.81,127,35,71,2,50
2705,CA,90404,Bank_Of_Am,1000,01015409,1,0.1050,-2.25,132,11,655,1,1114
2706,FL,33022,Associates,2384,05012837,5,0.4101,-0.89,111,36,26,6,1525
2707,NC,27526,Chase,2879,03013620,3,0.0054,-5.23,105,80,26,2,300
2708,FL,33418,Discover,1651,02013847,2,0.9337,-0.07,142,88,77,3,500
2709,TX,77532,Bank_Of_Am,5724,09011944,9,0.0496,-3,138,46,127,4,74
2710,CT,06114,Chase,3746,05012863,5,0.7481,-0.29,127,88,100,1,155
2711,SC,29550,Discover,4089,01016908,1,0.9667,-0.03,139,70,67,3,1280
2712,CA,95037,Wells,1425,07012379,7,0.9042,-0.1,83,94,79,3,191
2713,CA,93654,Wells,2839,04013010,4,0.3678,-1,120,37,54,2,2933
2714,AL,36207,Discover,1667,04013203,4,0.9572,-0.04,128,96,49,2,1040
2715,NJ,07208,Chase_Rev,4577,05012811,5,0.9889,-0.01,125,30,57,1,510
2716,TX,75243,Associates,1944,01019109,1,0.1816,-1.71,98,68,210,3,196
2717,WV,25635,Wells,2173,02013756,2,0.8296,-0.19,132,72,175,2,515
2718,CO,81504,Chase,1556,02013762,2,0.0656,-2.72,91,17,78,2,460
2719,FL,32217,Associates,2015,04013122,4,0.6337,-0.46,131,51,5,2,50
2720,NV,89139,Bank_Of_Am,9879,10011158,10,0.0742,-2.6,118,35,30,3,50
2721,AK,99701,Bank_Of_Am,4311,04013099,4,0.5424,-0.61,122,80,25,2,810
2722,NY,14305,Associates,3288,05012830,5,0.8588,-0.15,130,85,23,4,25
2723,KY,42104,Discover,4037,01016814,1,0.9228,-0.08,101,25,46,1,2531
2724,NV,89706,Discover,3900,07012376,7,0.7224,-0.33,137,52,25,3,75
2725,CA,95207,Wells,1501,01015210,1,0.5059,-0.68,142,34,55,4,100
2726,NY,12205,Chase_Rev,2529,04013115,4,0.9209,-0.08,136,64,19,7,13
2727,LA,70005,Chase,1677,03013496,3,0.6177,-0.48,104,40,44,1,169
2728,CA,95062,Wells,1590,03013367,3,0.0270,-3.61,111,1,88,8,800
2729,PA,19147,Discover,2871,05012853,5,0.0512,-2.97,132,93,126,2,233
2730,WA,98168,Bank_Of_Am,3532,08012195,8,0.9570,-0.04,108,90,80,2,1000
2731,CO,80260,Bank_Of_Am,7005,01019008,1,0.1758,-1.74,119,36,36,1,907
2732,CA,90280,Wells,1171,07920000,7,0.1336,-2.01,115,24,39,8,125
2733,FL,32780,Associates,2953,03013609,3,0.1445,-1.93,104,63,36,1,915
2734,ID,83856,Bank_Of_Am,4959,05012802,5,0.6766,-0.39,117,2,71,14,61
2735,FL,32404,Discover,6413,02014399,2,0.1599,-1.83,114,43,53,2,1430
2736,CT,06320,Chase,2273,02013725,2,0.4601,-0.78,115,95,23,2,475
2737,OR,97123,Wells,2605,05012936,5,0.1898,-1.66,118,15,376,1,125
2738,TX,77089,Discover,9060,01019109,1,0.3070,-1.18,108,76,102,2,175
2739,FL,33160,Chase,5205,06012726,6,0.6071,-0.5,142,70,16,1,1955
2740,NC,27522,Associates,1980,01018364,1,0.1648,-1.8,94,24,26,6,470
2741,CA,95403,Wells,1508,07012532,7,0.0513,-2.97,131,50,163,4,540
2742,IL,60645,Bank_Of_Am,7369,08012180,8,0.9814,-0.02,133,64,389,1,1843
2743,PA,16505,Discover,914,08000000,8,0.6834,-0.38,134,92,24,6,45
2744,LA,70049,Discover,1563,02013951,2,0.0511,-2.97,115,69,64,5,150
2745,CA,90303,Wells,1130,06012696,6,0.0384,-3.26,127,94,103,1,196
2746,IN,47715,Associates,351,02013856,2,0.4829,-0.73,142,20,24,2,111
2747,SC,29047,Chase,2279,03013338,3,0.1581,-1.84,123,82,33,3,300
2748,NY,11368,Chase,1976,03013400,3,0.9681,-0.03,105,51,67,1,820
2749,FL,34203,Associates,1616,02013756,2,0.9998,0,126,10,72,1,1559
2750,AL,36124,Discover,1491,06012583,6,0.2648,-1.33,123,31,67,6,1744
2751,FL,33351,Associates,3065,05012823,5,0.4102,-0.89,108,35,129,1,460
2752,CA,90242,Discover,3919,08012337,8,0.0107,-4.54,140,40,100,4,100
2753,CA,92102,Chase,525,03013674,3,0.2063,-1.58,120,32,12,2,11
2754,CA,90710,Bank_Of_Am,6546,08012278,8,0.3580,-1.03,147,30,75,23,325
2755,AZ,86035,Wells,1270,06012721,6,0.5352,-0.63,94,48,163,2,53
2756,AL,35127,Discover,4184,01016610,1,0.1397,-1.97,139,97,209,5,100
2757,TX,77708,Wells,5745,10011338,10,0.4341,-0.83,126,36,62,7,1070
2758,CA,93442,Wells,2096,05012964,5,0.3226,-1.13,115,28,42,5,1500
2759,OH,43953,Chase,2599,03013663,3,0.7805,-0.25,98,36,261,1,2044
2760,VA,23602,Discover,1736,01019550,1,0.3555,-1.03,101,75,93,6,700
2761,TN,37209,Associates,1744,03013584,3,0.4374,-0.83,142,57,47,1,1843
2762,IL,60005,Associates,1634,03013555,3,0.1439,-1.94,110,28,113,3,1650
2763,NY,11706,Associates,3088,04013168,4,0.9354,-0.07,121,76,38,1,2125
2764,GA,31905,Associates,2841,04013022,4,0.3394,-1.08,122,10,50,12,292
2765,PA,15104,Wells,3466,01015461,1,0.3514,-1.05,122,10,93,2,25
2766,AR,72106,Associates,2116,09012110,9,0.3052,-1.19,131,28,24,1,25
2767,MA,02747,Bank_Of_Am,8373,01019126,1,0.7842,-0.24,123,85,141,3,1118
2768,HI,96762,Discover,4915,06012701,6,0.8108,-0.21,133,61,152,9,50
2769,CA,95688,Chase,4761,08012306,8,0.0850,-2.47,104,39,71,13,100
2770,CA,94579,Bank_Of_Am,3643,06012704,6,0.6011,-0.51,108,56,126,2,1691
2771,TN,37211,Associates,796,08000000,8,0.6662,-0.41,129,74,43,4,60
2772,MA,01002,Discover,2345,01016572,1,0.8544,-0.16,144,80,36,1,2100
2773,OR,97330,Discover,1658,04013166,4,0.2989,-1.21,109,56,44,5,29
2774,WA,99021,Bank_Of_Am,4308,05012800,5,0.3633,-1.01,120,39,204,1,1050
2775,NC,28115,Discover,928,02014687,2,0.3959,-0.93,104,35,76,5,641
2776,TX,77506,Discover,2356,10011704,10,0.3842,-0.96,132,65,202,1,1105
2777,MA,02453,Associates,943,06012660,6,0.1700,-1.77,100,89,26,9,45
2778,GA,31565,Associates,6777,01019194,1,0.2652,-1.33,70,62,1,1,950
2779,MA,02155,Discover,3195,04013202,4,0.6237,-0.47,129,83,61,1,135
2780,MN,56031,Discover,2596,07012422,7,0.9254,-0.08,105,88,6,2,638
2781,CA,95354,Associates,803,05012891,5,0.7653,-0.27,134,45,85,1,200
2782,NY,11101,Wells,2352,09921164,9,0.3710,-0.99,123,92,14,4,1100
2783,NC,28905,Wells,5327,03013552,3,0.4742,-0.75,115,29,7,2,500
2784,VA,22801,Discover,2039,04013239,4,0.3448,-1.06,107,96,2,1,104
2785,NY,11420,Wells,2159,01015208,1,0.6900,-0.37,111,87,78,2,900
2786,MI,49633,Discover,4763,02014158,2,0.4086,-0.9,106,75,120,1,2737
2787,NY,10591,Chase_Bony,895,03013420,3,0.0200,-3.91,106,10,121,6,150
2788,NJ,07002,Discover,1635,01017647,1,0.3814,-0.96,135,36,18,1,229
2789,TX,75208,Associates,2067,10011702,10,0.3137,-1.16,126,90,112,4,500
2790,MS,38930,Chase,1051,04013285,4,0.5786,-0.55,112,35,51,1,620
2791,MI,48204,Discover,1467,06012644,6,0.0646,-2.74,114,26,78,5,146
2792,FL,33040,Bank_Of_Am,5113,01017785,1,0.0103,-4.58,128,18,27,2,4750
2793,TX,78130,Discover,1714,08012190,8,0.0876,-2.43,117,43,341,1,407
2794,MO,63901,Discover,3227,01016981,1,0.6148,-0.49,122,13,69,3,603
2795,TN,38127,Discover,1474,06012724,6,0.3837,-0.96,112,77,116,1,4
2796,NY,10002,Discover,1458,07920000,7,0.5429,-0.61,148,78,45,1,462
2797,AR,72212,Discover,6689,04013116,4,0.4344,-0.83,135,14,63,4,316
2798,CA,95991,Discover,6022,09012140,9,0.5077,-0.68,121,54,66,2,364
2799,IL,60804,Associates,6668,08012198,8,0.4804,-0.73,136,77,30,3,2410
2800,NY,11554,Bank_Of_Am,1407,04013167,4,0.6259,-0.47,124,23,33,2,1293
2801,CA,94611,Bank_Of_Am,3343,05013005,5,0.9324,-0.07,130,12,152,1,299
2802,NC,28789,Bank_Of_Am,4099,01019589,1,0.6021,-0.51,116,70,19,5,933
2803,CA,91340,Bank_Of_Am,1908,02014536,2,0.1996,-1.61,139,86,34,1,1286
2804,FL,34203,Discover,6841,08012256,8,0.1964,-1.63,116,12,63,1,250
2805,KY,42445,Chase_Rev,3837,05012784,5,0.9000,-0.11,113,57,64,1,120
2806,NY,12404,Associates,1108,05012941,5,0.0171,-4.07,130,99,77,1,110
2807,OH,44902,Associates,1849,01014892,1,0.3489,-1.05,128,50,27,1,300
2808,CT,06483,Discover,1721,02014159,2,0.9037,-0.1,123,21,49,1,1145
2809,PA,19104,Discover,2099,06012688,6,0.8527,-0.16,107,15,14,1,499
2810,WA,98408,Bank_Of_Am,646,08012200,8,0.9006,-0.1,128,72,81,1,90
2811,NE,68508,Discover,6270,10011749,10,0.3365,-1.09,132,18,184,2,113
2812,NC,28403,Discover,2782,02014181,2,0.7060,-0.35,108,12,74,11,1260
2813,CA,93960,Wells,1006,05012803,5,0.4571,-0.78,131,11,26,2,791
2814,KS,66061,Chase,6760,07012388,7,0.9212,-0.08,130,42,6,1,185
2815,PA,15139,Discover,2460,04013262,4,0.4251,-0.86,134,11,10,1,221
2816,TX,76384,Associates,1269,01925751,1,0.7801,-0.25,139,72,137,1,139
2817,SC,29210,Associates,2803,03013628,3,0.3770,-0.98,109,37,4,1,1800
2818,CA,96007,Bank_Of_Am,1214,01016141,1,0.5826,-0.54,97,22,102,2,100
2819,PA,19145,Chase,5245,06012640,6,0.4018,-0.91,106,59,136,3,130
2820,NY,11542,Discover,2976,01014862,1,0.5864,-0.53,91,41,29,8,260
2821,PA,17313,Discover,1902,02013827,2,0.0292,-3.54,138,29,23,3,522
2822,WA,98117,Bank_Of_Am,907,01926538,1,0.6734,-0.4,140,42,108,2,1109
2823,MA,01082,Discover,1216,08000000,8,0.0452,-3.1,124,27,22,1,859
2824,CA,91010,Wells,1539,04013244,4,0.0942,-2.36,117,97,161,3,210
2825,OK,73096,Discover,3371,01014862,1,0.3781,-0.97,102,60,83,5,225
2826,NY,11050,Chase_Rev,3468,05012984,5,0.6297,-0.46,132,36,101,3,845
2827,TX,77581,Discover,2486,06012664,6,0.4760,-0.74,89,24,146,10,374
2828,CA,94544,Discover,2008,06012725,6,0.5380,-0.62,120,82,81,5,180
2829,CA,94544,Discover,2565,03923838,3,0.0818,-2.5,131,70,55,1,110
2830,KY,40272,Discover,1945,03013595,3,0.4392,-0.82,128,43,47,2,680
2831,NC,27529,Chase_Rev,1832,02014641,2,0.1361,-1.99,133,34,102,1,40
2832,MO,63539,Discover,3095,06012761,6,0.7704,-0.26,104,46,61,1,675
2833,MD,21114,Chase_Rev,8528,08012189,8,0.3933,-0.93,118,50,32,1,25
2834,MI,48733,Associates,2285,06922505,6,0.6438,-0.44,133,81,30,1,150
2835,SC,29512,Associates,786,04013136,4,0.0641,-2.75,118,42,128,3,200
2836,HI,96793,Associates,5969,07012426,7,0.5220,-0.65,117,86,161,1,66
2837,NC,28054,Discover,1565,07920000,7,0.0513,-2.97,137,24,56,1,731
2838,WV,26571,Discover,3675,03013617,3,0.3127,-1.16,140,56,78,3,150
2839,WA,98003,Bank_Of_Am,852,03013666,3,0.2018,-1.6,88,87,78,9,310
2840,IL,62052,Associates,5722,07012452,7,0.9341,-0.07,120,47,208,2,235
2841,CA,92020,Wells,2393,02013753,2,0.3059,-1.18,144,32,47,9,450
2842,CA,92345,Discover,4856,03013402,3,0.1996,-1.61,132,5,63,7,650
2843,CT,06905,Bank_Of_Am,6998,07012462,7,0.1636,-1.81,128,72,80,7,3600
2844,NY,10460,Chase,1577,03013565,3,0.0763,-2.57,117,73,7,1,738
2845,LA,70374,Chase,3332,04013224,4,0.5434,-0.61,142,16,32,1,945
2846,NY,11692,Wells,3705,01927115,1,0.3685,-1,104,39,19,5,660
2847,NC,27604,Discover,554,01015001,1,0.9157,-0.09,120,32,132,1,80
2848,CA,92880,Bank_Of_Am,506,10011195,10,0.0074,-4.9,116,49,14,2,24
2849,PA,17543,Associates,2228,01019384,1,0.9670,-0.03,137,16,5,3,1971
2850,PA,15642,Bank_Of_Am,2060,04013147,4,0.4069,-0.9,136,90,64,15,1500
2851,VA,23113,Associates,4444,05012889,5,0.9969,0,131,77,47,1,1000
2852,NY,11201,Discover,3337,04013154,4,0.5870,-0.53,135,9,59,1,2000
2853,GA,31419,Associates,2857,05012839,5,0.6349,-0.45,145,60,123,1,153
2854,PA,15220,Discover,1482,07012456,7,0.3104,-1.17,119,5,143,15,300
2855,TN,38115,Discover,4470,06012617,6,0.5090,-0.68,115,88,104,2,300
2856,AR,72211,Bank_Of_Am,5428,09012139,9,0.4715,-0.75,107,5,62,1,1536
2857,NJ,08110,Associates,4193,06012612,6,0.6314,-0.46,141,98,43,13,2920
2858,CA,94705,Chase,6821,09011988,9,0.9662,-0.03,142,72,41,1,2822
2859,IL,61821,Bank_Of_Am,3686,01019254,1,0.2807,-1.27,125,42,55,1,648
2860,IL,60445,Chase,5178,03013591,3,0.1323,-2.02,123,71,32,7,300
2861,WI,53224,Chase,10622,08000000,8,0.9890,-0.01,132,81,116,6,122
2862,OH,45342,Discover,2148,03013550,3,0.6858,-0.38,99,19,341,2,100
2863,OR,97211,Wells,1861,02013993,2,0.1528,-1.88,121,77,40,6,1220
2864,TX,76109,Wells,8439,10011117,10,0.8363,-0.18,133,28,33,2,25
2865,TN,38135,Bank_Of_Am,7276,01018872,1,0.6105,-0.49,131,42,77,2,7810
2866,PA,15221,Associates,5978,01019241,1,0.0187,-3.98,93,51,5,1,1299
2867,CA,95077,Wells,1691,05922892,5,0.5348,-0.63,98,96,74,3,381
2868,MD,21239,Bank_Of_Am,4413,05012961,5,0.4741,-0.75,139,71,146,7,1301
2869,CA,95130,Bank_Of_Am,2031,08012220,8,0.5843,-0.54,139,12,1,1,750
2870,WA,98422,Associates,3141,07012537,7,0.8216,-0.2,111,9,145,1,155
2871,CA,91001,Chase,2155,06012767,6,0.2203,-1.51,102,87,71,4,1370
2872,SD,57103,Discover,1518,05012782,5,0.0020,-6.24,142,40,108,1,140
2873,KS,66048,Associates,2401,02014610,2,0.1023,-2.28,121,97,66,30,75
2874,VA,23518,Discover,1767,02013716,2,0.6940,-0.37,147,27,56,7,186
2875,TN,37211,Discover,2531,05012922,5,0.0564,-2.87,118,28,56,2,780
2876,IA,52246,Discover,1618,06012585,6,0.6834,-0.38,126,55,47,1,250
2877,CA,91342,Associates,11808,10011527,10,0.7951,-0.23,85,96,8,3,5176
2878,PA,19021,Discover,1915,02013924,2,0.4763,-0.74,104,14,101,3,308
2879,TX,75060,Discover,7389,10010902,10,0.4307,-0.84,119,19,57,12,255
2880,LA,70094,Associates,4048,01925656,1,0.1663,-1.79,129,20,85,7,290
2881,CA,92021,Associates,2930,02013953,2,0.4785,-0.74,107,93,107,1,1750
2882,FL,33186,Bank_Of_Am,5371,02014761,2,0.3929,-0.93,113,56,108,7,510
2883,OH,45237,Discover,1024,05012872,5,0.1982,-1.62,117,82,8,2,194
2884,CA,94579,Associates,1132,06012573,6,0.7409,-0.3,121,54,93,8,640
2885,CA,90723,Wells,1148,05012774,5,0.4261,-0.85,98,4,8,1,752
2886,CA,90813,Bank_Of_Am,1986,01019302,1,0.8636,-0.15,130,43,136,1,255
2887,IL,62881,Chase_Rev,1815,03013549,3,0.8416,-0.17,141,25,105,1,660
2888,KY,41749,Associates,1048,03013380,3,0.8208,-0.2,123,43,226,1,144
2889,IL,61607,Associates,5158,07012447,7,0.7196,-0.33,145,46,100,3,380
2890,AZ,85705,Discover,2368,06012656,6,0.5758,-0.55,105,97,42,2,1580
2891,ID,83714,Associates,292,01014965,1,0.6046,-0.5,114,54,48,9,7
2892,AR,72401,Discover,1658,08012218,8,0.0728,-2.62,133,85,17,3,900
2893,CA,92801,Wells_FIB,6717,01928103,1,0.8698,-0.14,128,59,41,4,1920
2894,CA,94587,Bank_Of_Am,472,03013357,3,0.4812,-0.73,121,76,83,1,560
2895,TX,78043,Discover,7348,01018477,1,0.2924,-1.23,123,47,70,2,2885
2896,SC,29702,Discover,3277,04013061,4,0.7352,-0.31,128,36,18,2,185
2897,CA,92701,Wells,1862,05012929,5,0.1555,-1.86,108,59,42,3,38
2898,CA,95824,Wells,2900,05012955,5,0.6947,-0.36,125,6,57,8,150
2899,LA,70075,Discover,3593,05012772,5,0.0965,-2.34,147,10,49,1,2643
2900,MA,01040,Chase,3834,05012792,5,0.8933,-0.11,149,61,83,2,100
2901,TX,78363,Discover,1618,10011662,10,0.2031,-1.59,74,22,1,1,525
2902,LA,70544,Associates,5830,05012866,5,0.3272,-1.12,132,64,50,7,1415
2903,IN,46407,Discover,6229,01019281,1,0.1107,-2.2,92,80,152,2,1584
2904,MO,63552,Discover,1677,02014406,2,0.8854,-0.12,122,53,79,12,789
2905,CA,93455,Associates,1745,05012850,5,0.4366,-0.83,137,4,49,2,500
2906,WA,98072,Bank_Of_Am,1090,06012725,6,0.2649,-1.33,113,76,177,1,300
2907,TX,76204,Discover,1983,06012578,6,0.7239,-0.32,117,18,150,5,540
2908,CA,92868,Wells,2181,05012778,5,0.8836,-0.12,127,50,40,1,71
2909,MO,63304,Associates,2402,02014286,2,0.6712,-0.4,139,14,8,4,1025
2910,OK,74073,Discover,2508,07012454,7,0.2473,-1.4,112,64,28,5,725
2911,NE,68787,Wells,1067,02013816,2,0.5008,-0.69,100,58,147,5,72
2912,WA,98106,Discover,4750,01014871,1,0.2577,-1.36,114,91,310,4,150
2913,FL,34143,Chase,3285,04013199,4,0.1490,-1.9,109,20,42,4,805
2914,CA,91351,Bank_Of_Am,7831,01018290,1,0.0854,-2.46,97,1,101,3,883
2915,SC,29732,Wells,1730,07920000,7,0.5874,-0.53,122,20,153,1,320
2916,WY,82834,Chase_Rev,1757,03013378,3,0.9662,-0.03,101,92,61,1,135
2917,TX,79416,Discover,1658,10011838,10,0.7190,-0.33,109,22,58,10,150
2918,CA,92503,Bank_Of_Am,1056,09012107,9,0.9811,-0.02,104,30,182,2,240
2919,PA,17403,Chase_Rev,3999,05012997,5,0.6195,-0.48,130,61,112,1,5721
2920,CA,94566,Bank_Of_Am,3919,02013772,2,0.3002,-1.2,112,84,82,6,200
2921,LA,71040,Chase_Rev,3157,05012829,5,0.4399,-0.82,125,99,55,3,1120
2922,PA,19143,Discover,2454,02014452,2,0.9913,-0.01,138,67,93,1,28
2923,VA,24020,Discover,1428,04013149,4,0.3608,-1.02,147,99,34,1,745
2924,CA,90240,Discover,2410,01016801,1,0.6216,-0.48,111,22,65,1,300
2925,CA,92886,Associates,7147,07012395,7,0.9396,-0.06,141,72,81,1,100
2926,CA,94601,Bank_Of_Am,3071,04013120,4,0.1624,-1.82,104,64,90,13,1505
2927,CA,94590,Wells,1184,07012450,7,0.7229,-0.32,92,95,39,1,24
2928,NY,12202,Chase_Rev,2111,03013392,3,0.5185,-0.66,119,42,224,3,30
2929,TX,77039,Discover,3229,08012331,8,0.3499,-1.05,122,85,36,1,188
2930,WA,98136,Discover,7376,09011943,9,0.9999,0,116,34,33,7,50
2931,FL,34689,Wells_FIB,4663,06012723,6,0.6084,-0.5,129,26,371,4,101
2932,CA,91206,Bank_Of_Am,812,01017039,1,0.9171,-0.09,130,90,87,5,130
2933,MI,48184,Bank_Of_Am,2599,04013262,4,0.0839,-2.48,127,23,45,1,1035
2934,TX,78063,Associates,11299,09921006,9,0.6419,-0.44,109,30,18,9,300
2935,FL,33063,Chase,5633,07012435,7,0.5093,-0.67,116,54,202,2,85
2936,MD,20706,Associates,1907,01019590,1,0.8619,-0.15,120,21,68,1,515
2937,MI,49509,Discover,2627,05012928,5,0.1321,-2.02,97,51,155,3,2141
2938,IL,60432,Discover,2223,03013304,3,0.5331,-0.63,95,55,59,1,1343
2939,OH,44067,Discover,3259,02925498,2,0.7871,-0.24,102,14,13,6,2299
2940,TX,75766,Bank_Of_Am,5798,02013724,2,0.3527,-1.04,133,27,92,26,25
2941,CA,90241,Discover,7302,01015706,1,0.3278,-1.12,107,12,42,1,3100
2942,RI,02908,Bank_Of_Am,1986,01014883,1,0.1309,-2.03,100,77,99,3,25
2943,NC,28801,Associates,5161,03013456,3,0.3653,-1.01,141,92,37,1,100
2944,OH,45121,Associates,592,02014149,2,0.1164,-2.15,106,93,97,2,250
2945,CA,93907,Bank_Of_Am,4358,01016037,1,0.1533,-1.88,77,33,50,1,3250
2946,OK,74021,Associates,2142,08000000,8,0.3195,-1.14,128,85,66,2,250
2947,TN,38111,Discover,1696,01017563,1,0.7346,-0.31,95,11,59,1,20
2948,NJ,07101,Wells,586,02014099,2,0.4724,-0.75,128,53,17,1,404
2949,OH,43952,Associates,2104,01019479,1,0.0964,-2.34,148,14,10,1,425
2950,NJ,07306,Bank_Of_Am,1955,03013572,3,0.0323,-3.43,140,18,30,2,850
2951,MI,49735,Chase,3036,02013900,2,0.0287,-3.55,130,72,37,1,75
2952,TX,78108,Bank_Of_Am,4563,06012650,6,0.9559,-0.05,145,91,63,2,1400
2953,CA,93702,Wells,1128,06012636,6,0.1496,-1.9,145,46,22,1,150
2954,FL,33851,Chase,3918,05012865,5,0.9635,-0.04,123,38,2,1,350
2955,FL,34997,Discover,2980,01018706,1,0.9433,-0.06,134,61,94,4,1065
2956,NC,28396,Discover,8002,05012779,5,0.7722,-0.26,140,34,9,3,5276
2957,ID,83201,Discover,2213,01015994,1,0.3164,-1.15,106,90,3,1,725
2958,FL,34135,Wells,3213,03013444,3,0.6788,-0.39,137,18,25,1,940
2959,TX,79070,Discover,6875,10011258,10,0.0477,-3.04,135,2,24,16,375
2960,NY,10024,Chase_Rev,6244,05012968,5,0.0932,-2.37,91,27,200,4,207
2961,CA,93454,Bank_Of_Am,1698,02014337,2,0.6837,-0.38,128,88,130,5,100
2962,OH,44302,Discover,1400,05012884,5,0.2437,-1.41,90,20,139,1,843
2963,FL,33624,Associates,4210,06012749,6,0.7922,-0.23,135,46,410,2,175
2964,NY,14607,Discover,7245,01015310,1,0.1212,-2.11,144,82,127,1,3051
2965,PA,15132,Associates,1971,05012793,5,0.3822,-0.96,127,64,35,4,930
2966,AZ,85704,Wells,1387,07012356,7,0.8851,-0.12,126,99,29,1,65
2967,AZ,85069,Bank_Of_Am,6529,01018472,1,0.8816,-0.13,112,84,17,3,880
2968,CA,95050,Wells,2616,03013330,3,0.6483,-0.43,116,1,96,1,110
2969,NJ,07306,Discover,799,01014770,1,0.3918,-0.94,132,85,32,3,350
2970,NY,13152,Discover,1988,03013551,3,0.3433,-1.07,120,7,22,1,1651
2971,MA,01841,Discover,3582,01014930,1,0.1279,-2.06,107,35,17,2,2030
2972,CA,94110,Wells,926,06012705,6,0.7312,-0.31,100,14,19,7,608
2973,MA,02760,Discover,3635,04013048,4,0.1468,-1.92,95,46,32,3,1200
2974,TX,78212,Associates,4470,03013343,3,0.7981,-0.23,117,2,93,1,109
2975,NJ,08884,Wells,1098,01016223,1,0.1502,-1.9,121,83,154,1,40
2976,TN,38334,Bank_Of_Am,770,02014333,2,0.4118,-0.89,144,4,41,1,85
2977,OH,43130,Discover,3939,01019251,1,0.8609,-0.15,115,94,138,2,10
2978,WA,98011,Wells,1141,07012402,7,0.5350,-0.63,124,43,70,1,440
2979,MD,21795,Associates,1821,01014935,1,0.9166,-0.09,116,76,80,2,283
2980,PA,19403,Chase,2039,03013650,3,0.9645,-0.04,107,62,89,1,2400
2981,VT,05301,Bank_Of_Am,2342,06012636,6,0.9315,-0.07,141,27,149,1,2243
2982,CA,94621,Bank_Of_Am,5481,01925980,1,0.8068,-0.21,140,67,8,1,1225
2983,LA,70079,Discover,1525,01016501,1,0.8061,-0.22,116,81,72,1,2243
2984,CO,80403,Chase,1682,02013779,2,0.3302,-1.11,124,92,53,2,800
2985,AL,36111,Discover,1926,03923600,3,0.4473,-0.8,147,37,55,4,295
2986,FL,32817,Discover,1753,10010613,10,0.4068,-0.9,111,16,149,1,116
2987,LA,70462,Chase_Rev,2131,03013602,3,0.8299,-0.19,93,67,52,1,545
2988,CA,90807,Wells,1332,07012407,7,0.6815,-0.38,118,26,76,2,1060
2989,VT,05401,Associates,1112,03013352,3,0.7755,-0.25,130,90,31,12,52
2990,CA,90604,Discover,1515,06012742,6,0.3909,-0.94,134,83,53,1,670
2991,KS,66701,Associates,5900,09011914,9,0.3718,-0.99,116,60,5,2,25
2992,IL,60115,Bank_Of_Am,999,02013865,2,0.7048,-0.35,99,75,107,2,125
2993,CA,92335,Bank_Of_Am,275,03013508,3,0.3069,-1.18,95,41,190,1,100
2994,IN,46221,Wells,1931,02013738,2,0.8247,-0.19,139,35,97,4,586
2995,AK,99929,Bank_Of_Am,976,05012980,5,0.6658,-0.41,106,61,50,3,1300
2996,NY,11755,Wells,8167,01016191,1,0.7661,-0.27,112,12,117,3,900
2997,MS,39180,Discover,3987,09012071,9,0.7302,-0.31,108,88,273,2,450
2998,MA,02148,Discover,3673,02014662,2,0.3138,-1.16,140,70,128,4,655
2999,NH,03104,Discover,5711,10011795,10,0.0873,-2.44,144,55,90,5,75
3000,WA,98466,Bank_Of_Am,777,03013576,3,0.1687,-1.78,128,10,73,4,32
3001,CA,93458,Wells,1372,06012689,6,0.6093,-0.5,85,29,50,2,50
3002,NY,11553,Chase_Rev,1598,02013726,2,0.9216,-0.08,141,20,21,2,230
3003,WA,98841,Bank_Of_Am,461,10011773,10,0.8690,-0.14,132,60,3,2,183
3004,NY,10467,Associates,2223,03013332,3,0.6086,-0.5,126,65,38,1,800
3005,CA,94596,Wells,2490,02014548,2,0.1103,-2.2,141,64,39,1,1320
3006,AZ,85345,Wells,1741,05012999,5,0.1795,-1.72,137,98,97,12,150
3007,NY,11235,Chase,2833,04013145,4,0.6574,-0.42,112,89,12,2,3794
3008,CA,91104,Wells,1752,04013202,4,0.8871,-0.12,110,24,49,3,750
3009,MA,02140,Chase_Rev,2471,03013304,3,0.9780,-0.02,129,49,81,2,400
3010,CA,91790,Discover,6003,01019056,1,0.9651,-0.04,114,87,47,2,2525
3011,TX,75647,Wells,1277,07012438,7,0.4188,-0.87,131,18,52,1,31
3012,TX,75185,Discover,3902,10011479,10,0.5163,-0.66,136,96,42,8,2102
3013,CT,06040,Associates,1412,04013105,4,0.0138,-4.28,127,60,134,3,1883
3014,FL,34206,Discover,937,07012359,7,0.8666,-0.14,138,19,73,2,41
3015,NY,11768,Bank_Of_Am,1276,03013584,3,0.7268,-0.32,130,47,75,3,150
3016,MA,01069,Bank_Of_Am,1632,03013572,3,0.3261,-1.12,107,76,44,1,80
3017,MO,63857,Bank_Of_Am,3425,06012643,6,0.4940,-0.71,92,78,38,8,89
3018,NY,13088,Chase_Bony,8103,07012462,7,0.5148,-0.66,129,6,82,3,3020
3019,TX,76643,Chase,920,06012672,6,0.1452,-1.93,127,14,6,3,748
3020,OH,44144,Associates,4628,02014331,2,0.4303,-0.84,90,69,128,4,915
3021,LA,70118,Wells,2170,03013539,3,0.0533,-2.93,116,12,32,1,150
3022,MA,02150,Associates,6004,08012326,8,0.7256,-0.32,110,49,19,1,4275
3023,SC,29630,Discover,649,10010527,10,0.9455,-0.06,140,43,2,1,13
3024,OH,45634,Discover,2336,04013215,4,0.3537,-1.04,125,85,28,6,700
3025,CA,93612,Wells_FIB,893,02013694,2,0.6602,-0.42,109,97,119,6,190
3026,AZ,85741,Wells_FIB,1317,01015465,1,0.4949,-0.7,126,41,308,1,300
3027,CA,91358,Associates,1184,03013534,3,0.1623,-1.82,105,86,38,1,1069
3028,NJ,08724,Discover,5267,01019414,1,0.9249,-0.08,138,47,85,1,2212
3029,CA,95817,Bank_Of_Am,483,05012785,5,0.8809,-0.13,145,75,217,2,530
3030,TX,78586,Discover,1174,09921103,9,0.7100,-0.34,105,70,72,5,475
3031,NV,89102,Bank_Of_Am,1247,02014215,2,0.0350,-3.35,127,26,56,1,180
3032,CA,94903,Wells,1563,01016635,1,0.6424,-0.44,122,57,13,5,364
3033,MA,01904,Discover,3253,01019514,1,0.3526,-1.04,116,89,142,5,1650
3034,NV,89119,Wells,4257,08012180,8,0.8958,-0.11,113,93,4,1,86
3035,PA,19440,Discover,1656,01015026,1,0.9478,-0.05,131,80,108,4,190
3036,NY,11427,Chase_Rev,3328,04013197,4,0.8663,-0.14,141,32,26,1,465
3037,NY,10928,Bank_Of_Am,9835,02013718,2,0.3893,-0.94,104,28,88,2,2170
3038,IL,60201,Bank_Of_Am,2055,03013435,3,0.2633,-1.33,108,72,57,16,34
3039,IL,62901,Discover,2362,01926309,1,0.9451,-0.06,90,15,52,5,595
3040,CA,91343,Bank_Of_Am,2230,08012260,8,0.1853,-1.69,105,50,1,1,335
3041,FL,34652,Associates,527,02013759,2,0.4745,-0.75,120,30,7,1,120
3042,CA,91773,Wells,1369,04013113,4,0.9011,-0.1,136,79,20,2,400
3043,FL,32301,Discover,2745,02013696,2,0.4391,-0.82,114,23,47,1,936
3044,LA,71019,Discover,887,01016909,1,0.6318,-0.46,148,46,75,6,314
3045,GA,31206,Associates,1800,03013369,3,0.7996,-0.22,144,73,70,9,285
3046,NJ,07055,Discover,1027,08012248,8,0.2211,-1.51,102,53,6,1,50
3047,CA,91802,Wells,1288,07012532,7,0.8451,-0.17,116,47,37,2,210
3048,CA,90028,Wells,2069,01014833,1,0.2768,-1.28,113,13,96,2,520
3049,NC,27510,Discover,2629,02014374,2,0.1918,-1.65,122,8,51,5,585
3050,NC,28146,Associates,5098,01926231,1,0.7943,-0.23,130,60,29,1,997
3051,CA,94118,Bank_Of_Am,4764,08012281,8,0.5483,-0.6,102,9,68,1,1550
3052,CA,90034,Wells,1520,01927990,1,0.2971,-1.21,125,25,92,2,1110
3053,ME,04289,Associates,7200,10011826,10,0.7548,-0.28,135,84,16,2,1205
3054,OK,74701,Discover,2991,02013842,2,0.4990,-0.7,116,69,39,7,75
3055,CA,90680,Bank_Of_Am,2160,01019134,1,0.1329,-2.02,129,38,24,5,958
3056,NY,13089,Discover,1575,04013190,4,0.4134,-0.88,126,85,1,1,100
3057,CA,93309,Bank_Of_Am,1556,07012516,7,0.3861,-0.95,116,42,4,3,525
3058,TX,79331,Associates,1742,08000000,8,0.9611,-0.04,114,47,142,1,50
3059,NJ,08059,Chase,6274,03013438,3,0.4460,-0.81,130,54,26,2,300
3060,CO,80215,Wells,3441,02924534,2,0.5227,-0.65,119,83,248,6,575
3061,CA,91737,Bank_Of_Am,1975,01014865,1,0.5960,-0.52,90,62,90,2,101
3062,MI,48235,Discover,2540,04013038,4,0.3327,-1.1,122,18,36,1,2125
3063,FL,32822,Wells,4280,04013211,4,0.1151,-2.16,114,87,96,18,753
3064,AL,36617,Discover,2525,01016328,1,0.6710,-0.4,128,84,5,1,375
3065,NJ,07081,Chase,1470,05012972,5,0.5323,-0.63,118,82,125,8,400
3066,CA,95460,Associates,5757,09011955,9,0.9262,-0.08,82,69,141,1,551
3067,CA,92708,Wells,2255,02925525,2,0.4970,-0.7,137,38,316,6,590
3068,AZ,85051,Discover,4014,01019414,1,0.1325,-2.02,108,67,14,1,328
3069,WA,98052,Bank_Of_Am,1293,07012412,7,0.2270,-1.48,106,14,9,3,1643
3070,TN,38585,Discover,3309,05012994,5,0.6617,-0.41,123,93,87,2,575
3071,FL,33312,Associates,357,01016033,1,0.4117,-0.89,138,66,165,8,75
3072,IL,60612,Discover,3169,05012851,5,0.5559,-0.59,126,3,44,1,600
3073,NC,28412,Discover,4419,01016108,1,0.9144,-0.09,128,63,87,4,1200
3074,NC,28327,Wells,2237,01019592,1,0.3514,-1.05,98,86,45,2,700
3075,TX,78029,Wells,3167,10011639,10,0.6314,-0.46,149,6,10,1,940
3076,MO,65441,Discover,3184,04013106,4,0.1422,-1.95,143,71,71,4,1302
3077,TX,75043,Bank_Of_Am,4275,10010163,10,0.4464,-0.81,104,31,83,1,530
3078,TN,38181,Discover,6325,09012039,9,0.3673,-1,104,84,20,8,1540
3079,TX,77040,Chase_Rev,3565,10011849,10,0.2212,-1.51,143,43,73,2,80
3080,AZ,86001,Bank_Of_Am,1799,02014120,2,0.8135,-0.21,137,41,72,4,218
3081,CA,94587,Bank_Of_Am,2422,01016815,1,0.8411,-0.17,120,43,71,11,100
3082,VA,23669,Discover,1528,03013664,3,0.6273,-0.47,139,97,105,2,1685
3083,HI,96792,Bank_Of_Am,492,06012761,6,0.7994,-0.22,133,65,38,5,750
3084,FL,32605,Associates,2988,08012232,8,0.2496,-1.39,117,59,34,5,478
3085,TN,37172,Wells,3548,01015490,1,0.1867,-1.68,112,72,64,3,468
3086,MI,48038,Associates,2545,04013095,4,0.5508,-0.6,121,70,121,2,537
3087,TX,77015,Discover,2398,10011674,10,0.0791,-2.54,115,16,25,6,1500
3088,CA,93907,Chase,5094,06012559,6,0.4301,-0.84,133,29,146,3,3365
3089,CA,92308,Bank_Of_Am,1951,01019328,1,0.0309,-3.48,129,40,7,1,43
3090,NJ,08302,Discover,5054,01019062,1,0.6030,-0.51,120,89,38,8,730
3091,WA,98004,Bank_Of_Am,3747,01016010,1,0.6509,-0.43,109,91,13,7,175
3092,TX,76135,Wells,1575,04013178,4,0.4823,-0.73,97,93,85,2,109
3093,OH,43952,Bank_Of_Am,3901,01016739,1,0.8587,-0.15,140,54,91,6,700
3094,VA,24426,Discover,1996,04013139,4,0.7785,-0.25,130,82,40,3,2331
3095,NY,14072,Bank_Of_Am,6980,06012598,6,0.3240,-1.13,122,34,116,18,1755
3096,CA,94537,Chase,1866,03013393,3,0.8159,-0.2,145,26,59,13,560
3097,GA,30214,Wells,3230,01016781,1,0.5607,-0.58,137,57,38,12,550
3098,MA,02118,Discover,2013,04923198,4,0.9198,-0.08,129,25,41,2,398
3099,IN,46227,Wells,6882,02014615,2,0.8810,-0.13,132,60,122,2,1850
3100,FL,34668,Bank_Of_Am,4664,06012763,6,0.5311,-0.63,145,69,92,1,2172
3101,LA,70374,Bank_Of_Am,3351,01019372,1,0.8214,-0.2,133,76,111,5,52
3102,KY,40071,Associates,6610,01016921,1,0.7994,-0.22,117,50,36,2,3126
3103,FL,33406,Discover,7061,02014220,2,0.5361,-0.62,124,64,55,1,2662
3104,NV,89193,Discover,3940,01014986,1,0.5488,-0.6,130,56,19,6,2460
3105,MI,49707,Discover,3395,01019463,1,0.1675,-1.79,81,78,50,3,2432
3106,CA,90303,Wells,1754,04013197,4,0.0450,-3.1,101,22,82,6,360
3107,IL,60525,Discover,2119,03013438,3,0.1876,-1.67,106,63,174,11,620
3108,TX,75224,Discover,2304,09011954,9,0.2291,-1.47,130,78,57,3,25
3109,PA,18509,Discover,3790,05012884,5,0.1713,-1.76,133,2,82,1,447
3110,WA,99116,Bank_Of_Am,1045,04013139,4,0.9761,-0.02,137,65,69,3,1034
3111,CA,92377,Wells,1786,06012759,6,0.7753,-0.25,128,79,72,4,110
3112,NV,89121,Bank_Of_Am,1430,01019016,1,0.1938,-1.64,117,22,82,4,350
3113,FL,33025,Chase,2335,03013446,3,0.8923,-0.11,130,94,30,8,1600
3114,NY,11221,Discover,1748,01016326,1,0.4887,-0.72,127,18,95,3,40
3115,NV,89115,Wells,4753,10010156,10,0.8909,-0.12,141,52,33,4,500
3116,MO,63121,Associates,827,07012519,7,0.8372,-0.18,113,73,1,1,100
3117,FL,32351,Bank_Of_Am,1424,01017117,1,0.6045,-0.5,120,8,59,1,42
3118,CA,90254,Wells,1607,05012846,5,0.7927,-0.23,116,51,31,5,430
3119,IN,46802,Chase_Rev,2796,03013505,3,0.2447,-1.41,108,80,98,4,928
3120,NJ,07026,Bank_Of_Am,1852,02014129,2,0.2677,-1.32,118,98,64,1,1889
3121,CA,90026,Chase_Rev,436,02013753,2,0.1504,-1.89,123,52,75,3,378
3122,TX,79720,Discover,1102,04013199,4,0.3160,-1.15,118,42,78,4,25
3123,LA,70126,Discover,2358,03013375,3,0.4054,-0.9,136,30,34,1,1260
3124,FL,33196,Discover,2259,02013682,2,0.1448,-1.93,144,19,82,5,1559
3125,CT,06511,Associates,2555,03013575,3,0.8739,-0.13,145,86,36,4,210
3126,AZ,85750,Bank_Of_Am,4339,10011857,10,0.5355,-0.62,146,92,102,3,2453
3127,FL,32927,Discover,2747,04013046,4,0.4443,-0.81,134,5,247,3,682
3128,CA,92376,Wells,3693,01019289,1,0.5932,-0.52,116,27,137,8,500
3129,NC,27265,Discover,1137,01018041,1,0.1918,-1.65,137,24,33,2,60
3130,OH,45710,Discover,2637,02014012,2,0.8255,-0.19,125,85,92,7,125
3131,CA,91423,Discover,3592,06012564,6,0.8572,-0.15,118,32,61,4,1200
3132,MN,55362,Discover,1534,01015907,1,0.3397,-1.08,132,74,60,1,443
3133,CO,80206,Associates,1213,07012505,7,0.0630,-2.76,129,59,4,4,845
3134,GA,31816,Associates,2956,01019411,1,0.5139,-0.67,140,52,141,3,902
3135,MA,01950,Discover,3255,07012540,7,0.8135,-0.21,130,11,130,11,900
3136,TN,37086,Chase_Rev,1527,02014025,2,0.5877,-0.53,113,60,72,1,1830
3137,AZ,85027,Bank_Of_Am,2642,01016115,1,0.0009,-6.97,138,99,49,6,1472
3138,LA,70653,Discover,3638,06012694,6,0.1568,-1.85,117,10,126,6,3235
3139,OR,97007,Bank_Of_Am,1212,04013266,4,0.4570,-0.78,117,63,10,2,250
3140,LA,70126,Discover,6681,04013223,4,0.6954,-0.36,137,76,87,1,900
3141,CA,93550,Wells,1430,02014430,2,0.7427,-0.3,136,65,111,2,450
3142,MA,02703,Discover,2899,02014571,2,0.9083,-0.1,141,16,22,5,962
3143,FL,34476,Discover,9642,01015154,1,0.2171,-1.53,144,51,12,1,3446
3144,NC,27262,Chase_Rev,2924,01015397,1,0.6338,-0.46,108,76,86,1,623
3145,CA,92104,Wells,1302,05012781,5,0.4063,-0.9,141,22,46,1,200
3146,FL,32095,Discover,7787,09012090,9,0.2019,-1.6,129,11,9,8,7787
3147,GA,30223,Associates,5974,07012400,7,0.8357,-0.18,89,29,45,15,50
3148,MO,65301,Associates,2629,07012450,7,0.7716,-0.26,141,17,10,1,106
3149,DC,20020,Wells,8636,01015014,1,0.1094,-2.21,145,22,27,7,675
3150,TX,77642,Discover,3997,10010156,10,0.2571,-1.36,142,79,197,3,50
3151,AR,72662,Chase_Rev,912,03013295,3,0.5826,-0.54,102,94,71,1,919
3152,LA,70816,Discover,984,02014335,2,0.4561,-0.79,137,38,22,5,818
3153,TX,77346,Wells,6552,10011364,10,0.0929,-2.38,140,36,81,4,2720
3154,NY,10024,Chase_Rev,2005,02014010,2,0.3896,-0.94,134,47,67,1,2097
3155,TX,77449,Bank_Of_Am,2803,10010156,10,0.3359,-1.09,101,88,56,1,2023
3156,NJ,08104,Discover,976,08000000,8,0.4877,-0.72,122,10,37,3,50
3157,FL,34205,Discover,2656,01016045,1,0.2624,-1.34,123,99,57,3,450
3158,FL,34973,Chase_Rev,5244,09012025,9,0.8831,-0.12,127,63,28,4,125
3159,CA,91104,Bank_Of_Am,3100,05012831,5,0.4487,-0.8,123,26,40,1,205
3160,NM,88201,Associates,3070,02013832,2,0.0693,-2.67,146,71,190,3,209
3161,TN,38109,Discover,2563,01017230,1,0.9503,-0.05,110,59,96,1,939
3162,CA,94134,Bank_Of_Am,1112,09011978,9,0.1310,-2.03,137,76,62,3,500
3163,VA,22306,Discover,1211,03013649,3,0.9745,-0.03,131,14,137,1,116
3164,IL,60463,Discover,1088,04013097,4,0.6319,-0.46,92,68,35,1,405
3165,TX,79313,Associates,2566,01019003,1,0.7866,-0.24,119,97,26,1,867
3166,CA,94591,Wells,5483,01016036,1,0.9632,-0.04,127,84,63,6,1988
3167,WA,98001,Discover,4496,08012289,8,0.1046,-2.26,134,60,5,1,110
3168,AZ,85224,Discover,1554,01019224,1,0.7582,-0.28,94,2,2,1,416
3169,TX,76058,Wells,1839,09011920,9,0.3413,-1.08,90,27,20,4,455
3170,CA,92231,Wells,1279,08012294,8,0.9030,-0.1,132,35,59,2,40
3171,NY,11436,Bank_Of_Am,2452,01015354,1,0.4335,-0.84,138,63,64,2,1118
3172,NY,10701,Discover,1958,03013437,3,0.2412,-1.42,116,16,58,1,1250
3173,RI,02891,Chase,6021,07012471,7,0.2353,-1.45,144,25,96,1,95
3174,IL,60629,Chase,3238,04013103,4,0.6353,-0.45,116,93,103,3,1050
3175,CA,95354,Bank_Of_Am,1620,01019402,1,0.2386,-1.43,143,84,72,1,301
3176,GA,31012,Chase_Rev,2644,03013350,3,0.1127,-2.18,119,44,29,12,145
3177,CA,92336,Bank_Of_Am,2125,03013544,3,0.7282,-0.32,87,38,76,2,180
3178,SC,29203,Associates,1772,06012737,6,0.8054,-0.22,144,84,288,4,105
3179,CA,90660,Associates,826,08000000,8,0.3816,-0.96,134,39,45,3,17
3180,CA,95843,Wells,350,02014203,2,0.8394,-0.18,135,56,76,16,25
3181,OH,43201,Discover,1540,01017098,1,0.7302,-0.31,144,14,110,6,30
3182,CA,93234,Bank_Of_Am,4433,08012327,8,0.6053,-0.5,112,73,114,3,440
3183,IL,60619,Associates,2036,02014734,2,0.3702,-0.99,117,89,40,1,100
3184,CA,90631,Wells,3036,01014989,1,0.4458,-0.81,117,14,21,7,475
3185,OH,43771,Wells,2499,01016168,1,0.5374,-0.62,146,39,119,1,25
3186,CA,92106,Wells,1646,03013373,3,0.7695,-0.26,144,16,116,1,435
3187,NY,10461,Discover,782,03013503,3,0.9762,-0.02,124,26,211,3,31
3188,TX,75672,Discover,9197,09011937,9,0.6129,-0.49,107,51,77,2,100
3189,OH,45014,Discover,2571,04013052,4,0.8369,-0.18,87,89,145,1,3181
3190,TX,77061,Discover,5392,10011361,10,0.8819,-0.13,135,11,53,1,100
3191,NY,11373,Bank_Of_Am,4788,01015791,1,0.6521,-0.43,116,97,85,4,395
3192,IA,52801,Chase_Rev,2830,07012356,7,0.2808,-1.27,137,15,1,1,18
3193,CA,95678,Wells,1086,01017707,1,0.9476,-0.05,145,17,21,4,150
3194,WI,54534,Chase_Rev,747,06012712,6,0.8366,-0.18,145,12,43,4,339
3195,NY,10454,Discover,1483,05012887,5,0.5039,-0.69,143,96,86,1,316
3196,NC,27529,Discover,3553,02014322,2,0.5570,-0.59,105,41,31,1,1856
3197,CA,91761,Wells,1250,07012410,7,0.3256,-1.12,129,78,58,5,31
3198,CA,90650,Bank_Of_Am,4953,06922398,6,0.8476,-0.17,116,14,4,1,150
3199,TN,37083,Discover,3733,06012673,6,0.3047,-1.19,133,52,45,2,4182
3200,CA,94015,Bank_Of_Am,522,02014152,2,0.2613,-1.34,137,8,93,3,547
3201,AL,35555,Chase,1372,03013310,3,0.2105,-1.56,117,19,88,3,30
3202,WA,99212,Discover,2380,01016087,1,0.9604,-0.04,118,33,27,1,253
3203,FL,34748,Discover,3752,06012640,6,0.9598,-0.04,107,59,157,3,195
3204,TN,37062,Discover,3145,01016361,1,0.0618,-2.78,106,58,102,3,2715
3205,NJ,07663,Chase_Rev,782,03013540,3,0.4342,-0.83,90,35,46,3,180
3206,CO,80226,Associates,798,02013784,2,0.9890,-0.01,101,4,198,1,127
3207,NC,27823,Discover,2097,01014967,1,0.3590,-1.02,130,76,33,5,637
3208,ND,58102,Discover,3699,01019139,1,0.0627,-2.77,139,70,153,1,180
3209,MA,01770,Bank_Of_Am,1939,02014173,2,0.5713,-0.56,108,18,30,2,2688
3210,CA,92374,Wells,5642,01927144,1,0.3704,-0.99,112,72,35,4,1520
3211,CA,90020,Wells,3414,01014893,1,0.5724,-0.56,115,56,31,3,550
3212,OH,45236,Discover,3926,05012892,5,0.7813,-0.25,140,20,29,1,125
3213,SC,29720,Discover,3039,04013269,4,0.3547,-1.04,121,3,65,8,380
3214,OH,44124,Bank_Of_Am,3768,01015315,1,0.1485,-1.91,120,65,58,13,110
3215,AL,36726,Discover,2690,03013334,3,0.7546,-0.28,124,72,37,2,150
3216,FL,33428,Discover,2075,04013089,4,0.2777,-1.28,104,15,56,1,43
3217,NY,11433,Chase,3095,04013185,4,0.5750,-0.55,122,38,25,1,902
3218,CA,90810,Wells,662,02014348,2,0.8993,-0.11,136,26,56,1,175
3219,SC,29420,Discover,6637,08012306,8,0.8513,-0.16,115,33,8,4,75
3220,AZ,85040,Bank_Of_Am,1332,06012671,6,0.6283,-0.46,135,12,149,1,240
3221,NV,89104,Bank_Of_Am,3339,10011815,10,0.4199,-0.87,134,78,51,3,312
3222,OR,97006,Bank_Of_Am,916,03013299,3,0.5670,-0.57,136,23,84,1,500
3223,NY,10466,Discover,1699,04013234,4,0.8573,-0.15,98,85,33,1,175
3224,AZ,85204,Chase,1328,08012339,8,0.3267,-1.12,68,17,152,4,30
3225,NJ,07093,Bank_Of_Am,2130,02014514,2,0.4542,-0.79,143,87,94,1,776
3226,CA,90034,Associates,735,06012568,6,0.0569,-2.87,138,3,151,1,215
3227,CA,91605,Wells,1466,08012344,8,0.1381,-1.98,128,72,136,3,1132
3228,MI,48655,Discover,3021,01019493,1,0.0256,-3.67,138,91,52,2,100
3229,NY,14201,Bank_Of_Am,2492,04013265,4,0.9146,-0.09,136,69,97,1,999
3230,CA,91911,Wells,1716,04013202,4,0.6270,-0.47,107,59,103,3,1450
3231,OH,43206,Discover,5991,08012335,8,0.5600,-0.58,111,29,40,2,336
3232,MI,48219,Discover,7101,09011927,9,0.7574,-0.28,114,45,26,1,1500
3233,CT,06783,Wells,8169,01019290,1,0.1494,-1.9,127,98,44,12,985
3234,FL,33186,Discover,2710,02013964,2,0.9276,-0.08,90,6,202,1,500
3235,TN,37663,Chase,2293,02014110,2,0.4235,-0.86,134,21,2,1,906
3236,KY,42064,Chase,3793,04013225,4,0.9194,-0.08,138,35,32,5,1900
3237,CA,92124,Wells,1781,01014941,1,0.2900,-1.24,140,13,83,4,961
3238,AZ,85251,Associates,2581,06012753,6,0.2845,-1.26,97,7,6,1,485
3239,CA,92110,Wells,1728,03013304,3,0.1483,-1.91,81,2,41,5,125
3240,CA,94403,Wells,263,01014811,1,0.6003,-0.51,103,72,6,2,262
3241,GA,30340,Discover,2184,06012569,6,0.2354,-1.45,104,55,20,5,400
3242,CA,92801,Wells,932,06012566,6,0.1805,-1.71,124,64,29,3,700
3243,PA,17547,Chase_Rev,2565,03013418,3,0.6261,-0.47,126,36,41,1,550
3244,GA,30080,Discover,2381,02014274,2,0.4418,-0.82,82,25,11,1,736
3245,MD,21742,Chase,1532,03013555,3,0.7564,-0.28,105,18,98,11,75
3246,GA,31601,Discover,3159,04013171,4,0.0791,-2.54,133,71,78,2,1297
3247,LA,71360,Discover,3816,01016049,1,0.8000,-0.22,143,28,36,1,500
3248,PA,19038,Discover,1435,07012356,7,0.2305,-1.47,111,33,3,2,660
3249,MO,64012,Associates,1771,02013697,2,0.9414,-0.06,129,38,86,1,1800
3250,NY,11385,Chase,5047,06012615,6,0.6954,-0.36,113,85,1,1,25
3251,SC,29061,Wells,2957,03013569,3,0.1111,-2.2,114,51,308,10,185
3252,AK,99801,Bank_Of_Am,1690,01019562,1,0.7270,-0.32,96,42,102,4,559
3253,AL,36277,Chase_Rev,1038,04013247,4,0.8060,-0.22,120,62,86,5,322
3254,NY,11706,Discover,4448,01016788,1,0.0433,-3.14,100,34,102,2,1260
3255,NC,28585,Associates,2038,01018029,1,0.7454,-0.29,132,73,300,1,1470
3256,MD,21213,Wells,3251,01015707,1,0.2320,-1.46,118,58,120,2,400
3257,AZ,85018,Wells_FIB,481,03013481,3,0.5161,-0.66,112,31,148,13,20
3258,CA,92841,Wells,1844,03013457,3,0.2395,-1.43,102,10,51,1,1220
3259,AR,72117,Associates,2981,10011618,10,0.9224,-0.08,140,96,10,1,75
3260,CA,92656,Chase,2035,04013022,4,0.2601,-1.35,136,83,127,1,25
3261,CA,92234,Associates,4658,08012242,8,0.1665,-1.79,131,40,112,6,2040
3262,FL,34952,Chase,7301,08012249,8,0.3721,-0.99,132,20,16,4,243
3263,LA,71378,Bank_Of_Am,1860,03013476,3,0.8650,-0.14,112,60,100,2,1000
3264,NV,89128,Associates,1731,09012063,9,0.5047,-0.68,100,54,104,1,419
3265,OH,45601,Discover,2356,01015467,1,0.2336,-1.45,123,93,5,2,3092
3266,WA,98404,Wells,1129,06012751,6,0.5500,-0.6,92,37,70,2,100
3267,NV,89512,Discover,3590,01926287,1,0.3490,-1.05,122,15,390,3,2500
3268,NJ,07422,Associates,5504,01019352,1,0.2855,-1.25,122,56,51,1,3145
3269,CA,91356,Chase,1890,03013465,3,0.7017,-0.35,146,10,52,3,2463
3270,CA,95123,Wells,1440,07012546,7,0.6970,-0.36,135,60,107,3,953
3271,WA,98351,Bank_Of_Am,703,08012185,8,0.1583,-1.84,130,92,132,1,50
3272,CA,95926,Chase,1275,04013125,4,0.5935,-0.52,115,90,29,1,54
3273,CA,94015,Wells,5791,08012350,8,0.2187,-1.52,134,46,1,1,489
3274,TX,77378,Bank_Of_Am,370,05012911,5,0.8515,-0.16,103,97,50,3,375
3275,AZ,85737,Discover,9328,04013212,4,0.0396,-3.23,117,84,91,5,2480
3276,WA,98501,Bank_Of_Am,3297,06012723,6,0.7150,-0.34,125,20,26,4,1780
3277,RI,02904,Chase,2726,03013384,3,0.5064,-0.68,140,48,81,2,326
3278,CA,90262,Bank_Of_Am,867,06012712,6,0.0293,-3.53,95,34,6,1,900
3279,OH,45458,Discover,4165,05012841,5,0.0870,-2.44,121,72,320,1,450
3280,LA,70753,Discover,1650,03013572,3,0.3975,-0.92,144,90,90,4,145
3281,GA,30293,Discover,2405,02014218,2,0.9881,-0.01,113,52,84,1,1872
3282,CA,90005,Bank_Of_Am,1006,03013334,3,0.4136,-0.88,111,52,45,4,500
3283,NC,27107,Associates,2848,02013991,2,0.8343,-0.18,134,65,184,2,150
3284,OH,44213,Bank_Of_Am,9279,08012305,8,0.7077,-0.35,125,22,14,3,891
3285,WA,98312,Bank_Of_Am,1531,03013530,3,0.3284,-1.11,125,42,50,1,200
3286,MS,39209,Discover,2622,09011948,9,0.5639,-0.57,126,28,15,2,667
3287,KY,41091,Wells,4564,01015892,1,0.8317,-0.18,135,25,87,2,1200
3288,CA,94114,Wells,1421,04013039,4,0.2549,-1.37,111,45,74,8,1955
3289,TX,78217,Associates,6288,04013170,4,0.3577,-1.03,117,97,21,2,4080
3290,NC,28052,Chase,2044,02014625,2,0.6750,-0.39,145,60,81,20,690
3291,CA,91746,Wells,1311,06012736,6,0.5318,-0.63,146,59,6,2,619
3292,IL,61443,Discover,3938,07012410,7,0.0791,-2.54,132,89,132,1,1750
3293,FL,33409,Associates,429,02014708,2,0.9370,-0.07,112,23,105,1,20
3294,TX,76707,Discover,1417,02013911,2,0.2256,-1.49,147,46,236,1,500
3295,CA,92831,Discover,1560,08000000,8,0.4779,-0.74,124,42,18,4,1419
3296,CA,92831,Wells,1362,07012425,7,0.3952,-0.93,115,91,68,2,294
3297,VA,24060,Discover,2556,01016237,1,0.5765,-0.55,125,70,33,3,2288
3298,IN,47591,Chase,8814,08012240,8,0.0384,-3.26,125,57,9,2,13867
3299,MI,49930,Bank_Of_Am,1191,08012312,8,0.8978,-0.11,142,98,5,5,1341
3300,OH,44101,Wells,2998,04013083,4,0.6280,-0.47,143,16,65,5,18
3301,GA,30629,Chase_Rev,829,03013311,3,0.0778,-2.55,116,28,37,2,249
3302,CA,91773,Wells,1937,01019447,1,0.1257,-2.07,122,74,53,3,777
3303,PA,19151,Associates,4261,05012780,5,0.6823,-0.38,115,12,6,2,1098
3304,KY,41017,Bank_Of_Am,5572,01014862,1,0.3376,-1.09,111,52,37,4,2229
3305,LA,70535,Bank_Of_Am,2641,01019409,1,0.0788,-2.54,103,74,133,3,155
3306,NV,89031,Chase_Rev,4251,10011480,10,0.9927,-0.01,122,56,29,3,410
3307,TN,37421,Chase_Rev,1801,02013682,2,0.5221,-0.65,116,26,267,1,972
3308,CA,92359,Chase,5081,08012305,8,0.1502,-1.9,108,35,44,2,50
3309,FL,33909,Associates,2060,06012578,6,0.8758,-0.13,120,96,31,2,38
3310,VA,23320,Wells,1124,04013193,4,0.1996,-1.61,123,25,241,2,137
3311,TX,78380,Discover,3105,10010146,10,0.0074,-4.91,129,57,56,6,62
3312,CA,93455,Associates,2303,05013007,5,0.6869,-0.38,137,47,56,3,890
3313,PA,17601,Discover,5234,06012599,6,0.7698,-0.26,117,35,92,8,810
3314,FL,33157,Associates,580,01016239,1,0.1738,-1.75,110,60,529,1,103
3315,LA,70130,Discover,1805,03013327,3,0.8638,-0.15,93,45,70,1,125
3316,CA,95111,Wells,1629,02014461,2,0.8181,-0.2,131,30,41,1,1008
3317,IL,60440,Wells,1247,02013965,2,0.8942,-0.11,134,76,69,4,75
3318,PA,15241,Chase_Rev,8709,06012598,6,0.3278,-1.12,84,70,101,2,1560
3319,TX,76180,Discover,2161,07012538,7,0.4022,-0.91,98,4,47,2,100
3320,NV,89111,Chase,6355,08000000,8,0.4709,-0.75,122,47,136,2,1223
3321,NC,27597,Associates,719,01014938,1,0.9564,-0.04,128,79,186,2,25
3322,LA,70301,Bank_Of_Am,2754,04013168,4,0.7226,-0.32,142,4,50,1,1002
3323,MS,39401,Chase,4265,06012564,6,0.4622,-0.77,135,63,53,2,30
3324,CA,95822,Wells,1375,01928539,1,0.3923,-0.94,137,30,205,1,306
3325,CA,93023,Associates,1436,07012391,7,0.7495,-0.29,125,96,52,2,42
3326,TX,77541,Associates,972,08012352,8,0.8129,-0.21,136,16,75,3,270
3327,OH,44436,Associates,543,01015514,1,0.7003,-0.36,107,32,12,2,400
3328,CA,95619,Wells_FIB,3890,01015823,1,0.5922,-0.52,128,92,158,1,1050
3329,WI,54448,Bank_Of_Am,8456,10011563,10,0.1967,-1.63,115,53,191,4,400
3330,CA,92115,Bank_Of_Am,1387,05012791,5,0.9876,-0.01,102,23,1,1,78
3331,SC,29532,Chase,2251,04013262,4,0.3735,-0.98,140,35,337,5,100
3332,OH,43228,Chase_Rev,3137,02014660,2,0.5524,-0.59,125,35,192,10,1297
3333,CA,90220,Bank_Of_Am,5986,01019021,1,0.7388,-0.3,100,39,17,6,70
3334,NJ,08012,Discover,3437,06012600,6,0.9120,-0.09,129,21,54,3,825
3335,TX,78332,Discover,4025,10010148,10,0.7202,-0.33,134,26,91,2,829
3336,FL,34743,Chase,7451,08012259,8,0.2254,-1.49,114,33,4,1,75
3337,NV,89509,Wells,12635,10011189,10,0.8690,-0.14,122,33,49,11,316
3338,KS,66106,Associates,3153,05012974,5,0.8308,-0.19,113,54,48,2,470
3339,CA,93436,Wells_FIB,1229,01019086,1,0.1565,-1.85,135,52,17,1,323
3340,CA,93618,Chase,2239,05012805,5,0.2169,-1.53,135,53,41,2,1076
3341,NY,10566,Associates,1131,02014462,2,0.3981,-0.92,89,39,68,2,391
3342,CA,95132,Wells,7887,05012978,5,0.7087,-0.34,127,81,70,1,200
3343,NJ,08050,Chase_Rev,2117,03013469,3,0.2318,-1.46,109,32,15,1,600
3344,FL,33167,Associates,1862,06012730,6,0.7461,-0.29,112,76,151,9,485
3345,CT,06074,Chase_Rev,2764,03013390,3,0.7304,-0.31,140,61,114,2,90
3346,LA,70123,Discover,3258,04013112,4,0.5837,-0.54,113,25,68,5,1200
3347,MD,21229,Discover,2799,01015897,1,0.9012,-0.1,117,65,81,1,2991
3348,ID,83642,Wells,1933,06012734,6,0.9305,-0.07,141,61,102,5,400
3349,PA,18612,Discover,1794,03013551,3,0.1844,-1.69,76,62,161,1,50
3350,CA,90024,Chase,2360,02013904,2,0.1803,-1.71,92,89,36,1,1155
3351,CA,94608,Wells,1139,06012682,6,0.5792,-0.55,137,9,47,4,116
3352,FL,33056,Associates,3539,06012646,6,0.0625,-2.77,131,26,125,2,1104
3353,NC,28358,Discover,4804,02013775,2,0.8246,-0.19,121,40,73,2,325
3354,CA,92301,Bank_Of_Am,5905,01016515,1,0.9186,-0.08,115,37,130,1,750
3355,TX,75056,Bank_Of_Am,5099,10011734,10,0.1640,-1.81,127,44,23,2,40
3356,CA,94609,Wells,1757,02014440,2,0.2800,-1.27,140,70,58,7,920
3357,NV,89104,Associates,2640,01018920,1,0.4212,-0.86,112,91,78,21,105
3358,NY,11216,Associates,1311,06012763,6,0.4690,-0.76,126,95,79,9,255
3359,OH,43534,Discover,1136,06012763,6,0.3350,-1.09,147,27,6,3,840
3360,CA,94903,Chase,2499,06012614,6,0.6474,-0.43,125,22,33,1,1170
3361,NC,28328,Chase,3904,02013843,2,0.1306,-2.04,126,71,150,7,805
3362,LA,70510,Discover,2883,06012649,6,0.3459,-1.06,118,98,59,2,120
3363,NY,11954,Chase,9577,08012158,8,0.7869,-0.24,127,70,104,6,185
3364,TN,38261,Discover,1650,01016246,1,0.6673,-0.4,121,97,70,1,100
3365,CA,95350,Bank_Of_Am,1432,01019355,1,0.5749,-0.55,121,83,134,5,26
3366,CA,92506,Bank_Of_Am,382,01019558,1,0.7215,-0.33,133,88,224,1,575
3367,NY,11691,Discover,3655,05012994,5,0.7169,-0.33,127,5,122,3,68
3368,VA,24151,Associates,6472,10011763,10,0.9062,-0.1,84,93,38,3,2461
3369,MD,21205,Associates,5861,01019330,1,0.5470,-0.6,145,11,66,1,360
3370,WI,54872,Chase,4321,09920914,9,0.8899,-0.12,109,63,64,1,280
3371,TX,77033,Chase,1794,09012012,9,0.7744,-0.26,142,58,90,5,40
3372,CA,91722,Wells,9496,01014838,1,0.0786,-2.54,123,14,9,5,560
3373,UT,84721,Chase,9133,10011709,10,0.0780,-2.55,118,57,225,1,525
3374,CA,91722,Wells,1280,01015124,1,0.6773,-0.39,139,99,34,4,220
3375,TX,79072,Discover,2804,10011837,10,0.1986,-1.62,117,70,263,5,175
3376,MD,20895,Wells,2046,03013648,3,0.2557,-1.36,144,68,39,1,650
3377,MO,63857,Bank_Of_Am,457,04013184,4,0.5391,-0.62,123,97,215,3,236
3378,MS,38655,Associates,6956,01019002,1,0.4109,-0.89,96,94,14,2,3478
3379,CA,91345,Associates,1039,08000000,8,0.6539,-0.42,134,6,100,7,921
3380,NJ,08060,Wells,2478,06012597,6,0.9962,0,116,13,71,4,278
3381,TX,77375,Discover,1652,09921190,9,0.4376,-0.83,97,12,34,1,338
3382,IL,61761,Wells,3275,01019508,1,0.0681,-2.69,108,1,101,13,2025
3383,PA,19355,Discover,4275,07012541,7,0.3573,-1.03,144,51,299,4,1211
3384,NH,03060,Wells,1053,02014644,2,0.0461,-3.08,141,7,2,1,300
3385,TX,76112,Associates,2683,10011792,10,0.0668,-2.71,135,49,94,5,385
3386,CA,95131,Wells,2044,08012202,8,0.4698,-0.76,117,41,7,1,1350
3387,NY,11234,Wells,1876,01017027,1,0.6032,-0.51,124,21,51,1,73
3388,CT,06134,Chase,4442,06012735,6,0.9126,-0.09,131,51,184,3,900
3389,LA,70003,Discover,3720,08012159,8,0.5627,-0.57,116,65,154,18,176
3390,CA,94509,Wells,15386,02014658,2,0.5584,-0.58,136,50,28,9,1875
3391,MI,48209,Associates,2320,01019358,1,0.0693,-2.67,97,89,81,1,50
3392,GA,30092,Bank_Of_Am,2155,03013352,3,0.0047,-5.35,139,46,85,1,76
3393,PA,19120,Associates,7229,01015811,1,0.8910,-0.12,127,6,140,2,1930
3394,CA,90631,Discover,6226,01015596,1,0.5698,-0.56,126,9,99,3,1824
3395,AZ,85742,Discover,5374,10011803,10,0.5403,-0.62,85,66,116,1,100
3396,NY,11224,Discover,6036,04013036,4,0.1309,-2.03,125,96,62,3,25
3397,FL,32310,Discover,1403,02014374,2,0.7214,-0.33,120,81,106,5,250
3398,OH,45219,Discover,1658,01016653,1,0.5718,-0.56,89,68,30,1,830
3399,WA,98660,Bank_Of_Am,820,08012330,8,0.4823,-0.73,138,7,1,1,994
3400,CA,92399,Bank_Of_Am,5104,07012401,7,0.2570,-1.36,142,13,13,1,165
3401,CA,92505,Bank_Of_Am,2118,01016399,1,0.8869,-0.12,130,71,53,3,361
3402,CA,90004,Bank_Of_Am,1090,09012080,9,0.4503,-0.8,139,42,170,4,50
3403,NV,89145,Bank_Of_Am,8165,05012851,5,0.1812,-1.71,145,6,4,2,595
3404,WA,98503,Chase,3787,08012191,8,0.2932,-1.23,138,18,36,2,4200
3405,AL,36801,Discover,3863,01016771,1,0.2514,-1.38,128,60,24,4,2129
3406,CA,92251,Bank_Of_Am,1908,05012866,5,0.0707,-2.65,134,94,53,2,1200
3407,MO,63112,Chase,1471,06012712,6,0.0359,-3.33,144,18,5,2,832
3408,LA,70663,Discover,2157,06012656,6,0.8806,-0.13,121,79,20,12,1100
3409,FL,33870,Associates,2504,07012443,7,0.7535,-0.28,101,91,23,6,82
3410,SC,29128,Associates,618,03013518,3,0.1667,-1.79,88,72,153,4,231
3411,FL,33713,Chase,2091,04013289,4,0.4495,-0.8,148,9,62,2,152
3412,NJ,08332,Bank_Of_Am,2354,01017045,1,0.3691,-1,120,91,98,3,100
3413,TX,77568,Associates,3278,01015400,1,0.5279,-0.64,110,96,34,1,110
3414,VA,20121,Discover,950,01016028,1,0.1323,-2.02,143,65,180,3,164
3415,NV,89103,Bank_Of_Am,4641,01018773,1,0.5111,-0.67,125,32,78,2,250
3416,FL,33182,Chase_Rev,2309,04013288,4,0.2147,-1.54,124,28,96,1,190
3417,GA,30083,Wells,1886,03013607,3,0.7580,-0.28,130,34,55,14,1450
3418,AR,72359,Associates,2199,02014277,2,0.5559,-0.59,91,14,44,1,84
3419,TX,77373,Bank_Of_Am,1418,02014525,2,0.6106,-0.49,142,27,142,1,100
3420,NJ,08016,Chase,1056,03013562,3,0.3213,-1.14,114,61,28,3,1316
3421,CO,80302,Chase,6613,08000000,8,0.6937,-0.37,143,5,47,4,1415
3422,GA,30126,Chase_Rev,1742,04923182,4,0.6202,-0.48,107,65,31,2,534
3423,TX,76201,Discover,1176,02925035,2,0.5076,-0.68,101,90,31,2,910
3424,FL,34653,Discover,2335,03013441,3,0.1691,-1.78,115,45,98,1,1100
3425,TX,76180,Discover,13033,09920928,9,0.9223,-0.08,124,34,60,3,365
3426,WA,98055,Bank_Of_Am,1488,01019473,1,0.6809,-0.38,117,78,2,1,2082
3427,AL,36732,Discover,3704,02014000,2,0.3321,-1.1,137,29,6,3,525
3428,CA,93614,Bank_Of_Am,2604,07012547,7,0.8136,-0.21,127,92,113,3,165
3429,TX,79763,Discover,2235,04013098,4,0.0399,-3.22,109,42,113,7,50
3430,GA,30263,Discover,1944,04013139,4,0.8418,-0.17,116,35,114,2,614
3431,IN,47906,Discover,1778,04013182,4,0.2158,-1.53,112,18,9,1,1080
3432,CT,06441,Chase,6378,07012469,7,0.1181,-2.14,118,30,161,2,1441
3433,CA,94912,Wells,1768,03013418,3,0.5164,-0.66,137,63,66,3,400
3434,FL,33143,Chase,7451,01926046,1,0.1423,-1.95,126,63,265,2,150
3435,TX,76357,Wells,1411,07012469,7,0.5372,-0.62,116,22,23,13,1000
3436,SC,29440,Discover,1510,04013238,4,0.3074,-1.18,132,76,9,1,201
3437,WI,53092,Chase,4636,07012439,7,0.8269,-0.19,140,46,18,9,875
3438,TX,78213,Associates,5317,10011278,10,0.6450,-0.44,143,50,165,8,60
3439,IL,60657,Discover,5358,06012575,6,0.5974,-0.52,124,30,110,1,3100
3440,PA,19604,Discover,1676,03013619,3,0.5303,-0.63,132,25,62,4,710
3441,MA,02780,Bank_Of_Am,1953,05012889,5,0.1348,-2,118,12,8,3,500
3442,CA,93455,Wells,1629,03013322,3,0.6676,-0.4,124,38,49,2,2450
3443,IL,60621,Discover,8203,01016155,1,0.7034,-0.35,125,43,47,14,1566
3444,CA,94533,Bank_Of_Am,463,06012691,6,0.3892,-0.94,114,18,70,2,84
3445,MS,39466,Associates,630,04013050,4,0.3997,-0.92,125,40,138,28,40
3446,AR,72757,Discover,2626,09012069,9,0.0152,-4.19,92,66,93,2,60
3447,MD,21043,Wells,4970,01016311,1,0.7161,-0.33,113,13,35,1,196
3448,CA,92113,Bank_Of_Am,3671,01015746,1,0.9898,-0.01,100,11,70,1,4913
3449,GA,31088,Associates,1009,07012554,7,0.4371,-0.83,96,21,22,7,574
3450,MA,02302,Bank_Of_Am,1965,04013224,4,0.3724,-0.99,131,14,82,1,875
3451,AZ,85210,Wells,1098,08000000,8,0.2384,-1.43,123,90,24,1,50
3452,MA,01701,Bank_Of_Am,2897,04013041,4,0.7105,-0.34,110,12,30,3,2880
3453,NY,11377,Chase,10020,02924535,2,0.8506,-0.16,132,26,183,1,62
3454,CA,95758,Bank_Of_Am,1855,02013740,2,0.7299,-0.31,146,52,122,5,400
3455,CA,90029,Bank_Of_Am,1275,05012851,5,0.5561,-0.59,136,85,54,2,786
3456,NY,10708,Wells,3054,01015885,1,0.2206,-1.51,132,11,147,2,961
3457,CA,90305,Wells,2048,04013028,4,0.0773,-2.56,111,38,86,2,320
3458,CA,92324,Bank_Of_Am,1967,03013437,3,0.7367,-0.31,129,64,36,6,1416
3459,MI,48601,Discover,3759,06012718,6,0.8429,-0.17,85,66,52,3,2229
3460,MA,02301,Associates,2380,01015722,1,0.1638,-1.81,121,30,91,4,2550
3461,TX,75023,Wells,4096,01015908,1,0.2257,-1.49,144,72,75,2,149
3462,CO,80916,Discover,3399,03013495,3,0.7158,-0.33,138,32,29,5,285
3463,LA,70816,Discover,1924,02014375,2,0.5927,-0.52,135,73,30,2,340
3464,NJ,08240,Discover,2317,02014576,2,0.3242,-1.13,141,28,109,4,254
3465,MA,01605,Discover,2293,01019557,1,0.0369,-3.3,138,73,53,1,2130
3466,NY,11218,Chase,2087,03013560,3,0.5894,-0.53,112,79,101,1,200
3467,TX,77055,Discover,1647,08012217,8,0.7186,-0.33,140,80,66,6,72
3468,TX,78361,Discover,1959,02014074,2,0.7838,-0.24,134,97,104,3,75
3469,SC,29650,Chase,2199,03013382,3,0.1971,-1.62,130,18,109,2,815
3470,AZ,85281,Wells_FIB,7602,08012197,8,0.7000,-0.36,86,99,45,2,1198
3471,GA,31797,Wells,3917,01016199,1,0.9829,-0.02,111,49,221,5,550
3472,AZ,85202,Wells,1513,02014060,2,0.5775,-0.55,131,16,128,2,230
3473,NJ,07306,Chase,641,03013442,3,0.5052,-0.68,145,72,106,3,25
3474,CA,90056,Wells_FIB,3011,02013762,2,0.3282,-1.11,124,59,56,7,260
3475,TN,37604,Discover,2370,01016916,1,0.1668,-1.79,115,60,157,1,724
3476,CA,93274,Wells,4408,02014122,2,0.2775,-1.28,104,22,65,1,1800
3477,OH,43614,Discover,2652,03013475,3,0.8930,-0.11,117,47,141,3,620
3478,NV,89110,Discover,4292,01015161,1,0.0060,-5.12,95,55,83,1,457
3479,CA,95694,Wells,1467,05012812,5,0.9453,-0.06,125,89,76,4,465
3480,FL,33165,Chase,8502,08012251,8,0.3575,-1.03,104,10,58,7,1740
3481,TX,75147,Discover,2505,10011734,10,0.9100,-0.09,108,97,116,5,125
3482,TX,77327,Chase_Rev,2187,09011907,9,0.9631,-0.04,121,42,31,1,235
3483,FL,33351,Chase,3578,06012719,6,0.4410,-0.82,116,18,89,5,560
3484,CA,90068,Bank_Of_Am,8602,10011824,10,0.4530,-0.79,133,80,50,1,820
3485,CA,92801,Wells,1178,01017570,1,0.7725,-0.26,96,73,108,1,48
3486,NM,87504,Wells,584,01014876,1,0.5253,-0.64,115,19,33,11,666
3487,CA,95492,Wells,1412,07012478,7,0.2632,-1.33,109,47,59,3,395
3488,HI,96817,Chase,9541,08000000,8,0.8249,-0.19,117,64,94,2,205
3489,LA,71457,Bank_Of_Am,2184,01015187,1,0.0824,-2.5,112,39,79,1,881
3490,NY,11222,Discover,3070,07012502,7,0.9176,-0.09,95,39,15,7,1625
3491,TX,77488,Associates,3175,01017689,1,0.1924,-1.65,129,71,65,4,210
3492,OH,45102,Associates,6823,10011805,10,0.9873,-0.01,104,76,32,6,1050
3493,IA,52803,Associates,5284,08012242,8,0.1288,-2.05,125,97,57,1,2608
3494,DC,20011,Discover,3251,03924015,3,0.5837,-0.54,140,70,69,4,1280
3495,CA,91941,Wells,1586,01015195,1,0.6344,-0.46,116,99,285,1,815
3496,TX,77048,Discover,1645,07012443,7,0.0587,-2.83,123,41,88,1,200
3497,TX,75360,Discover,3137,10011595,10,0.8958,-0.11,121,80,40,1,1743
3498,NC,28025,Discover,4643,04013072,4,0.5828,-0.54,140,61,36,5,2145
3499,NV,89015,Wells,1885,04013046,4,0.2543,-1.37,134,87,60,2,2390
3500,OH,45365,Discover,973,04013048,4,0.5087,-0.68,144,47,1,1,600
3501,RI,02910,Associates,1826,03013412,3,0.1945,-1.64,120,80,116,1,100
3502,GA,31206,Discover,4370,05012865,5,0.1008,-2.29,104,44,30,1,2315
3503,GA,30224,Discover,1660,01017531,1,0.1955,-1.63,135,19,194,9,35
3504,FL,32566,Chase,450,02014252,2,0.7006,-0.36,141,15,211,3,30
3505,CA,92057,Wells,6512,09011908,9,0.4309,-0.84,138,49,59,1,206
3506,ID,83854,Bank_Of_Am,5163,04013259,4,0.6646,-0.41,130,81,119,8,25
3507,IL,60085,Associates,1063,08000000,8,0.2257,-1.49,108,49,49,2,352
3508,GA,31405,Wells,4946,04013135,4,0.8544,-0.16,105,30,17,3,291
3509,KS,66002,Chase,3968,06012616,6,0.3024,-1.2,141,31,203,5,1336
3510,CA,90041,Wells,5362,01015829,1,0.8797,-0.13,100,75,45,1,1620
3511,KY,42728,Chase,8060,07012432,7,0.5991,-0.51,123,24,360,1,8015
3512,ME,04976,Chase,3848,08012225,8,0.6198,-0.48,132,58,46,5,250
3513,CA,90241,Wells,2001,03013454,3,0.2392,-1.43,122,60,57,3,60
3514,SC,29365,Discover,4849,08012213,8,0.5486,-0.6,107,78,73,2,350
3515,CA,92704,Wells,1536,02014256,2,0.6639,-0.41,137,10,18,1,32
3516,OH,44855,Associates,817,04013243,4,0.3284,-1.11,116,41,22,2,140
3517,NY,12586,Wells,2043,01018736,1,0.3948,-0.93,118,77,127,1,265
3518,TX,76201,Bank_Of_Am,5077,01015828,1,0.1441,-1.94,119,61,59,3,60
3519,CA,90018,Chase_Rev,3046,06012600,6,0.4986,-0.7,112,71,108,2,292
3520,PA,16915,Associates,5892,01015237,1,0.5436,-0.61,118,68,48,2,3252
3521,SC,29204,Chase_Rev,5483,03013557,3,0.2872,-1.25,123,7,161,2,236
3522,TX,76107,Discover,1754,02014138,2,0.8917,-0.11,135,12,78,1,72
3523,KY,40734,Discover,6683,08012281,8,0.0608,-2.8,138,33,111,5,450
3524,NY,11226,Chase_Rev,5853,07012498,7,0.2120,-1.55,138,75,95,1,580
3525,WI,54130,Chase,996,02013846,2,0.0652,-2.73,73,73,30,6,510
3526,OR,97038,Wells,1679,05012977,5,0.8689,-0.14,103,54,7,1,1100
3527,LA,70092,Associates,4763,09012115,9,0.5323,-0.63,110,39,44,4,738
3528,CA,95824,Wells,1342,02014268,2,0.0675,-2.7,133,71,50,3,631
3529,AZ,85219,Chase_Bony,3733,09012122,9,0.6887,-0.37,142,35,41,2,1508
3530,MI,48215,Bank_Of_Am,2881,01014999,1,0.8203,-0.2,126,73,106,1,800
3531,NY,11433,Bank_Of_Am,1906,01014868,1,0.9454,-0.06,125,1,74,1,113
3532,KY,41011,Discover,2056,03013507,3,0.6803,-0.39,137,39,47,3,180
3533,TX,77396,Discover,1514,06012698,6,0.9354,-0.07,87,84,135,13,145
3534,CA,94404,Bank_Of_Am,3684,06012695,6,0.0324,-3.43,82,1,60,1,5498
3535,WI,53209,Associates,747,08000000,8,0.3348,-1.09,119,55,169,15,26
3536,TX,78750,Discover,1489,09012059,9,0.7441,-0.3,127,74,54,5,376
3537,MO,64119,Discover,2547,04013125,4,0.5022,-0.69,132,78,58,4,450
3538,NY,11950,Discover,3704,02013767,2,0.9652,-0.04,111,56,42,1,1800
3539,SC,29485,Chase,1431,05012899,5,0.5523,-0.59,122,46,140,5,430
3540,TN,37917,Discover,2224,01015988,1,0.6989,-0.36,126,6,120,6,2092
3541,CA,90018,Bank_Of_Am,509,04013059,4,0.5843,-0.54,133,33,82,3,75
3542,NJ,08090,Bank_Of_Am,7543,07012430,7,0.3566,-1.03,139,79,1,1,346
3543,TX,78247,Bank_Of_Am,319,06012735,6,0.0510,-2.98,117,5,145,1,30
3544,PA,15022,Associates,1977,03013431,3,0.3668,-1,135,65,47,2,85
3545,TN,37303,Associates,9559,07012384,7,0.1017,-2.29,121,35,127,1,2305
3546,CT,06418,Discover,3183,01016992,1,0.4094,-0.89,128,28,28,2,136
3547,IL,60123,Associates,2198,06012740,6,0.9618,-0.04,104,1,31,2,101
3548,SC,29661,Discover,3842,01014862,1,0.7660,-0.27,142,24,103,6,300
3549,LA,71468,Associates,416,08000000,8,0.6014,-0.51,119,98,72,1,364
3550,CA,91040,Wells,2154,01014808,1,0.2059,-1.58,125,41,29,6,528
3551,CA,90048,Wells,5540,08012152,8,0.2357,-1.45,135,36,62,5,1849
3552,CA,92663,Wells,4188,04013191,4,0.4642,-0.77,112,38,67,11,2134
3553,WI,53538,Associates,10762,09921244,9,0.1037,-2.27,131,90,95,1,170
3554,FL,33607,Chase,6239,08012184,8,0.9085,-0.1,123,52,74,7,1475
3555,LA,71201,Associates,3332,09011969,9,0.3046,-1.19,122,55,58,2,1262
3556,OH,44256,Chase,1371,03923966,3,0.4967,-0.7,147,42,47,6,670
3557,AL,35223,Discover,2432,02014029,2,0.4983,-0.7,108,8,14,3,778
3558,NY,11040,Discover,2698,04013183,4,0.4717,-0.75,137,8,126,6,861
3559,MD,21678,Discover,4309,01016306,1,0.6246,-0.47,114,45,131,2,1368
3560,OR,97448,Bank_Of_Am,4620,03013388,3,0.0957,-2.35,133,86,99,1,6434
3561,LA,71291,Bank_Of_Am,878,01018587,1,0.3370,-1.09,145,36,86,2,1029
3562,AZ,85304,Wells,2064,06012646,6,0.4502,-0.8,100,43,2,1,840
3563,FL,34743,Associates,2184,01019245,1,0.1534,-1.87,113,34,45,3,25
3564,KS,66762,Associates,2213,07012524,7,0.0072,-4.93,130,52,87,2,60
3565,SC,29692,Chase,2582,08000000,8,0.6965,-0.36,109,31,36,1,1595
3566,OH,44657,Chase,2301,03013349,3,0.6237,-0.47,110,85,41,4,1600
3567,CA,90005,Associates,1763,02014341,2,0.3298,-1.11,125,19,6,2,50
3568,FL,33810,Discover,4231,05012913,5,0.7195,-0.33,132,47,95,12,365
3569,MD,20895,Wells,2123,03013611,3,0.2350,-1.45,121,87,48,3,728
3570,VA,23434,Discover,2336,01014855,1,0.0000,-11.15,132,77,119,14,1125