acctid,state,zip,rollout,cobal,collscr,cs,accessscr,lnacscr,bureauscr,eaglemod,numcalls,numrpcs
3571,CA,91306,Bank_Of_Am,3351,08012287,8,0.4030,-0.91,121,37,183,1
3572,FL,33417,Associates,3371,05012983,5,0.1662,-1.79,115,74,106,2
3573,CA,92507,Bank_Of_Am,4534,01019323,1,0.6252,-0.47,121,32,75,1
3574,CA,92507,Discover,1571,01018457,1,0.4670,-0.76,119,15,16,3
3575,AR,72758,Associates,804,05012853,5,0.7620,-0.27,120,12,213,2
3576,FL,32304,Associates,4421,02014271,2,0.1164,-2.15,129,88,141,10
3577,SC,29061,Chase,2473,04013093,4,0.0088,-4.73,129,51,30,3
3578,TX,78230,Associates,6746,01016057,1,0.1583,-1.84,118,17,31,1
3579,TN,37135,Discover,3755,01015611,1,0.8336,-0.18,93,31,189,1
3580,NY,11106,Discover,4092,02013764,2,0.3723,-0.99,132,60,2,2
3581,TX,79924,Associates,2503,10011828,10,0.8791,-0.13,139,40,182,1
3582,LA,70520,Associates,2114,02013764,2,0.6112,-0.49,132,86,41,6
3583,IL,62207,Associates,2086,01014879,1,0.6654,-0.41,143,4,100,23
3584,FL,34949,Discover,4452,01014956,1,0.4476,-0.8,92,53,116,1
3585,DE,19802,Chase_Rev,798,03013493,3,0.2685,-1.32,99,58,22,3
3586,MD,20746,Discover,1453,01016703,1,0.4774,-0.74,145,26,109,2
3587,CA,90062,Wells,928,05012902,5,0.0327,-3.42,135,6,159,3
3588,IN,46324,Bank_Of_Am,2518,01015448,1,0.5974,-0.52,97,75,6,1
3589,WI,54487,Bank_Of_Am,6080,10011799,10,0.0823,-2.5,145,14,51,1
3590,CA,95136,Wells,1588,01015459,1,0.5175,-0.66,105,30,281,5
3591,CA,93001,Bank_Of_Am,2107,04013110,4,0.4332,-0.84,98,53,40,1
3592,CA,90038,Discover,1378,06012589,6,0.6461,-0.44,132,72,14,1
3593,AL,35570,Discover,1591,03013529,3,0.8538,-0.16,106,99,72,5
3594,GA,30083,Discover,1493,06012638,6,0.7776,-0.25,78,39,266,1
3595,PA,17954,Discover,5273,01015521,1,0.7660,-0.27,127,12,93,2
3596,CA,94523,Wells,7813,01015569,1,0.5875,-0.53,136,48,122,2
3597,NM,87016,Discover,5975,02014066,2,0.6896,-0.37,136,36,136,1
3598,TN,37015,Bank_Of_Am,4613,06012701,6,0.9766,-0.02,125,69,26,1
3599,MD,20784,Discover,2802,02925592,2,0.1844,-1.69,108,43,37,4
3600,CA,95123,Wells,3053,02925448,2,0.5568,-0.59,124,1,378,3
3601,PA,19522,Associates,4264,04013175,4,0.7767,-0.25,139,71,46,1
3602,SC,29440,Associates,6894,01015518,1,0.1784,-1.72,121,38,160,4
3603,CA,95864,Wells,1914,03013353,3,0.7343,-0.31,139,88,183,9
3604,FL,32444,Discover,2326,03013642,3,0.2220,-1.51,97,72,102,8
3605,RI,02908,Associates,2429,04013027,4,0.1474,-1.91,126,10,48,3
3606,CA,91342,Chase_Rev,6098,09012060,9,0.0193,-3.95,135,41,81,1
3607,NJ,07201,Chase,1955,08000000,8,0.9107,-0.09,132,96,222,1
3608,NY,13207,Discover,2234,04013048,4,0.1421,-1.95,123,72,83,1
3609,CA,93041,Wells,1559,03013644,3,0.2731,-1.3,145,41,55,2
3610,CA,92201,Wells,1972,04013064,4,0.4318,-0.84,100,56,63,2
3611,CA,91739,Wells,1661,01019465,1,0.9334,-0.07,140,43,35,4
3612,AL,35611,Chase,2444,03013519,3,0.2463,-1.4,129,32,64,6
3613,LA,70806,Discover,3358,05012986,5,0.7428,-0.3,130,96,59,2
3614,CA,93449,Wells,3495,02013924,2,0.9911,-0.01,148,86,114,4
3615,WA,98406,Wells,2524,08012296,8,0.8692,-0.14,129,2,13,6
3616,CA,92139,Wells,2157,03013640,3,0.7087,-0.34,130,91,32,5
3617,NJ,08027,Discover,2717,01014769,1,0.7143,-0.34,91,13,44,3
3618,NC,28115,Associates,3587,02013743,2,0.3690,-1,140,15,24,3
3619,TX,76066,Wells,3350,10011613,10,0.6478,-0.43,120,55,93,3
3620,PA,19025,Bank_Of_Am,3071,04013214,4,0.1229,-2.1,134,19,264,2
3621,AK,99835,Bank_Of_Am,777,03013450,3,0.4525,-0.79,115,48,49,1
3622,TN,38119,Associates,4399,02014459,2,0.4335,-0.84,116,72,61,1
3623,KS,66061,Chase,5028,08000000,8,0.1528,-1.88,132,35,31,3
3624,CA,91950,Discover,3204,01016372,1,0.2770,-1.28,133,81,68,4
3625,NY,10473,Discover,3618,02014015,2,0.1676,-1.79,117,57,81,1
3626,LA,70538,Discover,1388,06012766,6,0.4931,-0.71,117,44,58,1
3627,CA,92336,Bank_Of_Am,3144,01019247,1,0.0992,-2.31,122,28,47,3
3628,CT,06355,Discover,3304,02014593,2,0.5744,-0.55,126,65,89,5
3629,NJ,07111,Discover,1805,02013701,2,0.8422,-0.17,145,30,62,2
3630,IL,60139,Discover,2060,01017325,1,0.4339,-0.83,138,63,78,1
3631,NC,27510,Discover,1615,08000000,8,0.2930,-1.23,144,51,61,2
3632,AZ,85034,Wells,5428,05012997,5,0.7882,-0.24,136,61,136,1
3633,PA,15701,Bank_Of_Am,5426,01926513,1,0.2073,-1.57,119,78,119,2
3634,VA,23234,Associates,2650,05013005,5,0.3779,-0.97,103,4,90,1
3635,CA,92301,Wells,1697,03013328,3,0.5775,-0.55,80,49,44,4
3636,TN,37214,Chase_Rev,2611,02014270,2,0.5798,-0.55,105,22,95,4
3637,NY,11434,Discover,8433,01018663,1,0.9769,-0.02,98,15,13,6
3638,KY,40205,Bank_Of_Am,3946,02013823,2,0.3222,-1.13,128,35,54,3
3639,CA,94510,Bank_Of_Am,6352,01018994,1,0.4946,-0.7,95,52,12,1
3640,CA,94561,Chase_Rev,2332,05012832,5,0.7827,-0.25,124,35,326,1
3641,CA,95630,Associates,4941,08012203,8,0.7722,-0.26,131,68,76,3
3642,CT,06460,Associates,367,08012253,8,0.9706,-0.03,87,90,3,2
3643,CA,95476,Wells,982,01019513,1,0.7570,-0.28,128,8,54,5
3644,CA,90029,Bank_Of_Am,2286,07012537,7,0.7984,-0.23,128,6,1,1
3645,OK,74403,Chase,2147,04013103,4,0.4110,-0.89,128,80,58,3
3646,IL,60647,Associates,3366,04013084,4,0.6240,-0.47,105,92,34,1
3647,NJ,07746,Associates,2086,03013430,3,0.8375,-0.18,123,47,101,10
3648,IL,60647,Bank_Of_Am,1655,03013642,3,0.1215,-2.11,126,41,68,2
3649,WV,26426,Discover,2194,07012497,7,0.4171,-0.87,135,47,57,2
3650,VA,20190,Wells,3505,04013145,4,0.8716,-0.14,137,48,164,1
3651,CA,90731,Wells,1142,07012404,7,0.0021,-6.19,124,54,31,5
3652,GA,30736,Associates,4073,09012089,9,0.5984,-0.51,131,85,26,3
3653,IL,61821,Discover,5072,08012312,8,0.7647,-0.27,130,92,135,4
3654,TX,75150,Discover,5591,10011245,10,0.7008,-0.36,107,56,129,2
3655,UT,84720,Bank_Of_Am,6355,10011817,10,0.3514,-1.05,137,43,7,1
3656,CA,90001,Wells,2245,05012845,5,0.3220,-1.13,123,44,79,4
3657,CO,80454,Wells_FIB,448,02014407,2,0.7261,-0.32,124,21,35,1
3658,CA,90023,Bank_Of_Am,1835,01016206,1,0.6002,-0.51,141,73,102,1
3659,TX,77063,Discover,1309,01019411,1,0.7785,-0.25,147,18,90,1
3660,NV,89145,Associates,630,07012496,7,0.2194,-1.52,143,2,71,15
3661,MI,48203,Bank_Of_Am,2946,05012934,5,0.0872,-2.44,137,19,4,2
3662,PA,19124,Associates,1824,02014359,2,0.6033,-0.51,106,50,108,3
3663,CA,95816,Wells,6794,01019257,1,0.7597,-0.27,117,85,65,18
3664,NY,11740,Discover,2129,03013561,3,0.7278,-0.32,144,5,29,10
3665,NJ,07052,Wells,1668,02013775,2,0.9397,-0.06,116,7,61,1
3666,CA,93063,Wells,12978,10011707,10,0.2462,-1.4,120,86,23,3
3667,CA,92626,Wells,1994,03013372,3,0.0971,-2.33,112,71,12,1
3668,GA,30034,Chase,1026,03013581,3,0.9435,-0.06,129,41,50,4
3669,NJ,08723,Discover,3322,05012973,5,0.1697,-1.77,131,94,159,9
3670,AZ,85267,Discover,1794,08012242,8,0.8514,-0.16,133,95,22,4
3671,TN,37090,Wells,3057,01016225,1,0.6330,-0.46,89,53,55,5
3672,MI,49646,Discover,2759,01016981,1,0.4701,-0.75,114,65,80,3
3673,MD,21128,Bank_Of_Am,3781,04013078,4,0.4562,-0.78,88,6,58,3
3674,MI,48234,Chase,4025,06012660,6,0.9682,-0.03,136,48,45,5
3675,MA,02021,Bank_Of_Am,1390,08921253,8,0.1131,-2.18,140,85,2,2
3676,CA,92801,Wells,2484,01014956,1,0.4944,-0.7,91,21,38,3
3677,OK,74066,Discover,1639,01017304,1,0.3004,-1.2,124,45,91,3
3678,NY,13669,Bank_Of_Am,542,04013080,4,0.8598,-0.15,125,17,5,1
3679,KS,66535,Discover,2006,01016998,1,0.8204,-0.2,129,59,91,1
3680,FL,33916,Wells,4315,06012614,6,0.7065,-0.35,112,89,14,1
3681,TX,77588,Discover,2868,09011972,9,0.0100,-4.6,95,58,126,1
3682,IL,60632,Associates,5656,03013398,3,0.1994,-1.61,111,66,48,7
3683,IL,60637,Discover,8570,09011995,9,0.8495,-0.16,107,58,4,2
3684,IN,46807,Chase,2080,03013615,3,0.2403,-1.43,129,9,97,3
3685,CA,92026,Wells,1366,03923599,3,0.7767,-0.25,106,52,28,1
3686,TX,77026,Bank_Of_Am,836,06012577,6,0.5844,-0.54,144,93,95,2
3687,MA,02145,Discover,2934,01016074,1,0.1248,-2.08,110,58,101,5
3688,CA,95819,Bank_Of_Am,975,01015304,1,0.9054,-0.1,126,29,150,7
3689,MN,55901,Associates,730,01928315,1,0.0799,-2.53,121,8,67,1
3690,IL,60707,Discover,5244,05012831,5,0.0717,-2.64,138,60,40,1
3691,CA,90026,Bank_Of_Am,1552,04013150,4,0.1236,-2.09,119,46,43,8
3692,AL,35207,Discover,1585,03013416,3,0.8903,-0.12,129,49,215,6
3693,LA,70634,Chase,5877,08000000,8,0.6218,-0.48,123,83,58,3
3694,TX,79761,Bank_Of_Am,965,02014048,2,0.1997,-1.61,124,24,57,2
3695,NV,89121,Bank_Of_Am,10981,10920257,10,0.5490,-0.6,105,89,19,4
3696,DC,20001,Associates,1000,05012861,5,0.2718,-1.3,115,89,94,1
3697,NC,28395,Wells,5666,03013581,3,0.0847,-2.47,132,97,92,1
3698,CT,06443,Chase,8374,09921163,9,0.2007,-1.61,93,46,252,2
3699,GA,31709,Discover,1575,04013125,4,0.0298,-3.51,121,42,10,4
3700,NC,27511,Discover,2290,02014580,2,0.9414,-0.06,140,29,81,1
3701,TX,77446,Discover,2073,10011349,10,0.8899,-0.12,88,42,6,2
3702,CO,80723,Discover,4768,06012717,6,0.1115,-2.19,143,21,68,1
3703,IN,47807,Associates,992,03013348,3,0.0191,-3.96,124,94,121,5
3704,CA,90292,Chase,2938,05012963,5,0.8181,-0.2,93,72,20,1
3705,CA,94591,Wells,1590,05012977,5,0.2444,-1.41,137,43,6,2
3706,NV,89124,Wells,1421,03923986,3,0.5530,-0.59,112,69,45,5
3707,LA,70056,Chase,2001,03013448,3,0.7579,-0.28,121,46,55,1
3708,LA,70459,Discover,5981,01926524,1,0.8692,-0.14,136,52,16,5
3709,LA,70085,Chase,3976,04013200,4,0.3952,-0.93,98,53,66,2
3710,CA,94608,Bank_Of_Am,878,06012690,6,0.2457,-1.4,110,29,435,2
3711,CA,95210,Bank_Of_Am,1701,01014933,1,0.1873,-1.68,130,27,25,5
3712,AZ,85224,Wells_FIB,2475,01015136,1,0.7414,-0.3,120,42,44,1
3713,CA,91750,Wells,2525,09011973,9,0.6034,-0.51,114,2,39,5
3714,GA,31204,Discover,2645,04013116,4,0.2414,-1.42,123,64,99,3
3715,CA,92882,Wells,2100,04013025,4,0.4937,-0.71,128,81,59,2
3716,CA,95076,Wells,2145,01017682,1,0.2032,-1.59,116,76,15,8
3717,NM,88201,Associates,1118,05923011,5,0.0143,-4.24,131,56,386,1
3718,TX,78374,Discover,7589,10011283,10,0.9503,-0.05,114,39,30,11
3719,TN,37334,Bank_Of_Am,8646,02925245,2,0.9478,-0.05,103,21,413,5
3720,LA,71463,Associates,1584,01017577,1,0.9103,-0.09,145,51,180,6
3721,GA,31047,Discover,2796,01016109,1,0.4921,-0.71,117,14,112,7
3722,IL,60643,Chase_Rev,3455,02014117,2,0.6422,-0.44,145,75,80,2
3723,TN,38128,Associates,4171,06012666,6,0.6213,-0.48,112,94,155,2
3724,OH,45216,Discover,1741,03013381,3,0.1120,-2.19,134,14,38,2
3725,NJ,07080,Chase_Rev,1931,01016312,1,0.1851,-1.69,104,62,67,3
3726,MI,49509,Associates,2691,06012587,6,0.4651,-0.77,110,66,43,2
3727,CA,91789,Bank_Of_Am,1016,07012446,7,0.7385,-0.3,110,10,503,1
3728,WA,99163,Bank_Of_Am,1970,09012084,9,0.0525,-2.95,116,34,1,1
3729,FL,32708,Discover,2653,01015760,1,0.6458,-0.44,114,13,46,4
3730,PA,16510,Chase_Rev,5157,06012691,6,0.7756,-0.25,127,79,36,3
3731,TX,77060,Discover,2034,09012088,9,0.7098,-0.34,134,11,7,1
3732,PA,16125,Bank_Of_Am,7315,05012945,5,0.2005,-1.61,105,30,45,1
3733,CA,91396,Chase,7445,09011925,9,0.1251,-2.08,141,98,36,3
3734,FL,33169,Wells,7465,07012374,7,0.0102,-4.58,117,46,160,4
3735,NY,10012,Associates,692,08000000,8,0.4951,-0.7,106,82,65,11
3736,MS,39209,Associates,971,07012434,7,0.6746,-0.39,131,64,65,3
3737,CA,94089,Wells,1356,06012767,6,0.2189,-1.52,134,24,93,2
3738,SC,29611,Discover,4205,01017177,1,0.6860,-0.38,143,31,219,2
3739,ME,04468,Associates,2278,07012373,7,0.5734,-0.56,117,48,128,15
3740,KY,41030,Associates,1841,07012531,7,0.4601,-0.78,125,99,59,2
3741,CA,90034,Bank_Of_Am,724,05922691,5,0.6414,-0.44,133,88,8,1
3742,MD,21043,Associates,7878,06012721,6,0.7053,-0.35,110,70,40,8
3743,OH,44420,Chase_Rev,7375,08012170,8,0.1614,-1.82,137,3,68,1
3744,TX,77072,Wells,2906,10011737,10,0.5077,-0.68,90,77,103,13
3745,SC,29803,Bank_Of_Am,6987,08012284,8,0.3542,-1.04,145,84,95,2
3746,CA,95204,Wells,884,04013214,4,0.2312,-1.46,99,25,17,2
3747,TX,75001,Wells,1218,02014765,2,0.1102,-2.21,133,17,105,11
3748,OR,97055,Bank_Of_Am,3948,04013095,4,0.1580,-1.85,135,35,146,2
3749,CA,95401,Discover,3870,02014105,2,0.2457,-1.4,143,68,38,2
3750,NY,14075,Associates,2886,04013102,4,0.5094,-0.67,111,22,45,1
3751,IL,61364,Associates,4228,06012729,6,0.5013,-0.69,143,69,75,3
3752,CA,94133,Wells,3473,06012677,6,0.3783,-0.97,94,41,108,3
3753,KY,41175,Discover,1625,05012871,5,0.9268,-0.08,136,74,42,1
3754,MN,56284,Chase_Rev,1977,04013061,4,0.0635,-2.76,148,19,38,1
3755,CO,80840,Discover,1767,04013274,4,0.3251,-1.12,134,60,104,1
3756,FL,33037,Associates,2900,04013286,4,0.8548,-0.16,126,70,60,7
3757,TX,76540,Associates,893,09012054,9,0.9495,-0.05,144,38,1,1
3758,AZ,86503,Wells,1109,08000000,8,0.5736,-0.56,123,75,132,1
3759,CA,93245,Bank_Of_Am,8564,02014050,2,0.4852,-0.72,132,85,92,4
3760,CA,94538,Discover,1589,02925488,2,0.3247,-1.12,111,28,68,4
3761,CA,92337,Bank_Of_Am,6999,01016544,1,0.8021,-0.22,138,59,49,3
3762,CA,92056,Wells,2600,05012996,5,0.3708,-0.99,126,98,16,1
3763,FL,34221,Associates,2482,03013433,3,0.5105,-0.67,128,40,77,12
3764,CO,81001,Associates,6017,07012447,7,0.0502,-2.99,136,35,26,3
3765,CA,90640,Wells,632,02014213,2,0.2595,-1.35,106,92,185,3
3766,NY,11206,Chase_Rev,1835,02014368,2,0.1047,-2.26,107,74,109,1
3767,CO,80015,Discover,6268,08012334,8,0.8108,-0.21,110,11,91,1
3768,CA,94591,Chase,1658,04013216,4,0.1235,-2.09,118,37,18,2
3769,CA,92834,Bank_Of_Am,3541,02014196,2,0.9294,-0.07,142,51,113,1
3770,CA,91342,Associates,2884,02013706,2,0.8531,-0.16,112,20,111,1
3771,TN,38017,Discover,2273,03013595,3,0.2249,-1.49,117,11,225,6
3772,TX,75034,Wells,6408,01015580,1,0.7840,-0.24,92,18,144,5
3773,CO,81001,Chase,1428,06012714,6,0.3998,-0.92,128,1,152,4
3774,IL,62946,Associates,2973,05012861,5,0.4021,-0.91,136,24,132,1
3775,NY,11020,Discover,1860,01018111,1,0.5913,-0.53,140,3,101,2
3776,OR,97031,Discover,4370,07012527,7,0.5708,-0.56,143,75,89,1
3777,MT,59901,Chase,4923,10011753,10,0.1268,-2.07,136,48,54,2
3778,OH,45405,Wells,3820,03013625,3,0.1347,-2,141,86,94,7
3779,NE,68044,Associates,293,02013924,2,0.6623,-0.41,121,20,121,3
3780,TX,76103,Discover,3522,10011652,10,0.2406,-1.42,116,51,31,14
3781,KY,40291,Discover,3478,02013843,2,0.3975,-0.92,145,37,22,1
3782,TN,38555,Discover,4909,07012442,7,0.2768,-1.28,128,51,26,6
3783,MS,38943,Discover,6078,10011674,10,0.9055,-0.1,141,12,195,1
3784,FL,33147,Associates,3650,06012637,6,0.3974,-0.92,128,64,45,11
3785,CA,94521,Wells,4825,06012612,6,0.7287,-0.32,124,62,13,5
3786,MI,48075,Chase_Rev,1316,05012880,5,0.7512,-0.29,135,34,62,1
3787,FL,33177,Associates,1999,06012690,6,0.0490,-3.02,139,51,102,7
3788,OH,43160,Chase_Rev,1873,03013669,3,0.8365,-0.18,118,65,32,1
3789,CT,06351,Bank_Of_Am,3961,05012877,5,0.1493,-1.9,134,58,40,1
3790,PA,17701,Discover,3559,06012697,6,0.9553,-0.05,134,96,81,5
3791,MD,21740,Discover,1599,06012650,6,0.1775,-1.73,123,39,33,1
3792,TX,76543,Wells,4363,09011928,9,0.4229,-0.86,107,85,83,3
3793,KS,67207,Associates,1668,02013773,2,0.2860,-1.25,61,12,103,3
3794,CA,92653,Bank_Of_Am,1332,06012564,6,0.2200,-1.51,107,56,20,2
3795,CA,94568,Bank_Of_Am,1361,01019478,1,0.4959,-0.7,90,15,59,3
3796,NY,11225,Discover,1556,02014339,2,0.5207,-0.65,125,57,124,4
3797,TX,77518,Bank_Of_Am,1948,04013118,4,0.7522,-0.28,119,84,136,5
3798,CO,80234,Discover,3451,05012909,5,0.3681,-1,141,65,119,3
3799,WA,98908,Bank_Of_Am,3448,08012241,8,0.6175,-0.48,121,43,61,2
3800,TX,79907,Chase_Rev,522,04013278,4,0.4777,-0.74,113,95,45,6
3801,MD,20723,Bank_Of_Am,1139,03013350,3,0.3500,-1.05,102,41,131,2
3802,KS,67211,Chase,1184,08000000,8,0.7848,-0.24,149,19,20,4
3803,NV,89030,Discover,5886,10011531,10,0.0087,-4.74,119,8,67,2
3804,CA,94572,Associates,1174,06012679,6,0.9162,-0.09,118,58,61,8
3805,CA,95492,Bank_Of_Am,1077,04013068,4,0.2014,-1.6,116,45,53,3
3806,MO,64506,Discover,3464,07012532,7,0.3012,-1.2,125,45,114,3
3807,CA,92544,Bank_Of_Am,1581,02014039,2,0.5547,-0.59,125,73,63,1
3808,WA,98840,Bank_Of_Am,1926,01015958,1,0.6719,-0.4,108,72,57,1
3809,FL,32065,Associates,3645,01016008,1,0.0810,-2.51,130,16,23,1
3810,VA,23505,Associates,488,02014072,2,0.6561,-0.42,136,97,52,7
3811,FL,33574,Bank_Of_Am,3017,02014228,2,0.2929,-1.23,116,93,305,1
3812,NM,87112,Chase,6089,10011786,10,0.2910,-1.23,132,22,45,1
3813,CA,92407,Wells,1920,05012820,5,0.5207,-0.65,130,2,22,1
3814,CA,92683,Wells,1546,02014635,2,0.9017,-0.1,84,13,12,3
3815,SC,29520,Discover,6123,09011946,9,0.8293,-0.19,107,85,213,4
3816,KS,66102,Chase,2857,04013261,4,0.8010,-0.22,121,93,49,4
3817,TX,79404,Wells,2214,10011831,10,0.5660,-0.57,116,9,149,1
3818,KS,66762,Associates,3254,05012775,5,0.9263,-0.08,137,34,42,4
3819,TN,38114,Chase,1005,03013612,3,0.0093,-4.67,146,9,76,4
3820,CA,90047,Wells,2816,01018908,1,0.5180,-0.66,126,88,22,3
3821,FL,33612,Discover,4242,08012248,8,0.8684,-0.14,129,68,96,4
3822,GA,30102,Discover,1859,04013190,4,0.9503,-0.05,104,35,19,1
3823,TX,77092,Discover,7682,10011151,10,0.2852,-1.25,114,68,46,1
3824,MI,49684,Discover,7512,07012479,7,0.1107,-2.2,121,16,56,1
3825,IA,52806,Associates,887,02014260,2,0.3907,-0.94,130,53,143,4
3826,CT,06606,Discover,1491,08000000,8,0.5610,-0.58,131,84,38,1
3827,TN,37921,Associates,3929,05012818,5,0.8063,-0.22,133,44,41,1
3828,MA,01605,Associates,5101,01014781,1,0.1025,-2.28,143,20,110,1
3829,NJ,08057,Discover,7271,02014436,2,0.5280,-0.64,116,25,60,2
3830,NC,28460,Discover,2022,02013953,2,0.0268,-3.62,123,43,41,2
3831,WA,98271,Bank_Of_Am,5961,01016130,1,0.9760,-0.02,118,45,4,1
3832,CO,80014,Discover,5252,08012179,8,0.5914,-0.53,132,66,225,4
3833,IA,50115,Associates,774,08000000,8,0.6486,-0.43,98,13,46,4
3834,PA,15235,Chase_Rev,6191,08012302,8,0.5503,-0.6,106,7,19,2
3835,TN,37128,Discover,3310,01019455,1,0.7033,-0.35,139,5,5,2
3836,CT,06074,Discover,3642,06012620,6,0.9729,-0.03,121,52,84,1
3837,NJ,08037,Bank_Of_Am,2149,01019498,1,0.2044,-1.59,118,59,49,6
3838,NC,28333,Discover,1988,01016012,1,0.6287,-0.46,109,38,70,10
3839,NJ,08260,Associates,5809,02014117,2,0.6892,-0.37,126,70,53,1
3840,GA,31416,Bank_Of_Am,3457,08012345,8,0.9322,-0.07,140,38,67,6
3841,NY,11106,Chase_Rev,7376,03013407,3,0.8698,-0.14,111,32,51,1
3842,FL,33952,Bank_Of_Am,8168,07012389,7,0.1140,-2.17,95,32,243,2
3843,AZ,85710,Bank_Of_Am,1806,01016431,1,0.5353,-0.62,128,80,133,2
3844,AZ,86001,Wells,1253,01016126,1,0.0305,-3.49,132,67,141,5
3845,TX,76023,Associates,3191,09011882,9,0.7469,-0.29,110,59,84,2
3846,TX,79924,Associates,2710,01926810,1,0.1833,-1.7,115,8,27,7
3847,PA,19140,Associates,1587,03013681,3,0.4460,-0.81,115,99,18,1
3848,SC,29407,Discover,1594,03013337,3,0.9795,-0.02,122,13,144,3
3849,MD,21227,Wells,2502,04013258,4,0.7733,-0.26,142,38,38,1
3850,IL,60201,Chase,1575,03013554,3,0.9107,-0.09,114,28,2,2
3851,CA,95210,Bank_Of_Am,3901,08012343,8,0.1266,-2.07,129,11,328,1
3852,MD,21208,Discover,1925,01016121,1,0.9357,-0.07,119,59,30,1
3853,TX,76009,Discover,2477,04013223,4,0.6573,-0.42,121,6,19,6
3854,CA,92583,Bank_Of_Am,6571,01016413,1,0.5713,-0.56,130,48,18,1
3855,NY,11214,Associates,3826,05012787,5,0.0897,-2.41,128,81,169,3
3856,GA,31602,Associates,1148,03013353,3,0.2750,-1.29,77,75,301,5
3857,NY,10925,Discover,8240,08012208,8,0.6508,-0.43,120,31,103,1
3858,TX,77053,Discover,2788,10011593,10,0.5220,-0.65,98,97,37,1
3859,CA,93302,Discover,5863,10011695,10,0.3614,-1.02,111,49,16,1
3860,CA,90813,Bank_Of_Am,1389,02014730,2,0.8994,-0.11,121,47,27,1
3861,VA,22310,Discover,8184,06012727,6,0.8235,-0.19,104,67,71,2
3862,NY,10463,Chase,1109,04013182,4,0.0670,-2.7,119,97,52,1
3863,CT,06029,Chase_Rev,6171,02013916,2,0.9785,-0.02,122,84,302,10
3864,TX,78244,Chase_Rev,1358,06922429,6,0.2614,-1.34,125,87,43,1
3865,CA,95487,Wells,5540,02014684,2,0.7926,-0.23,119,91,84,1
3866,NC,28377,Discover,3392,01017896,1,0.5845,-0.54,120,18,53,4
3867,TX,76016,Chase_Rev,2654,08000000,8,0.3206,-1.14,142,30,105,8
3868,MO,63121,Associates,3735,02014464,2,0.1299,-2.04,140,21,110,1
3869,LA,70113,Wells,2962,05012963,5,0.4041,-0.91,139,40,97,7
3870,PA,16444,Discover,1572,07922004,7,0.3687,-1,129,49,96,5
3871,MN,55431,Chase,2178,05012888,5,0.4789,-0.74,116,71,72,5
3872,MA,01609,Associates,791,08000000,8,0.0295,-3.52,121,16,47,2
3873,MI,48111,Chase_Rev,2643,04013259,4,0.7824,-0.25,137,10,69,4
3874,FL,34947,Wells,2754,04013055,4,0.3730,-0.99,100,38,43,13
3875,LA,71119,Associates,960,06012700,6,0.7494,-0.29,91,55,101,8
3876,TX,78501,Discover,7960,10011164,10,0.8828,-0.12,142,15,65,2
3877,LA,71037,Bank_Of_Am,2656,02925347,2,0.6154,-0.49,118,52,63,7
3878,GA,31410,Associates,5530,10011825,10,0.6980,-0.36,133,72,34,3
3879,TX,75238,Discover,5588,06012678,6,0.3423,-1.07,117,80,27,1
3880,CA,90022,Wells,1182,06012697,6,0.7873,-0.24,113,24,54,3
3881,VA,23185,Discover,3210,02013931,2,0.0026,-5.95,145,63,35,4
3882,FL,33055,Wells,376,01016927,1,0.4297,-0.84,69,57,132,2
3883,CA,95966,Wells,2032,03013358,3,0.7201,-0.33,116,48,96,5
3884,FL,32218,Chase,6051,07012464,7,0.2344,-1.45,110,59,2,1
3885,UT,84106,Bank_Of_Am,695,03013341,3,0.6593,-0.42,148,65,200,2
3886,NJ,07306,Discover,3253,06922400,6,0.1718,-1.76,115,69,216,4
3887,PA,19606,Discover,553,02014148,2,0.5315,-0.63,123,71,167,1
3888,TX,77568,Discover,1002,07012498,7,0.4847,-0.72,101,34,95,4
3889,LA,71439,Chase,3350,05012888,5,0.8819,-0.13,121,94,31,3
3890,PA,19383,Discover,959,07920000,7,0.8293,-0.19,136,70,169,2
3891,MS,38671,Discover,4079,06922442,6,0.8806,-0.13,129,33,83,1
3892,IL,60015,Discover,4101,03013523,3,0.7471,-0.29,92,13,64,9
3893,NE,68131,Chase,3208,08000000,8,0.3250,-1.12,139,64,31,2
3894,CA,94589,Wells,2157,05013004,5,0.4445,-0.81,142,19,37,2
3895,CA,90221,Associates,5593,09012033,9,0.1881,-1.67,147,66,72,6
3896,CA,91901,Wells,1391,08012340,8,0.8848,-0.12,133,51,10,2
3897,NJ,08060,Chase_Bony,7845,04013018,4,0.2918,-1.23,92,13,54,1
3898,CA,95348,Discover,1704,03013444,3,0.4284,-0.85,130,21,55,1
3899,AL,35186,Wells,2174,04013201,4,0.3741,-0.98,103,73,85,10
3900,MA,02746,Discover,2529,04013154,4,0.7458,-0.29,109,67,107,5
3901,CA,91331,Discover,5031,08012200,8,0.3503,-1.05,128,32,51,1
3902,AZ,85302,Bank_Of_Am,1349,06012565,6,0.3910,-0.94,100,56,42,2
3903,FL,33462,Chase,3624,04923245,4,0.8060,-0.22,105,28,49,2
3904,CA,91325,Discover,1634,07012380,7,0.3509,-1.05,143,34,105,2
3905,NY,10469,Associates,6578,02014140,2,0.3271,-1.12,106,72,29,13
3906,MA,01027,Discover,6097,07012405,7,0.8144,-0.21,109,85,43,1
3907,NC,28216,Discover,1566,01015801,1,0.5487,-0.6,94,39,143,5
3908,FL,33024,Chase,3784,04013128,4,0.3754,-0.98,115,94,64,1
3909,WA,98225,Wells,17091,10010937,10,0.3707,-0.99,131,32,10,1
3910,CA,91706,Bank_Of_Am,3976,03013589,3,0.4873,-0.72,106,56,81,3
3911,CA,91306,Wells,1939,02013990,2,0.6182,-0.48,99,8,60,6
3912,NJ,07503,Discover,3864,04013031,4,0.3028,-1.19,136,34,50,5
3913,TX,78648,Associates,4739,03013412,3,0.0289,-3.54,113,62,61,2
3914,CA,93647,Wells,3088,06012630,6,0.3840,-0.96,100,12,1,1
3915,OR,97136,Bank_Of_Am,10620,01015471,1,0.1126,-2.18,104,83,14,2
3916,TX,77365,Wells,3398,01015642,1,0.4832,-0.73,95,95,46,8
3917,TX,75146,Wells,1853,09012010,9,0.7412,-0.3,129,7,186,3
3918,TX,75093,Discover,4606,10011862,10,0.5836,-0.54,120,56,119,2
3919,PA,18072,Bank_Of_Am,5577,03013524,3,0.9612,-0.04,103,5,85,1
3920,FL,32159,Discover,5477,07012429,7,0.3653,-1.01,125,72,45,7
3921,GA,30032,Discover,3449,05012997,5,0.5182,-0.66,120,76,52,2
3922,TX,75180,Discover,3739,09011960,9,0.6954,-0.36,71,40,50,1
3923,FL,33325,Associates,5280,01019355,1,0.6532,-0.43,140,46,126,2
3924,MD,21863,Discover,3688,05922753,5,0.3766,-0.98,109,98,60,5
3925,TX,75474,Chase_Rev,3370,10011506,10,0.1422,-1.95,128,60,30,1
3926,NV,89110,Bank_Of_Am,1933,10011844,10,0.2708,-1.31,123,86,2,1
3927,OH,43319,Associates,5190,07012481,7,0.0588,-2.83,133,33,37,1
3928,MA,02721,Discover,1714,02014595,2,0.0564,-2.87,112,95,41,1
3929,CT,06074,Associates,467,03013441,3,0.1237,-2.09,138,83,191,2
3930,PA,16801,Associates,832,08000000,8,0.8979,-0.11,111,22,128,1
3931,RI,02914,Discover,2760,03013426,3,0.6167,-0.48,134,64,103,9
3932,MA,01970,Discover,2297,04013270,4,0.8701,-0.14,135,39,112,1
3933,CA,90744,Bank_Of_Am,2135,09012075,9,0.3492,-1.05,130,8,14,1
3934,IL,62201,Discover,3367,05012820,5,0.0587,-2.84,114,63,115,1
3935,WA,99207,Chase_Rev,5267,06012597,6,0.7127,-0.34,133,30,50,1
3936,CA,92649,Associates,1103,06012612,6,0.2096,-1.56,141,72,44,2
3937,PA,18321,Bank_Of_Am,2479,05012815,5,0.6322,-0.46,116,46,24,3
3938,CA,92653,Wells,6648,03013334,3,0.6466,-0.44,119,52,91,1
3939,PA,17042,Associates,5613,06012677,6,0.4526,-0.79,104,97,72,1
3940,CA,92154,Associates,2805,06012642,6,0.5778,-0.55,98,91,132,4
3941,CA,93618,Wells,2364,01016811,1,0.9321,-0.07,141,66,79,1
3942,CA,95828,Discover,2789,04013193,4,0.6434,-0.44,98,43,61,1
3943,MD,21122,Chase,1153,05013005,5,0.8380,-0.18,125,3,18,2
3944,WY,82935,Discover,4170,01927172,1,0.0845,-2.47,133,86,313,3
3945,TX,79703,Discover,4314,10011404,10,0.3483,-1.05,88,78,6,2
3946,MI,49082,Wells,2058,01019540,1,0.3060,-1.18,134,24,102,8
3947,WA,98444,Bank_Of_Am,992,01019265,1,0.9665,-0.03,117,34,291,4
3948,CA,95324,Chase,2314,05012862,5,0.5898,-0.53,111,74,45,7
3949,PA,15906,Bank_Of_Am,2383,06012653,6,0.2069,-1.58,120,77,121,6
3950,CA,94014,Discover,2093,05012838,5,0.4267,-0.85,129,71,40,1
3951,CA,92683,Wells,4257,09012023,9,0.9451,-0.06,118,84,6,1
3952,LA,70570,Discover,1948,03013311,3,0.3135,-1.16,105,48,66,1
3953,MO,64801,Associates,4936,09011964,9,0.4612,-0.77,134,7,25,5
3954,CA,90807,Bank_Of_Am,4638,01019187,1,0.1991,-1.61,137,81,93,3
3955,PA,17403,Bank_Of_Am,5015,01015717,1,0.8875,-0.12,123,97,126,8
3956,AZ,85636,Associates,3868,08012236,8,0.4104,-0.89,112,93,185,1
3957,IL,61821,Associates,2538,01016741,1,0.5611,-0.58,94,58,128,1
3958,CA,94590,Wells,2201,01015310,1,0.4294,-0.85,133,74,11,5
3959,SC,29180,Discover,3397,06012699,6,0.6776,-0.39,147,81,96,4
3960,IN,46407,Chase,4503,05012847,5,0.5344,-0.63,135,93,103,1
3961,CA,91723,Wells,1753,01015478,1,0.6585,-0.42,135,90,73,1
3962,PA,15926,Associates,2576,01014934,1,0.6265,-0.47,139,7,73,4
3963,CA,92104,Discover,5583,10011531,10,0.9562,-0.04,130,99,6,3
3964,NC,27516,Bank_Of_Am,1956,01014975,1,0.5006,-0.69,134,68,100,2
3965,LA,70501,Discover,2056,03013497,3,0.9527,-0.05,138,57,75,2
3966,GA,30314,Discover,4861,05012781,5,0.9417,-0.06,136,71,39,3
3967,TX,78411,Associates,1424,05012816,5,0.6096,-0.49,105,91,34,1
3968,OK,73118,Discover,4823,05012881,5,0.7948,-0.23,96,42,35,9
3969,OR,97218,Chase,4561,04013287,4,0.4315,-0.84,107,26,14,3
3970,NY,10458,Wells,3001,02014622,2,0.8934,-0.11,101,85,89,1
3971,GA,30577,Discover,3357,01014870,1,0.9106,-0.09,130,31,57,3
3972,TX,78222,Discover,1193,08012329,8,0.8503,-0.16,123,90,188,1
3973,NY,11419,Associates,2554,04013283,4,0.6632,-0.41,141,53,102,2
3974,CA,91941,Wells,981,05012780,5,0.4148,-0.88,113,57,4,2
3975,TN,37416,Discover,3129,05012852,5,0.2144,-1.54,126,86,21,1
3976,CA,92236,Wells,1092,06012739,6,0.7150,-0.34,123,29,68,8
3977,CA,92220,Wells,1449,07012530,7,0.7733,-0.26,108,99,13,1
3978,CA,96130,Wells,2521,03013480,3,0.5925,-0.52,129,86,12,3
3979,OH,44454,Discover,3953,03013500,3,0.3841,-0.96,136,84,34,1
3980,NY,10037,Chase,9821,06012638,6,0.2010,-1.6,118,11,69,1
3981,PA,15370,Discover,2170,01017266,1,0.6254,-0.47,137,27,240,3
3982,CA,92131,Wells,1347,05012965,5,0.9937,-0.01,100,56,26,2
3983,FL,32210,Discover,4256,01014964,1,0.3234,-1.13,136,19,42,1
3984,MA,02125,Discover,2977,01926711,1,0.1669,-1.79,149,98,76,5
3985,CA,95814,Wells,2220,03924014,3,0.1333,-2.02,134,43,53,9
3986,PA,15210,Bank_Of_Am,1111,08012148,8,0.1631,-1.81,130,80,127,1
3987,MA,01843,Associates,2558,05012924,5,0.1204,-2.12,124,19,27,2
3988,MD,21229,Discover,1403,08000000,8,0.8466,-0.17,142,59,61,5
3989,IL,60103,Wells,4333,06012760,6,0.9586,-0.04,118,24,38,1
3990,TN,37214,Associates,1353,04013176,4,0.2680,-1.32,139,65,142,1
3991,TN,37203,Discover,3981,08012312,8,0.2667,-1.32,147,68,44,7
3992,NY,10509,Bank_Of_Am,7425,02014652,2,0.2643,-1.33,135,31,248,2
3993,HI,96706,Bank_Of_Am,1427,01016827,1,0.6828,-0.38,92,95,80,2
3994,OR,97217,Bank_Of_Am,988,04013181,4,0.9149,-0.09,127,11,21,3
3995,TX,77478,Chase,5152,10011651,10,0.9662,-0.03,123,49,57,2
3996,NY,11212,Wells,2547,03013448,3,0.1873,-1.67,137,80,65,3
3997,CA,92648,Wells,1266,06012749,6,0.8946,-0.11,139,68,2,1
3998,TX,76067,Associates,828,04013112,4,0.4272,-0.85,100,46,31,1
3999,LA,70776,Discover,2509,04013165,4,0.3481,-1.06,146,87,85,1
4000,NY,10032,Chase_Rev,3189,03013307,3,0.5201,-0.65,103,54,53,2
4001,CT,06320,Chase,2782,03013449,3,0.8152,-0.2,107,20,72,2
4002,FL,33414,Associates,605,02014660,2,0.5593,-0.58,119,90,29,2
4003,CA,95823,Bank_Of_Am,471,08012328,8,0.5297,-0.64,123,64,56,1
4004,NC,27704,Discover,2228,02014649,2,0.6337,-0.46,106,76,172,6
4005,NJ,08854,Discover,1534,01015996,1,0.1873,-1.67,78,99,37,1
4006,OH,45315,Chase,6260,07012539,7,0.2681,-1.32,130,81,86,2
4007,CA,91101,Wells,4695,01019217,1,0.3118,-1.17,128,37,38,7
4008,TX,79007,Associates,6222,04013210,4,0.0328,-3.42,134,59,86,4
4009,CA,92399,Wells,5044,05922867,5,0.3370,-1.09,131,16,121,3
4010,AL,35077,Discover,2807,01019533,1,0.5309,-0.63,127,50,124,4
4011,CA,92503,Wells,2122,01015646,1,0.4354,-0.83,140,81,323,1
4012,FL,33021,Bank_Of_Am,1865,02013764,2,0.3579,-1.03,125,7,77,1
4013,NJ,07111,Associates,1096,01015913,1,0.7384,-0.3,140,16,43,1
4014,CA,90068,Discover,7048,01014871,1,0.6815,-0.38,141,36,124,6
4015,AR,72959,Associates,2723,08012226,8,0.6964,-0.36,91,88,33,5
4016,NY,11213,Discover,2573,01019525,1,0.0001,-9.82,123,45,151,12
4017,MI,48002,Bank_Of_Am,398,01017161,1,0.9279,-0.07,103,25,134,5
4018,CA,95531,Wells,3935,01019407,1,0.1045,-2.26,142,43,79,2
4019,AR,72932,Wells,1974,03013372,3,0.4646,-0.77,99,6,11,5
4020,WI,53222,Chase_Bony,4979,08921484,8,0.0587,-2.84,134,68,16,3
4021,VA,23518,Discover,1584,03013519,3,0.0171,-4.07,122,89,12,6
4022,CA,90744,Bank_Of_Am,2033,01015664,1,0.7623,-0.27,127,4,85,1
4023,CO,80504,Wells,7298,01015269,1,0.9572,-0.04,96,78,47,5
4024,MI,48238,Wells,2905,01019320,1,0.9797,-0.02,119,65,82,2
4025,MI,49264,Wells,3323,01015798,1,0.5119,-0.67,138,23,81,3
4026,NM,87305,Discover,1676,01016576,1,0.7948,-0.23,123,5,308,4
4027,CA,90305,Wells,1819,04013085,4,0.8484,-0.16,98,97,175,9
4028,MI,49286,Chase_Rev,5881,02014578,2,0.7737,-0.26,136,97,12,1
4029,WA,98902,Associates,1069,08000000,8,0.8158,-0.2,147,43,68,3
4030,MO,65203,Discover,4970,08012304,8,0.2188,-1.52,132,65,85,2
4031,KY,40108,Wells,2885,01019254,1,0.0785,-2.54,133,72,204,2
4032,AL,36301,Discover,1669,05012808,5,0.7209,-0.33,121,99,24,1
4033,TX,78630,Associates,4169,10011104,10,0.1100,-2.21,118,84,127,10
4034,IL,61832,Discover,2302,04013051,4,0.2669,-1.32,114,69,60,7
4035,AR,72003,Associates,951,06012691,6,0.7248,-0.32,134,78,144,1
4036,OH,44052,Associates,5671,01927691,1,0.4136,-0.88,118,31,30,6
4037,CA,93458,Wells,2066,08012339,8,0.1359,-2,114,10,26,1
4038,CA,91750,Wells,1159,06012576,6,0.7039,-0.35,133,56,91,2
4039,MD,21251,Discover,1694,05012781,5,0.8708,-0.14,107,55,88,1
4040,CA,92025,Wells,1855,02924828,2,0.0041,-5.49,121,32,27,5
4041,CA,90047,Wells,14045,05922766,5,0.6484,-0.43,89,58,48,21
4042,CA,90806,Wells,3687,07012441,7,0.3545,-1.04,132,41,417,1
4043,MA,01831,Discover,3931,05012882,5,0.7575,-0.28,135,75,53,1
4044,NY,12533,Associates,1642,05012854,5,0.0097,-4.64,137,61,73,2
4045,TX,75026,Associates,4619,10010151,10,0.8035,-0.22,110,62,29,3
4046,IL,60629,Bank_Of_Am,447,03013376,3,0.0723,-2.63,110,97,97,2
4047,TX,78228,Discover,2556,10011859,10,0.6574,-0.42,134,79,63,9
4048,FL,33444,Associates,2344,02014408,2,0.9466,-0.05,131,80,140,5
4049,IN,46234,Bank_Of_Am,3290,04013139,4,0.5257,-0.64,145,3,110,1
4050,CA,91911,Wells,2650,05012926,5,0.3072,-1.18,116,12,27,1
4051,MO,63304,Discover,1557,03013412,3,0.9065,-0.1,127,13,101,1
4052,CA,91101,Associates,3980,09011984,9,0.7858,-0.24,95,45,110,1
4053,CO,80634,Discover,2200,03013344,3,0.7644,-0.27,140,48,154,4
4054,PA,19020,Associates,2651,05012869,5,0.2453,-1.41,102,91,151,3
4055,CA,90245,Discover,3718,01016428,1,0.1794,-1.72,136,26,93,11
4056,GA,31061,Associates,3843,01016267,1,0.4929,-0.71,132,30,81,25
4057,FL,32328,Discover,3684,02014751,2,0.7504,-0.29,136,5,71,2
4058,SC,29550,Discover,2175,03013313,3,0.6609,-0.41,109,38,554,1
4059,NY,11226,Chase,4279,04013179,4,0.1187,-2.13,128,11,119,4
4060,VA,24592,Discover,1612,03013328,3,0.2751,-1.29,97,28,43,4
4061,NM,88401,Associates,949,04013117,4,0.0574,-2.86,143,67,53,1
4062,FL,34983,Discover,2396,03013327,3,0.5603,-0.58,132,98,8,2
4063,DC,20008,Bank_Of_Am,774,05012937,5,0.9794,-0.02,127,60,81,3
4064,FL,32073,Wells,4663,02014670,2,0.1555,-1.86,133,20,33,2
4065,TX,77096,Discover,1148,10011747,10,0.9141,-0.09,124,88,4,1
4066,PA,18708,Discover,4404,02014079,2,0.5469,-0.6,111,64,63,2
4067,IN,47905,Discover,2145,02014122,2,0.3857,-0.95,142,77,65,5
4068,TX,77503,Associates,2471,10011658,10,0.5958,-0.52,132,96,56,5
4069,PA,15206,Discover,2745,03013657,3,0.0674,-2.7,97,93,60,1
4070,MI,49332,Wells_FIB,3088,05012880,5,0.2539,-1.37,125,96,27,1
4071,MO,63114,Chase_Rev,1948,03013299,3,0.3155,-1.15,103,79,157,1
4072,TX,78210,Discover,3010,04013222,4,0.2959,-1.22,115,19,83,6
4073,NY,14224,Discover,9116,10011605,10,0.2409,-1.42,128,67,15,6
4074,PA,16001,Bank_Of_Am,8798,10920240,10,0.5423,-0.61,82,24,4,2
4075,TN,37802,Discover,3135,01016707,1,0.9747,-0.03,112,49,31,1
4076,FL,32324,Wells,1483,02013866,2,0.5232,-0.65,143,5,77,1
4077,FL,33511,Chase,1541,02013697,2,0.3067,-1.18,131,99,55,1
4078,CA,93637,Wells,1622,04013200,4,0.5507,-0.6,131,64,57,3
4079,AK,99705,Chase,11904,07921835,7,0.8416,-0.17,110,10,177,2
4080,NY,11102,Chase_Rev,1875,02014292,2,0.8906,-0.12,118,23,59,2
4081,SC,29803,Chase_Rev,2046,03013382,3,0.1002,-2.3,117,29,93,1
4082,CA,95482,Discover,1083,09012072,9,0.2410,-1.42,100,68,42,2
4083,CA,90260,Wells,1869,04013222,4,0.7531,-0.28,117,26,60,6
4084,OH,45741,Associates,3678,09012096,9,0.9586,-0.04,121,71,41,1
4085,NJ,07760,Associates,2268,03013441,3,0.0706,-2.65,134,66,36,1
4086,FL,32331,Associates,1738,01016346,1,0.6913,-0.37,119,53,23,4
4087,LA,70669,Discover,2856,04013241,4,0.9619,-0.04,110,89,55,2
4088,OH,43149,Discover,6741,02014456,2,0.5866,-0.53,91,44,94,4
4089,NY,11104,Bank_Of_Am,2138,02014400,2,0.2025,-1.6,124,59,185,1
4090,FL,33322,Discover,1676,02013685,2,0.3737,-0.98,95,70,50,2
4091,CA,90715,Bank_Of_Am,1291,04013223,4,0.0370,-3.3,127,7,73,5
4092,WA,99336,Associates,2092,08012169,8,0.9809,-0.02,128,58,14,10
4093,WV,26062,Associates,2687,09012067,9,0.8365,-0.18,119,22,2,1
4094,SC,29445,Discover,3416,01015555,1,0.3196,-1.14,95,94,108,2
4095,CA,92127,Discover,3685,01017820,1,0.5673,-0.57,115,50,116,2
4096,NY,11238,Bank_Of_Am,1645,05013001,5,0.3967,-0.92,140,25,48,2
4097,WI,54481,Bank_Of_Am,2465,03013443,3,0.8169,-0.2,132,55,51,2
4098,OH,44121,Discover,1561,04013027,4,0.5801,-0.54,82,74,41,1
4099,MI,49783,Discover,3014,04013279,4,0.6429,-0.44,105,47,242,1
4100,FL,33024,Wells,1551,02013832,2,0.7457,-0.29,123,18,72,1
4101,TX,75243,Wells,1811,09012016,9,0.9853,-0.01,128,90,53,7
4102,LA,70570,Discover,1466,07922040,7,0.2800,-1.27,97,95,261,4
4103,AL,35242,Bank_Of_Am,11018,01016340,1,0.7769,-0.25,138,84,114,2
4104,PA,19362,Associates,149,01015519,1,0.2514,-1.38,111,33,154,4
4105,OH,44231,Associates,7240,07012394,7,0.9697,-0.03,131,57,83,2
4106,NC,28715,Discover,7250,03013489,3,0.9333,-0.07,108,27,26,3
4107,CA,94134,Bank_Of_Am,1185,05012873,5,0.1319,-2.03,129,8,197,5
4108,VA,23661,Wells,2067,02013991,2,0.4638,-0.77,109,58,30,2
4109,FL,32313,Discover,1738,03013310,3,0.1283,-2.05,108,36,56,1
4110,CA,92551,Wells,2974,06012632,6,0.9412,-0.06,106,69,58,10
4111,CA,95651,Wells,1965,05012991,5,0.1156,-2.16,144,43,75,1
4112,MO,63123,Bank_Of_Am,5791,08012323,8,0.4504,-0.8,123,50,71,4
4113,TX,75035,Discover,3270,01018940,1,0.0704,-2.65,126,88,36,1
4114,NY,11716,Associates,4362,01017658,1,0.6731,-0.4,104,18,60,5
4115,CA,90815,Bank_Of_Am,1966,01019298,1,0.9398,-0.06,146,48,97,3
4116,NV,89110,Bank_Of_Am,10980,10011082,10,0.7244,-0.32,104,94,183,4
4117,OK,73108,Associates,1873,07012391,7,0.7879,-0.24,103,6,13,3
4118,FL,33813,Chase,1015,03013621,3,0.8680,-0.14,148,56,187,2
4119,OR,97202,Wells,1126,04013195,4,0.3391,-1.08,90,58,62,1
4120,TX,77532,Chase_Bony,7956,10011413,10,0.2976,-1.21,145,74,37,1
4121,NC,28052,Chase,1897,02014618,2,0.6352,-0.45,136,82,101,7
4122,CA,92115,Chase,5008,08012296,8,0.8296,-0.19,129,41,22,5
4123,CA,91761,Wells,1327,04013242,4,0.0160,-4.13,114,25,24,3
4124,CA,91510,Bank_Of_Am,7672,01018940,1,0.9767,-0.02,126,12,17,2
4125,FL,33460,Discover,5796,01016493,1,0.8214,-0.2,137,67,95,2
4126,KS,66112,Discover,2914,02013801,2,0.4864,-0.72,123,39,137,4
4127,NM,87327,Discover,1624,05012876,5,0.0176,-4.04,137,29,259,6
4128,HI,96701,Bank_Of_Am,1794,04013238,4,0.8847,-0.12,141,42,192,1
4129,CA,95060,Associates,1460,10011794,10,0.1356,-2,101,34,44,3
4130,NY,11431,Chase_Rev,1890,03013599,3,0.3140,-1.16,139,56,11,1
4131,TN,37209,Discover,2648,01015702,1,0.6956,-0.36,117,80,73,3
4132,TX,75701,Associates,7574,10011173,10,0.9652,-0.04,122,48,102,9
4133,FL,33912,Associates,1129,05012904,5,0.2331,-1.46,118,8,71,1
4134,LA,71457,Discover,1397,03923857,3,0.4090,-0.89,121,2,247,1
4135,AZ,85272,Wells_FIB,1075,08012182,8,0.8384,-0.18,136,18,62,4
4136,NY,14760,Associates,1292,04013132,4,0.4572,-0.78,96,13,32,2
4137,MN,55109,Associates,389,01014785,1,0.7878,-0.24,140,93,42,5
4138,AL,36037,Chase,967,04013138,4,0.7006,-0.36,91,10,175,1
4139,CT,06615,Discover,6617,07012362,7,0.6186,-0.48,131,76,24,5
4140,NY,11510,Associates,327,08000000,8,0.7981,-0.23,118,25,159,4
4141,NY,11236,Associates,969,04013057,4,0.6219,-0.48,110,61,147,8
4142,GA,30084,Chase,1178,03013347,3,0.9399,-0.06,140,48,101,2
4143,CA,92503,Bank_Of_Am,5825,08012313,8,0.9941,-0.01,117,3,9,1
4144,IL,60153,Discover,1589,06922191,6,0.2735,-1.3,134,10,72,6
4145,CA,94949,Wells,1823,02013828,2,0.2481,-1.39,117,36,58,5
4146,FL,33803,Discover,1532,02013944,2,0.5280,-0.64,108,44,29,1
4147,MA,02127,Chase,9551,09012106,9,0.4229,-0.86,104,27,149,1
4148,FL,32811,Discover,2997,02014612,2,0.3374,-1.09,105,45,97,2
4149,HI,96701,Discover,7424,07012481,7,0.5943,-0.52,126,54,71,1
4150,FL,32127,Discover,6626,10011773,10,0.6963,-0.36,135,9,12,3
4151,FL,33004,Chase,1806,02013867,2,0.7690,-0.26,125,33,33,3
4152,CA,90009,Discover,2225,08012184,8,0.9605,-0.04,123,12,4,1
4153,NY,12144,Discover,2433,04013121,4,0.1520,-1.88,128,71,74,2
4154,CA,90260,Wells,1380,07012498,7,0.2824,-1.26,106,87,62,4
4155,NY,11722,Discover,1634,05012948,5,0.9214,-0.08,119,36,46,2
4156,MI,49104,Discover,1653,02014501,2,0.7152,-0.34,114,46,42,1
4157,FL,34653,Wells,1916,05922938,5,0.8428,-0.17,133,75,27,1
4158,CA,90746,Wells,5737,02013952,2,0.9784,-0.02,100,92,42,1
4159,AZ,85233,Wells,1791,04013052,4,0.1152,-2.16,122,64,112,1
4160,CA,93257,Wells_FIB,1375,06012598,6,0.6619,-0.41,120,90,293,2
4161,PA,15206,Discover,7522,10011806,10,0.3610,-1.02,130,55,286,2
4162,CA,90247,Associates,1092,05012787,5,0.9340,-0.07,131,67,102,1
4163,TX,77043,Discover,2886,02014529,2,0.6290,-0.46,146,51,321,1
4164,MD,21231,Wells,6866,07012523,7,0.5353,-0.62,142,28,105,4
4165,IL,60636,Discover,2161,01018212,1,0.1623,-1.82,128,75,95,1
4166,NM,88355,Wells,462,02014566,2,0.5265,-0.64,128,22,5,2
4167,FL,33952,Bank_Of_Am,2979,01019454,1,0.7637,-0.27,116,44,47,1
4168,IL,60639,Associates,1404,05012867,5,0.1388,-1.98,139,48,143,1
4169,FL,32244,Discover,3479,01016880,1,0.5336,-0.63,107,33,37,2
4170,MI,48075,Chase_Bony,2496,03013382,3,0.9112,-0.09,111,10,34,1
4171,IN,46902,Associates,2033,06012653,6,0.0417,-3.18,125,86,82,3
4172,FL,32805,Discover,2935,06012689,6,0.9828,-0.02,127,81,83,2
4173,TX,78516,Discover,3409,10011653,10,0.6109,-0.49,129,25,106,1
4174,MI,49417,Associates,2873,03013406,3,0.8325,-0.18,113,97,23,1
4175,FL,32127,Discover,3637,07012535,7,0.7988,-0.22,77,17,23,1
4176,ME,03904,Discover,4142,08012286,8,0.7150,-0.34,142,89,69,2
4177,FL,32313,Discover,1465,04923185,4,0.9419,-0.06,113,14,32,2
4178,OH,43215,Discover,2719,04013265,4,0.3881,-0.95,123,74,13,3
4179,CA,92234,Wells,1148,09011982,9,0.6464,-0.44,137,64,5,2
4180,NY,10016,Bank_Of_Am,3047,03013586,3,0.9557,-0.05,113,36,57,2
4181,CA,95926,Bank_Of_Am,1808,07012367,7,0.2368,-1.44,145,87,2,1
4182,CA,94014,Bank_Of_Am,492,07012358,7,0.2661,-1.32,117,13,44,1
4183,CA,90068,Bank_Of_Am,280,04013285,4,0.2851,-1.25,119,25,2,2
4184,TX,78741,Chase_Rev,2282,06012597,6,0.2934,-1.23,112,13,80,1
4185,OH,44512,Discover,3681,09012046,9,0.4352,-0.83,104,35,135,7
4186,CA,93722,Wells,1071,08000000,8,0.7141,-0.34,140,10,8,3
4187,VT,05488,Discover,8785,10011556,10,0.7405,-0.3,105,52,124,1
4188,NY,10029,Discover,2336,01015351,1,0.9296,-0.07,117,12,164,1
4189,CA,90280,Wells,4203,02014547,2,0.1274,-2.06,94,46,84,3
4190,LA,70356,Wells,4047,02925374,2,0.4788,-0.74,108,48,60,17
4191,OK,74115,Chase,1623,03013655,3,0.2195,-1.52,136,20,52,2
4192,TX,78240,Associates,4076,10011277,10,0.0047,-5.37,114,97,30,1
4193,GA,30260,Bank_Of_Am,7047,01019270,1,0.7488,-0.29,124,31,6,1
4194,WA,99114,Discover,5929,09012102,9,0.9208,-0.08,122,88,52,1
4195,MI,49085,Discover,3783,05012852,5,0.5323,-0.63,129,62,173,8
4196,TX,76520,Bank_Of_Am,6619,06012729,6,0.5415,-0.61,140,90,87,7
4197,MN,55420,Chase,3356,02925500,2,0.7909,-0.23,145,89,69,4
4198,CA,95126,Wells,2057,02014468,2,0.6598,-0.42,107,66,120,1
4199,CA,91405,Associates,3172,07012408,7,0.1752,-1.74,143,63,66,3
4200,GA,30157,Chase,9030,06012574,6,0.7478,-0.29,100,10,73,1
4201,TN,37334,Chase,3417,04013011,4,0.0388,-3.25,123,63,51,1
4202,CA,95330,Bank_Of_Am,2311,01019377,1,0.1715,-1.76,139,33,99,4
4203,TX,76001,Wells,1448,07012412,7,0.6729,-0.4,132,88,4,4
4204,CA,92675,Bank_Of_Am,3835,06922535,6,0.1983,-1.62,114,74,12,1
4205,NY,10468,Bank_Of_Am,7197,02014748,2,0.4754,-0.74,118,64,91,1
4206,TX,78076,Chase,1181,09012103,9,0.3679,-1,137,3,85,4
4207,CA,93654,Wells,1551,03013378,3,0.3725,-0.99,134,94,54,4
4208,CA,92069,Associates,1875,05012809,5,0.8803,-0.13,120,80,130,2
4209,CA,92407,Chase_Rev,6989,09011963,9,0.2060,-1.58,126,73,18,5
4210,NM,87048,Associates,1386,07012359,7,0.8352,-0.18,95,69,77,1
4211,OH,45215,Associates,2302,01016778,1,0.8051,-0.22,111,37,35,1
4212,ME,03909,Bank_Of_Am,1222,03013468,3,0.6370,-0.45,108,54,107,10
4213,NH,03243,Chase_Rev,2202,03923972,3,0.8905,-0.12,129,27,117,1
4214,MN,55104,Associates,761,05012940,5,0.7155,-0.33,138,47,2,1
4215,CT,06110,Bank_Of_Am,1953,03013638,3,0.2206,-1.51,130,3,79,2
4216,PA,19002,Chase_Rev,3038,04013106,4,0.6426,-0.44,88,31,329,4
4217,MI,48047,Discover,1685,03013599,3,0.3822,-0.96,125,4,74,9
4218,CA,91504,Wells,1171,01019444,1,0.0663,-2.71,130,85,101,1
4219,CA,95690,Bank_Of_Am,2457,01016272,1,0.6950,-0.36,126,45,43,2
4220,NY,14081,Discover,1499,06012701,6,0.4138,-0.88,117,64,130,3
4221,CA,94544,Discover,2316,10011842,10,0.2145,-1.54,128,35,91,2
4222,MI,49505,Associates,4764,03013355,3,0.0210,-3.86,129,41,24,1
4223,CA,95035,Wells,2012,04013125,4,0.1552,-1.86,122,90,84,1
4224,AZ,86514,Bank_Of_Am,2075,08012239,8,0.0593,-2.83,89,55,79,1
4225,CO,80122,Associates,2527,03013395,3,0.3618,-1.02,136,29,34,3
4226,PA,19061,Associates,1135,04013075,4,0.8023,-0.22,143,34,187,1
4227,CA,92324,Bank_Of_Am,6695,10011457,10,0.1042,-2.26,131,86,1,1
4228,AL,36532,Bank_Of_Am,4889,03013616,3,0.1612,-1.83,140,58,87,21
4229,IL,62292,Discover,1698,02013718,2,0.4203,-0.87,130,63,367,1
4230,CA,95687,Wells,3222,05012968,5,0.5143,-0.66,106,39,87,3
4231,MO,64155,Associates,4844,05012780,5,0.5513,-0.6,94,59,78,1
4232,IL,60619,Chase_Rev,2079,03013314,3,0.7781,-0.25,119,96,48,9
4233,WA,98107,Bank_Of_Am,10059,10011554,10,0.4802,-0.73,133,45,50,42
4234,CA,90003,Chase,3903,07012546,7,0.7287,-0.32,121,61,48,1
4235,LA,70346,Discover,2957,05012999,5,0.6253,-0.47,108,66,38,1
4236,FL,32726,Associates,1922,01017170,1,0.2217,-1.51,144,35,108,2
4237,CT,06106,Discover,1598,03013332,3,0.3502,-1.05,119,99,67,2
4238,WV,26301,Discover,3280,06012638,6,0.3422,-1.07,129,95,217,8
4239,PA,15131,Discover,1887,04013274,4,0.2439,-1.41,116,32,20,1
4240,OK,74730,Discover,2151,04013138,4,0.2975,-1.21,137,9,95,2
4241,TX,75165,Discover,4677,10010158,10,0.5417,-0.61,122,93,80,2
4242,NY,12550,Discover,2330,02014084,2,0.0925,-2.38,124,34,99,1
4243,CA,95678,Wells,2701,03013501,3,0.6990,-0.36,97,28,20,12
4244,DE,19933,Discover,1496,08012176,8,0.2261,-1.49,110,2,91,5
4245,OH,43016,Discover,3637,06012578,6,0.2630,-1.34,134,71,112,1
4246,LA,71202,Discover,2675,01017065,1,0.3761,-0.98,108,82,69,7
4247,CA,90404,Bank_Of_Am,8456,01015127,1,0.0279,-3.58,135,88,48,7
4248,NY,14489,Associates,2735,04013050,4,0.5705,-0.56,104,87,102,2
4249,CA,90650,Bank_Of_Am,1136,01017290,1,0.3055,-1.19,145,48,7,4
4250,MI,48106,Discover,2132,02013691,2,0.2142,-1.54,131,66,72,2
4251,FL,32613,Chase,8399,10920122,10,0.7869,-0.24,141,70,28,1
4252,LA,70394,Bank_Of_Am,2787,09012083,9,0.7984,-0.23,129,27,18,1
4253,PA,15202,Discover,3644,02013697,2,0.8082,-0.21,141,77,50,3
4254,CA,90502,Wells,9561,10011816,10,0.7035,-0.35,111,58,87,5
4255,FL,33143,Chase_Bony,1568,02013953,2,0.8827,-0.12,121,90,293,1
4256,CA,90044,Bank_Of_Am,2040,02014508,2,0.1719,-1.76,140,81,62,1
4257,MA,02118,Bank_Of_Am,1454,02013798,2,0.3694,-1,142,44,113,1
4258,MO,65536,Discover,2658,06012619,6,0.6672,-0.4,132,59,90,1
4259,SC,29059,Associates,8603,10011658,10,0.5598,-0.58,109,23,47,24
4260,TN,38134,Associates,5638,06012568,6,0.9414,-0.06,103,85,100,2
4261,NC,28205,Discover,6792,03013347,3,0.3413,-1.07,125,45,40,3
4262,IL,60652,Bank_Of_Am,2551,05012974,5,0.2383,-1.43,145,79,112,1
4263,MI,48221,Discover,3372,04013052,4,0.5321,-0.63,117,87,60,1
4264,MS,39402,Discover,1685,08012273,8,0.9189,-0.08,128,57,14,1
4265,OK,74075,Chase,2385,02014259,2,0.8639,-0.15,121,49,57,2
4266,AK,99750,Bank_Of_Am,3481,02014433,2,0.1086,-2.22,90,57,248,4
4267,PA,15068,Chase_Rev,4392,02014106,2,0.3290,-1.11,124,54,158,3
4268,OR,97007,Discover,2594,07012493,7,0.6176,-0.48,118,81,10,1
4269,CA,90713,Associates,1628,04013112,4,0.3312,-1.11,84,89,79,6
4270,CA,90003,Associates,1405,06922534,6,0.2254,-1.49,109,64,121,5
4271,TX,75028,Bank_Of_Am,3440,10011517,10,0.7271,-0.32,126,80,20,3
4272,CA,90039,Bank_Of_Am,4231,06012643,6,0.8402,-0.17,131,50,118,1
4273,KS,66210,Chase,1682,02013807,2,0.0723,-2.63,143,48,75,2
4274,CT,06606,Bank_Of_Am,2928,01015323,1,0.5589,-0.58,115,52,55,1
4275,TX,75217,Discover,3230,10010159,10,0.8857,-0.12,114,87,86,4
4276,CA,95073,Wells,1453,09012114,9,0.8614,-0.15,135,6,6,3
4277,CA,92675,Discover,5837,10011482,10,0.9699,-0.03,140,16,25,4
4278,MI,49749,Chase_Rev,1448,05012948,5,0.6373,-0.45,98,76,31,1
4279,AZ,85268,Associates,931,08000000,8,0.8913,-0.12,130,17,103,8
4280,CA,94401,Wells,1677,01017803,1,0.0719,-2.63,136,8,10,1
4281,OH,45416,Bank_Of_Am,6363,05012772,5,0.1729,-1.76,144,51,27,2
4282,DC,20009,Associates,1002,05012973,5,0.5458,-0.61,134,51,4,1
4283,NH,03229,Chase,3017,05012792,5,0.1584,-1.84,123,98,68,2
4284,NY,12498,Bank_Of_Am,1419,01017278,1,0.0804,-2.52,125,14,58,1
4285,AR,72015,Discover,2705,10011815,10,0.5122,-0.67,140,20,4,2
4286,CA,92507,Bank_Of_Am,1498,03013322,3,0.0736,-2.61,121,4,256,1
4287,MA,02155,Bank_Of_Am,3123,01016065,1,0.2070,-1.58,134,65,13,1
4288,GA,30122,Discover,7566,01015018,1,0.3287,-1.11,137,27,169,2
4289,WA,98001,Discover,2644,06012626,6,0.2231,-1.5,121,75,49,4
4290,IN,46701,Chase,5127,07012365,7,0.7154,-0.33,134,70,3,1
4291,CA,95829,Wells,4139,06012629,6,0.4636,-0.77,107,32,103,1
4292,MD,20784,Discover,1773,03013559,3,0.6921,-0.37,126,35,131,5
4293,NY,10002,Discover,3424,01016575,1,0.7474,-0.29,102,45,72,4
4294,NY,12020,Discover,2155,01017318,1,0.5844,-0.54,121,89,36,3
4295,IL,60613,Bank_Of_Am,1831,07012477,7,0.0306,-3.49,130,48,4,2
4296,OH,44805,Associates,3133,02014068,2,0.0715,-2.64,88,10,29,3
4297,FL,32779,Discover,7734,02013731,2,0.7972,-0.23,116,54,101,1
4298,IA,52405,Associates,4714,07012468,7,0.0256,-3.67,125,4,180,1
4299,TX,77619,Discover,1905,01015794,1,0.9816,-0.02,127,28,46,7
4300,PA,17868,Associates,1692,03013445,3,0.7846,-0.24,134,75,83,11
4301,AR,71923,Bank_Of_Am,3232,08012224,8,0.7719,-0.26,127,60,151,1
4302,CA,92346,Discover,4594,09012096,9,0.4599,-0.78,132,10,226,2
4303,TX,75703,Discover,13053,10011026,10,0.2490,-1.39,132,6,75,1
4304,FL,34293,Discover,4050,02924780,2,0.2933,-1.23,128,27,92,1
4305,WA,98125,Bank_Of_Am,773,01016538,1,0.7471,-0.29,135,60,45,7
4306,NY,11201,Discover,5917,04013220,4,0.0957,-2.35,116,26,15,2
4307,AZ,85283,Discover,1848,06012675,6,0.1174,-2.14,96,26,209,2
4308,MI,49233,Associates,1067,08000000,8,0.4748,-0.74,141,33,29,2
4309,TX,75756,Associates,3005,10011687,10,0.7761,-0.25,110,89,106,17
4310,VA,23437,Chase_Rev,7457,05012968,5,0.9097,-0.09,132,35,59,4
4311,TX,78741,Chase_Rev,7989,10011183,10,0.5320,-0.63,113,62,112,1
4312,FL,33162,Associates,327,06922176,6,0.9442,-0.06,119,85,127,1
4313,PA,18657,Chase_Rev,2417,02014027,2,0.9025,-0.1,130,1,37,3
4314,CA,90008,Wells,1372,01015999,1,0.6282,-0.46,105,68,96,5
4315,CO,80227,Wells_FIB,3049,02014638,2,0.2183,-1.52,141,97,62,4
4316,OH,44074,Associates,6778,04923223,4,0.3978,-0.92,108,67,216,1
4317,NY,10458,Discover,6040,10011809,10,0.6148,-0.49,120,19,13,5
4318,CA,95327,Bank_Of_Am,4808,08012328,8,0.5651,-0.57,117,49,72,6
4319,WA,98055,Discover,565,08921641,8,0.4570,-0.78,138,49,48,1
4320,VA,24572,Associates,1142,06012722,6,0.4697,-0.76,101,15,134,1
4321,LA,70090,Discover,4683,03013607,3,0.3755,-0.98,128,16,38,3
4322,TX,77365,Bank_Of_Am,3000,02924392,2,0.6940,-0.37,114,9,119,2
4323,NE,68104,Discover,3544,01015618,1,0.4850,-0.72,141,69,95,5
4324,CA,95221,Bank_Of_Am,2431,05012902,5,0.3671,-1,140,30,164,2
4325,NY,13203,Bank_Of_Am,3094,01016619,1,0.3510,-1.05,96,63,71,4
4326,DE,19701,Chase_Rev,1509,03013455,3,0.6402,-0.45,93,25,92,1
4327,CA,93643,Wells,2084,01017727,1,0.5198,-0.65,134,42,71,17
4328,MN,55356,Chase_Rev,3140,08012314,8,0.2098,-1.56,122,37,35,1
4329,IL,61032,Discover,7830,08012233,8,0.0267,-3.62,142,23,2,2
4330,NC,28001,Discover,3352,01016700,1,0.1028,-2.27,130,19,41,2
4331,TX,77511,Discover,5054,10011043,10,0.6154,-0.49,115,65,5,2
4332,NY,14171,Discover,7796,08012170,8,0.0346,-3.37,83,57,74,3
4333,VA,22202,Discover,2878,02924958,2,0.4848,-0.72,119,53,31,1
4334,FL,33461,Discover,7557,08012293,8,0.1216,-2.11,134,81,233,3
4335,NY,14226,Discover,2249,01015411,1,0.8439,-0.17,122,94,68,2
4336,CA,92501,Discover,2141,07012369,7,0.7891,-0.24,96,18,40,4
4337,NC,28546,Discover,2047,02014529,2,0.0286,-3.55,136,57,13,7
4338,VA,22407,Discover,3526,01019430,1,0.5690,-0.56,123,5,40,6
4339,CA,91950,Wells,1970,03013649,3,0.5967,-0.52,85,25,146,5
4340,OR,97214,Wells,2276,04013161,4,0.9090,-0.1,138,7,718,1
4341,CA,94536,Bank_Of_Am,6654,05012787,5,0.5643,-0.57,125,71,2,1
4342,CA,93550,Bank_Of_Am,3411,05922644,5,0.9586,-0.04,144,3,54,3
4343,PA,19403,Discover,3550,07012512,7,0.8555,-0.16,96,32,115,3
4344,CA,91306,Discover,2579,01017761,1,0.1425,-1.95,142,57,61,2
4345,AZ,85635,Wells,1163,08012244,8,0.3237,-1.13,120,97,131,1
4346,CA,92646,Chase,3338,05012894,5,0.2527,-1.38,128,64,57,1
4347,CA,90020,Bank_Of_Am,918,02013935,2,0.7774,-0.25,120,27,78,3
4348,FL,32714,Discover,1802,03013559,3,0.8375,-0.18,111,38,42,10
4349,DC,20011,Discover,2366,07012462,7,0.0349,-3.36,134,78,150,3
4350,NV,89146,Discover,8999,08012347,8,0.2681,-1.32,145,16,40,3
4351,NY,14470,Chase_Rev,6115,07012486,7,0.1508,-1.89,122,53,11,2
4352,FL,33176,Discover,3855,02014009,2,0.9799,-0.02,117,20,54,1
4353,CA,90043,Wells,1560,01019400,1,0.0400,-3.22,74,53,73,12
4354,DC,20010,Associates,1400,04013283,4,0.8356,-0.18,143,19,252,1
4355,MI,48227,Associates,289,02013724,2,0.9231,-0.08,117,4,84,19
4356,FL,32533,Discover,1828,03013589,3,0.9473,-0.05,103,54,49,1
4357,MO,64501,Chase,508,02014062,2,0.2548,-1.37,142,21,86,1
4358,NY,10579,Bank_Of_Am,5081,06012561,6,0.4736,-0.75,126,83,34,3
4359,TX,75159,Wells,3440,09011936,9,0.5931,-0.52,131,82,1,1
4360,WA,98208,Bank_Of_Am,3502,02924947,2,0.1144,-2.17,119,48,155,7
4361,OH,45153,Discover,3219,01015045,1,0.2714,-1.3,120,39,99,3
4362,LA,71108,Bank_Of_Am,1198,01019406,1,0.9260,-0.08,144,10,81,5
4363,CA,94086,Associates,1162,08000000,8,0.3942,-0.93,130,1,13,2
4364,NY,11422,Bank_Of_Am,4352,01016069,1,0.7152,-0.34,140,13,51,5
4365,OH,44130,Associates,899,01019503,1,0.7804,-0.25,117,89,41,1
4366,NJ,08332,Associates,1827,01927217,1,0.9120,-0.09,136,91,62,3
4367,TX,75067,Discover,5494,10010147,10,0.7502,-0.29,122,55,67,1
4368,CA,93706,Bank_Of_Am,1469,05012999,5,0.9001,-0.11,129,40,33,2
4369,MD,21218,Bank_Of_Am,6946,03923700,3,0.6298,-0.46,82,17,6,3
4370,VA,24541,Discover,4286,01014820,1,0.4803,-0.73,129,37,166,11
4371,AZ,85051,Wells,1410,04013016,4,0.6546,-0.42,129,96,176,1
4372,AL,35950,Chase_Rev,6646,08012165,8,0.2773,-1.28,83,2,44,3
4373,SC,29732,Discover,3050,04013170,4,0.5492,-0.6,126,82,262,2
4374,MI,48211,Discover,4645,06012573,6,0.9774,-0.02,121,3,88,1
4375,TX,76504,Discover,3175,10011144,10,0.8504,-0.16,125,47,21,3
4376,NC,28340,Discover,787,01015620,1,0.0956,-2.35,140,23,41,2
4377,CO,80215,Wells,3061,02924596,2,0.1712,-1.76,138,83,41,3
4378,TN,37663,Chase,5102,03013530,3,0.5516,-0.59,85,68,63,1
4379,CA,90280,Wells,1405,06012636,6,0.2449,-1.41,87,37,138,1
4380,MA,02584,Bank_Of_Am,1481,02014588,2,0.0526,-2.94,145,18,48,2
4381,WA,98201,Discover,3298,10010174,10,0.0514,-2.97,147,20,24,2
4382,IL,60616,Associates,3990,02014747,2,0.0820,-2.5,130,28,114,1
4383,CA,95828,Wells,1782,01014875,1,0.6541,-0.42,90,83,46,1
4384,MA,02019,Associates,3183,06012730,6,0.8140,-0.21,92,71,40,2
4385,CA,94544,Wells,1985,04013172,4,0.2140,-1.54,120,10,85,1
4386,MI,48341,Discover,1843,02014671,2,0.6123,-0.49,145,60,56,8
4387,CA,90034,Wells_FIB,1902,05012965,5,0.3068,-1.18,124,47,65,5
4388,VA,23669,Chase,2388,04013119,4,0.8552,-0.16,142,38,14,1
4389,TX,75462,Chase,3910,10011569,10,0.4762,-0.74,120,64,232,2
4390,SC,29405,Associates,2742,01015301,1,0.2450,-1.41,133,47,36,2
4391,AZ,85728,Discover,893,09011890,9,0.8129,-0.21,98,54,6,2
4392,TX,78520,Discover,5344,02014658,2,0.4208,-0.87,126,35,13,4
4393,NJ,08021,Discover,2577,01016998,1,0.7505,-0.29,139,55,70,5
4394,TN,37205,Bank_Of_Am,1358,01019374,1,0.4219,-0.86,102,36,29,5
4395,CO,81503,Chase,5903,06012565,6,0.6746,-0.39,144,7,130,1
4396,FL,32405,Discover,4339,05012807,5,0.0736,-2.61,114,85,64,1
4397,MI,49345,Bank_Of_Am,1886,01017356,1,0.7467,-0.29,102,65,120,3
4398,NJ,07843,Discover,5183,06012671,6,0.0417,-3.18,138,60,56,14
4399,MI,48872,Discover,989,04013193,4,0.1629,-1.81,130,97,52,11
4400,MI,48130,Bank_Of_Am,8116,01015324,1,0.8037,-0.22,135,78,20,4
4401,CA,95240,Bank_Of_Am,4505,09012109,9,0.7979,-0.23,126,47,76,1
4402,NY,11731,Discover,1604,01017300,1,0.7637,-0.27,139,82,141,1
4403,CA,94602,Wells,3689,01019254,1,0.3514,-1.05,112,3,72,1
4404,FL,33144,Discover,5194,02014050,2,0.2352,-1.45,125,10,198,1
4405,OH,45426,Discover,894,08000000,8,0.0596,-2.82,87,26,22,1
4406,PA,15205,Discover,2193,01017340,1,0.1778,-1.73,112,50,34,2
4407,TX,78046,Discover,4991,10011727,10,0.5148,-0.66,139,60,95,1
4408,PA,15235,Discover,4508,06012729,6,0.0240,-3.73,141,98,104,7
4409,FL,32608,Discover,3347,01017275,1,0.8275,-0.19,140,82,40,1
4410,MA,02188,Associates,2021,02014217,2,0.3516,-1.05,140,81,88,1
4411,CT,06513,Associates,5188,01015108,1,0.9843,-0.02,86,49,96,5
4412,MO,63044,Bank_Of_Am,2072,02014255,2,0.1897,-1.66,93,59,66,1
4413,VA,22901,Discover,6048,02014566,2,0.1850,-1.69,108,69,7,1
4414,WI,54665,Associates,6613,10011382,10,0.8149,-0.2,120,15,22,4
4415,MS,39153,Discover,1736,06012636,6,0.7668,-0.27,136,38,104,1
4416,NY,13208,Bank_Of_Am,2404,01016918,1,0.1830,-1.7,143,44,148,4
4417,VT,05855,Discover,1469,01016894,1,0.9802,-0.02,109,4,101,2
4418,OR,97355,Chase_Rev,6361,04013259,4,0.7025,-0.35,124,86,5,2
4419,PA,18640,Chase,2092,03013468,3,0.5227,-0.65,145,94,18,1
4420,MI,48661,Discover,1232,06012753,6,0.9592,-0.04,115,82,158,5
4421,TX,75442,Chase,2343,10011376,10,0.4752,-0.74,108,24,20,5
4422,MA,02169,Chase_Rev,7319,08012214,8,0.8672,-0.14,125,10,34,1
4423,CA,91732,Wells,2286,05012829,5,0.5212,-0.65,127,65,10,4
4424,CA,90044,Wells,4584,02014371,2,0.1815,-1.71,128,58,8,1
4425,FL,34482,Associates,2667,02013885,2,0.2605,-1.35,132,56,53,1
4426,GA,31301,Discover,3597,06012714,6,0.8216,-0.2,114,77,129,4
4427,NJ,07112,Discover,1850,01015439,1,0.6645,-0.41,109,90,32,1
4428,AR,72036,Chase,1125,04013186,4,0.4058,-0.9,118,63,86,2
4429,TX,76116,Bank_Of_Am,1400,08012148,8,0.0489,-3.02,111,36,90,4
4430,NY,10030,Associates,3378,07012397,7,0.8497,-0.16,134,43,51,1
4431,SC,29223,Associates,3232,07012390,7,0.2925,-1.23,105,92,84,3
4432,TX,78336,Discover,1988,08012244,8,0.8144,-0.21,120,85,51,13
4433,SC,29706,Discover,2754,06012684,6,0.2178,-1.52,137,12,39,1
4434,CA,91403,Wells,2288,06012677,6,0.2576,-1.36,124,34,51,3
4435,MA,01515,Bank_Of_Am,6495,05012781,5,0.0012,-6.7,105,97,76,5
4436,NY,10309,Bank_Of_Am,3120,05012923,5,0.2471,-1.4,121,22,53,4
4437,CO,80863,Chase,9771,03923979,3,0.9081,-0.1,110,63,34,1
4438,NC,28459,Discover,3311,04013014,4,0.0345,-3.37,126,55,89,7
4439,FL,33012,Bank_Of_Am,452,02014605,2,0.3189,-1.14,119,48,102,2
4440,AL,35576,Discover,1858,03013637,3,0.8737,-0.14,85,16,133,5
4441,MA,02780,Chase_Rev,2220,03013344,3,0.5324,-0.63,137,76,145,2
4442,CA,93458,Wells,1110,08000000,8,0.1193,-2.13,137,2,120,1
4443,CO,80743,Bank_Of_Am,6006,01016175,1,0.8888,-0.12,110,69,617,3
4444,MA,02124,Discover,3824,03013355,3,0.4537,-0.79,86,79,70,6
4445,CA,90805,Wells,1564,04013217,4,0.6285,-0.46,140,63,51,5
4446,CA,92236,Wells_FIB,5912,06012598,6,0.8179,-0.2,143,28,48,11
4447,CA,90048,Wells,3488,03013516,3,0.9760,-0.02,142,97,108,3
4448,NY,14620,Associates,5425,09011955,9,0.6144,-0.49,148,53,105,2
4449,OH,43906,Discover,3645,05012876,5,0.6882,-0.37,124,77,126,1
4450,TX,77303,Bank_Of_Am,1790,09011888,9,0.2857,-1.25,138,19,37,2
4451,PA,15120,Associates,5878,04013226,4,0.8928,-0.11,136,43,105,5
4452,LA,70805,Associates,1151,01019476,1,0.0901,-2.41,108,86,64,1
4453,NY,14215,Associates,1623,02014027,2,0.4515,-0.8,132,97,46,2
4454,LA,70506,Wells,11538,02013954,2,0.1523,-1.88,138,65,162,4
4455,VA,22812,Chase,3599,03013306,3,0.3705,-0.99,124,78,42,2
4456,MS,39096,Discover,1296,05012968,5,0.2595,-1.35,135,11,135,6
4457,NE,68110,Associates,7652,01018800,1,0.3345,-1.1,134,21,71,7
4458,CA,95828,Chase_Rev,2195,06012732,6,0.2657,-1.33,124,62,104,1
4459,MA,02472,Discover,6548,08012312,8,0.0543,-2.91,110,17,132,2
4460,MI,48235,Discover,8310,08012224,8,0.3135,-1.16,125,24,55,2
4461,FL,32826,Chase_Rev,1583,03013605,3,0.5017,-0.69,132,21,52,3
4462,TX,76401,Bank_Of_Am,1691,08012210,8,0.8314,-0.18,120,1,6,1
4463,FL,32221,Chase,326,02014409,2,0.9034,-0.1,113,71,94,2
4464,CT,06606,Discover,3062,07012503,7,0.2682,-1.32,123,59,88,11
4465,KS,67212,Chase_Rev,2667,03013425,3,0.8196,-0.2,131,11,73,1
4466,NY,11226,Chase,555,01014900,1,0.5193,-0.66,128,98,220,3
4467,LA,70812,Discover,1709,03013443,3,0.2802,-1.27,127,1,78,2
4468,ME,04864,Discover,3840,10011712,10,0.0394,-3.23,120,49,16,9
4469,OR,97402,Wells_FIB,13425,10011867,10,0.6185,-0.48,117,8,68,1
4470,TX,77083,Wells,1032,01016088,1,0.9626,-0.04,132,19,41,1
4471,CA,94044,Wells,1310,05012807,5,0.5282,-0.64,139,3,9,2
4472,PA,15228,Chase_Rev,2712,04013132,4,0.1223,-2.1,112,41,40,1
4473,NC,28403,Associates,4406,01016783,1,0.2504,-1.38,143,29,130,4
4474,FL,32257,Discover,2624,09921035,9,0.1071,-2.23,127,37,20,1
4475,GA,30577,Associates,4509,01925824,1,0.5585,-0.58,126,73,107,1
4476,CA,92646,Wells,5659,01015688,1,0.1658,-1.8,129,77,38,7
4477,NY,11704,Chase_Bony,2764,04013075,4,0.9522,-0.05,130,60,19,2
4478,SC,29650,Discover,6772,05012971,5,0.9705,-0.03,134,81,39,3
4479,MA,01510,Associates,269,01015391,1,0.9992,0,133,71,14,1
4480,FL,33334,Discover,10131,01016060,1,0.8738,-0.13,134,30,157,2
4481,KY,40165,Discover,6453,01016188,1,0.4712,-0.75,127,19,104,1
4482,NY,11372,Discover,2506,04013113,4,0.1986,-1.62,121,65,41,1
4483,IL,62966,Associates,3953,01019428,1,0.3441,-1.07,144,78,58,7
4484,CA,94016,Discover,3729,08921643,8,0.6322,-0.46,95,37,10,2
4485,CA,94566,Discover,553,06012599,6,0.2950,-1.22,81,14,2,2
4486,NM,88005,Discover,6075,10011364,10,0.7141,-0.34,111,7,228,6
4487,AK,99516,Bank_Of_Am,7103,08012224,8,0.9242,-0.08,102,24,40,2
4488,IN,46260,Chase,4438,08000000,8,0.6297,-0.46,120,65,149,2
4489,IL,60622,Discover,2240,06012595,6,0.9408,-0.06,106,26,5,2
4490,CA,94598,Wells,1336,05012998,5,0.1382,-1.98,141,14,92,3
4491,MO,63119,Associates,4353,04013216,4,0.4048,-0.9,87,14,96,2
4492,CA,90019,Wells,2264,06012725,6,0.4601,-0.78,128,95,41,2
4493,CA,92126,Bank_Of_Am,8234,01018958,1,0.1038,-2.27,139,32,325,1
4494,WA,98052,Chase,1239,06012589,6,0.2666,-1.32,109,8,2,1
4495,CA,94002,Wells,1909,05012878,5,0.6685,-0.4,138,89,120,2
4496,CA,91791,Bank_Of_Am,2599,07012493,7,0.2585,-1.35,117,34,78,2
4497,TX,78744,Chase_Rev,2233,08012161,8,0.4754,-0.74,115,49,63,4
4498,CT,06460,Bank_Of_Am,4848,02014436,2,0.6808,-0.38,125,87,76,1
4499,WA,99402,Associates,1752,06012608,6,0.1733,-1.75,133,87,128,1
4500,OR,97502,Wells_FIB,2228,01017274,1,0.8927,-0.11,139,76,115,3
4501,MD,21804,Discover,2960,04013257,4,0.4230,-0.86,124,69,86,1
4502,TX,77706,Discover,1761,09011990,9,0.0967,-2.34,141,10,70,5
4503,NC,27360,Bank_Of_Am,304,01014888,1,0.2882,-1.24,124,66,18,6
4504,IN,46970,Chase_Rev,5096,06012589,6,0.0028,-5.89,138,96,5,2
4505,FL,32808,Wells,3688,04013085,4,0.7383,-0.3,131,66,2,1
4506,ME,04634,Bank_Of_Am,1958,07012355,7,0.6707,-0.4,141,45,74,4
4507,CA,93901,Bank_Of_Am,3482,06012650,6,0.4317,-0.84,142,12,2,1
4508,CA,92612,Bank_Of_Am,1041,08012148,8,0.6416,-0.44,146,5,1,1
4509,TX,75702,Discover,2843,04013267,4,0.4243,-0.86,138,38,79,2
4510,OH,45069,Chase,3253,05012917,5,0.3287,-1.11,96,32,119,3
4511,NY,12701,Associates,4621,01016703,1,0.8651,-0.14,83,82,82,3
4512,WA,98168,Bank_Of_Am,722,09011975,9,0.2172,-1.53,135,42,107,1
4513,TN,37036,Chase,4186,05012863,5,0.9845,-0.02,120,47,43,1
4514,FL,32302,Chase_Rev,5820,06012752,6,0.5963,-0.52,122,88,70,1
4515,OH,45714,Discover,4231,03013344,3,0.5282,-0.64,125,50,50,4
4516,FL,33020,Wells,9147,04013122,4,0.9051,-0.1,127,65,61,1
4517,MO,65725,Discover,1963,02014404,2,0.2795,-1.27,140,82,57,5
4518,CA,94087,Wells,1240,05012816,5,0.5675,-0.57,115,57,156,3
4519,FL,33126,Wells,2905,03013657,3,0.2273,-1.48,120,88,321,3
4520,IL,60453,Chase,7838,08012234,8,0.1498,-1.9,118,16,58,2
4521,NJ,07032,Discover,6937,01019036,1,0.6785,-0.39,105,24,1,1
4522,TX,77016,Bank_Of_Am,888,05012828,5,0.1094,-2.21,131,11,93,1
4523,CA,91790,Bank_Of_Am,7278,02014114,2,0.6180,-0.48,115,54,70,1
4524,NY,14760,Discover,6097,08012317,8,0.2853,-1.25,101,72,120,1
4525,CA,94804,Bank_Of_Am,3912,08012321,8,0.3719,-0.99,124,88,72,1
4526,OH,45309,Discover,7067,07012447,7,0.3690,-1,120,34,111,1
4527,CA,92314,Wells,8088,09011938,9,0.4814,-0.73,105,82,61,3
4528,TX,77016,Bank_Of_Am,2466,08012322,8,0.0697,-2.66,95,94,47,6
4529,IL,60302,Discover,5947,07012528,7,0.3213,-1.14,95,51,359,2
4530,IL,61873,Discover,1165,01015988,1,0.5775,-0.55,77,49,71,3
4531,FL,32058,Discover,4649,02014206,2,0.5227,-0.65,100,66,33,9
4532,CA,91331,Discover,2688,03013489,3,0.0566,-2.87,117,66,43,4
4533,TX,79854,Associates,4450,03013550,3,0.7378,-0.3,103,1,69,2
4534,WA,98346,Bank_Of_Am,2630,01019568,1,0.7430,-0.3,135,23,16,2
4535,NY,11212,Chase_Rev,3947,05013008,5,0.3854,-0.95,139,78,105,1
4536,NY,10010,Bank_Of_Am,1473,01015313,1,0.0452,-3.1,109,61,50,1
4537,CA,95901,Wells,1373,05012937,5,0.4239,-0.86,115,58,65,1
4538,CT,06088,Bank_Of_Am,7263,09920919,9,0.9452,-0.06,126,85,69,4
4539,CT,06705,Discover,4600,03013509,3,0.0532,-2.93,140,5,33,1
4540,IA,50021,Associates,1069,04013039,4,0.4775,-0.74,135,91,87,4
4541,MD,20817,Chase_Rev,5164,06012568,6,0.6627,-0.41,119,92,17,1
4542,ME,04330,Discover,1069,04013268,4,0.6090,-0.5,130,29,7,2
4543,TX,77379,Bank_Of_Am,5943,10010158,10,0.6470,-0.44,126,23,6,1
4544,IL,60099,Associates,1590,04013072,4,0.0390,-3.24,113,6,117,2
4545,TX,77590,Discover,7386,10011176,10,0.8641,-0.15,132,48,18,2
4546,CA,95446,Wells,1436,06012687,6,0.8628,-0.15,83,18,143,6
4547,NY,12804,Wells,2255,01016318,1,0.5343,-0.63,99,78,88,3
4548,MA,02119,Bank_Of_Am,2116,02013684,2,0.6018,-0.51,134,29,72,1
4549,CA,92105,Discover,6021,06012688,6,0.3182,-1.14,92,12,87,1
4550,KS,67216,Discover,6451,01015748,1,0.4446,-0.81,125,82,42,1
4551,FL,32951,Chase,2530,03013538,3,0.0318,-3.45,103,81,49,4
4552,NY,10029,Discover,934,08000000,8,0.5432,-0.61,118,74,137,5
4553,CA,92586,Associates,1869,01016855,1,0.7245,-0.32,96,96,89,2
4554,WI,53042,Associates,2323,03013311,3,0.7596,-0.27,105,70,172,7
4555,CA,94015,Bank_Of_Am,7334,01016686,1,0.6407,-0.45,107,85,74,4
4556,TX,75232,Discover,3600,01019500,1,0.1880,-1.67,127,88,71,1
4557,PA,15906,Wells,1640,01019577,1,0.4894,-0.71,124,52,40,2
4558,KY,40272,Bank_Of_Am,385,05012844,5,0.8230,-0.19,140,94,158,1
4559,MT,59860,Wells_FIB,2933,08012351,8,0.6202,-0.48,122,55,80,2
4560,CT,06902,Discover,2331,03013533,3,0.6790,-0.39,132,83,77,1
4561,CA,91711,Chase,2330,06012657,6,0.0160,-4.14,128,81,31,2
4562,CA,90262,Wells,1143,05012950,5,0.8889,-0.12,136,38,79,3
4563,CT,06515,Chase,3688,05012838,5,0.2319,-1.46,127,22,335,1
4564,NE,68803,Wells,1210,01019554,1,0.6850,-0.38,145,40,51,3
4565,CA,95123,Wells,747,04923516,4,0.3698,-0.99,110,23,25,1
4566,TN,37412,Discover,1656,01015391,1,0.1694,-1.78,118,86,25,3
4567,CA,95076,Wells,1362,02924388,2,0.0746,-2.6,111,46,41,9
4568,MN,55306,Chase,3167,05012887,5,0.8337,-0.18,120,90,70,2
4569,FL,33147,Discover,2649,07012522,7,0.0154,-4.17,132,14,25,1
4570,PA,19131,Chase_Rev,4605,05012827,5,0.6159,-0.48,138,10,178,6
4571,CA,95610,Bank_Of_Am,1126,01926178,1,0.7787,-0.25,131,41,36,3
4572,TX,75040,Bank_Of_Am,3567,02014538,2,0.9235,-0.08,142,3,74,4
4573,CA,92801,Bank_Of_Am,9831,10011548,10,0.9516,-0.05,132,60,87,4
4574,MN,55116,Discover,1440,01019407,1,0.5058,-0.68,125,70,89,5
4575,FL,33853,Discover,2213,04013261,4,0.4399,-0.82,114,53,43,4
4576,RI,02915,Chase_Bony,1015,04013211,4,0.0565,-2.87,110,3,61,4
4577,CA,92707,Wells,2457,05012794,5,0.5599,-0.58,123,34,77,1
4578,FL,33707,Bank_Of_Am,3956,02014193,2,0.1459,-1.92,123,14,66,1
4579,GA,30005,Chase_Rev,7200,07012440,7,0.5691,-0.56,134,90,37,1
4580,PA,19119,Discover,2861,04013231,4,0.2907,-1.24,130,70,66,8
4581,NY,10512,Discover,4062,06012595,6,0.9673,-0.03,138,94,100,1
4582,VA,22201,Bank_Of_Am,627,02014315,2,0.0948,-2.36,117,87,111,1
4583,CA,92630,Wells,1707,02014273,2,0.2362,-1.44,95,47,7,1
4584,CA,93033,Discover,8861,06012717,6,0.8971,-0.11,118,15,150,9
4585,IL,60618,Discover,1955,01019730,1,0.5472,-0.6,93,18,108,3
4586,CA,94587,Associates,1505,07012524,7,0.0905,-2.4,142,25,31,1
4587,CA,92173,Wells,1690,05012892,5,0.3948,-0.93,95,66,1,1
4588,PA,15104,Discover,1688,03013506,3,0.0206,-3.88,130,22,60,2
4589,CA,90044,Bank_Of_Am,1257,06012630,6,0.2994,-1.21,95,70,66,7
4590,TX,77640,Associates,2182,05012831,5,0.0967,-2.34,106,86,70,22
4591,IL,60412,Chase,8719,06012604,6,0.9685,-0.03,105,44,84,2
4592,TN,37887,Associates,2240,04013288,4,0.5567,-0.59,105,20,31,2
4593,CA,91748,Wells,1952,01015473,1,0.5965,-0.52,122,48,50,3
4594,IL,60120,Bank_Of_Am,1352,02014082,2,0.3961,-0.93,133,13,93,13
4595,MD,21207,Discover,7193,01019444,1,0.3204,-1.14,113,51,233,5
4596,MD,21228,Associates,1285,07012418,7,0.8221,-0.2,123,82,54,3
4597,VA,24523,Associates,4788,01015376,1,0.7215,-0.33,88,35,80,12
4598,KY,40068,Associates,3316,01019430,1,0.9102,-0.09,124,49,32,6
4599,OK,73122,Associates,3293,01014992,1,0.9512,-0.05,120,99,41,8
4600,TX,77642,Bank_Of_Am,2569,09011995,9,0.5412,-0.61,146,50,84,12
4601,IL,60406,Wells,1471,04013206,4,0.9869,-0.01,129,96,54,3
4602,TN,38011,Associates,4491,02014131,2,0.3292,-1.11,105,43,46,3
4603,CA,90620,Wells,1730,01019424,1,0.9551,-0.05,141,59,73,1
4604,OH,44085,Bank_Of_Am,9055,01015750,1,0.1911,-1.66,103,97,54,19
4605,GA,30188,Associates,4096,05012771,5,0.9566,-0.04,137,77,468,2
4606,GA,31750,Associates,1193,01019510,1,0.6488,-0.43,125,79,131,6
4607,IA,52349,Discover,5562,10011844,10,0.9934,-0.01,115,79,31,14
4608,TX,75043,Associates,5565,10011246,10,0.0343,-3.37,117,95,146,10
4609,NJ,08033,Discover,5629,01016840,1,0.3460,-1.06,130,47,39,4
4610,NY,10467,Discover,2426,04013261,4,0.6150,-0.49,102,81,38,1
4611,ID,83301,Discover,3200,09012109,9,0.2153,-1.54,94,69,22,1
4612,NJ,07501,Bank_Of_Am,4821,01015981,1,0.9716,-0.03,112,56,51,7
4613,IL,60640,Discover,4160,08012207,8,0.0547,-2.91,131,53,75,1
4614,NV,89128,Chase_Rev,1129,10011836,10,0.3362,-1.09,124,35,113,1
4615,MN,55439,Bank_Of_Am,3325,01015284,1,0.0416,-3.18,99,17,35,10
4616,FL,33409,Discover,2866,04013277,4,0.6680,-0.4,142,75,57,1
4617,NY,14621,Discover,1551,08000000,8,0.0026,-5.97,136,25,100,7
4618,NY,11422,Wells,4109,01017158,1,0.8271,-0.19,138,88,50,6
4619,GA,30668,Associates,996,07012543,7,0.8435,-0.17,129,8,41,11
4620,NJ,07513,Chase_Bony,1827,02014323,2,0.5762,-0.55,103,14,249,2
4621,NC,28311,Bank_Of_Am,4536,02013734,2,0.7395,-0.3,136,58,71,1
4622,GA,30260,Associates,2681,03013467,3,0.9201,-0.08,112,73,78,1
4623,MA,01752,Discover,6517,04013039,4,0.1180,-2.14,137,52,7,7
4624,IL,60202,Bank_Of_Am,917,04013209,4,0.3166,-1.15,144,77,36,1
4625,AZ,85044,Bank_Of_Am,2105,01019285,1,0.1681,-1.78,109,70,102,3
4626,PA,15332,Discover,5915,01016447,1,0.3612,-1.02,132,92,21,8
4627,CA,95111,Wells,2324,04013175,4,0.2976,-1.21,132,28,3,1
4628,NY,11746,Discover,1622,04923295,4,0.5568,-0.59,99,16,60,2
4629,OR,97219,Bank_Of_Am,6122,01019179,1,0.5417,-0.61,131,20,272,5
4630,CT,06320,Bank_Of_Am,3431,06012624,6,0.7177,-0.33,142,90,240,11
4631,MD,20601,Associates,1582,02014139,2,0.4300,-0.84,113,96,51,2
4632,NY,12953,Associates,3172,05012873,5,0.8647,-0.15,137,25,218,3
4633,PA,18519,Discover,3781,05012988,5,0.1689,-1.78,130,84,79,1
4634,MA,01201,Associates,5990,05012991,5,0.5805,-0.54,93,44,34,7
4635,NY,10550,Associates,995,03013615,3,0.2756,-1.29,139,67,72,2
4636,FL,32055,Discover,4313,04013226,4,0.5966,-0.52,126,71,63,3
4637,NY,11373,Discover,3979,05012809,5,0.9771,-0.02,108,8,56,1
4638,TN,37135,Discover,4505,01015379,1,0.9880,-0.01,131,10,60,1
4639,TN,37742,Chase,1426,05012918,5,0.3177,-1.15,99,40,34,1
4640,LA,70117,Chase,2793,08000000,8,0.0319,-3.45,123,80,37,1
4641,CA,94043,Wells,3106,01014786,1,0.2734,-1.3,80,4,117,12
4642,TN,37412,Discover,2444,07012485,7,0.3432,-1.07,142,63,198,9
4643,CA,91942,Associates,1810,05013003,5,0.6283,-0.46,122,68,104,2
4644,AZ,85015,Bank_Of_Am,996,03013397,3,0.3718,-0.99,129,43,277,1
4645,FL,32073,Discover,3831,01019420,1,0.2112,-1.55,123,76,313,2
4646,HI,96817,Bank_Of_Am,1824,02014401,2,0.8607,-0.15,131,85,180,6
4647,MA,02169,Discover,3926,05012811,5,0.9259,-0.08,116,27,72,1
4648,MA,02170,Bank_Of_Am,8298,05012944,5,0.1422,-1.95,107,18,120,3
4649,NC,28339,Chase,2348,02014324,2,0.0336,-3.39,118,6,23,1
4650,PA,15537,Discover,4001,02014761,2,0.9365,-0.07,135,89,79,3
4651,KY,41022,Discover,11260,07012461,7,0.8043,-0.22,114,11,37,1
4652,CA,93010,Wells,2525,06012630,6,0.7079,-0.35,90,91,29,1
4653,PA,18063,Associates,1146,05012795,5,0.1790,-1.72,127,60,158,1
4654,HI,96818,Associates,4466,01015678,1,0.5548,-0.59,123,88,130,1
4655,IN,46375,Chase_Rev,7292,04013085,4,0.7776,-0.25,141,20,33,2
4656,NM,87106,Bank_Of_Am,1065,05012958,5,0.3931,-0.93,134,16,289,2
4657,TX,77803,Discover,6320,10011532,10,0.5798,-0.55,133,33,8,1
4658,MD,21043,Discover,7738,03013672,3,0.3633,-1.01,140,85,54,1
4659,NY,11709,Bank_Of_Am,6884,01015175,1,0.4244,-0.86,128,65,106,4
4660,KS,67735,Chase,2065,03013563,3,0.0197,-3.93,112,99,4,1
4661,KY,41537,Chase_Rev,2278,03013358,3,0.6015,-0.51,147,34,61,2
4662,CA,92562,Wells,1255,03013345,3,0.1633,-1.81,104,27,139,2
4663,VA,23602,Bank_Of_Am,2293,01019414,1,0.3767,-0.98,125,9,111,6
4664,CA,90291,Wells_FIB,4805,08012329,8,0.8436,-0.17,142,26,59,1
4665,GA,30318,Associates,8350,01014867,1,0.4319,-0.84,145,56,57,29
4666,KY,40962,Associates,751,02013929,2,0.8579,-0.15,78,33,70,3
4667,CA,93263,Wells,1916,03013494,3,0.8381,-0.18,145,43,30,6
4668,CA,90069,Wells,5548,08012311,8,0.1759,-1.74,123,78,97,1
4669,LA,71134,Chase,5058,06012581,6,0.1384,-1.98,136,34,95,2
4670,MN,56164,Discover,1628,01017485,1,0.7682,-0.26,116,45,63,3
4671,NY,11742,Discover,4701,01014805,1,0.5100,-0.67,133,65,40,3
4672,CA,90034,Bank_Of_Am,2000,05012877,5,0.0960,-2.34,91,83,55,11
4673,FL,33615,Discover,3900,03013624,3,0.9193,-0.08,127,91,12,2
4674,GA,30288,Wells,1702,02013688,2,0.9625,-0.04,101,17,15,2
4675,DE,19701,Bank_Of_Am,5934,06012688,6,0.5832,-0.54,94,3,234,2
4676,TN,37663,Chase,2171,02014421,2,0.7724,-0.26,121,91,25,1
4677,CA,91730,Wells,1068,06012620,6,0.0021,-6.18,133,99,78,15
4678,CA,93635,Wells,1088,05012813,5,0.4910,-0.71,139,30,14,1
4679,TX,77511,Wells,10786,10011055,10,0.4373,-0.83,107,70,32,4
4680,OR,97366,Wells,951,03013347,3,0.7236,-0.32,125,91,47,1
4681,NY,12901,Discover,5270,04013012,4,0.7513,-0.29,78,37,8,5
4682,MN,55414,Discover,1964,09012026,9,0.9913,-0.01,124,73,77,2
4683,CA,95926,Wells,1094,01016719,1,0.7798,-0.25,115,85,74,9
4684,FL,33055,Associates,3331,08012164,8,0.0338,-3.39,123,88,182,4
4685,CA,92083,Wells,1686,01015457,1,0.0880,-2.43,138,76,76,9
4686,OH,43074,Associates,2949,04013257,4,0.9691,-0.03,131,63,39,7
4687,WV,26571,Associates,3577,10011791,10,0.1416,-1.95,114,68,13,1
4688,MI,48204,Associates,4002,01019409,1,0.9989,0,139,66,59,2
4689,MN,56093,Discover,2782,06012689,6,0.8921,-0.11,133,94,17,1
4690,CA,90501,Chase,3780,06012668,6,0.5046,-0.68,121,95,70,1
4691,IL,60632,Discover,3808,01019360,1,0.1483,-1.91,119,86,35,2
4692,FL,32920,Chase_Rev,8786,07012422,7,0.6529,-0.43,96,14,19,1
4693,NY,14901,Bank_Of_Am,3969,01015143,1,0.5387,-0.62,120,91,31,3
4694,IL,60422,Chase,1711,03013416,3,0.1084,-2.22,123,64,30,5
4695,NC,28630,Chase_Rev,3995,02014431,2,0.3740,-0.98,142,97,134,2
4696,NY,10523,Discover,2096,02014458,2,0.3491,-1.05,137,44,84,17
4697,OK,73762,Chase,1628,03013590,3,0.1276,-2.06,139,30,82,3
4698,VA,22204,Bank_Of_Am,1921,01016699,1,0.4965,-0.7,131,79,4,1
4699,GA,30087,Discover,2127,04013272,4,0.5865,-0.53,92,54,55,14
4700,NC,28212,Chase_Rev,6580,02013763,2,0.5482,-0.6,119,21,28,3
4701,TN,37922,Chase,2323,04013134,4,0.8766,-0.13,136,61,62,1
4702,CA,94960,Bank_Of_Am,6027,01019058,1,0.2576,-1.36,100,28,112,2
4703,NY,11412,Discover,3700,01019440,1,0.8022,-0.22,135,22,56,1
4704,KY,40284,Discover,4295,06012722,6,0.7982,-0.23,135,56,362,1
4705,TN,37914,Discover,1662,03013532,3,0.0996,-2.31,123,30,99,1
4706,CA,94523,Bank_Of_Am,2595,05012805,5,0.2098,-1.56,126,70,111,5
4707,AR,72801,Discover,1667,05012788,5,0.1921,-1.65,130,98,17,2
4708,OH,43440,Discover,1638,03013585,3,0.1170,-2.15,101,88,86,2
4709,TX,78249,Wells,1157,06012724,6,0.1746,-1.75,122,55,5,1
4710,TX,79907,Wells,2019,08012271,8,0.3616,-1.02,109,61,166,1
4711,AZ,85704,Discover,6450,10011781,10,0.6191,-0.48,116,12,107,1
4712,CA,94612,Wells,8689,01016054,1,0.9341,-0.07,120,64,262,2
4713,CA,92868,Wells,1712,04013038,4,0.7111,-0.34,111,26,46,8
4714,CA,90006,Wells,1813,05012977,5,0.8952,-0.11,129,55,103,7
4715,NY,10457,Wells,3003,08012328,8,0.1977,-1.62,105,78,287,3
4716,MI,48045,Discover,5085,04013029,4,0.0325,-3.43,133,99,120,1
4717,VA,23860,Discover,3220,04013091,4,0.4475,-0.8,138,58,43,5
4718,NJ,07047,Bank_Of_Am,2762,02013765,2,0.8799,-0.13,138,50,82,1
4719,DE,19904,Discover,3342,03013475,3,0.3672,-1,103,44,9,1
4720,CA,90044,Bank_Of_Am,743,06922192,6,0.4469,-0.81,137,88,94,9
4721,IL,61817,Discover,7418,10011786,10,0.4676,-0.76,123,9,2,1
4722,CA,92553,Bank_Of_Am,2630,03013565,3,0.7236,-0.32,132,55,150,1
4723,NC,27603,Bank_Of_Am,2321,01014879,1,0.5387,-0.62,126,74,158,2
4724,FL,34983,Bank_Of_Am,4849,09011985,9,0.5480,-0.6,121,68,42,7
4725,FL,33415,Chase,613,06922492,6,0.5132,-0.67,121,37,24,1
4726,NJ,07304,Chase,5609,05012835,5,0.1679,-1.78,111,61,124,1
4727,NE,68853,Discover,4314,01015209,1,0.7319,-0.31,110,44,15,2
4728,TN,37166,Discover,8257,08012184,8,0.1658,-1.8,124,2,81,1
4729,TX,79372,Associates,1915,08012143,8,0.8812,-0.13,106,4,35,3
4730,CA,95828,Wells,2163,01014928,1,0.8863,-0.12,115,80,96,4
4731,CA,90026,Wells,1168,06012642,6,0.6323,-0.46,135,93,211,1
4732,IL,60203,Associates,1756,02014490,2,0.1859,-1.68,93,65,438,1
4733,VA,23508,Discover,2042,01016228,1,0.3528,-1.04,126,45,42,8
4734,KS,67601,Discover,3885,03013532,3,0.0629,-2.77,117,78,16,4
4735,MS,39564,Discover,3706,01017111,1,0.4266,-0.85,87,64,15,2
4736,CA,90660,Associates,1943,01016870,1,0.2274,-1.48,108,1,107,3
4737,MI,48208,Associates,1563,03013608,3,0.7025,-0.35,127,8,56,5
4738,MI,49721,Discover,1417,01015453,1,0.9140,-0.09,105,23,234,2
4739,WV,26037,Discover,5169,03013437,3,0.5698,-0.56,144,48,107,2
4740,CA,91335,Wells,1405,06012601,6,0.5962,-0.52,114,40,294,1
4741,FL,33266,Discover,4478,06012688,6,0.3248,-1.12,113,76,82,1
4742,PA,16947,Chase,1709,08000000,8,0.3161,-1.15,125,44,127,3
4743,CA,93726,Bank_Of_Am,2033,02014238,2,0.3703,-0.99,137,70,99,1
4744,MD,21218,Discover,2197,01016467,1,0.0042,-5.46,114,5,91,13
4745,MD,20877,Discover,4996,06012577,6,0.4832,-0.73,136,36,40,2
4746,CA,92804,Bank_Of_Am,7495,10011256,10,0.9056,-0.1,79,94,38,1
4747,PA,15475,Discover,7036,05013006,5,0.0961,-2.34,128,89,145,3
4748,LA,70071,Discover,1831,02014091,2,0.3703,-0.99,107,73,121,1
4749,MN,55426,Discover,1551,05012879,5,0.8374,-0.18,108,57,45,5
4750,NY,14611,Discover,1715,01015065,1,0.0988,-2.32,135,53,94,2
4751,WA,98375,Discover,3557,08012324,8,0.8526,-0.16,128,22,80,1
4752,CA,94954,Bank_Of_Am,7742,10011676,10,0.0655,-2.73,122,96,49,3
4753,OH,45068,Discover,3433,02014606,2,0.0302,-3.5,129,79,109,3
4754,PA,19056,Associates,3357,04013262,4,0.7294,-0.32,125,31,27,1
4755,SD,57701,Bank_Of_Am,7142,10011497,10,0.5677,-0.57,84,55,106,1
4756,FL,32780,Wells,3023,01015683,1,0.6993,-0.36,123,25,31,10
4757,OH,45846,Discover,6065,01016383,1,0.4095,-0.89,105,21,103,8
4758,VA,23805,Bank_Of_Am,1152,02013897,2,0.9822,-0.02,134,67,173,1
4759,FL,32233,Discover,6142,08012329,8,0.2572,-1.36,101,21,83,3
4760,PA,19567,Bank_Of_Am,5881,02014588,2,0.2265,-1.48,103,43,125,1
4761,TX,75494,Bank_Of_Am,7671,10010119,10,0.5671,-0.57,92,67,4,1
4762,FL,32304,Discover,1467,01015708,1,0.8500,-0.16,107,43,57,2
4763,TX,77053,Chase,2204,09012000,9,0.7911,-0.23,140,93,60,2
4764,TX,75248,Associates,11262,10011057,10,0.5988,-0.51,134,43,101,5
4765,CA,95829,Associates,1871,05013002,5,0.3279,-1.12,116,27,94,3
4766,MI,48212,Chase,2497,03013296,3,0.6027,-0.51,98,66,30,2
4767,OH,44505,Chase,3150,04013175,4,0.2713,-1.3,124,88,39,1
4768,OH,45206,Chase_Rev,1993,04013279,4,0.3692,-1,119,39,90,1
4769,NV,89014,Wells,387,03013301,3,0.3784,-0.97,72,14,14,1
4770,NE,69337,Discover,1666,07012463,7,0.7611,-0.27,117,46,36,5
4771,CA,93654,Wells,3455,05012802,5,0.8804,-0.13,138,5,70,1
4772,ID,83703,Bank_Of_Am,6705,01015161,1,0.8220,-0.2,122,38,89,6
4773,FL,33142,Chase_Rev,4503,04013239,4,0.0003,-7.96,90,41,176,4
4774,VA,23834,Associates,1521,03013504,3,0.5101,-0.67,112,36,12,1
4775,FL,33441,Chase,1632,02014035,2,0.0308,-3.48,140,89,732,1
4776,AR,72543,Associates,1212,07012512,7,0.2080,-1.57,148,89,195,2
4777,PA,16101,Discover,1735,01015367,1,0.2645,-1.33,122,14,243,1
4778,CA,90744,Wells,1290,04013214,4,0.3320,-1.1,130,5,62,3
4779,AL,35810,Discover,2361,01015337,1,0.4345,-0.83,134,44,38,3
4780,CA,93434,Bank_Of_Am,454,08012321,8,0.7856,-0.24,108,77,4,1
4781,NC,27591,Chase,6374,03013659,3,0.3369,-1.09,142,11,148,2
4782,CA,92780,Bank_Of_Am,7859,09011897,9,0.8738,-0.13,117,8,25,4
4783,CA,92069,Wells,1550,03013370,3,0.4171,-0.87,118,56,36,1
4784,WA,98844,Bank_Of_Am,10181,05012781,5,0.4944,-0.7,131,56,18,10
4785,SC,29142,Discover,3023,01016287,1,0.4609,-0.77,111,5,124,2
4786,TX,79403,Bank_Of_Am,1965,01017957,1,0.9227,-0.08,141,30,47,13
4787,CA,90026,Wells,2310,06012758,6,0.9158,-0.09,140,50,47,2
4788,NJ,08816,Discover,2358,01019484,1,0.2749,-1.29,133,55,34,8
4789,CA,90278,Wells,5068,01016949,1,0.6617,-0.41,116,18,39,4
4790,NY,11365,Chase,2021,03013451,3,0.7350,-0.31,130,56,60,2
4791,WV,26269,Chase,953,03013619,3,0.1212,-2.11,138,13,174,3
4792,MA,02118,Discover,8542,09012031,9,0.5709,-0.56,139,22,45,1
4793,CA,91335,Chase,7713,09011902,9,0.3334,-1.1,126,22,64,2
4794,KY,42066,Chase,3310,05012925,5,0.2259,-1.49,113,58,37,1
4795,WA,98406,Wells,2538,08012291,8,0.8638,-0.15,120,47,31,3
4796,NJ,08030,Chase,4955,08000000,8,0.4277,-0.85,121,44,79,1
4797,CA,90650,Chase_Rev,2327,03013507,3,0.4663,-0.76,97,16,35,13
4798,MN,56031,Discover,1401,01015794,1,0.5379,-0.62,139,96,299,3
4799,NY,10453,Discover,1546,01016624,1,0.5725,-0.56,121,44,95,2
4800,CA,92064,Chase,3098,06012611,6,0.5153,-0.66,143,79,61,1
4801,AZ,85284,Bank_Of_Am,2680,08000000,8,0.5462,-0.6,120,95,396,1
4802,TN,38301,Associates,718,02013756,2,0.3931,-0.93,128,28,239,1
4803,TN,37640,Associates,4144,07012518,7,0.3954,-0.93,123,81,102,1
4804,TX,75750,Discover,1969,09012081,9,0.1319,-2.03,129,56,105,3
4805,MI,48204,Bank_Of_Am,2171,01015729,1,0.0042,-5.48,136,91,47,3
4806,TX,76086,Discover,866,09012006,9,0.4273,-0.85,127,76,32,8
4807,NJ,08016,Bank_Of_Am,1402,01016084,1,0.2852,-1.25,120,7,30,1
4808,NY,11203,Chase,3313,08012285,8,0.0222,-3.81,121,54,166,6
4809,CA,93727,Bank_Of_Am,678,01019509,1,0.3530,-1.04,137,67,79,1
4810,SC,29078,Bank_Of_Am,5519,05012976,5,0.9973,0,127,55,44,1
4811,CA,94560,Bank_Of_Am,4542,07012507,7,0.4366,-0.83,118,74,19,1
4812,CA,91709,Discover,2022,09012076,9,0.7401,-0.3,108,60,8,6
4813,TX,75701,Discover,1553,03013665,3,0.3208,-1.14,134,86,24,2
4814,CA,91748,Bank_Of_Am,1742,01019400,1,0.2896,-1.24,108,6,2,1
4815,CA,90034,Wells,1606,03013330,3,0.1041,-2.26,108,74,72,3
4816,CA,95035,Wells,1831,04013073,4,0.6173,-0.48,146,59,416,2
4817,FL,33873,Associates,3635,04013086,4,0.8931,-0.11,130,78,26,9
4818,NC,27105,Associates,1534,02013930,2,0.7624,-0.27,96,57,62,3
4819,AL,35645,Wells,4494,01016883,1,0.6186,-0.48,129,25,88,4
4820,CA,93454,Wells,3211,01014778,1,0.6492,-0.43,115,40,10,2
4821,CA,92276,Chase_Rev,3285,06012723,6,0.2525,-1.38,97,5,38,2
4822,TX,77077,Discover,9529,10011848,10,0.5925,-0.52,137,26,41,9
4823,VA,23927,Associates,3528,06012708,6,0.9782,-0.02,100,2,55,3
4824,FL,33162,Wells,2604,01019505,1,0.8049,-0.22,132,11,10,1
4825,CA,90068,Wells,11296,02014086,2,0.8020,-0.22,145,93,108,6
4826,NC,28572,Wells,803,01015130,1,0.9711,-0.03,117,84,227,1
4827,FL,32082,Chase,1942,02013767,2,0.9808,-0.02,148,51,21,1
4828,NE,69140,Bank_Of_Am,1140,02013911,2,0.5517,-0.59,109,31,184,1
4829,MI,48867,Discover,3300,08012205,8,0.3871,-0.95,82,34,28,7
4830,NY,14206,Chase_Rev,7339,08012326,8,0.4574,-0.78,124,80,20,1
4831,CA,91752,Wells,3095,02014460,2,0.7546,-0.28,138,95,133,1
4832,IN,46807,Associates,3445,05012773,5,0.1875,-1.67,125,48,37,3
4833,CA,90047,Wells,2280,04013028,4,0.8197,-0.2,92,10,58,3
4834,NJ,08201,Chase,1612,03013382,3,0.4738,-0.75,119,24,27,11
4835,FL,33073,Discover,6470,05012922,5,0.0095,-4.65,147,17,56,11
4836,LA,71111,Chase,2413,02014078,2,0.6376,-0.45,103,45,43,2
4837,FL,34986,Discover,3512,01016914,1,0.8974,-0.11,139,12,36,1
4838,VA,23224,Discover,1964,01015790,1,0.6503,-0.43,142,9,79,10
4839,CA,92653,Associates,574,08000000,8,0.7369,-0.31,133,19,5,1
4840,CA,91710,Bank_Of_Am,1603,01015026,1,0.7016,-0.35,121,15,37,3
4841,CA,92243,Wells,9671,02013760,2,0.9723,-0.03,132,37,234,2
4842,OH,45238,Discover,4721,01016212,1,0.7552,-0.28,136,80,11,2
4843,CA,94509,Wells,1725,01925816,1,0.0986,-2.32,144,85,48,7
4844,AK,99645,Bank_Of_Am,4139,03013645,3,0.3251,-1.12,123,71,1,1
4845,NC,27405,Associates,1722,01014826,1,0.6773,-0.39,130,69,87,4
4846,OR,97520,Wells,1108,01016579,1,0.9908,-0.01,113,11,7,2
4847,VA,23410,Bank_Of_Am,2339,04013220,4,0.8759,-0.13,95,9,67,1
4848,AL,35650,Discover,4346,01015506,1,0.9353,-0.07,83,12,114,5
4849,MI,48867,Discover,3147,04013212,4,0.3354,-1.09,133,68,68,3
4850,CA,94903,Bank_Of_Am,3312,01016203,1,0.1991,-1.61,140,26,39,7
4851,AZ,85381,Wells,1097,07012414,7,0.3405,-1.08,95,83,335,5
4852,MI,48701,Discover,4059,02014045,2,0.9346,-0.07,104,15,14,6
4853,CA,95116,Chase,3451,06012696,6,0.4715,-0.75,83,90,66,4
4854,CA,94558,Wells,4347,04013097,4,0.2652,-1.33,124,69,134,3
4855,LA,71006,Wells,1660,03013461,3,0.6739,-0.39,143,82,58,1
4856,IL,60050,Chase_Bony,4666,05012869,5,0.3557,-1.03,127,79,142,1
4857,OH,45213,Bank_Of_Am,4383,01017989,1,0.4030,-0.91,140,58,30,4
4858,TX,77084,Discover,4535,10011596,10,0.6218,-0.48,138,85,74,6
4859,PA,19141,Wells,2459,01018467,1,0.7909,-0.23,143,69,45,4
4860,CA,95076,Wells,2075,04013028,4,0.6996,-0.36,144,59,60,1
4861,MS,39046,Associates,2015,07012504,7,0.6862,-0.38,138,87,141,3
4862,OK,73105,Discover,6495,01015396,1,0.4576,-0.78,132,46,89,2
4863,PA,16341,Bank_Of_Am,325,01015140,1,0.1993,-1.61,139,64,149,1
4864,TX,76354,Wells,3304,10011671,10,0.8511,-0.16,116,53,85,2
4865,PA,16678,Chase_Rev,1193,04013018,4,0.0600,-2.81,115,23,116,1
4866,WA,98125,Bank_Of_Am,497,07012388,7,0.4549,-0.79,126,29,57,2
4867,NJ,08070,Discover,4035,01019402,1,0.8301,-0.19,117,51,26,1
4868,CA,95076,Wells,1681,04013034,4,0.1516,-1.89,134,59,36,1
4869,CA,90065,Wells,2199,01019189,1,0.8888,-0.12,131,38,82,1
4870,LA,70403,Associates,2929,05013001,5,0.9696,-0.03,118,53,15,2
4871,PA,15122,Chase_Rev,6898,07922077,7,0.8939,-0.11,123,15,52,1
4872,WA,99352,Discover,2161,07012440,7,0.9418,-0.06,133,46,250,3
4873,PA,16748,Discover,9689,10011865,10,0.4793,-0.74,133,92,2,1
4874,NC,27052,Discover,6157,01017261,1,0.1038,-2.26,118,35,118,3
4875,OH,44105,Associates,4544,05012930,5,0.1262,-2.07,98,11,54,1
4876,WI,53222,Chase_Rev,6357,09011897,9,0.3114,-1.17,115,83,32,1
4877,CO,80903,Chase,1919,04013228,4,0.7984,-0.23,140,37,112,16
4878,GA,31549,Associates,3408,03013535,3,0.1575,-1.85,139,37,92,12
4879,TX,78523,Bank_Of_Am,4652,04013138,4,0.5808,-0.54,99,11,239,3
4880,MA,01605,Chase_Rev,3430,04013203,4,0.7308,-0.31,120,88,28,1
4881,NC,27107,Associates,1215,01014923,1,0.8197,-0.2,125,12,190,6
4882,IL,61738,Wells,1630,02013730,2,0.8312,-0.18,134,66,53,6
4883,TX,76712,Discover,2689,10011723,10,0.0754,-2.59,108,55,16,2
4884,CA,90032,Discover,3795,09011966,9,0.9372,-0.06,90,84,16,4
4885,NC,28472,Associates,1994,02013945,2,0.4337,-0.84,112,89,24,1
4886,SC,29161,Discover,1832,01015672,1,0.5433,-0.61,86,97,102,1
4887,CA,90606,Bank_Of_Am,3709,01016071,1,0.5663,-0.57,130,94,66,1
4888,CA,95337,Wells,2956,01015023,1,0.1263,-2.07,88,71,91,5
4889,TX,77550,Bank_Of_Am,1640,06012629,6,0.8619,-0.15,118,12,96,3
4890,TX,77043,Discover,1933,08012161,8,0.1724,-1.76,98,29,72,1
4891,CA,90036,Wells_FIB,1893,01016664,1,0.0015,-6.48,122,34,9,2
4892,FL,33619,Chase,1722,03013517,3,0.4610,-0.77,137,37,79,10
4893,PA,15213,Discover,2719,04013220,4,0.0637,-2.75,136,76,45,3
4894,VA,23803,Chase,2311,04013203,4,0.7876,-0.24,125,86,140,8
4895,TX,75232,Chase,5482,10011434,10,0.1432,-1.94,134,94,11,4
4896,LA,70363,Discover,2722,01015264,1,0.3174,-1.15,147,12,66,6
4897,TX,77859,Chase,1166,08012289,8,0.9300,-0.07,124,43,6,1
4898,PA,19020,Chase,6222,05012918,5,0.6539,-0.42,114,45,138,2
4899,TX,75671,Discover,3699,01014870,1,0.6324,-0.46,122,34,31,9
4900,FL,33952,Wells,2126,06012763,6,0.9580,-0.04,107,59,22,6
4901,WA,98177,Bank_Of_Am,378,01019074,1,0.2288,-1.47,142,58,73,2
4902,OH,45426,Discover,3832,01016820,1,0.4614,-0.77,105,14,75,1
4903,AR,72132,Discover,3108,02925101,2,0.3609,-1.02,125,79,17,2
4904,AR,72472,Discover,1528,05012846,5,0.3444,-1.07,139,13,23,1
4905,PA,15147,Discover,2074,01019531,1,0.6596,-0.42,139,54,83,3
4906,IL,61554,Chase,2413,04013188,4,0.2427,-1.42,117,64,48,11
4907,IA,50321,Bank_Of_Am,4663,01018619,1,0.0756,-2.58,139,44,90,4
4908,CA,92115,Wells,1952,02014180,2,0.7129,-0.34,107,50,15,3
4909,AZ,85283,Bank_Of_Am,7321,10011739,10,0.2596,-1.35,133,29,226,6
4910,TN,37216,Discover,3298,04013153,4,0.1746,-1.74,116,45,75,2
4911,AR,72209,Discover,2808,08012320,8,0.1313,-2.03,140,47,124,2
4912,NE,68128,Associates,8024,10011524,10,0.6289,-0.46,138,83,15,2
4913,IN,47834,Associates,2861,01017478,1,0.5602,-0.58,100,56,67,4
4914,OH,45873,Discover,2130,04013148,4,0.3050,-1.19,95,32,124,2
4915,CA,94124,Associates,3304,05012791,5,0.7241,-0.32,114,66,29,1
4916,CT,06904,Discover,1729,01014934,1,0.5214,-0.65,119,86,92,5
4917,CA,90001,Discover,2631,04013119,4,0.6253,-0.47,125,10,49,2
4918,NY,10550,Bank_Of_Am,2932,03013384,3,0.1713,-1.76,118,42,29,1
4919,MO,63555,Associates,4254,04013094,4,0.5824,-0.54,121,82,18,3
4920,NY,10550,Discover,2054,01015359,1,0.8907,-0.12,142,72,78,2
4921,NY,11096,Associates,6131,06922315,6,0.4547,-0.79,131,82,15,6
4922,GA,31907,Associates,4495,01019392,1,0.2784,-1.28,141,41,153,5
4923,MI,49729,Discover,2469,02014121,2,0.7037,-0.35,91,39,77,1
4924,CA,94587,Wells,1948,01014871,1,0.7490,-0.29,86,77,66,4
4925,TX,77488,Wells,1822,02014580,2,0.9042,-0.1,101,1,58,1
4926,SC,29673,Associates,6280,07012451,7,0.2775,-1.28,83,83,77,3
4927,LA,70805,Chase,1346,08000000,8,0.1464,-1.92,109,28,118,2
4928,WV,25649,Associates,907,01019522,1,0.9847,-0.02,127,26,95,4
4929,TX,77016,Wells,4053,01015384,1,0.2370,-1.44,113,21,56,1
4930,IN,46615,Discover,2053,01017298,1,0.5140,-0.67,127,87,102,2
4931,CA,95992,Discover,5221,10011554,10,0.2293,-1.47,124,8,26,3
4932,FL,33021,Chase,1693,03013603,3,0.6957,-0.36,127,36,257,2
4933,PA,16507,Discover,1074,06012769,6,0.8291,-0.19,128,37,7,3
4934,CT,06074,Chase,7422,08000000,8,0.6830,-0.38,131,27,45,1
4935,KY,42103,Wells,3558,04013012,4,0.9327,-0.07,114,68,10,5
4936,OR,97201,Wells_FIB,6641,04923104,4,0.4032,-0.91,134,49,64,1
4937,CA,90701,Bank_Of_Am,5425,06012668,6,0.2456,-1.4,118,72,24,2
4938,NC,28586,Associates,1665,02013981,2,0.0192,-3.95,115,5,1,1
4939,CA,95616,Wells,622,02014260,2,0.2963,-1.22,142,64,92,1
4940,CA,92127,Wells,1775,03013576,3,0.2068,-1.58,98,11,47,6
4941,NJ,08401,Discover,2173,04013243,4,0.9845,-0.02,116,91,36,1
4942,CA,90045,Discover,10122,10010178,10,0.0547,-2.91,95,9,46,12
4943,CA,91436,Associates,8235,10011773,10,0.9598,-0.04,144,20,347,1
4944,LA,70401,Chase_Rev,3062,03013292,3,0.6964,-0.36,127,80,116,1
4945,CA,94579,Wells,1336,04013095,4,0.4382,-0.83,108,38,24,2
4946,GA,30318,Discover,3560,04013280,4,0.3314,-1.1,79,72,47,6
4947,CA,90032,Bank_Of_Am,1656,01927690,1,0.1818,-1.7,103,83,111,2
4948,CA,92780,Wells,1461,03013426,3,0.3833,-0.96,129,48,46,3
4949,VA,23508,Chase,4207,03013318,3,0.3227,-1.13,141,78,84,4
4950,PA,15012,Bank_Of_Am,3915,02924684,2,0.3745,-0.98,116,51,143,1
4951,CA,92110,Wells,1210,02013849,2,0.4413,-0.82,108,31,9,1
4952,MI,48212,Associates,1351,01016181,1,0.7438,-0.3,132,52,59,1
4953,NV,89128,Discover,1772,10011596,10,0.2216,-1.51,121,36,9,3
4954,TX,77388,Discover,6540,01016190,1,0.0236,-3.75,118,1,103,7
4955,CA,93446,Associates,6588,02014352,2,0.7884,-0.24,102,28,109,10
4956,CT,06040,Associates,4959,01015590,1,0.8142,-0.21,143,2,55,1
4957,NY,11040,Discover,2923,05013008,5,0.8418,-0.17,135,18,135,4
4958,MA,01879,Associates,3651,01016285,1,0.8641,-0.15,94,69,39,1
4959,LA,71449,Discover,5832,05012815,5,0.6078,-0.5,135,54,17,1
4960,LA,70118,Chase,1862,02013755,2,0.2676,-1.32,129,4,12,2
4961,CA,94520,Wells,1714,04013273,4,0.2832,-1.26,115,85,36,3
4962,NJ,07513,Discover,1926,01015169,1,0.1042,-2.26,113,33,23,5
4963,GA,30601,Wells,1948,02013868,2,0.7911,-0.23,132,94,28,2
4964,CA,92881,Bank_Of_Am,2000,07012443,7,0.0699,-2.66,135,54,46,1
4965,PA,18651,Chase_Rev,1740,01927986,1,0.0762,-2.57,121,62,36,2
4966,LA,70452,Associates,2154,01015855,1,0.9589,-0.04,119,98,45,1
4967,IL,61364,Wells,2599,04013078,4,0.8330,-0.18,132,93,7,1
4968,FL,32114,Chase_Rev,4587,05012866,5,0.1101,-2.21,147,7,29,2
4969,CA,95111,Associates,3668,01018373,1,0.1146,-2.17,126,63,6,2
4970,NV,89108,Discover,4989,10011419,10,0.8369,-0.18,143,61,46,1
4971,CA,91325,Bank_Of_Am,849,04013138,4,0.9690,-0.03,113,1,59,8
4972,UT,84651,Discover,3319,10011645,10,0.3905,-0.94,143,51,4,1
4973,TX,75025,Bank_Of_Am,2676,09011956,9,0.3950,-0.93,139,15,31,4
4974,AZ,85747,Bank_Of_Am,3464,08012341,8,0.0838,-2.48,101,14,54,1
4975,CA,92115,Wells,2944,01014915,1,0.8084,-0.21,111,84,49,2
4976,IL,60559,Discover,4843,09011959,9,0.4381,-0.83,116,91,408,1
4977,FL,33462,Associates,1161,04013110,4,0.1523,-1.88,126,2,155,2
4978,TX,77036,Discover,1587,04013033,4,0.4998,-0.69,143,11,2,1
4979,MI,48051,Discover,1134,03013324,3,0.9415,-0.06,117,62,46,5
4980,MN,55122,Associates,4244,07012556,7,0.0751,-2.59,137,93,42,2
4981,FL,34691,Discover,5381,05012935,5,0.0086,-4.76,107,93,242,1
4982,OR,97266,Wells,3269,03013597,3,0.9524,-0.05,91,19,15,2
4983,CA,93705,Bank_Of_Am,1270,01019434,1,0.3098,-1.17,120,19,20,5
4984,NY,11236,Discover,1382,07012375,7,0.2632,-1.33,133,31,4,1
4985,MD,21113,Discover,2993,05012887,5,0.2220,-1.5,128,89,111,1
4986,HI,96732,Chase_Rev,2618,03013669,3,0.2180,-1.52,142,95,75,4
4987,MA,02188,Bank_Of_Am,1864,03013361,3,0.3224,-1.13,103,75,100,1
4988,CO,80127,Bank_Of_Am,1109,04013224,4,0.7306,-0.31,137,42,176,3
4989,PA,17101,Bank_Of_Am,2511,01016006,1,0.7634,-0.27,122,55,141,1
4990,AR,72335,Associates,398,02014733,2,0.2105,-1.56,133,27,65,10
4991,CA,94164,Wells,4646,09011965,9,0.4476,-0.8,146,25,2,1
4992,CA,91604,Wells,5757,10011799,10,0.3056,-1.19,127,32,4,1
4993,OH,44121,Discover,3278,01019461,1,0.8794,-0.13,97,6,82,5
4994,CA,94015,Wells,3189,03013298,3,0.9584,-0.04,97,94,57,8
4995,FL,34950,Chase,1017,08000000,8,0.1570,-1.85,123,11,41,2
4996,VA,24016,Associates,1734,03013405,3,0.3532,-1.04,113,98,58,1
4997,TX,75751,Discover,3166,10010156,10,0.2284,-1.48,124,21,41,1
4998,IL,61550,Associates,5307,07012389,7,0.7247,-0.32,138,87,528,1
4999,MI,48504,Associates,1478,06012752,6,0.5948,-0.52,144,68,30,13
5000,NJ,07206,Discover,4443,09012128,9,0.1779,-1.73,122,41,125,6
5001,NY,11207,Wells,2090,03013539,3,0.7026,-0.35,135,51,31,7
5002,NY,10304,Discover,1473,05922706,5,0.0547,-2.91,114,88,284,5
5003,PA,16137,Chase_Rev,863,03013382,3,0.1637,-1.81,141,71,341,1
5004,NJ,07305,Associates,3272,01015584,1,0.7070,-0.35,107,71,79,4
5005,AZ,85304,Wells,1978,03013358,3,0.2514,-1.38,148,7,46,2
5006,NY,14609,Discover,4157,01016324,1,0.3511,-1.05,92,34,30,12
5007,CT,06489,Bank_Of_Am,1879,03013426,3,0.3174,-1.15,80,62,216,9
5008,MD,21075,Bank_Of_Am,7878,08012248,8,0.6216,-0.48,90,53,114,3
5009,PA,18102,Discover,2689,01926426,1,0.3028,-1.19,123,68,25,1
5010,AZ,85734,Discover,1983,09011992,9,0.6884,-0.37,120,77,57,1
5011,IL,61342,Chase_Rev,972,04013068,4,0.9540,-0.05,110,84,22,2
5012,CA,93705,Chase,6027,09012008,9,0.5706,-0.56,123,69,28,2
5013,TN,37208,Discover,1709,04013270,4,0.7564,-0.28,87,69,266,2
5014,CA,94501,Bank_Of_Am,2482,06012654,6,0.0739,-2.6,132,78,93,4
5015,CA,94601,Bank_Of_Am,5113,09012138,9,0.8441,-0.17,82,99,238,2
5016,CA,90221,Wells,2046,06012738,6,0.1974,-1.62,102,34,65,1
5017,GA,30707,Associates,1429,09012068,9,0.2764,-1.29,117,83,39,14
5018,KY,42276,Associates,3042,04013164,4,0.0771,-2.56,128,30,73,8
5019,PA,16875,Associates,1267,02014742,2,0.8818,-0.13,111,72,90,1
5020,MD,21216,Chase,1655,03013630,3,0.0792,-2.54,112,97,125,6
5021,IA,52241,Wells,1644,03013311,3,0.6311,-0.46,136,5,52,2
5022,PA,17522,Bank_Of_Am,2317,01017292,1,0.1299,-2.04,125,70,28,1
5023,FL,33458,Discover,2581,04013246,4,0.8215,-0.2,118,86,35,1
5024,CA,92806,Bank_Of_Am,640,02013892,2,0.6020,-0.51,124,8,98,5
5025,PA,19601,Wells,4016,04013193,4,0.3859,-0.95,115,83,207,1
5026,TX,77064,Wells,1578,01014959,1,0.7414,-0.3,107,46,21,5
5027,AZ,85282,Wells,2989,04923307,4,0.6796,-0.39,126,10,264,2
5028,CA,91504,Bank_Of_Am,5329,04013047,4,0.8094,-0.21,119,40,65,1
5029,WA,98052,Wells,5540,02014326,2,0.3688,-1,118,50,59,1
5030,NV,89117,Wells,1929,09012011,9,0.0972,-2.33,128,8,101,5
5031,ME,04240,Chase,828,03013586,3,0.8171,-0.2,136,48,234,2
5032,MN,55780,Discover,1587,01017522,1,0.5821,-0.54,132,94,33,5
5033,CA,90247,Associates,4990,01016649,1,0.6762,-0.39,109,75,1,1
5034,FL,34677,Associates,4213,08012166,8,0.3517,-1.04,104,73,32,3
5035,TX,78537,Discover,4343,08012236,8,0.1588,-1.84,130,44,94,1
5036,NY,11211,Discover,4232,01019395,1,0.4098,-0.89,111,37,128,2
5037,KY,40210,Discover,1533,08000000,8,0.9899,-0.01,110,20,82,9
5038,GA,30904,Discover,1121,04013215,4,0.5822,-0.54,124,76,54,4
5039,TX,75801,Discover,4087,09012011,9,0.4384,-0.82,130,23,82,2
5040,NV,89102,Discover,2083,06012736,6,0.2581,-1.35,93,98,67,1
5041,CO,80621,Discover,2029,01019537,1,0.4965,-0.7,118,94,702,1
5042,CA,94110,Wells,3532,01018903,1,0.6719,-0.4,95,88,105,1
5043,CA,92870,Wells,1467,05012923,5,0.5765,-0.55,107,17,15,3
5044,GA,30019,Discover,2385,04013062,4,0.3897,-0.94,141,20,254,3
5045,WA,99205,Discover,2208,09012050,9,0.6443,-0.44,125,58,34,7
5046,TX,78224,Bank_Of_Am,1400,03013465,3,0.3832,-0.96,117,21,143,6
5047,WI,54555,Discover,5963,04013127,4,0.6216,-0.48,133,18,89,1
5048,LA,70518,Discover,2532,01019323,1,0.9900,-0.01,123,6,286,2
5049,MI,49451,Bank_Of_Am,3792,01015521,1,0.3432,-1.07,138,29,38,1
5050,LA,70578,Discover,5984,02014158,2,0.8570,-0.15,131,77,56,3
5051,TX,75241,Associates,2875,08012206,8,0.2767,-1.28,125,19,161,1
5052,TN,37814,Discover,8338,10011682,10,0.6502,-0.43,140,64,78,2
5053,DC,20010,Chase_Rev,7742,03923608,3,0.4308,-0.84,141,15,53,3
5054,CA,92118,Associates,202,10011857,10,0.1841,-1.69,107,75,50,5
5055,CT,06351,Bank_Of_Am,3451,04013161,4,0.6177,-0.48,147,12,109,4
5056,NY,13658,Associates,4459,03013531,3,0.1527,-1.88,128,30,179,3
5057,NJ,07003,Chase,1743,03013431,3,0.2854,-1.25,127,39,26,1
5058,NY,13825,Chase_Rev,6294,08012346,8,0.9459,-0.06,117,2,120,11
5059,IN,46366,Bank_Of_Am,8251,08012273,8,0.7241,-0.32,129,66,13,4
5060,IL,61603,Chase_Rev,5453,07012392,7,0.7293,-0.32,132,76,84,1
5061,CA,94062,Wells,5544,01925948,1,0.8672,-0.14,122,86,58,4
5062,NJ,07305,Associates,2350,01017185,1,0.1778,-1.73,127,72,96,4
5063,MI,48187,Bank_Of_Am,412,04013257,4,0.1679,-1.78,105,37,7,4
5064,TN,37214,Associates,2805,03013550,3,0.5536,-0.59,94,79,516,1
5065,CA,96001,Bank_Of_Am,5294,09011917,9,0.2164,-1.53,131,16,18,1
5066,CA,94703,Wells,2247,03013416,3,0.3340,-1.1,133,68,33,7
5067,LA,70113,Discover,1568,03013475,3,0.3268,-1.12,108,41,89,1
5068,TX,75025,Discover,6102,10010999,10,0.2032,-1.59,87,99,15,2
5069,MN,55108,Discover,4963,07012485,7,0.2390,-1.43,128,16,59,1
5070,WA,98683,Chase,7109,09011954,9,0.1801,-1.71,109,70,6,1
5071,WI,53170,Associates,1307,05012853,5,0.2435,-1.41,132,38,115,1
5072,NJ,08865,Discover,4567,01014894,1,0.3324,-1.1,135,75,63,4
5073,CA,95136,Wells,1867,02014060,2,0.7019,-0.35,142,47,78,6
5074,MD,21211,Bank_Of_Am,5505,01014849,1,0.2900,-1.24,123,38,22,4
5075,TX,79936,Discover,2781,02925137,2,0.0562,-2.88,142,17,160,8
5076,TX,77038,Associates,3859,10010115,10,0.8659,-0.14,144,79,24,2
5077,TX,77058,Discover,4536,09012074,9,0.0182,-4,114,87,67,1
5078,PA,15601,Wells,3149,01019409,1,0.7143,-0.34,138,44,13,4
5079,TX,77541,Associates,5645,10010972,10,0.9822,-0.02,116,55,100,3
5080,AZ,86540,Discover,1662,01015406,1,0.8309,-0.19,128,80,295,2
5081,FL,33142,Discover,4868,04013175,4,0.4180,-0.87,141,81,92,2
5082,CA,91743,Bank_Of_Am,3668,10011835,10,0.0930,-2.37,135,63,3,2
5083,OH,43203,Bank_Of_Am,2320,01019429,1,0.5075,-0.68,137,19,144,7
5084,TX,75223,Discover,3923,02013845,2,0.9157,-0.09,72,99,162,7
5085,TX,77007,Discover,4010,02014435,2,0.0524,-2.95,134,84,73,1
5086,MN,55987,Discover,2120,03013482,3,0.6021,-0.51,92,70,11,1
5087,CA,95926,Wells,6193,01925621,1,0.4617,-0.77,110,30,96,5
5088,NJ,07307,Discover,2819,03013557,3,0.1222,-2.1,110,90,73,1
5089,FL,33624,Chase,2142,01015130,1,0.3485,-1.05,85,22,32,2
5090,CA,91351,Wells,1061,06012642,6,0.8374,-0.18,113,75,53,5
5091,CA,91912,Associates,119,01015584,1,0.8258,-0.19,106,63,272,2
5092,CA,92707,Wells,2288,03013332,3,0.6878,-0.37,112,47,39,5
5093,FL,33647,Bank_Of_Am,4765,06012565,6,0.5162,-0.66,113,16,91,1
5094,OH,44101,Wells,2929,04013109,4,0.9116,-0.09,140,94,73,8
5095,PA,15206,Discover,3197,02014487,2,0.3942,-0.93,102,39,60,4
5096,CA,90029,Chase_Rev,1656,03013312,3,0.5362,-0.62,114,98,143,3
5097,KY,41064,Associates,1327,02013997,2,0.3090,-1.17,131,83,77,2
5098,CA,93306,Wells,1395,06012733,6,0.9464,-0.06,132,75,92,4
5099,UT,84120,Chase_Bony,7297,09921023,9,0.7073,-0.35,132,60,39,3
5100,FL,33138,Associates,4828,07012365,7,0.2926,-1.23,120,5,86,5
5101,PA,18629,Discover,3212,02013992,2,0.1308,-2.03,122,1,236,13
5102,MI,48212,Chase_Bony,2155,03013448,3,0.8742,-0.13,107,79,39,2
5103,NJ,07305,Associates,615,01018152,1,0.2211,-1.51,130,18,84,9
5104,MO,64152,Discover,1721,03013408,3,0.7939,-0.23,136,32,19,1
5105,CA,90503,Wells,2674,01015314,1,0.1761,-1.74,100,74,72,2
5106,LA,70126,Discover,1764,03013307,3,0.5323,-0.63,121,19,26,1
5107,CA,92113,Wells,1468,07012450,7,0.1304,-2.04,105,95,127,1
5108,NJ,07305,Discover,6092,07012356,7,0.3560,-1.03,121,56,418,1
5109,IN,46176,Chase,3390,06012764,6,0.5026,-0.69,108,31,52,1
5110,WA,98108,Chase_Rev,2015,01019370,1,0.0157,-4.15,122,79,33,2
5111,MA,02125,Discover,1016,04013055,4,0.9746,-0.03,125,74,99,1
5112,OK,74728,Bank_Of_Am,2500,04013040,4,0.2268,-1.48,103,64,129,1
5113,FL,33614,Discover,2167,05012917,5,0.8947,-0.11,103,73,39,1
5114,TN,37909,Associates,1972,07012404,7,0.4374,-0.83,122,73,119,2
5115,NJ,07840,Bank_Of_Am,1447,01019363,1,0.3259,-1.12,127,85,120,5
5116,CA,91505,Bank_Of_Am,3289,01016310,1,0.0839,-2.48,145,58,65,2
5117,TN,38018,Discover,5644,02014737,2,0.0393,-3.24,136,46,66,5
5118,LA,70737,Discover,4506,02013738,2,0.2054,-1.58,91,4,22,2
5119,WA,98036,Wells,1408,07012381,7,0.2412,-1.42,115,11,92,3
5120,CA,94804,Wells,1833,01018364,1,0.3249,-1.12,148,56,76,1
5121,LA,70739,Discover,2055,01015991,1,0.9847,-0.02,142,44,255,2
5122,KS,67416,Wells,1984,03013298,3,0.4124,-0.89,99,91,2,1
5123,AZ,85735,Wells,2953,08012342,8,0.8368,-0.18,88,25,8,2
5124,CA,95628,Wells,1662,01015907,1,0.8114,-0.21,129,87,66,2
5125,WA,98260,Wells,1070,07012370,7,0.1420,-1.95,119,79,58,1
5126,MD,21904,Bank_Of_Am,3564,01018005,1,0.6391,-0.45,71,59,25,4
5127,TX,77060,Wells,1988,01014794,1,0.5654,-0.57,97,78,95,2
5128,CA,92084,Bank_Of_Am,4332,08012302,8,0.2553,-1.37,137,32,68,1
5129,MD,21229,Associates,989,05012879,5,0.5618,-0.58,106,88,58,6
5130,AR,72701,Bank_Of_Am,438,05012890,5,0.1222,-2.1,126,15,174,1
5131,FL,33023,Discover,1500,07920000,7,0.4719,-0.75,126,16,133,6
5132,AZ,85719,Discover,7135,10011723,10,0.8345,-0.18,116,32,115,5
5133,ME,04666,Wells,2095,05012798,5,0.2592,-1.35,145,9,4,1
5134,OR,97058,Bank_Of_Am,1546,02014456,2,0.9572,-0.04,117,82,18,10
5135,CA,95831,Wells_FIB,9130,10011873,10,0.9981,0,145,26,99,1
5136,OH,44130,Discover,967,01016997,1,0.9383,-0.06,125,85,166,2
5137,WA,98124,Bank_Of_Am,5420,07012379,7,0.4561,-0.79,141,77,67,6
5138,GA,31063,Associates,2449,04013260,4,0.8256,-0.19,135,87,67,4
5139,CO,80250,Discover,4288,01015569,1,0.7094,-0.34,85,72,117,2
5140,MT,59804,Bank_Of_Am,8069,07012413,7,0.1019,-2.28,115,17,101,1
5141,OR,97201,Bank_Of_Am,400,05012866,5,0.7439,-0.3,100,97,2,1
5142,AR,72947,Chase_Rev,9599,01018784,1,0.7716,-0.26,88,1,17,1
5143,LA,70607,Discover,3122,01019544,1,0.4487,-0.8,120,21,19,1
5144,AL,36111,Discover,2289,08012333,8,0.5792,-0.55,147,5,45,4
5145,TX,76018,Discover,4148,09011957,9,0.1011,-2.29,124,18,50,1
5146,TN,37214,Wells,2022,02014513,2,0.1096,-2.21,109,2,24,4
5147,NY,13634,Associates,1928,02014113,2,0.6419,-0.44,141,25,30,3
5148,AZ,85364,Wells_FIB,5675,07012499,7,0.4634,-0.77,139,33,6,4
5149,NY,10552,Discover,3383,01019420,1,0.5608,-0.58,130,29,38,1
5150,AR,72701,Associates,1954,01016809,1,0.7664,-0.27,119,6,162,1
5151,OK,74766,Chase,1395,04013169,4,0.3270,-1.12,146,63,89,5
5152,PA,15229,Discover,3693,01018147,1,0.5099,-0.67,108,90,107,1
5153,CA,93705,Bank_Of_Am,1829,05012989,5,0.0809,-2.51,118,19,80,1
5154,NJ,07002,Wells,5073,03013418,3,0.1686,-1.78,118,10,44,3
5155,NY,11228,Discover,2206,01016488,1,0.8810,-0.13,113,41,100,6
5156,TN,37604,Associates,3426,06012697,6,0.8862,-0.12,95,34,39,1
5157,MS,39581,Discover,1891,08012225,8,0.8019,-0.22,106,13,63,4
5158,IA,50702,Discover,1795,06012655,6,0.3052,-1.19,143,44,141,1
5159,CA,95822,Wells,2143,01019408,1,0.0754,-2.58,134,25,57,7
5160,MS,38668,Discover,2438,10010187,10,0.9131,-0.09,139,73,60,4
5161,MA,01852,Discover,4267,01015497,1,0.0464,-3.07,122,33,144,2
5162,CA,92020,Wells,5507,09012083,9,0.7449,-0.29,137,74,5,4
5163,CA,91423,Discover,823,06012640,6,0.6963,-0.36,119,21,26,1
5164,CA,93728,Bank_Of_Am,463,07012438,7,0.6772,-0.39,135,35,93,1
5165,TX,75228,Bank_Of_Am,880,08012335,8,0.2419,-1.42,124,77,34,5
5166,IA,51106,Discover,1651,05012863,5,0.7886,-0.24,121,77,18,7
5167,GA,31217,Associates,3793,02013771,2,0.0016,-6.44,120,19,88,2
5168,CA,90255,Discover,1893,05012812,5,0.9582,-0.04,113,90,87,6
5169,NJ,07051,Chase_Rev,1679,04013099,4,0.5096,-0.67,112,80,53,3
5170,MA,02703,Discover,3570,03013448,3,0.7115,-0.34,104,12,31,3
5171,NY,13691,Associates,1365,06012691,6,0.5942,-0.52,125,53,46,11
5172,CA,92807,Associates,4456,07012470,7,0.8130,-0.21,120,51,145,13
5173,CA,94122,Discover,1475,01019148,1,0.8601,-0.15,100,20,31,6
5174,NY,10462,Associates,2770,02014435,2,0.8491,-0.16,131,65,111,1
5175,MO,65037,Discover,3536,02014133,2,0.3877,-0.95,126,90,110,1
5176,TX,76082,Associates,4830,10011153,10,0.0019,-6.24,100,85,25,2
5177,OH,44041,Chase_Rev,6229,07012419,7,0.5025,-0.69,124,73,79,3
5178,CA,90746,Wells,4148,07012494,7,0.5393,-0.62,135,11,54,5
5179,TX,77401,Discover,1741,06012687,6,0.1818,-1.7,131,93,66,3
5180,MA,02301,Associates,4393,05012800,5,0.4456,-0.81,143,2,383,1
5181,AL,35054,Discover,7077,02014730,2,0.3924,-0.94,86,44,85,2
5182,FL,33326,Discover,2423,01016204,1,0.8930,-0.11,111,25,11,4
5183,CA,90003,Wells,791,01018249,1,0.5087,-0.68,136,39,9,1
5184,AL,35064,Discover,1555,02925527,2,0.7327,-0.31,122,88,112,4
5185,TX,79072,Associates,1094,07012392,7,0.3312,-1.11,137,67,147,3
5186,TX,75061,Discover,1868,10011343,10,0.3081,-1.18,77,60,2,1
5187,NY,14787,Discover,1803,05012896,5,0.1943,-1.64,131,29,18,1
5188,NY,11224,Discover,5597,08921582,8,0.2883,-1.24,129,93,9,3
5189,CA,93726,Discover,2629,07012439,7,0.4257,-0.85,132,36,21,2
5190,CA,94014,Discover,2240,01019179,1,0.6219,-0.47,110,59,7,2
5191,CA,92627,Wells,5619,03013675,3,0.7511,-0.29,105,67,61,1
5192,MO,63113,Bank_Of_Am,2043,01019498,1,0.1533,-1.88,93,62,3,2
5193,SC,29615,Discover,4155,01016269,1,0.1077,-2.23,113,67,40,10
5194,PA,15132,Bank_Of_Am,1455,04013151,4,0.7080,-0.35,125,20,10,2
5195,CA,92397,Wells_FIB,971,02013727,2,0.0571,-2.86,108,28,325,1
5196,NY,11793,Bank_Of_Am,1358,03013510,3,0.9951,0,114,42,215,7
5197,CA,95825,Associates,4058,07012381,7,0.7532,-0.28,102,36,33,17
5198,FL,32507,Bank_Of_Am,3960,03013485,3,0.3993,-0.92,139,10,80,1
5199,PA,19147,Chase,2434,02013903,2,0.0996,-2.31,117,76,46,2
5200,CA,94533,Wells,5155,08012259,8,0.1624,-1.82,109,45,37,5
5201,AL,35757,Discover,2469,03013346,3,0.7720,-0.26,129,3,28,3
5202,TX,75014,Bank_Of_Am,1438,05012918,5,0.5952,-0.52,111,59,10,2
5203,CA,93305,Associates,1095,06012570,6,0.1182,-2.13,135,2,21,5
5204,NC,28452,Discover,4821,02013857,2,0.4461,-0.81,126,31,56,1
5205,LA,70460,Chase,6734,07012418,7,0.3335,-1.1,118,8,118,3
5206,TX,75248,Bank_Of_Am,8387,01016549,1,0.0725,-2.62,101,40,325,1
5207,NJ,08234,Discover,3279,04013204,4,0.7901,-0.24,133,85,40,1
5208,OR,97007,Discover,1982,02013761,2,0.7846,-0.24,102,35,16,5
5209,CA,90011,Bank_Of_Am,560,08000000,8,0.0871,-2.44,127,54,2,1
5210,AL,35810,Chase,2749,03013310,3,0.0790,-2.54,144,2,23,6
5211,TX,79924,Associates,1699,09012062,9,0.7520,-0.28,95,93,159,1
5212,TX,78502,Discover,2123,09011952,9,0.6839,-0.38,128,7,92,1
5213,CA,93030,Wells,2499,03013312,3,0.1690,-1.78,140,70,494,2
5214,MI,49908,Associates,701,03013453,3,0.3634,-1.01,136,64,123,3
5215,CA,95370,Wells,2156,01016408,1,0.3536,-1.04,125,75,10,3
5216,IA,52404,Wells,1487,08012293,8,0.3050,-1.19,135,14,3,2
5217,NV,89434,Bank_Of_Am,6530,10011228,10,0.9498,-0.05,113,46,2,1
5218,AL,35954,Chase,1813,03013655,3,0.3798,-0.97,76,27,32,2
5219,NY,10941,Chase,2894,04013135,4,0.3671,-1,135,2,44,4
5220,CA,90277,Bank_Of_Am,6690,06012750,6,0.2574,-1.36,134,82,54,4
5221,WA,98273,Bank_Of_Am,2471,08000000,8,0.0983,-2.32,121,94,116,2
5222,MI,49016,Discover,1262,02013882,2,0.7894,-0.24,140,83,63,6
5223,IL,61401,Discover,2661,02014207,2,0.0866,-2.45,126,99,57,2
5224,OK,74107,Discover,2169,02014622,2,0.5282,-0.64,112,3,11,5
5225,MI,49442,Associates,6526,01015344,1,0.9688,-0.03,85,98,120,3
5226,AZ,85374,Associates,732,04013076,4,0.3549,-1.04,93,97,254,8
5227,CA,91042,Wells,444,03013386,3,0.3509,-1.05,130,54,155,5
5228,WA,98498,Bank_Of_Am,2149,07012414,7,0.6158,-0.48,140,76,55,10
5229,IN,46835,Associates,2516,04013167,4,0.0933,-2.37,138,67,108,1
5230,CA,93420,Wells_FIB,5417,07012511,7,0.3992,-0.92,122,26,15,2
5231,VA,23509,Discover,2813,02013993,2,0.7525,-0.28,127,32,66,2
5232,CA,90065,Wells,1350,01019247,1,0.3731,-0.99,98,12,110,1
5233,NC,28403,Chase_Rev,1278,02014307,2,0.8234,-0.19,144,66,18,2
5234,NV,89104,Bank_Of_Am,1009,10011634,10,0.7384,-0.3,120,75,142,1
5235,TX,79936,Discover,3542,10011769,10,0.6523,-0.43,140,62,147,1
5236,CA,95608,Bank_Of_Am,4520,05922692,5,0.1563,-1.86,113,15,6,3
5237,NY,10310,Chase,1751,03013553,3,0.4847,-0.72,115,61,23,1
5238,FL,33334,Associates,3100,02014725,2,0.4598,-0.78,125,54,19,3
5239,CA,95519,Bank_Of_Am,1416,05012913,5,0.7086,-0.34,94,80,94,11
5240,MI,48060,Discover,1803,02013759,2,0.3881,-0.95,125,86,40,4
5241,MA,02703,Discover,825,03013436,3,0.4574,-0.78,112,4,31,3
5242,CA,92675,Wells,1064,05922765,5,0.5837,-0.54,114,71,8,3
5243,NM,88232,Associates,2705,01016213,1,0.3613,-1.02,117,54,113,8
5244,NY,11226,Chase,1624,02013779,2,0.2335,-1.45,126,68,43,3
5245,VA,24541,Associates,2052,03013327,3,0.7264,-0.32,127,12,99,2
5246,VA,22971,Associates,1140,04013041,4,0.0174,-4.05,97,91,39,8
5247,NY,10034,Associates,1117,05012954,5,0.2325,-1.46,122,55,58,1
5248,FL,33010,Associates,7414,01016255,1,0.1851,-1.69,95,48,33,1
5249,FL,32138,Discover,9582,07012364,7,0.9517,-0.05,120,66,3,3
5250,CA,93514,Bank_Of_Am,2478,05012823,5,0.0233,-3.76,112,8,40,2
5251,OR,97886,Bank_Of_Am,6036,06012571,6,0.3532,-1.04,130,32,393,2
5252,TX,77420,Discover,1908,01014936,1,0.4328,-0.84,108,31,101,12
5253,IA,50310,Chase,3028,04013111,4,0.5860,-0.53,124,27,26,7
5254,NJ,08865,Discover,3949,01018613,1,0.2083,-1.57,134,66,78,2
5255,NY,12207,Associates,4418,01019370,1,0.9368,-0.07,132,25,33,3
5256,TX,77627,Bank_Of_Am,1870,10011867,10,0.3621,-1.02,135,60,68,1
5257,FL,32114,Wells,3006,04013023,4,0.1895,-1.66,133,41,4,3
5258,CA,92843,Discover,5657,01015581,1,0.0832,-2.49,88,68,69,4
5259,FL,34432,Chase,2193,03013339,3,0.7569,-0.28,149,67,23,1
5260,NC,27856,Associates,1423,01015869,1,0.2719,-1.3,115,58,4,3
5261,LA,70115,Discover,3592,06012742,6,0.6483,-0.43,86,56,301,1
5262,IL,60707,Bank_Of_Am,2561,01015679,1,0.8999,-0.11,135,71,42,1
5263,PA,19120,Discover,658,01014875,1,0.9570,-0.04,111,3,805,2
5264,LA,70339,Discover,6554,08012198,8,0.5123,-0.67,132,38,38,3
5265,SC,29018,Discover,1441,06012661,6,0.0821,-2.5,139,54,48,2
5266,CA,95608,Bank_Of_Am,7353,09920955,9,0.4077,-0.9,128,16,305,1
5267,MA,01752,Bank_Of_Am,3009,05012802,5,0.3586,-1.03,111,52,242,4
5268,OH,45236,Discover,3351,04013056,4,0.7200,-0.33,122,34,41,1
5269,MI,48826,Bank_Of_Am,2455,08921650,8,0.7349,-0.31,100,66,36,2
5270,PA,17752,Discover,3555,01016901,1,0.5530,-0.59,135,30,200,1
5271,AL,35481,Chase,11786,06922264,6,0.6996,-0.36,126,45,89,30
5272,FL,33064,Chase,1430,06012687,6,0.4084,-0.9,95,67,31,1
5273,WA,98337,Bank_Of_Am,5795,03013344,3,0.7299,-0.31,129,6,56,2
5274,PA,15068,Discover,6571,02014065,2,0.3958,-0.93,130,67,60,1
5275,MS,39562,Associates,3399,10011622,10,0.2837,-1.26,128,64,16,3
5276,CA,90242,Discover,1713,04013171,4,0.3771,-0.98,143,48,43,5
5277,KS,67216,Discover,1675,01016051,1,0.5187,-0.66,105,81,24,5
5278,CA,95624,Wells,1592,04013034,4,0.2207,-1.51,143,15,60,7
5279,MN,55119,Associates,4197,01927691,1,0.2484,-1.39,121,3,139,1
5280,OH,45849,Discover,4070,01016195,1,0.8193,-0.2,114,83,70,1
5281,IL,60649,Discover,1727,03013527,3,0.6511,-0.43,114,34,116,1
5282,NJ,08050,Discover,3079,02014540,2,0.9703,-0.03,120,73,202,3
5283,FL,33613,Discover,1432,01019267,1,0.3727,-0.99,136,59,104,1
5284,NY,10451,Associates,6193,01014810,1,0.2981,-1.21,136,16,132,2
5285,OR,97202,Associates,4541,06012662,6,0.4527,-0.79,71,30,54,1
5286,NC,27552,Wells,4462,01014966,1,0.8722,-0.14,138,50,73,1
5287,CA,94010,Wells,1212,06012606,6,0.6816,-0.38,126,41,24,5
5288,CA,92508,Wells,2592,07012540,7,0.5584,-0.58,106,87,52,1
5289,AZ,85009,Wells,2291,05012825,5,0.8030,-0.22,133,80,6,1
5290,NY,12306,Discover,2004,03013512,3,0.8719,-0.14,129,93,61,1
5291,LA,71038,Discover,3891,01926543,1,0.1103,-2.2,107,17,48,1
5292,TX,75061,Discover,4903,10011305,10,0.9584,-0.04,92,72,91,2
5293,MI,48009,Bank_Of_Am,3767,02014682,2,0.4162,-0.88,132,96,52,1
5294,TX,75370,Chase,1985,09012045,9,0.7173,-0.33,112,1,21,1
5295,NJ,07306,Associates,4821,01016444,1,0.6760,-0.39,89,93,356,1
5296,IL,60440,Discover,3779,01016566,1,0.4583,-0.78,126,70,70,3
5297,CA,94564,Wells,1163,06012732,6,0.4473,-0.8,107,57,59,7
5298,SC,29055,Associates,2891,01017175,1,0.8064,-0.22,110,56,37,4
5299,CA,90044,Wells,1293,01016758,1,0.2937,-1.23,121,24,110,4
5300,MA,01607,Discover,2137,04013016,4,0.9519,-0.05,136,98,157,1
5301,CA,92107,Associates,1465,02014213,2,0.2602,-1.35,136,47,147,3
5302,CO,81007,Discover,1845,01015389,1,0.0212,-3.86,122,72,31,5
5303,MS,38843,Discover,2691,09011910,9,0.4149,-0.88,135,33,1,1
5304,CA,94122,Wells,2126,04013084,4,0.6920,-0.37,122,30,350,1
5305,IL,60435,Discover,840,05012779,5,0.8000,-0.22,133,27,127,7
5306,TN,38050,Associates,940,01016915,1,0.3067,-1.18,124,29,92,1
5307,NJ,07305,Discover,5186,01016482,1,0.7079,-0.35,109,73,85,2
5308,TX,76010,Discover,2811,10011818,10,0.2125,-1.55,139,55,151,5
5309,TX,75220,Discover,2091,03013644,3,0.6769,-0.39,130,23,22,2
5310,NC,27894,Discover,2425,02014400,2,0.2686,-1.31,131,93,17,8
5311,CA,94142,Wells,2002,05012899,5,0.6927,-0.37,124,68,40,1
5312,TN,38017,Discover,4716,01016582,1,0.7133,-0.34,127,13,19,12
5313,MO,63301,Associates,2717,05012896,5,0.3801,-0.97,126,23,38,1
5314,ME,04766,Discover,3405,06012734,6,0.4556,-0.79,93,28,197,1
5315,TX,77511,Bank_Of_Am,1293,07012495,7,0.6998,-0.36,129,65,7,2
5316,RI,02860,Bank_Of_Am,746,03013342,3,0.6892,-0.37,136,98,36,1
5317,LA,70116,Bank_Of_Am,2050,01016711,1,0.2734,-1.3,131,65,79,4
5318,TX,77656,Discover,6290,01015425,1,0.4523,-0.79,134,34,93,8
5319,CA,91601,Bank_Of_Am,433,02013703,2,0.5065,-0.68,119,94,20,6
5320,PA,19120,Discover,4735,05922875,5,0.8540,-0.16,119,34,66,5
5321,TN,37030,Discover,3346,05012789,5,0.3037,-1.19,132,32,82,2
5322,FL,33166,Chase_Rev,7273,07012457,7,0.5820,-0.54,108,84,4,1
5323,MD,21229,Discover,3766,08012345,8,0.5952,-0.52,122,27,21,1
5324,CA,94538,Wells,5747,08012168,8,0.5928,-0.52,95,92,75,5
5325,FL,33635,Chase,3032,03013411,3,0.5354,-0.62,137,32,51,2
5326,NJ,07017,Bank_Of_Am,5984,01016514,1,0.6958,-0.36,128,57,128,8
5327,AR,72032,Chase_Rev,1612,05012817,5,0.9660,-0.03,142,89,137,1
5328,NC,28303,Discover,2720,02014182,2,0.4960,-0.7,130,94,62,3
5329,CA,92612,Bank_Of_Am,1623,04013091,4,0.2315,-1.46,97,90,72,1
5330,NJ,07801,Associates,7271,03013420,3,0.8313,-0.18,108,84,17,3
5331,CA,95616,Wells,929,07921818,7,0.1633,-1.81,137,84,75,2
5332,CA,90007,Wells,1575,03013637,3,0.4034,-0.91,121,33,34,2
5333,CA,90604,Bank_Of_Am,2462,03013507,3,0.5054,-0.68,134,38,301,1
5334,CA,92549,Bank_Of_Am,10832,01018375,1,0.4956,-0.7,120,95,66,3
5335,TX,75041,Associates,5168,09012016,9,0.8379,-0.18,120,6,65,3
5336,LA,71201,Discover,1676,03013315,3,0.0486,-3.02,126,69,66,3
5337,OH,44403,Bank_Of_Am,8614,08012226,8,0.7761,-0.25,100,73,47,1
5338,PA,17325,Discover,1527,05012845,5,0.5890,-0.53,111,39,76,2
5339,MD,21220,Discover,4455,07012437,7,0.0414,-3.18,112,89,47,1
5340,NY,13820,Discover,1954,03013459,3,0.5980,-0.51,131,33,209,2
5341,MN,55112,Discover,1538,08000000,8,0.0702,-2.66,128,55,139,1
5342,TX,75007,Associates,814,05012811,5,0.1267,-2.07,117,58,33,2
5343,HI,96821,Associates,1727,03013382,3,0.9210,-0.08,115,35,77,3
5344,IL,60639,Associates,2966,03013657,3,0.5988,-0.51,111,63,68,2
5345,AZ,86326,Wells,1135,05012842,5,0.4509,-0.8,145,55,17,6
5346,CA,94901,Bank_Of_Am,673,02013938,2,0.8360,-0.18,105,63,34,1
5347,NJ,07722,Associates,1517,02013824,2,0.7256,-0.32,149,63,61,1
5348,AZ,86045,Wells,1130,03013620,3,0.8376,-0.18,109,88,193,1
5349,OK,73942,Bank_Of_Am,1052,02014207,2,0.6031,-0.51,98,8,181,4
5350,NY,10128,Chase,1592,03013495,3,0.5488,-0.6,108,6,11,3
5351,AK,99801,Bank_Of_Am,1647,01019565,1,0.9639,-0.04,111,42,37,4
5352,CA,91719,Wells,1117,05012918,5,0.7346,-0.31,121,79,15,3
5353,PA,15857,Discover,3174,02013821,2,0.2905,-1.24,139,2,101,1
5354,TX,76051,Wells,1519,07012364,7,0.1756,-1.74,142,10,207,3
5355,TN,37342,Associates,3069,01019535,1,0.6956,-0.36,136,25,92,3
5356,TN,37807,Associates,1559,02013893,2,0.0905,-2.4,141,87,50,2
5357,OR,97124,Wells,1091,03013568,3,0.4611,-0.77,113,65,64,4
5358,CT,06468,Chase_Bony,2162,07012543,7,0.8122,-0.21,101,2,77,1
5359,TX,76021,Chase,1200,08012321,8,0.0991,-2.31,143,2,3,1
5360,NV,89130,Discover,2832,10011791,10,0.8855,-0.12,121,40,3,2
5361,MA,02740,Discover,1738,03013377,3,0.9714,-0.03,118,67,121,6
5362,TN,37760,Discover,2306,01019391,1,0.7895,-0.24,124,82,19,2
5363,TX,77021,Discover,2828,02013851,2,0.9789,-0.02,113,20,63,5
5364,CA,92057,Bank_Of_Am,1360,06012738,6,0.6209,-0.48,131,43,52,2
5365,MI,48505,Discover,1733,04013104,4,0.5874,-0.53,138,22,99,1
5366,NY,13746,Discover,3946,01016812,1,0.3476,-1.06,139,18,92,9
5367,MA,01085,Discover,9702,10011693,10,0.4244,-0.86,139,76,4,1
5368,AZ,85719,Wells,1406,01015255,1,0.5987,-0.51,106,54,225,3
5369,FL,33862,Associates,4745,01017178,1,0.9052,-0.1,113,75,64,1
5370,NV,89032,Bank_Of_Am,2607,06012763,6,0.3924,-0.94,123,80,112,4
5371,KY,41042,Wells,8648,03013412,3,0.2555,-1.36,118,64,163,2
5372,CA,92843,Bank_Of_Am,1151,04013114,4,0.1694,-1.78,122,49,15,2
5373,CA,94801,Wells,2421,04013030,4,0.6086,-0.5,122,70,171,4
5374,PA,17201,Discover,1859,01015117,1,0.9770,-0.02,124,15,57,1
5375,TX,78745,Wells,3352,09011984,9,0.3840,-0.96,146,92,112,1
5376,CA,95823,Bank_Of_Am,1702,01016817,1,0.6577,-0.42,141,93,49,5
5377,TN,37013,Associates,1696,01015989,1,0.9382,-0.06,128,68,65,4
5378,TX,77656,Discover,1545,10011857,10,0.6881,-0.37,114,38,8,1
5379,NC,28602,Discover,7083,04013220,4,0.3328,-1.1,99,66,66,8
5380,PA,19121,Chase,1839,03013604,3,0.5516,-0.59,125,90,9,1
5381,NY,10034,Chase,2532,04013163,4,0.4303,-0.84,133,49,8,1
5382,AL,36105,Discover,1342,04013161,4,0.0330,-3.41,130,46,108,3
5383,LA,71075,Chase,3198,07012525,7,0.8232,-0.19,135,57,41,5
5384,CA,93930,Wells,1349,03013485,3,0.0299,-3.51,134,50,63,3
5385,GA,30084,Discover,931,03013549,3,0.9686,-0.03,104,8,74,1
5386,IN,46628,Discover,1969,05012988,5,0.2169,-1.53,117,56,367,9
5387,CA,91354,Chase,1670,03013383,3,0.9830,-0.02,123,78,7,3
5388,NJ,07514,Bank_Of_Am,1175,01016893,1,0.6163,-0.48,120,76,58,2
5389,FL,33150,Discover,4341,02014414,2,0.3103,-1.17,115,72,3,1
5390,NC,28227,Bank_Of_Am,6960,01018658,1,0.8538,-0.16,102,11,20,10
5391,CO,81082,Discover,3350,05012822,5,0.2900,-1.24,133,75,95,2
5392,CA,94541,Wells,1965,05012911,5,0.5427,-0.61,120,83,22,2
5393,NY,14616,Associates,2678,01014908,1,0.4670,-0.76,126,20,73,1
5394,OH,45220,Discover,1853,01927914,1,0.8936,-0.11,123,61,69,13
5395,FL,34677,Bank_Of_Am,448,06012594,6,0.7872,-0.24,123,59,33,4
5396,IL,61101,Discover,2277,01016268,1,0.2871,-1.25,123,53,58,2
5397,FL,33018,Discover,2378,04013045,4,0.2281,-1.48,138,86,82,1
5398,DC,20011,Discover,783,04013104,4,0.8215,-0.2,141,58,71,11
5399,WA,98942,Bank_Of_Am,281,06012642,6,0.0132,-4.33,93,20,34,2
5400,MS,39603,Associates,1842,07012446,7,0.5646,-0.57,127,89,136,3
5401,CA,92129,Bank_Of_Am,2614,05012903,5,0.3255,-1.12,143,73,64,4
5402,NJ,08701,Discover,2862,03013627,3,0.9482,-0.05,142,21,44,1
5403,CA,90044,Associates,392,02014625,2,0.9047,-0.1,98,55,7,1
5404,NY,10035,Bank_Of_Am,2126,03013341,3,0.4317,-0.84,144,48,57,3
5405,TX,77075,Discover,3411,10011257,10,0.9742,-0.03,132,77,54,3
5406,WI,54629,Associates,1569,06012643,6,0.5816,-0.54,122,40,53,1
5407,CA,91364,Wells,2135,04013079,4,0.5879,-0.53,143,19,92,2
5408,AR,72076,Discover,1537,08000000,8,0.6064,-0.5,137,60,155,2
5409,NY,11433,Discover,1903,04013152,4,0.8436,-0.17,124,41,264,5
5410,TX,77014,Chase_Rev,5041,10011610,10,0.8788,-0.13,97,80,49,2
5411,TX,77007,Discover,8605,02013884,2,0.4301,-0.84,135,90,167,1
5412,CA,91745,Chase_Rev,4002,07012431,7,0.1154,-2.16,143,22,102,2
5413,IL,61570,Chase,1750,03013589,3,0.7977,-0.23,126,60,117,1
5414,CA,90604,Chase_Rev,2664,05012956,5,0.6655,-0.41,138,53,82,2
5415,CA,91402,Wells,4739,08012173,8,0.8795,-0.13,139,27,34,3
5416,FL,33186,Chase_Rev,1340,03013420,3,0.5757,-0.55,135,49,11,1
5417,NJ,08401,Chase_Rev,3154,01019443,1,0.4042,-0.91,140,54,6,2
5418,TX,77035,Discover,2874,01014881,1,0.2893,-1.24,148,51,208,3
5419,TX,78265,Bank_Of_Am,1574,01019016,1,0.9844,-0.02,141,25,128,7
5420,CA,95110,Associates,2092,01014834,1,0.0628,-2.77,143,85,4,1
5421,PA,17552,Bank_Of_Am,1594,01017463,1,0.2111,-1.56,135,41,211,2
5422,CA,90028,Discover,6576,01015986,1,0.4938,-0.71,101,65,33,2
5423,IL,60610,Discover,819,03013502,3,0.6241,-0.47,122,62,71,1
5424,RI,02828,Chase_Rev,5721,08012180,8,0.3037,-1.19,135,51,91,2
5425,WA,98801,Bank_Of_Am,1471,01018229,1,0.4445,-0.81,118,34,33,14
5426,NY,11205,Chase,355,02014438,2,0.5726,-0.56,114,83,92,2
5427,TN,37214,Associates,2702,04013114,4,0.7723,-0.26,142,67,49,1
5428,WI,54403,Bank_Of_Am,5748,01014967,1,0.9136,-0.09,120,12,45,2
5429,CA,90026,Bank_Of_Am,998,07012377,7,0.1122,-2.19,133,72,29,3
5430,NY,11427,Discover,5304,08012291,8,0.8448,-0.17,126,60,17,7
5431,NJ,07057,Discover,6621,03013319,3,0.6184,-0.48,123,76,3,2
5432,LA,70638,Associates,6584,01015124,1,0.4140,-0.88,147,13,105,6
5433,CA,91750,Wells,1639,04013115,4,0.7858,-0.24,137,17,81,5
5434,CA,92028,Wells,2483,01019245,1,0.9150,-0.09,134,72,14,1
5435,CA,93257,Wells,6019,02925149,2,0.3191,-1.14,119,6,74,2
5436,TN,37115,Discover,3275,07012415,7,0.1307,-2.03,133,41,26,3
5437,OK,74132,Associates,10007,09011923,9,0.5603,-0.58,93,63,162,2
5438,FL,33764,Discover,8653,10011696,10,0.7912,-0.23,127,27,1,1
5439,AZ,85080,Bank_Of_Am,2049,01015764,1,0.4465,-0.81,138,95,20,2
5440,AL,36340,Discover,3306,01019426,1,0.0325,-3.43,84,59,8,1
5441,MA,02152,Discover,4834,06012738,6,0.7935,-0.23,141,97,86,2
5442,CA,91789,Wells,2582,04013072,4,0.5144,-0.66,136,72,29,2
5443,AR,72114,Associates,5681,02013935,2,0.4333,-0.84,120,42,93,2
5444,CA,94523,Associates,2370,03923904,3,0.1284,-2.05,98,72,135,1
5445,TX,75243,Chase,1468,07012529,7,0.8789,-0.13,132,48,150,3
5446,AZ,85035,Wells,1956,02014586,2,0.2900,-1.24,93,13,518,6
5447,IL,60194,Wells,1738,02013741,2,0.2149,-1.54,127,19,170,8
5448,FL,33012,Associates,4439,01928455,1,0.9065,-0.1,110,52,145,8
5449,IL,60633,Associates,4881,04013192,4,0.9206,-0.08,146,77,69,3
5450,OH,44310,Associates,3792,05012879,5,0.7525,-0.28,78,27,84,1
5451,SD,57718,Bank_Of_Am,4172,03013334,3,0.7939,-0.23,139,18,32,5
5452,CA,94539,Wells,1470,07012517,7,0.0993,-2.31,133,85,339,2
5453,OH,43512,Associates,1615,04013211,4,0.6986,-0.36,137,35,138,3
5454,CA,94560,Associates,1935,04013229,4,0.7945,-0.23,139,45,55,2
5455,TX,75561,Discover,3728,10011669,10,0.2465,-1.4,97,59,202,1
5456,CA,93561,Associates,2940,01016197,1,0.5697,-0.56,121,25,76,8
5457,NY,11412,Discover,1016,03013438,3,0.0298,-3.51,108,5,188,10
5458,CA,91776,Wells,1806,01014824,1,0.4223,-0.86,111,13,86,7
5459,FL,33567,Discover,2351,03013481,3,0.2069,-1.58,139,33,244,2
5460,WY,82520,Bank_Of_Am,7702,06922367,6,0.1485,-1.91,118,74,167,3
5461,TX,75474,Discover,6306,02013956,2,0.0745,-2.6,134,68,51,7
5462,CA,91801,Chase,2843,03013427,3,0.9723,-0.03,128,39,71,1
5463,WV,25606,Associates,6827,01015731,1,0.5381,-0.62,121,82,1,1
5464,FL,33710,Discover,5781,09012037,9,0.1108,-2.2,120,9,18,4
5465,CA,90034,Bank_Of_Am,2703,06012690,6,0.5761,-0.55,128,6,107,7
5466,NV,89117,Chase,3026,09012125,9,0.5512,-0.6,116,15,10,2
5467,IL,60626,Chase_Rev,2155,02014072,2,0.7498,-0.29,127,46,152,2
5468,MI,48227,Wells,4507,05012788,5,0.3981,-0.92,67,75,47,3
5469,NY,12477,Bank_Of_Am,4253,06012603,6,0.9788,-0.02,104,10,114,1
5470,WA,98467,Bank_Of_Am,820,05922748,5,0.3645,-1.01,144,57,40,4
5471,TN,38134,Chase,5429,04013084,4,0.8708,-0.14,103,94,15,4
5472,NY,12303,Chase_Rev,1587,02014098,2,0.5231,-0.65,140,49,170,5
5473,IL,60615,Discover,2916,04013082,4,0.7690,-0.26,129,62,57,4
5474,CA,92503,Wells,1557,02013863,2,0.1354,-2,143,85,294,4
5475,VA,22401,Wells,2160,02014240,2,0.7266,-0.32,124,23,12,5
5476,DE,19810,Discover,7328,04923460,4,0.5873,-0.53,131,74,320,1
5477,CA,95376,Bank_Of_Am,1028,01019490,1,0.1005,-2.3,117,52,36,2
5478,OH,44622,Discover,1521,08000000,8,0.9601,-0.04,122,17,29,1
5479,NY,11235,Discover,2679,01016908,1,0.1914,-1.65,117,31,41,2
5480,CA,96151,Bank_Of_Am,1095,01016237,1,0.0799,-2.53,110,83,61,9
5481,KY,42087,Associates,4012,01015440,1,0.3813,-0.96,115,34,62,1
5482,CA,94801,Wells,2334,05012885,5,0.0100,-4.6,136,6,42,1
5483,CA,95828,Wells,1467,02013845,2,0.1902,-1.66,109,46,133,3
5484,CA,94112,Wells,740,01016595,1,0.8315,-0.18,124,51,117,1
5485,CA,95524,Wells,1908,05012926,5,0.9608,-0.04,134,90,103,5
5486,MD,20906,Bank_Of_Am,1906,02013872,2,0.3915,-0.94,98,75,73,1
5487,FL,34286,Chase,1338,02013762,2,0.6097,-0.49,137,83,139,2
5488,CA,92109,Wells,5318,08012255,8,0.9734,-0.03,148,16,27,7
5489,MA,01085,Discover,3683,04013054,4,0.7915,-0.23,140,44,94,1
5490,TX,76357,Bank_Of_Am,2008,03924141,3,0.8059,-0.22,127,94,34,3
5491,CA,92625,Bank_Of_Am,3992,01015426,1,0.0795,-2.53,79,43,42,1
5492,MN,55445,Associates,2582,05012901,5,0.2660,-1.32,136,36,48,2
5493,MI,48083,Discover,9282,01015666,1,0.5829,-0.54,106,31,168,2
5494,CA,95816,Wells,2368,02014119,2,0.0705,-2.65,144,7,52,3
5495,DC,20020,Chase,3396,09012081,9,0.1513,-1.89,127,12,36,2
5496,TN,38301,Associates,1100,09011955,9,0.5969,-0.52,121,2,63,1
5497,WI,54961,Associates,2377,01019414,1,0.6060,-0.5,86,17,475,5
5498,IL,60608,Discover,5343,02014217,2,0.5440,-0.61,143,70,86,2
5499,CA,94577,Chase_Rev,5554,09012120,9,0.3729,-0.99,104,27,32,1
5500,CA,91942,Associates,2632,06012647,6,0.1811,-1.71,137,88,59,2
5501,NY,10462,Discover,557,01015056,1,0.2862,-1.25,136,20,69,10
5502,UT,84606,Wells,261,08000000,8,0.6354,-0.45,145,33,16,4
5503,WA,99022,Wells,4837,06012750,6,0.7965,-0.23,119,6,59,1
5504,CA,93030,Bank_Of_Am,1191,07012373,7,0.4823,-0.73,144,58,30,1
5505,TX,75235,Discover,5995,10011286,10,0.4234,-0.86,120,52,65,2
5506,TX,79423,Discover,9413,08000000,8,0.6987,-0.36,137,30,94,3
5507,OH,44302,Discover,995,04013257,4,0.7142,-0.34,131,11,38,1
5508,CA,91935,Associates,1665,01019455,1,0.9877,-0.01,141,21,81,9
5509,WA,98513,Bank_Of_Am,4215,05012814,5,0.5737,-0.56,83,34,20,3
5510,MO,65571,Wells,2045,01019548,1,0.3341,-1.1,135,12,158,1
5511,NY,14526,Discover,2501,04013017,4,0.3119,-1.16,96,19,36,3
5512,CA,91754,Wells,1229,05012850,5,0.5434,-0.61,125,58,28,5
5513,SC,29334,Chase,3210,04013112,4,0.3412,-1.08,131,28,14,2
5514,CA,94110,Wells,1821,05012885,5,0.1576,-1.85,136,4,5,1
5515,CA,95128,Wells,1050,06012697,6,0.3388,-1.08,124,8,12,6
5516,OR,97408,Discover,4178,02013842,2,0.1113,-2.2,141,72,14,1
5517,TX,75023,Chase_Rev,899,07012406,7,0.1217,-2.11,119,72,96,4
5518,OH,45663,Chase_Rev,4457,06012761,6,0.9969,0,102,50,52,1
5519,AZ,85206,Wells,1860,06012743,6,0.1394,-1.97,131,3,55,1
5520,PA,15370,Bank_Of_Am,2429,02014093,2,0.5231,-0.65,110,55,107,1
5521,FL,33134,Chase_Rev,1102,04013223,4,0.8336,-0.18,131,22,108,2
5522,MD,20721,Discover,7648,01015896,1,0.5130,-0.67,114,45,41,2
5523,VA,23451,Wells,1697,01019573,1,0.2005,-1.61,103,21,3,2
5524,OR,97211,Wells_FIB,1819,03013492,3,0.2905,-1.24,133,97,83,8
5525,RI,02816,Associates,3269,08012340,8,0.2143,-1.54,115,47,10,1
5526,TX,77957,Wells,1845,03013334,3,0.2575,-1.36,132,84,29,1
5527,FL,33810,Associates,1070,03013336,3,0.0300,-3.51,133,36,101,3
5528,PA,17319,Bank_Of_Am,4903,02014509,2,0.8509,-0.16,109,18,108,1
5529,MO,63104,Associates,1175,01015580,1,0.5939,-0.52,113,8,18,3
5530,AL,36784,Chase,8186,06012655,6,0.1239,-2.09,107,86,79,7
5531,KY,41011,Associates,5494,06012717,6,0.1118,-2.19,113,55,97,1
5532,AZ,85201,Discover,772,06012576,6,0.7647,-0.27,132,15,2,2
5533,VA,20175,Associates,5293,07012525,7,0.1209,-2.11,103,99,48,2
5534,CA,95126,Bank_Of_Am,333,01019512,1,0.8212,-0.2,113,23,104,1
5535,SC,29407,Discover,1411,02014144,2,0.0191,-3.96,145,55,114,3
5536,NY,11418,Associates,7741,06012632,6,0.9359,-0.07,100,98,70,3
5537,CA,94706,Wells,830,06012626,6,0.1784,-1.72,127,68,4,3
5538,AR,72002,Discover,2043,01019313,1,0.3577,-1.03,122,91,32,4
5539,WA,98588,Bank_Of_Am,821,10011825,10,0.5619,-0.58,103,76,15,13
5540,WA,98942,Bank_Of_Am,4580,01018885,1,0.7163,-0.33,142,4,97,3
5541,TX,75224,Associates,1455,08012166,8,0.6453,-0.44,137,49,51,1
5542,CA,91306,Wells,3513,01019291,1,0.0249,-3.69,132,4,22,5
5543,NJ,07207,Discover,1486,08000000,8,0.5599,-0.58,120,80,192,3
5544,FL,32204,Associates,1652,03013584,3,0.2233,-1.5,118,80,38,2
5545,MD,21206,Discover,3223,05012918,5,0.3755,-0.98,128,67,93,2
5546,CA,95008,Bank_Of_Am,1233,03013659,3,0.3310,-1.11,110,64,317,1
5547,OR,97303,Wells_FIB,4031,03013587,3,0.2409,-1.42,135,76,49,10
5548,MI,49024,Discover,1294,05012860,5,0.4802,-0.73,141,25,159,2
5549,PA,15206,Discover,525,04013208,4,0.3554,-1.03,138,40,8,4
5550,MO,63043,Discover,1602,02014076,2,0.7780,-0.25,138,39,68,6
5551,IL,60154,Discover,1702,02013797,2,0.3928,-0.93,142,71,93,1
5552,GA,30474,Discover,4438,01925913,1,0.8786,-0.13,131,74,61,4
5553,CA,90805,Wells,7136,08012200,8,0.2549,-1.37,116,53,96,2
5554,OH,45236,Discover,5963,10011859,10,0.6630,-0.41,123,27,4,2
5555,MA,02189,Discover,2645,01016864,1,0.8484,-0.16,115,4,23,2
5556,WA,98021,Bank_Of_Am,10982,09011888,9,0.7500,-0.29,123,21,60,1
5557,TX,77040,Bank_Of_Am,3113,06012764,6,0.3296,-1.11,128,79,56,3
5558,NY,11714,Wells,2917,04013150,4,0.6008,-0.51,132,87,103,2
5559,KY,42437,Discover,8408,10011594,10,0.8103,-0.21,135,50,303,1
5560,IL,60652,Bank_Of_Am,5754,02014402,2,0.3107,-1.17,93,12,77,18
5561,TX,79710,Bank_Of_Am,1831,01019127,1,0.6778,-0.39,145,65,15,1
5562,WA,98407,Wells,1765,09012092,9,0.0796,-2.53,112,13,3,1
5563,MT,59711,Associates,3039,10011708,10,0.5518,-0.59,85,13,250,1
5564,NC,28211,Wells,3290,01019654,1,0.4576,-0.78,98,52,328,1
5565,MN,56031,Wells,5801,07012443,7,0.9742,-0.03,117,6,23,7
5566,TN,37411,Discover,4147,05012936,5,0.5146,-0.66,114,63,130,1
5567,MS,38843,Chase_Rev,3615,01019222,1,0.4631,-0.77,126,61,46,2
5568,VA,23407,Chase_Rev,2957,02014021,2,0.9518,-0.05,143,76,91,3
5569,MS,38756,Chase,3347,06012695,6,0.1873,-1.67,107,84,106,2
5570,CA,93277,Discover,8551,10011696,10,0.8806,-0.13,134,29,31,2
5571,IN,46582,Bank_Of_Am,5682,05013005,5,0.5578,-0.58,131,11,104,1
5572,AZ,86510,Associates,4065,01019203,1,0.8851,-0.12,146,64,244,1
5573,OH,45150,Discover,1941,03013528,3,0.5627,-0.57,117,12,47,5
5574,GA,30329,Discover,795,05012861,5,0.4876,-0.72,139,37,4,2
5575,NC,28541,Associates,3957,01017099,1,0.9096,-0.09,138,72,4,1
5576,MN,55713,Associates,3897,06012611,6,0.4909,-0.71,111,18,53,3
5577,MA,02726,Associates,1320,03013321,3,0.7628,-0.27,134,49,164,1
5578,NV,89110,Associates,3493,05012980,5,0.7588,-0.28,132,18,4,1
5579,CA,92262,Wells,3277,03013341,3,0.0022,-6.11,100,66,53,1
5580,MA,02744,Bank_Of_Am,3578,04013156,4,0.0969,-2.33,121,63,51,2
5581,NY,12302,Discover,7758,01015850,1,0.3198,-1.14,135,34,9,1
5582,CA,95650,Wells,1510,04013188,4,0.9744,-0.03,111,58,33,2
5583,CA,91709,Wells,1487,06012606,6,0.8433,-0.17,121,80,47,3
5584,CA,95249,Wells_FIB,3757,10011867,10,0.4224,-0.86,143,78,123,3
5585,NJ,08110,Associates,5290,01019346,1,0.3438,-1.07,112,46,139,1
5586,IL,62095,Bank_Of_Am,1968,03013625,3,0.8628,-0.15,133,39,91,1
5587,NC,28574,Chase,2410,08000000,8,0.3725,-0.99,143,33,116,3
5588,TX,75602,Discover,2290,02014039,2,0.5409,-0.61,141,54,193,2
5589,RI,02860,Bank_Of_Am,3319,05012913,5,0.3861,-0.95,149,14,82,1
5590,IN,46628,Discover,1662,03013392,3,0.3292,-1.11,146,68,108,5
5591,FL,32837,Wells,1222,03013299,3,0.2800,-1.27,140,69,127,5
5592,AL,36736,Wells,1863,02013683,2,0.4226,-0.86,127,56,357,3
5593,FL,32303,Chase,2425,04013124,4,0.0750,-2.59,129,99,86,4
5594,CA,91423,Discover,3630,05012948,5,0.2799,-1.27,114,51,12,2
5595,KS,66215,Discover,1310,07012538,7,0.0200,-3.91,138,54,78,5
5596,LA,71106,Discover,3582,06012644,6,0.3034,-1.19,140,18,78,1
5597,IL,60619,Discover,2250,01015524,1,0.9147,-0.09,134,86,52,5
5598,NY,12065,Discover,1030,05012824,5,0.6248,-0.47,124,29,32,2
5599,CA,92116,Bank_Of_Am,892,07012545,7,0.8883,-0.12,140,82,72,10
5600,NJ,07005,Bank_Of_Am,5069,03013414,3,0.0338,-3.39,117,44,90,1
5601,CA,95382,Wells_FIB,8382,01015023,1,0.3270,-1.12,121,56,81,1
5602,FL,34230,Chase,4133,06012719,6,0.3403,-1.08,116,51,125,1
5603,CA,90809,Associates,3971,07012413,7,0.4724,-0.75,105,95,14,2
5604,CA,92882,Wells,1581,04013212,4,0.1461,-1.92,128,47,17,2
5605,OH,44121,Chase_Bony,5460,04923399,4,0.3834,-0.96,115,15,87,5
5606,CA,91790,Associates,1016,07012481,7,0.0727,-2.62,106,50,46,4
5607,CA,95054,Associates,3724,01019340,1,0.3237,-1.13,140,72,103,1
5608,NY,11364,Chase_Rev,800,02013723,2,0.8884,-0.12,100,81,102,1
5609,LA,70765,Discover,5317,04013036,4,0.1293,-2.05,131,74,89,3
5610,OH,45427,Discover,1569,07012534,7,0.8388,-0.18,133,11,10,3
5611,TX,78043,Discover,3165,10010015,10,0.9848,-0.02,83,46,33,1
5612,CA,93277,Bank_Of_Am,1873,06012709,6,0.3600,-1.02,87,29,77,8
5613,DC,20019,Associates,5246,02014256,2,0.0776,-2.56,126,35,138,5
5614,AL,36066,Wells_FIB,1469,08012312,8,0.1901,-1.66,97,18,1,1
5615,CA,95122,Wells,2627,02013856,2,0.7102,-0.34,122,72,115,2
5616,VA,23418,Discover,2109,01017264,1,0.5547,-0.59,124,38,37,5
5617,IL,62220,Discover,1144,02014028,2,0.7232,-0.32,94,9,66,2
5618,WA,98597,Associates,5167,01016184,1,0.3230,-1.13,140,43,93,1
5619,PA,17876,Chase,2601,03013558,3,0.5054,-0.68,112,73,101,5
5620,FL,32808,Associates,126,01017394,1,0.0878,-2.43,101,70,157,13
5621,TN,37040,Discover,2309,04013222,4,0.0092,-4.69,93,72,563,2
5622,CA,90004,Wells,2101,05012945,5,0.7664,-0.27,122,65,83,1
5623,MI,48184,Discover,4472,06012673,6,0.2751,-1.29,117,5,3,1
5624,NY,11214,Wells,2599,03013296,3,0.8500,-0.16,136,45,10,1
5625,LA,70578,Discover,1160,08000000,8,0.8400,-0.17,133,38,122,2
5626,NY,12307,Bank_Of_Am,2620,01019312,1,0.7730,-0.26,145,44,90,4
5627,CA,91770,Bank_Of_Am,2474,01016484,1,0.0998,-2.3,141,11,108,5
5628,PA,19121,Chase,1778,03013613,3,0.0470,-3.06,130,6,92,1
5629,OH,44310,Discover,6664,02924526,2,0.6637,-0.41,91,92,139,17
5630,CA,95126,Bank_Of_Am,3311,10011792,10,0.2693,-1.31,102,43,5,3
5631,NJ,08052,Associates,5424,08012239,8,0.4376,-0.83,122,68,8,2
5632,CA,90019,Associates,5518,09012106,9,0.8613,-0.15,110,19,29,1
5633,PA,19132,Bank_Of_Am,3798,02014223,2,0.1951,-1.63,129,60,71,1
5634,TX,79937,Discover,5501,10011472,10,0.5241,-0.65,115,27,3,3
5635,NJ,08724,Chase,2023,03013417,3,0.1008,-2.3,123,68,26,1
5636,MO,65714,Discover,2947,01015793,1,0.8773,-0.13,127,61,7,3
5637,PA,18504,Chase_Rev,2233,03013653,3,0.1705,-1.77,132,86,293,1
5638,IN,46143,Chase_Rev,1516,02013706,2,0.4653,-0.77,87,94,248,1
5639,CA,91748,Wells,8986,02013869,2,0.3221,-1.13,132,60,66,8
5640,NY,10019,Chase_Rev,1803,02013714,2,0.9195,-0.08,143,69,112,1
5641,CA,94509,Wells,1895,01928941,1,0.9425,-0.06,87,96,54,1
5642,CT,06605,Discover,2346,01018058,1,0.5966,-0.52,142,46,198,3
5643,PA,18071,Bank_Of_Am,5335,01017584,1,0.5994,-0.51,111,27,86,1
5644,NY,12304,Chase,2613,04013262,4,0.6658,-0.41,123,91,24,2
5645,TX,77083,Associates,3596,10011438,10,0.5115,-0.67,148,78,299,2
5646,AZ,85714,Discover,3493,01015823,1,0.8723,-0.14,131,52,264,6
5647,CA,93905,Discover,7273,01015717,1,0.5056,-0.68,133,75,17,5
5648,CA,91912,Bank_Of_Am,1454,06012582,6,0.5575,-0.58,142,21,9,3
5649,LA,70441,Chase_Rev,6634,08000000,8,0.9738,-0.03,136,49,80,2
5650,LA,70401,Discover,1534,08000000,8,0.4390,-0.82,100,37,2,1
5651,CT,06320,Bank_Of_Am,1016,01015067,1,0.4862,-0.72,140,82,206,1
5652,CA,91304,Chase,1169,07012436,7,0.3581,-1.03,112,12,24,2
5653,KS,66508,Chase_Rev,3764,04013193,4,0.5350,-0.63,133,59,10,2
5654,TX,79119,Bank_Of_Am,3414,10011489,10,0.1452,-1.93,81,74,113,1
5655,NY,13903,Bank_Of_Am,5452,03013477,3,0.0701,-2.66,87,5,47,3
5656,CA,92683,Bank_Of_Am,456,08000000,8,0.5449,-0.61,128,2,25,1
5657,CA,90034,Bank_Of_Am,3951,01019452,1,0.8566,-0.15,100,17,36,2
5658,FL,34207,Chase,6733,08012348,8,0.2295,-1.47,127,64,45,8
5659,MO,63135,Chase,1772,03013298,3,0.1404,-1.96,121,80,353,3
5660,IL,60644,Wells,2441,01017145,1,0.8406,-0.17,111,72,125,1
5661,TX,77868,Associates,6689,10010974,10,0.1475,-1.91,128,68,39,10
5662,CA,93117,Wells,2797,01019347,1,0.6371,-0.45,132,34,244,10
5663,PA,15537,Discover,2327,03013366,3,0.8962,-0.11,98,40,127,3
5664,LA,71292,Discover,1708,02013866,2,0.6381,-0.45,110,21,12,1
5665,GA,30543,Discover,1114,05012834,5,0.1761,-1.74,92,30,30,3
5666,GA,30184,Chase_Rev,7471,07012388,7,0.3826,-0.96,106,73,143,3
5667,AZ,85365,Bank_Of_Am,7865,10011358,10,0.4097,-0.89,102,68,16,2
5668,NC,27030,Associates,4184,01015562,1,0.9795,-0.02,120,78,137,1
5669,TX,76202,Bank_Of_Am,7616,06922328,6,0.5597,-0.58,108,80,35,3
5670,NY,14224,Associates,1108,06012751,6,0.4597,-0.78,112,38,203,4
5671,MS,39556,Discover,963,03013436,3,0.6791,-0.39,110,99,76,9
5672,OH,43968,Chase,710,03013607,3,0.8199,-0.2,134,39,11,6
5673,LA,70820,Discover,1640,02014621,2,0.0358,-3.33,118,18,21,5
5674,NJ,08085,Bank_Of_Am,8028,01015393,1,0.8364,-0.18,128,32,122,7
5675,CA,95746,Wells,1544,04013106,4,0.8936,-0.11,143,98,74,1
5676,NJ,07306,Bank_Of_Am,1424,03013446,3,0.3032,-1.19,109,63,126,1
5677,CA,95376,Bank_Of_Am,2878,01018825,1,0.3655,-1.01,121,12,8,3
5678,LA,70301,Discover,3075,04013141,4,0.6555,-0.42,87,84,54,2
5679,CT,06420,Chase_Rev,7028,04013150,4,0.7028,-0.35,134,66,127,3
5680,NY,10462,Wells,3298,02014752,2,0.2550,-1.37,137,39,42,7
5681,DE,19805,Associates,2418,04013176,4,0.2359,-1.44,141,20,48,1
5682,CA,94619,Wells,1394,03013341,3,0.5020,-0.69,121,67,101,3
5683,CA,94903,Bank_Of_Am,2256,04013095,4,0.6908,-0.37,123,61,42,1
5684,CA,91702,Wells,1542,02013727,2,0.4823,-0.73,129,3,124,5
5685,TN,37763,Associates,3803,06012575,6,0.1803,-1.71,129,68,117,4
5686,OH,43220,Discover,5569,07012364,7,0.9233,-0.08,122,77,12,2
5687,CA,92663,Bank_Of_Am,2774,01016446,1,0.1282,-2.05,123,19,152,1
5688,CA,91733,Wells,1224,09012030,9,0.2119,-1.55,129,45,59,1
5689,TN,37047,Associates,2245,01015422,1,0.8938,-0.11,117,32,82,3
5690,CA,92570,Wells,2126,04013051,4,0.3048,-1.19,127,30,133,1
5691,CA,94131,Wells,1140,01016594,1,0.6196,-0.48,127,70,253,2
5692,CA,90277,Chase,11937,04923534,4,0.8447,-0.17,96,58,189,1
5693,GA,30286,Chase,3111,04013089,4,0.7298,-0.32,133,42,52,4
5694,NJ,08083,Bank_Of_Am,1545,02014446,2,0.3504,-1.05,136,26,166,1
5695,PA,19148,Chase,5574,02013715,2,0.3579,-1.03,143,4,21,2
5696,PA,15143,Associates,6340,07012354,7,0.7436,-0.3,135,30,52,1
5697,NC,28403,Associates,1616,01019768,1,0.1933,-1.64,140,77,129,2
5698,CO,80424,Chase_Rev,1911,02014044,2,0.8291,-0.19,113,22,185,4
5699,NY,11229,Bank_Of_Am,5798,08012324,8,0.7286,-0.32,133,47,26,6
5700,MO,64683,Discover,3888,06012768,6,0.1056,-2.25,107,41,121,4
5701,CA,95639,Wells,1315,06012628,6,0.8861,-0.12,112,65,96,7
5702,MO,63366,Discover,4283,03013341,3,0.5079,-0.68,105,72,293,2
5703,IN,46550,Discover,1672,03013626,3,0.7521,-0.28,134,39,71,1
5704,AZ,85250,Bank_Of_Am,3192,07012400,7,0.3605,-1.02,143,95,22,3
5705,TX,75839,Chase,4015,10011604,10,0.4257,-0.85,148,56,134,1
5706,AL,35673,Chase,1590,03013376,3,0.1964,-1.63,128,74,36,1
5707,CA,92630,Bank_Of_Am,1413,04013020,4,0.3562,-1.03,96,82,262,1
5708,IN,47201,Bank_Of_Am,5825,03013444,3,0.0275,-3.59,114,20,97,11
5709,OH,44509,Discover,2732,02014645,2,0.0655,-2.73,120,1,165,2
5710,FL,32669,Chase,2806,02013775,2,0.3650,-1.01,124,15,240,1
5711,NY,11554,Discover,2631,04013143,4,0.4094,-0.89,138,72,12,3
5712,CO,80905,Discover,3150,04013202,4,0.5624,-0.58,143,6,131,1
5713,TX,75935,Wells,6411,10011287,10,0.4456,-0.81,131,72,167,4
5714,IN,46227,Bank_Of_Am,3631,01019345,1,0.3329,-1.1,144,27,9,1
5715,TX,76504,Associates,4633,02924783,2,0.6799,-0.39,115,92,52,4
5716,TX,75067,Discover,3960,10011611,10,0.3993,-0.92,129,97,107,3
5717,CA,95231,Wells,1675,04013065,4,0.0551,-2.9,138,5,35,2
5718,NY,11226,Discover,1808,02014555,2,0.2380,-1.44,108,77,99,4
5719,IL,60187,Chase,2203,02013965,2,0.9360,-0.07,128,38,27,1
5720,TX,77075,Wells,649,03013463,3,0.7928,-0.23,121,10,18,1
5721,TX,79764,Wells,4163,09011998,9,0.3520,-1.04,110,84,13,1
5722,NY,10023,Bank_Of_Am,2143,03013338,3,0.9212,-0.08,138,84,51,3
5723,CA,92627,Wells,2595,01015010,1,0.8392,-0.18,127,99,44,1
5724,WI,53142,Chase_Rev,2851,05012794,5,0.7790,-0.25,111,6,32,1
5725,CA,90270,Wells,1888,02013918,2,0.1478,-1.91,118,57,78,4
5726,NJ,07306,Discover,2164,04013086,4,0.3707,-0.99,112,11,42,3
5727,OR,97211,Wells_FIB,2991,04013248,4,0.8331,-0.18,122,98,87,6
5728,MD,20705,Discover,3162,05012855,5,0.1598,-1.83,131,1,105,2
5729,CA,94401,Chase,475,02014593,2,0.3613,-1.02,128,32,269,2
5730,IL,60901,Discover,1526,01017561,1,0.6361,-0.45,148,47,40,1
5731,CA,91311,Discover,1389,09011948,9,0.6135,-0.49,146,38,25,2
5732,CA,92407,Wells,2329,05012835,5,0.6821,-0.38,136,12,57,1
5733,MO,64126,Discover,4744,02014283,2,0.8472,-0.17,116,94,302,3
5734,CA,93313,Wells,2150,01019469,1,0.9787,-0.02,136,27,74,4
5735,SC,29483,Discover,5980,07012444,7,0.0276,-3.59,86,28,396,3
5736,PA,19464,Associates,5716,07012357,7,0.1393,-1.97,149,89,106,2
5737,NJ,07010,Bank_Of_Am,2895,05012941,5,0.2824,-1.26,104,8,184,3
5738,GA,30291,Wells,2152,05012788,5,0.8723,-0.14,121,90,20,4
5739,FL,34748,Bank_Of_Am,5863,01017353,1,0.2286,-1.48,103,19,78,13
5740,MA,02330,Discover,4085,05012985,5,0.2279,-1.48,124,57,372,2
5741,OR,97080,Bank_Of_Am,2708,06012741,6,0.7075,-0.35,131,17,20,1
5742,CA,93304,Wells,918,02014508,2,0.2246,-1.49,119,69,4,2
5743,TX,79936,Discover,3462,05012932,5,0.2948,-1.22,99,48,151,1
5744,GA,31709,Discover,2349,05012977,5,0.2121,-1.55,89,63,71,1
5745,TX,75234,Discover,3326,10011743,10,0.2997,-1.21,111,78,98,2
5746,PA,16635,Associates,2084,06012610,6,0.8469,-0.17,139,7,85,1
5747,WI,53038,Associates,9716,04013082,4,0.0507,-2.98,136,14,14,2
5748,FL,33173,Associates,2681,02014596,2,0.1534,-1.87,103,59,35,2
5749,SC,29624,Chase,1086,04013146,4,0.1101,-2.21,119,59,30,1
5750,CA,91710,Wells,2080,02014401,2,0.9125,-0.09,129,19,11,2
5751,NJ,08701,Associates,506,02014723,2,0.6287,-0.46,115,6,47,2
5752,CA,92084,Wells_FIB,2447,04013011,4,0.4693,-0.76,129,64,36,1
5753,CT,06516,Associates,4022,08012181,8,0.3936,-0.93,138,74,84,2
5754,TX,75243,Discover,1832,01015380,1,0.1424,-1.95,119,62,62,2
5755,CA,91755,Wells,3298,01016721,1,0.4472,-0.8,130,32,93,5
5756,ME,04861,Chase,3566,08012183,8,0.8703,-0.14,135,49,105,2
5757,CA,91715,Chase,6690,09012091,9,0.8158,-0.2,105,98,143,2
5758,CA,90650,Wells,1947,02013701,2,0.2199,-1.51,113,77,37,1
5759,LA,71220,Chase,1653,03013293,3,0.3492,-1.05,119,49,74,19
5760,TN,38008,Discover,1475,08000000,8,0.2914,-1.23,123,29,127,1
5761,AR,71603,Discover,4616,02924712,2,0.5033,-0.69,133,2,23,6
5762,CA,91790,Wells,2181,01017598,1,0.1613,-1.82,119,37,11,1
5763,PA,19006,Chase,3478,04013024,4,0.4054,-0.9,138,19,60,1
5764,CA,92117,Bank_Of_Am,2054,05012885,5,0.3228,-1.13,120,90,7,1
5765,PA,19114,Discover,4929,02014605,2,0.4370,-0.83,142,19,162,7
5766,PA,19144,Discover,4205,06012591,6,0.8324,-0.18,112,76,125,4
5767,KS,67005,Associates,9416,10011709,10,0.5685,-0.56,118,57,109,3
5768,NC,27979,Discover,1332,08000000,8,0.8016,-0.22,135,17,96,5
5769,FL,32164,Wells,4406,05012878,5,0.5163,-0.66,141,31,37,1
5770,NJ,07103,Associates,1069,04013021,4,0.8649,-0.15,118,56,132,5
5771,WY,82501,Chase,1876,02013849,2,0.8510,-0.16,103,35,122,7
5772,CA,93926,Wells,1792,05012922,5,0.9768,-0.02,147,22,37,2
5773,CA,95518,Discover,3345,06012586,6,0.3537,-1.04,140,94,66,3
5774,TX,78759,Bank_Of_Am,2986,10011757,10,0.7088,-0.34,141,40,3,1
5775,CA,91401,Bank_Of_Am,932,02014252,2,0.6874,-0.37,129,83,81,4
5776,SC,29405,Discover,4379,01016051,1,0.9980,0,131,35,223,1
5777,CA,94806,Wells,1306,08012189,8,0.7368,-0.31,127,63,36,1
5778,IL,60025,Discover,1985,08921641,8,0.6037,-0.5,119,90,27,9
5779,CO,80640,Discover,5357,07012461,7,0.9489,-0.05,95,91,53,3
5780,CA,91763,Wells,4846,07012509,7,0.2854,-1.25,93,27,12,2
5781,FL,33611,Wells,2398,04013271,4,0.8379,-0.18,123,88,67,2
5782,IA,50158,Associates,1114,01019574,1,0.6075,-0.5,108,64,44,4
5783,KS,66502,Chase,2969,02014069,2,0.0695,-2.67,139,69,158,1
5784,FL,33619,Bank_Of_Am,2757,01019436,1,0.9834,-0.02,132,99,99,2
5785,GA,30501,Discover,4169,02014542,2,0.8390,-0.18,106,43,63,13
5786,CA,91340,Wells,1443,06012715,6,0.3008,-1.2,94,39,43,3
5787,MI,48446,Discover,2471,05012974,5,0.0600,-2.81,142,20,5,3
5788,MA,02301,Associates,7062,06012611,6,0.2504,-1.38,100,48,5,1
5789,MD,20735,Discover,2281,01015721,1,0.9696,-0.03,118,79,170,1
5790,TX,75142,Discover,1484,10011533,10,0.3593,-1.02,120,22,40,1
5791,PA,17567,Chase_Rev,1189,04013163,4,0.4689,-0.76,97,71,4,1
5792,FL,33181,Discover,7556,01014852,1,0.1548,-1.87,126,87,53,2
5793,MN,56031,Associates,708,01016195,1,0.3146,-1.16,106,42,51,3
5794,MD,21012,Associates,5663,07012532,7,0.4755,-0.74,99,13,29,1
5795,NC,27627,Discover,7028,02014582,2,0.4420,-0.82,143,18,243,1
5796,CA,93657,Bank_Of_Am,606,09012077,9,0.5301,-0.63,123,96,76,6
5797,KY,41051,Wells,2876,01015617,1,0.9065,-0.1,120,54,22,4
5798,NY,14215,Discover,4975,07012546,7,0.6830,-0.38,90,60,14,6
5799,CA,94566,Bank_Of_Am,1214,01019282,1,0.7800,-0.25,125,4,18,1
5800,KY,42330,Chase_Rev,2458,04013290,4,0.0265,-3.63,116,32,12,3
5801,TN,38318,Discover,6318,07012423,7,0.1500,-1.9,84,52,65,2
5802,SC,29303,Discover,6240,10011723,10,0.9200,-0.08,98,84,8,2
5803,FL,32060,Associates,1556,01015847,1,0.6889,-0.37,134,20,67,20
5804,KY,40204,Discover,2431,04013063,4,0.7934,-0.23,138,73,33,1
5805,CA,92021,Wells,1288,02925570,2,0.2148,-1.54,100,94,78,14
5806,TX,78501,Discover,1087,08012286,8,0.2985,-1.21,135,90,39,2
5807,ME,04924,Associates,1464,02014399,2,0.8521,-0.16,128,68,90,1
5808,MD,20886,Bank_Of_Am,983,03013421,3,0.5022,-0.69,100,27,202,4
5809,GA,31717,Discover,3936,06012717,6,0.4172,-0.87,121,48,39,8
5810,MN,55413,Discover,1539,01019101,1,0.5915,-0.53,125,74,50,4
5811,CA,95111,Chase_Bony,1142,07012421,7,0.7006,-0.36,135,1,79,3
5812,PA,15219,Chase_Rev,2125,01017234,1,0.0810,-2.51,96,94,21,2
5813,NY,12945,Discover,3694,03013451,3,0.3758,-0.98,120,97,53,1
5814,IL,60005,Associates,1977,06012618,6,0.9619,-0.04,147,2,87,1
5815,NC,27105,Discover,5546,03013650,3,0.2275,-1.48,139,95,13,1
5816,MO,63049,Discover,2385,01016989,1,0.0699,-2.66,120,94,106,3
5817,NC,28518,Chase_Rev,1001,02014593,2,0.4884,-0.72,109,42,102,1
5818,GA,31146,Associates,2810,07012482,7,0.2366,-1.44,112,33,33,1
5819,CA,94546,Bank_Of_Am,9452,08921364,8,0.1523,-1.88,133,32,66,1
5820,GA,30736,Wells,3252,01015569,1,0.5807,-0.54,144,17,27,2
5821,FL,33319,Discover,6849,01016257,1,0.5691,-0.56,122,53,18,1
5822,FL,33322,Associates,3410,06012768,6,0.2351,-1.45,134,52,59,7
5823,PA,19440,Discover,1035,03013367,3,0.8475,-0.17,131,1,136,10
5824,AR,72450,Chase_Rev,1550,06012756,6,0.9496,-0.05,92,23,57,3
5825,TN,38569,Chase_Rev,3057,03013380,3,0.0730,-2.62,114,29,94,1
5826,GA,30228,Discover,5785,01016423,1,0.8338,-0.18,125,54,61,4
5827,MA,01225,Discover,1587,03013526,3,0.4231,-0.86,135,3,33,7
5828,CA,94552,Wells,1131,06012702,6,0.1997,-1.61,121,21,50,2
5829,CA,91343,Discover,1702,03013423,3,0.0437,-3.13,133,30,132,2
5830,TX,76903,Discover,4346,10011438,10,0.4559,-0.79,122,81,108,1
5831,MD,21223,Bank_Of_Am,6835,01018451,1,0.7485,-0.29,136,33,94,1
5832,NJ,08733,Chase_Rev,1979,02014013,2,0.8314,-0.18,133,7,83,1
5833,CA,92234,Wells,2074,05012825,5,0.2014,-1.6,124,45,58,4
5834,CA,94550,Wells,1278,06012607,6,0.4115,-0.89,119,45,193,4
5835,KY,40299,Associates,2998,02014434,2,0.5366,-0.62,130,32,76,10
5836,MA,02124,Associates,411,02014047,2,0.9945,-0.01,117,76,129,5
5837,IL,60013,Discover,2935,04013143,4,0.4459,-0.81,108,48,66,1
5838,FL,32148,Chase,4340,05012797,5,0.4036,-0.91,142,63,314,2
5839,CA,90048,Wells,5877,04013116,4,0.1402,-1.96,120,87,95,2
5840,FL,33161,Associates,1585,01015912,1,0.9449,-0.06,119,92,54,1
5841,FL,33401,Associates,382,02014477,2,0.8271,-0.19,90,51,99,1
5842,TX,75248,Discover,1745,09012041,9,0.5238,-0.65,111,80,72,5
5843,MO,63130,Associates,1683,03013663,3,0.2997,-1.2,112,64,308,1
5844,CA,94597,Associates,3960,01014903,1,0.9654,-0.04,93,50,191,3
5845,FL,33179,Discover,6221,08921576,8,0.8464,-0.17,110,2,213,1
5846,MI,48203,Bank_Of_Am,2851,03013374,3,0.9065,-0.1,138,59,24,1
5847,TX,77803,Discover,4380,01017714,1,0.5419,-0.61,77,47,115,1
5848,FL,32803,Bank_Of_Am,2634,01019482,1,0.3940,-0.93,114,63,32,1
5849,MS,39744,Discover,5702,10011374,10,0.8714,-0.14,141,49,5,2
5850,CA,93245,Wells,1738,07012359,7,0.7028,-0.35,145,77,40,3
5851,PA,15421,Chase_Rev,7075,07012394,7,0.3061,-1.18,69,79,66,2
5852,CA,94063,Associates,3801,01019304,1,0.6871,-0.38,98,19,35,1
5853,OK,73006,Discover,1783,02013881,2,0.7245,-0.32,116,67,77,1
5854,TX,76131,Discover,2128,10011656,10,0.9334,-0.07,134,8,81,2
5855,TN,37086,Chase_Rev,2473,04013199,4,0.5002,-0.69,109,18,115,1
5856,NM,87701,Associates,4233,10011592,10,0.8752,-0.13,113,74,86,5
5857,IN,46208,Discover,986,01015672,1,0.6281,-0.47,141,91,19,2
5858,IL,60103,Associates,5071,07012378,7,0.9225,-0.08,132,82,91,1
5859,TX,75234,Discover,3653,03013384,3,0.8921,-0.11,135,6,301,1
5860,MD,20743,Associates,4152,01016013,1,0.4202,-0.87,94,22,375,1
5861,CA,91737,Wells,1928,03013438,3,0.0325,-3.43,107,35,104,1
5862,NY,11520,Chase_Rev,6150,07012425,7,0.9228,-0.08,124,9,123,2
5863,WI,53403,Associates,4287,01015012,1,0.3166,-1.15,102,55,17,2
5864,GA,31220,Discover,2011,03013608,3,0.6427,-0.44,137,96,49,6
5865,AR,71923,Discover,1628,05012887,5,0.9666,-0.03,135,30,83,4
5866,NY,10473,Chase,2623,04013012,4,0.1091,-2.22,126,50,32,1
5867,CA,90670,Discover,2963,01014774,1,0.7515,-0.29,116,88,393,3
5868,MD,21220,Bank_Of_Am,7424,02013739,2,0.6256,-0.47,132,97,322,1
5869,ID,83642,Chase,4365,08012195,8,0.8103,-0.21,136,43,52,2
5870,TX,75503,Discover,1047,01019381,1,0.7159,-0.33,137,46,94,1
5871,NC,28677,Associates,883,02014453,2,0.4087,-0.89,122,91,169,4
5872,MO,64030,Associates,2568,01015153,1,0.2648,-1.33,132,27,51,2
5873,MS,39208,Discover,2393,06012766,6,0.0443,-3.12,132,85,243,1
5874,FL,32605,Discover,1490,08012186,8,0.4419,-0.82,113,49,42,4
5875,IN,46106,Chase,6442,08000000,8,0.1948,-1.64,142,13,70,6
5876,TX,79927,Discover,3341,01018515,1,0.6323,-0.46,122,7,120,4
5877,KY,41102,Discover,3467,02014080,2,0.1900,-1.66,129,78,110,4
5878,PA,19320,Chase,4195,02013816,2,0.1282,-2.05,121,2,296,1
5879,CA,94577,Discover,4847,01015909,1,0.1518,-1.89,144,79,58,1
5880,CA,95351,Wells,1753,05012831,5,0.1916,-1.65,135,84,47,1
5881,IL,60618,Discover,3046,04013200,4,0.5668,-0.57,130,38,60,1
5882,OH,44116,Discover,8291,09012082,9,0.2781,-1.28,110,16,99,11
5883,CA,90701,Wells,2006,02014723,2,0.6897,-0.37,109,52,19,1
5884,TX,78017,Discover,1579,09011944,9,0.7300,-0.31,122,28,98,1
5885,TX,77627,Discover,4430,01018783,1,0.8616,-0.15,136,96,100,2
5886,MD,21401,Discover,2321,01017384,1,0.4903,-0.71,147,28,140,1
5887,RI,02840,Chase,977,08000000,8,0.5313,-0.63,124,1,39,2
5888,WA,98124,Bank_Of_Am,321,07012538,7,0.4821,-0.73,129,48,33,6
5889,PA,15237,Chase_Rev,4098,05012948,5,0.9717,-0.03,122,22,99,5
5890,IL,60078,Chase,1113,03013323,3,0.3556,-1.03,135,84,32,2
5891,LA,70764,Chase,2670,03013420,3,0.8422,-0.17,105,15,105,2
5892,IL,60643,Bank_Of_Am,469,02014027,2,0.2486,-1.39,117,53,107,2
5893,FL,33611,Discover,1606,03013610,3,0.8311,-0.19,140,59,90,1
5894,OH,43201,Discover,1763,03013409,3,0.4655,-0.76,139,56,49,11
5895,CA,92314,Bank_Of_Am,5166,08012159,8,0.5588,-0.58,147,1,78,1
5896,CA,92021,Associates,1175,08000000,8,0.1754,-1.74,142,40,13,5
5897,IL,60639,Associates,3578,01016602,1,0.3844,-0.96,99,95,167,1
5898,CA,93405,Wells,3698,06012680,6,0.0701,-2.66,126,1,54,2
5899,MI,48224,Discover,1796,04013263,4,0.4720,-0.75,116,49,78,2
5900,PA,15213,Discover,2597,06012615,6,0.1688,-1.78,114,97,45,5
5901,MI,48166,Associates,6266,09011975,9,0.7384,-0.3,112,79,91,2
5902,NJ,08085,Discover,3093,05012967,5,0.1165,-2.15,133,38,85,2
5903,CA,90802,Wells,3014,03013517,3,0.6396,-0.45,127,54,35,6
5904,CA,93247,Bank_Of_Am,1325,04013285,4,0.3572,-1.03,130,46,11,1
5905,TX,76542,Discover,7056,02014513,2,0.3598,-1.02,107,97,95,1
5906,MI,48661,Wells,2307,01016068,1,0.6063,-0.5,135,89,40,1
5907,CA,95205,Bank_Of_Am,938,01019321,1,0.3378,-1.09,128,85,37,2
5908,AZ,85331,Bank_Of_Am,1249,07012509,7,0.0444,-3.11,130,78,65,1
5909,NY,11233,Wells,3287,01014814,1,0.8094,-0.21,101,84,73,1
5910,SC,29687,Chase,2584,04923517,4,0.7324,-0.31,113,71,17,1
5911,NE,68347,Bank_Of_Am,886,07012390,7,0.7001,-0.36,75,37,30,12
5912,MO,65202,Discover,5767,06012709,6,0.7134,-0.34,121,50,152,1
5913,AZ,85365,Discover,7310,10011734,10,0.6601,-0.42,128,51,77,12
5914,NY,11229,Associates,8370,09011966,9,0.8626,-0.15,123,3,115,2
5915,LA,70001,Discover,2186,06012640,6,0.6675,-0.4,148,88,10,2
5916,CA,91977,Wells,2015,05012909,5,0.9445,-0.06,103,98,8,2
5917,WA,98024,Bank_Of_Am,581,09011919,9,0.0501,-2.99,100,95,110,2
5918,NJ,07513,Chase_Rev,1742,03013546,3,0.4783,-0.74,133,31,46,2
5919,TX,75103,Discover,2125,09011969,9,0.9108,-0.09,106,30,66,7
5920,CA,90202,Bank_Of_Am,940,07012464,7,0.7358,-0.31,120,15,65,6
5921,CA,91001,Wells,1720,05012943,5,0.7208,-0.33,115,4,8,2
5922,GA,30281,Chase,3280,05012960,5,0.9671,-0.03,133,85,117,1
5923,CA,95122,Discover,4940,08000000,8,0.9994,0,128,49,3,2
5924,NC,27878,Associates,3017,02013783,2,0.6547,-0.42,135,59,28,1
5925,NY,14450,Discover,3650,01016712,1,0.7672,-0.27,119,73,40,1
5926,NV,89121,Wells,1659,07012374,7,0.6280,-0.47,141,85,177,1
5927,SC,29461,Wells,3139,03013446,3,0.8952,-0.11,140,8,82,6
5928,ND,58476,Discover,6706,10010182,10,0.0897,-2.41,102,15,143,8
5929,AZ,85019,Chase_Rev,4493,09012074,9,0.8408,-0.17,120,72,75,2
5930,CA,92679,Wells,4769,06012732,6,0.8033,-0.22,137,90,39,5
5931,ID,83401,Associates,1418,03013596,3,0.5410,-0.61,112,96,234,1
5932,CA,92646,Chase,3418,08012345,8,0.2881,-1.24,81,88,20,2
5933,MN,55810,Associates,1529,03923575,3,0.0490,-3.02,97,62,37,5
5934,CA,96130,Chase,2562,04013061,4,0.1515,-1.89,120,60,67,2
5935,MA,01702,Wells,3972,03013323,3,0.1579,-1.85,128,38,255,21
5936,CA,92109,Associates,4748,04013165,4,0.0561,-2.88,86,79,170,1
5937,CA,91606,Discover,1714,04013039,4,0.1304,-2.04,133,61,101,3
5938,TN,37814,Chase,2667,06012744,6,0.7032,-0.35,127,24,38,1
5939,NJ,07112,Bank_Of_Am,1354,02014423,2,0.1568,-1.85,110,65,19,7
5940,NY,12187,Discover,4395,01014954,1,0.7867,-0.24,126,77,38,3
5941,GA,30542,Discover,1698,03013591,3,0.2965,-1.22,113,31,47,3
5942,CA,93702,Wells,978,08012208,8,0.3582,-1.03,96,93,23,3
5943,TX,75048,Discover,1557,10011564,10,0.6757,-0.39,110,30,100,1
5944,NJ,07002,Bank_Of_Am,2100,01019227,1,0.0792,-2.54,141,79,9,7
5945,CA,92869,Wells,2317,01016536,1,0.7599,-0.27,103,62,20,1
5946,TN,37209,Discover,4347,01016073,1,0.0605,-2.81,126,40,38,5
5947,AR,71730,Associates,5417,02014531,2,0.6892,-0.37,124,66,86,1
5948,OK,74820,Discover,2474,01015332,1,0.8635,-0.15,133,13,34,1
5949,TN,37207,Associates,1783,03013438,3,0.8917,-0.11,116,47,86,1
5950,NY,11570,Associates,1647,08000000,8,0.3709,-0.99,138,78,129,1
5951,NM,87110,Discover,1602,05012968,5,0.2611,-1.34,134,61,116,2
5952,CA,92055,Bank_Of_Am,2334,01017460,1,0.9164,-0.09,117,1,45,8
5953,CA,90404,Wells,3657,05012929,5,0.6218,-0.48,119,71,18,1
5954,TX,75222,Wells,2524,10011358,10,0.3158,-1.15,98,67,27,5
5955,NC,28311,Associates,2046,01014920,1,0.2280,-1.48,146,21,176,2
5956,PA,18447,Discover,1457,05012936,5,0.7499,-0.29,120,1,68,12
5957,CA,92173,Wells,1184,02013719,2,0.7949,-0.23,123,39,13,3
5958,PA,17754,Discover,1785,01017252,1,0.1725,-1.76,143,70,56,2
5959,TX,77627,Bank_Of_Am,5676,01015735,1,0.4005,-0.92,139,36,130,1
5960,MI,48184,Discover,2258,01017068,1,0.7099,-0.34,123,35,296,6
5961,MO,63366,Discover,1621,08000000,8,0.3277,-1.12,130,54,51,4
5962,NY,10467,Bank_Of_Am,2457,01017442,1,0.7179,-0.33,102,62,114,3
5963,MI,49007,Discover,2971,08012330,8,0.4494,-0.8,100,76,47,2
5964,MA,02124,Wells,3961,01016754,1,0.8203,-0.2,139,8,128,3
5965,MA,02368,Chase,3134,03013318,3,0.6030,-0.51,131,41,81,2
5966,NY,14891,Discover,3824,01019413,1,0.3309,-1.11,110,72,47,1
5967,PA,19132,Chase_Rev,1762,03013366,3,0.3355,-1.09,136,83,39,1
5968,AZ,85746,Wells_FIB,4938,07012383,7,0.2205,-1.51,138,65,103,2
5969,CA,90018,Wells,2425,06012706,6,0.1760,-1.74,118,34,30,15
5970,TN,38106,Discover,1925,01019541,1,0.2838,-1.26,138,56,110,4
5971,CA,91764,Wells,3089,08012154,8,0.3571,-1.03,133,46,42,1
5972,IL,60901,Discover,7849,04013142,4,0.2208,-1.51,82,97,118,4
5973,CA,91911,Wells,2864,03013360,3,0.3453,-1.06,145,94,50,1
5974,AZ,85021,Wells,1172,08000000,8,0.3539,-1.04,145,19,66,1
5975,NY,14513,Discover,3219,03013447,3,0.4126,-0.89,77,94,176,2
5976,NV,89104,Bank_Of_Am,2204,09921183,9,0.4818,-0.73,119,12,17,2
5977,CA,92286,Associates,2798,04013224,4,0.7086,-0.34,121,5,84,1
5978,TN,38128,Discover,4557,06012667,6,0.0093,-4.68,135,72,50,10
5979,FL,33618,Discover,7987,09011959,9,0.0704,-2.65,140,78,145,2
5980,LA,70125,Associates,7589,01019263,1,0.4543,-0.79,106,82,75,1
5981,CA,93065,Wells,2252,04013067,4,0.2167,-1.53,129,60,24,1
5982,NC,28779,Associates,2113,03013545,3,0.0683,-2.68,128,56,47,13
5983,VT,05770,Chase,1226,07012551,7,0.6635,-0.41,137,66,10,3
5984,OH,43452,Chase,8779,09012109,9,0.8936,-0.11,92,13,74,1
5985,NJ,07065,Discover,2444,04013290,4,0.0659,-2.72,131,40,146,5
5986,CA,93230,Discover,3177,09012087,9,0.7551,-0.28,141,83,303,2
5987,KY,41572,Discover,1374,05012973,5,0.6517,-0.43,120,56,55,3
5988,FL,33181,Chase_Rev,2945,04013016,4,0.9328,-0.07,113,15,67,1
5989,PA,15613,Discover,3615,04013048,4,0.8393,-0.18,138,43,427,1
5990,NV,89108,Wells,1079,08000000,8,0.4517,-0.79,143,90,2,1
5991,NY,10468,Wells,2186,01015690,1,0.3829,-0.96,99,76,128,8
5992,CA,92336,Bank_Of_Am,607,08012220,8,0.5041,-0.68,125,33,30,2
5993,MN,55444,Discover,1752,01016720,1,0.1467,-1.92,134,57,68,2
5994,CA,90744,Wells,1407,01015631,1,0.9861,-0.01,124,82,108,2
5995,TX,76006,Bank_Of_Am,6078,10011141,10,0.6633,-0.41,125,81,34,4
5996,CA,93241,Discover,3696,04013029,4,0.1839,-1.69,112,47,46,3
5997,AZ,85206,Discover,6678,10011348,10,0.1822,-1.7,94,47,3,2
5998,NY,14619,Associates,853,08000000,8,0.8975,-0.11,146,8,5,1
5999,MI,48144,Discover,1321,01016105,1,0.1458,-1.93,114,35,57,4
6000,CA,92530,Wells,1153,02014603,2,0.3911,-0.94,100,99,96,2
6001,SC,29306,Wells,1432,01015594,1,0.5290,-0.64,119,12,132,2
6002,NY,12828,Associates,12466,02014232,2,0.3557,-1.03,102,14,129,4
6003,FL,34743,Discover,3348,07012444,7,0.3072,-1.18,139,34,37,2
6004,CA,95131,Wells,1272,06012679,6,0.2523,-1.38,108,89,68,3
6005,WA,98466,Bank_Of_Am,8949,10011702,10,0.2863,-1.25,90,60,136,2
6006,NC,27514,Chase_Rev,717,02014709,2,0.6563,-0.42,128,32,29,2
6007,TX,75418,Discover,1663,05012802,5,0.4144,-0.88,114,65,55,14
6008,CO,80906,Wells,1783,03013405,3,0.8693,-0.14,117,7,82,3
6009,OR,97701,Wells,1323,01016709,1,0.4374,-0.83,105,52,12,1
6010,OR,97213,Wells,1289,03013373,3,0.9668,-0.03,111,39,193,4
6011,CA,92503,Discover,5301,01014983,1,0.5554,-0.59,138,38,50,4
6012,CA,95691,Wells,2004,04013141,4,0.3787,-0.97,141,91,220,10
6013,CA,92646,Wells,811,08012160,8,0.2388,-1.43,121,75,1,1
6014,KS,66215,Chase_Rev,1601,02014030,2,0.7393,-0.3,132,18,65,4
6015,NY,11691,Discover,9045,01015744,1,0.3703,-0.99,139,4,44,3
6016,CA,92503,Chase,1080,06012592,6,0.8894,-0.12,125,60,65,1
6017,NJ,07105,Discover,1141,06012720,6,0.8073,-0.21,115,25,98,7
6018,NY,10021,Discover,5849,08000000,8,0.2616,-1.34,145,88,4,1
6019,IL,60115,Discover,1680,03013529,3,0.2437,-1.41,125,28,146,7
6020,PA,15043,Discover,6185,03013603,3,0.5419,-0.61,110,23,41,1
6021,OR,97401,Bank_Of_Am,2927,01015480,1,0.2987,-1.21,104,24,139,1
6022,CA,95608,Wells,8137,01018854,1,0.1098,-2.21,116,17,57,8
6023,NJ,08021,Discover,6030,08012351,8,0.4133,-0.88,114,37,82,4
6024,AR,72730,Bank_Of_Am,4053,01019301,1,0.7676,-0.26,132,8,6,2
6025,NY,11102,Discover,2996,04013177,4,0.7940,-0.23,126,59,35,1
6026,AZ,85548,Associates,1271,10011717,10,0.5767,-0.55,103,34,240,1
6027,CA,95205,Bank_Of_Am,460,08012297,8,0.2111,-1.56,134,30,23,4
6028,NC,27105,Discover,771,02014713,2,0.5581,-0.58,133,64,199,2
6029,AL,35209,Discover,2746,04013185,4,0.8959,-0.11,136,2,40,7
6030,NJ,07506,Chase,612,02013726,2,0.7844,-0.24,135,79,14,1
6031,FL,33166,Discover,8489,01015820,1,0.1793,-1.72,98,49,190,2
6032,GA,30038,Chase,4072,06012688,6,0.7982,-0.23,142,43,568,5
6033,WI,53545,Chase,2192,07012484,7,0.2588,-1.35,132,12,52,1
6034,CA,93304,Wells,1059,08000000,8,0.8355,-0.18,99,79,104,1
6035,NE,68507,Bank_Of_Am,8148,02013787,2,0.9688,-0.03,131,14,48,1
6036,FL,32750,Associates,2012,01019555,1,0.1396,-1.97,96,42,349,3
6037,FL,32708,Discover,1514,04013144,4,0.0749,-2.59,121,12,130,2
6038,CA,96001,Associates,4450,02014563,2,0.1695,-1.77,108,38,77,1
6039,IL,60013,Chase,3812,05012986,5,0.1255,-2.08,83,93,34,3
6040,PA,15074,Chase_Rev,2788,04013085,4,0.2182,-1.52,118,73,44,1
6041,MD,21234,Wells,4255,01019408,1,0.1258,-2.07,87,68,37,5
6042,IL,60615,Chase_Rev,1123,02013767,2,0.5864,-0.53,126,34,51,3
6043,TN,37388,Chase_Rev,1832,03013553,3,0.0064,-5.04,131,86,177,1
6044,MI,48307,Associates,8611,05012899,5,0.6794,-0.39,144,18,61,15
6045,CA,95035,Bank_Of_Am,507,02014326,2,0.9490,-0.05,100,87,265,2
6046,CA,92626,Bank_Of_Am,384,05012970,5,0.3912,-0.94,85,67,43,2
6047,CA,94117,Wells,488,04013078,4,0.3004,-1.2,127,45,28,2
6048,TX,77226,Wells_FIB,8224,02014306,2,0.9661,-0.03,129,79,55,1
6049,OH,45335,Discover,5935,07012463,7,0.2783,-1.28,125,58,7,2
6050,TX,78403,Associates,6022,07012495,7,0.8273,-0.19,131,59,24,2
6051,CA,94589,Wells,13747,02014507,2,0.5939,-0.52,124,50,66,1
6052,CA,90291,Wells,1066,03013650,3,0.5678,-0.57,102,75,36,6
6053,OH,44882,Associates,1044,08000000,8,0.9269,-0.08,108,63,120,1
6054,CO,80239,Associates,1197,04013032,4,0.4950,-0.7,126,79,109,9
6055,CA,94501,Discover,8114,01018516,1,0.5296,-0.64,99,87,74,2
6056,IA,51002,Associates,1124,08000000,8,0.9816,-0.02,144,23,34,3
6057,CA,90701,Bank_Of_Am,3467,01015771,1,0.0693,-2.67,104,93,86,5
6058,CA,91340,Bank_Of_Am,2349,04013186,4,0.2806,-1.27,96,90,169,2
6059,CA,93534,Associates,3486,10011779,10,0.3024,-1.2,118,67,77,13
6060,NY,10926,Associates,1251,05012963,5,0.8888,-0.12,119,59,240,1
6061,TX,75119,Discover,2186,10011837,10,0.5140,-0.67,119,69,121,1
6062,CA,95762,Wells,2281,01016651,1,0.8968,-0.11,124,89,65,3
6063,OR,97423,Bank_Of_Am,361,02013771,2,0.4445,-0.81,144,47,2,1
6064,MO,64118,Associates,4839,01016417,1,0.7574,-0.28,110,11,55,3
6065,TX,79072,Associates,2127,10011799,10,0.4444,-0.81,110,80,36,1
6066,MI,48111,Associates,1437,09012137,9,0.8213,-0.2,115,16,59,2
6067,CA,92505,Wells,3008,01016359,1,0.0206,-3.88,109,86,324,1
6068,MO,63873,Bank_Of_Am,3938,06012759,6,0.1718,-1.76,118,27,49,11
6069,TX,77546,Discover,7013,10011238,10,0.9461,-0.06,94,87,36,1
6070,FL,32922,Discover,3355,06922309,6,0.7312,-0.31,118,65,97,1
6071,OH,43078,Chase,2304,02014319,2,0.6270,-0.47,131,82,8,1
6072,MI,48843,Bank_Of_Am,3314,03013387,3,0.4767,-0.74,122,4,126,2
6073,FL,32818,Chase,1615,02014007,2,0.6152,-0.49,146,8,24,1
6074,TX,76016,Associates,6168,10011206,10,0.8132,-0.21,94,63,72,1
6075,AL,36619,Chase_Rev,2188,03013370,3,0.6306,-0.46,133,88,65,1
6076,CA,91750,Bank_Of_Am,3216,06012759,6,0.0756,-2.58,99,72,43,1
6077,TX,78238,Wells_FIB,9833,10010997,10,0.3284,-1.11,146,83,85,15
6078,OR,97305,Wells,372,02013788,2,0.9559,-0.05,116,99,53,3
6079,CA,92661,Bank_Of_Am,1007,04013047,4,0.4175,-0.87,140,54,104,1
6080,FL,32794,Associates,3937,09012086,9,0.1206,-2.12,111,25,128,5
6081,TX,78028,Discover,3562,06012745,6,0.4075,-0.9,126,30,182,2
6082,CA,93309,Wells,1198,04013142,4,0.1413,-1.96,111,92,147,3
6083,CA,93534,Associates,2053,05012891,5,0.5186,-0.66,134,43,21,4
6084,NY,12474,Bank_Of_Am,11579,09011986,9,0.7374,-0.3,109,91,4,3
6085,CA,92801,Wells,3952,07012494,7,0.0104,-4.56,136,40,206,1
6086,PA,15212,Discover,4112,05012784,5,0.1484,-1.91,113,75,51,1
6087,NC,28328,Discover,5705,01015700,1,0.2257,-1.49,114,52,155,1
6088,CA,92392,Associates,1905,02014713,2,0.2840,-1.26,96,94,57,1
6089,KY,41539,Discover,4002,02013871,2,0.6522,-0.43,118,5,32,1
6090,FL,33870,Chase,2105,04013211,4,0.4062,-0.9,126,51,27,7
6091,IN,46032,Chase,1419,04013029,4,0.7797,-0.25,121,50,26,2
6092,WA,98236,Discover,2353,01015490,1,0.5533,-0.59,105,25,38,1
6093,OH,45427,Associates,2547,04013026,4,0.8842,-0.12,106,72,50,1
6094,CA,94560,Chase,7789,04013153,4,0.2069,-1.58,106,54,108,5
6095,MI,48334,Discover,5985,06012735,6,0.3229,-1.13,112,60,64,3
6096,TN,38478,Associates,2418,05012807,5,0.3789,-0.97,137,59,56,1
6097,LA,71222,Associates,1179,04013076,4,0.2593,-1.35,130,11,213,1
6098,CA,91740,Bank_Of_Am,1059,01019411,1,0.9509,-0.05,135,60,25,1
6099,CA,92410,Discover,6289,07921931,7,0.3712,-0.99,128,1,31,17
6100,CA,95616,Wells,1480,03013374,3,0.3440,-1.07,95,67,33,9
6101,AZ,85706,Wells,1284,07012541,7,0.6545,-0.42,134,5,253,6
6102,CA,92020,Discover,2090,01016883,1,0.8634,-0.15,133,24,169,6
6103,NC,28103,Discover,1380,01016476,1,0.4985,-0.7,112,39,69,3
6104,NY,13210,Discover,811,04013228,4,0.8204,-0.2,129,53,4,1
6105,SC,29575,Discover,5718,01015136,1,0.6027,-0.51,145,43,31,1
6106,GA,30340,Discover,4210,08921613,8,0.1851,-1.69,134,72,19,6
6107,CA,93041,Wells,3430,02014357,2,0.6331,-0.46,130,50,38,10
6108,TX,75040,Discover,2676,04013061,4,0.1243,-2.09,119,97,167,1
6109,FL,33405,Chase,2143,04013186,4,0.2500,-1.39,129,6,296,2
6110,WA,98144,Associates,3344,02014316,2,0.4682,-0.76,124,48,8,1
6111,MI,48706,Discover,2911,04013144,4,0.8233,-0.19,102,96,73,2
6112,FL,33143,Associates,393,04013257,4,0.7839,-0.24,125,1,57,8
6113,CA,95691,Wells,4915,08012145,8,0.7636,-0.27,120,70,99,3
6114,MS,39466,Discover,7707,03924054,3,0.1260,-2.07,88,72,118,9
6115,CA,91702,Wells,2293,01016057,1,0.4049,-0.9,132,43,40,3
6116,WI,54405,Chase,1371,06012740,6,0.2727,-1.3,124,82,53,1
6117,CA,92263,Bank_Of_Am,7522,10011405,10,0.9815,-0.02,104,80,41,1
6118,SC,29801,Associates,2943,09012007,9,0.9150,-0.09,147,87,92,11
6119,PA,19082,Discover,2524,07012542,7,0.5984,-0.51,80,38,13,1
6120,IL,62704,Associates,5153,01015313,1,0.3275,-1.12,116,86,160,1
6121,AR,72203,Wells,4394,08012281,8,0.7033,-0.35,120,1,42,10
6122,CA,94605,Wells,2077,08012231,8,0.8083,-0.21,111,93,8,3
6123,NE,68521,Discover,1385,04013165,4,0.9013,-0.1,134,51,82,2
6124,CA,90260,Bank_Of_Am,2018,07012356,7,0.9624,-0.04,109,47,11,1
6125,CA,92108,Associates,704,02014370,2,0.4255,-0.85,119,56,103,3
6126,NY,11207,Wells,2532,01015760,1,0.2741,-1.29,131,42,30,1
6127,CA,90024,Wells,1306,07012526,7,0.0968,-2.34,118,44,55,5
6128,CA,93401,Bank_Of_Am,1577,08012278,8,0.1551,-1.86,113,61,10,1
6129,LA,70874,Chase,1694,02013746,2,0.4587,-0.78,113,83,73,4
6130,AL,35206,Discover,2754,06012717,6,0.9169,-0.09,98,22,13,1
6131,TN,37660,Associates,1793,04013235,4,0.6264,-0.47,95,67,49,2
6132,CO,80468,Chase,3674,05012974,5,0.0830,-2.49,138,9,37,2
6133,CA,91932,Wells_FIB,929,07012387,7,0.8532,-0.16,95,26,1,1
6134,TX,77868,Associates,257,10011197,10,0.9819,-0.02,115,40,13,6
6135,NV,89024,Wells,1262,10011712,10,0.9217,-0.08,129,5,122,25
6136,MO,63016,Associates,3977,06012643,6,0.9748,-0.03,120,7,85,2
6137,TX,78886,Chase,4679,10011363,10,0.5631,-0.57,108,1,59,2
6138,AZ,85021,Wells,1193,01015437,1,0.3661,-1,97,69,135,3
6139,TN,37861,Associates,1718,03013485,3,0.9388,-0.06,121,40,40,3
6140,FL,32324,Chase,2303,03013346,3,0.3146,-1.16,99,15,148,1
6141,CA,91342,Associates,2960,02013921,2,0.4167,-0.88,148,14,106,3
6142,WA,98837,Discover,2642,09011907,9,0.9969,0,120,55,3,2
6143,CA,90746,Bank_Of_Am,6837,01015628,1,0.1608,-1.83,97,34,75,4
6144,AK,99502,Associates,1683,08000000,8,0.8288,-0.19,131,5,140,1
6145,MI,48228,Associates,2217,04013101,4,0.6203,-0.48,131,46,99,1
6146,AZ,85234,Discover,1520,05012781,5,0.2871,-1.25,117,37,25,4
6147,LA,70546,Discover,2722,08000000,8,0.6814,-0.38,117,28,189,2
6148,FL,33193,Associates,1807,03013489,3,0.4561,-0.79,144,70,48,1
6149,LA,71111,Wells_FIB,2367,03013456,3,0.0005,-7.52,129,15,27,3
6150,MD,20625,Bank_Of_Am,1778,03013312,3,0.2734,-1.3,139,16,182,2
6151,FL,32822,Associates,533,02014044,2,0.8952,-0.11,136,7,38,2
6152,MI,49849,Discover,3403,05012879,5,0.0505,-2.99,141,16,131,2
6153,AZ,85737,Chase,7176,07012550,7,0.3599,-1.02,121,16,138,3
6154,NY,11370,Associates,1844,03013396,3,0.8818,-0.13,122,99,141,2
6155,NV,89108,Chase_Bony,7652,10011394,10,0.3033,-1.19,144,51,65,1
6156,OH,43056,Discover,3194,01017937,1,0.6716,-0.4,141,59,107,1
6157,MI,48603,Discover,3671,01016184,1,0.8678,-0.14,128,66,1,1
6158,MI,48234,Discover,3796,04013100,4,0.6380,-0.45,120,83,49,7
6159,CA,94602,Chase,2705,04013099,4,0.1442,-1.94,129,69,50,4
6160,NM,88240,Bank_Of_Am,2822,02014431,2,0.5650,-0.57,118,52,2,2
6161,NY,12205,Chase,6061,07012544,7,0.3120,-1.16,121,6,26,1
6162,MI,48420,Associates,3100,06012760,6,0.2136,-1.54,140,48,97,2
6163,CA,95062,Discover,1659,03013346,3,0.3389,-1.08,147,53,53,1
6164,NY,13148,Associates,2641,01019606,1,0.6527,-0.43,116,91,164,2
6165,CA,92117,Chase,9488,10011725,10,0.2491,-1.39,145,34,69,1
6166,CA,91426,Wells,2298,01015507,1,0.5147,-0.66,127,27,6,2
6167,CO,80222,Chase,3909,03013321,3,0.6185,-0.48,102,77,80,1
6168,MA,02124,Discover,4414,06012751,6,0.5515,-0.6,94,23,32,3
6169,NY,12528,Discover,2789,06012618,6,0.9891,-0.01,111,35,82,4
6170,NY,11704,Associates,1510,03013675,3,0.8378,-0.18,107,16,13,5
6171,TX,78239,Discover,2008,02013717,2,0.4301,-0.84,89,35,90,2
6172,CT,06066,Discover,3101,04013208,4,0.2840,-1.26,141,90,126,2
6173,CA,94587,Bank_Of_Am,2063,01014896,1,0.1528,-1.88,120,86,41,2
6174,AL,36749,Chase,7247,05012968,5,0.3004,-1.2,109,61,69,1
6175,VA,22042,Chase_Rev,5317,06012639,6,0.1768,-1.73,89,85,19,1
6176,WA,98625,Bank_Of_Am,13978,05922642,5,0.1058,-2.25,124,9,121,4
6177,TN,38563,Discover,2049,03013631,3,0.7010,-0.36,89,46,87,1
6178,MD,21222,Bank_Of_Am,4205,06012639,6,0.9117,-0.09,145,67,148,8
6179,MO,65679,Chase_Rev,1979,04923368,4,0.7968,-0.23,122,46,90,1
6180,PA,17754,Chase_Bony,1551,03013497,3,0.8106,-0.21,124,4,36,1
6181,NC,28715,Discover,2767,02014122,2,0.9318,-0.07,138,46,95,4
6182,TX,79936,Discover,2439,10011655,10,0.9624,-0.04,135,46,222,1
6183,AZ,85202,Associates,2653,09011904,9,0.6800,-0.39,128,65,123,1
6184,MO,63901,Associates,5444,06012624,6,0.7452,-0.29,111,52,80,3
6185,SC,29582,Bank_Of_Am,2052,03013508,3,0.9254,-0.08,106,66,49,5
6186,LA,70094,Chase,1993,04013272,4,0.2798,-1.27,110,46,57,3
6187,OH,44130,Discover,5736,08012269,8,0.0887,-2.42,123,1,46,18
6188,CA,91505,Discover,3558,02014051,2,0.6250,-0.47,142,42,40,5
6189,NC,28412,Discover,1476,03013661,3,0.9680,-0.03,75,52,23,10
6190,NY,11226,Chase_Rev,5046,06012575,6,0.8102,-0.21,138,5,77,3
6191,PA,19132,Bank_Of_Am,2591,01016454,1,0.2304,-1.47,113,82,93,19
6192,AZ,85308,Wells,768,03013427,3,0.3685,-1,120,17,225,4
6193,CA,94027,Discover,2583,05012778,5,0.8257,-0.19,131,41,12,1
6194,AL,36618,Chase,2524,04013065,4,0.6675,-0.4,135,25,35,10
6195,MO,65559,Chase,901,04013222,4,0.4738,-0.75,115,11,7,1
6196,LA,71037,Associates,4249,01018969,1,0.0893,-2.42,80,69,32,12
6197,CA,91350,Bank_Of_Am,2453,04013011,4,0.1391,-1.97,92,10,89,1
6198,TX,75407,Associates,2951,10011313,10,0.2758,-1.29,73,42,143,4
6199,NY,12550,Discover,1575,03013663,3,0.7641,-0.27,130,96,79,1
6200,KS,67901,Chase,3937,04013240,4,0.4338,-0.84,119,25,21,1
6201,VA,23601,Associates,542,05922869,5,0.0839,-2.48,122,9,116,2
6202,AZ,86303,Wells,1260,07012451,7,0.6162,-0.48,106,84,75,3
6203,NY,14624,Discover,8145,09012076,9,0.0723,-2.63,110,85,216,4
6204,MI,48212,Wells,2935,02014080,2,0.2483,-1.39,139,95,86,3
6205,GA,30315,Wells,1969,02924461,2,0.9197,-0.08,131,23,35,6
6206,CA,95123,Wells,1245,03013344,3,0.5858,-0.53,131,16,34,3
6207,NV,89120,Wells,1341,09011903,9,0.2341,-1.45,132,76,534,2
6208,VA,23518,Discover,2510,07012496,7,0.7658,-0.27,139,85,11,2
6209,FL,33134,Bank_Of_Am,299,03013510,3,0.4568,-0.78,84,55,18,2
6210,TX,77342,Bank_Of_Am,4583,01015784,1,0.2390,-1.43,141,87,8,1
6211,ME,04092,Associates,1389,06012667,6,0.5507,-0.6,139,23,97,4
6212,LA,70119,Chase,1779,03013478,3,0.8278,-0.19,133,9,70,4
6213,CA,91944,Wells,1538,03013313,3,0.1118,-2.19,138,6,65,1
6214,KS,66801,Discover,1112,06012580,6,0.2095,-1.56,123,65,6,2
6215,LA,70401,Bank_Of_Am,3251,01019448,1,0.3186,-1.14,100,34,61,1
6216,GA,30115,Discover,3427,05012902,5,0.1824,-1.7,145,54,104,1
6217,PA,19146,Bank_Of_Am,8939,01015848,1,0.5743,-0.55,84,63,10,4
6218,CA,94107,Wells,1588,02014171,2,0.5535,-0.59,82,23,74,3
6219,TX,78523,Associates,1313,10011673,10,0.8131,-0.21,147,76,87,3
6220,TX,78226,Bank_Of_Am,1443,07012462,7,0.8271,-0.19,122,71,12,2
6221,GA,31313,Discover,1772,03013471,3,0.7197,-0.33,115,29,36,2
6222,AZ,86323,Associates,3824,01019035,1,0.1756,-1.74,144,34,482,2
6223,NY,14610,Discover,6157,07012488,7,0.9007,-0.1,106,72,93,4
6224,AL,36108,Discover,3241,03013623,3,0.4387,-0.82,100,67,62,3
6225,MT,59718,Associates,2239,08012268,8,0.9219,-0.08,102,39,13,2
6226,CA,91106,Associates,7585,08012152,8,0.0835,-2.48,105,69,80,2
6227,PA,19143,Discover,4162,01019364,1,0.8710,-0.14,141,75,38,2
6228,IL,60126,Discover,5625,01016541,1,0.1249,-2.08,139,66,153,3
6229,FL,32839,Discover,2261,02014607,2,0.6849,-0.38,105,73,54,7
6230,CA,92844,Discover,3859,06922236,6,0.9660,-0.03,125,34,67,7
6231,CA,92804,Wells,6966,09011981,9,0.2714,-1.3,142,76,36,4
6232,NJ,07040,Wells,3465,01014967,1,0.9215,-0.08,127,10,25,7
6233,TX,78207,Associates,1065,09011885,9,0.6634,-0.41,130,70,4,2
6234,CA,92806,Wells,662,05012845,5,0.6259,-0.47,111,81,1,1
6235,LA,71497,Discover,1566,03013525,3,0.9669,-0.03,136,32,110,2
6236,MO,63852,Associates,9523,01015936,1,0.5183,-0.66,107,45,8,3
6237,CA,93256,Wells,998,05012800,5,0.9478,-0.05,126,57,114,7
6238,CA,95825,Chase,2910,04013158,4,0.2665,-1.32,118,96,30,1
6239,CA,90222,Wells,4679,08012250,8,0.1568,-1.85,120,87,10,2
6240,FL,32605,Bank_Of_Am,8253,03013467,3,0.3576,-1.03,128,56,172,1
6241,TX,78250,Discover,5020,10011438,10,0.1301,-2.04,133,10,15,1
6242,CA,95963,Bank_Of_Am,465,09012117,9,0.2124,-1.55,144,30,10,4
6243,MI,48195,Discover,2663,03013522,3,0.8278,-0.19,128,73,29,1
6244,AZ,85324,Discover,3906,09012110,9,0.8330,-0.18,96,64,276,5
6245,CA,95832,Wells,3919,06012666,6,0.8866,-0.12,114,50,10,2
6246,IA,52206,Discover,3447,01015996,1,0.4085,-0.9,112,51,72,8
6247,CA,95368,Bank_Of_Am,1977,04013110,4,0.0373,-3.29,125,16,37,2
6248,LA,70607,Associates,3063,01015410,1,0.7232,-0.32,92,98,113,2
6249,KY,42503,Wells,4239,06012646,6,0.6994,-0.36,113,95,39,2
6250,NY,11212,Chase_Rev,1537,03013630,3,0.1399,-1.97,131,15,37,4
6251,TX,76020,Discover,3202,04013067,4,0.4078,-0.9,116,34,95,3
6252,MA,01821,Associates,2735,04013119,4,0.9452,-0.06,93,91,84,2
6253,PA,19126,Associates,1557,04013141,4,0.2410,-1.42,140,10,35,2
6254,FL,33165,Wells,3185,01015333,1,0.8674,-0.14,128,65,248,4
6255,CA,93535,Associates,238,01019461,1,0.5798,-0.55,107,12,81,1
6256,CA,95366,Wells,1877,02013997,2,0.0163,-4.12,140,56,9,6
6257,WA,98368,Bank_Of_Am,1855,05012846,5,0.7557,-0.28,132,41,87,8
6258,CA,91801,Wells_FIB,2439,01014799,1,0.1414,-1.96,123,63,162,1
6259,NC,27565,Bank_Of_Am,7148,03013635,3,0.6910,-0.37,97,71,56,5
6260,NV,89523,Wells,1167,09011905,9,0.9389,-0.06,131,92,43,6
6261,MD,21660,Chase_Rev,1972,05012907,5,0.5728,-0.56,98,52,93,1
6262,CA,92620,Bank_Of_Am,5130,05012914,5,0.2524,-1.38,143,78,70,1
6263,TX,77056,Discover,981,08012348,8,0.3285,-1.11,125,25,49,1
6264,OH,44264,Discover,2791,06012622,6,0.7407,-0.3,96,39,4,1
6265,FL,32207,Bank_Of_Am,6359,01018086,1,0.6188,-0.48,111,83,31,4
6266,MS,39341,Discover,1892,07012498,7,0.8723,-0.14,111,99,55,2
6267,CO,80203,Associates,2642,06012639,6,0.7117,-0.34,141,44,47,4
6268,TX,75001,Discover,2721,10011706,10,0.8768,-0.13,81,49,37,1
6269,CA,92270,Bank_Of_Am,9529,01015119,1,0.5546,-0.59,112,53,8,1
6270,CA,92301,Bank_Of_Am,1456,10011851,10,0.0013,-6.64,142,46,20,2
6271,CA,95617,Wells,10485,10011754,10,0.7888,-0.24,107,62,5,1
6272,MA,02155,Discover,3970,03013323,3,0.1599,-1.83,133,66,15,7
6273,CA,90061,Associates,4292,08012177,8,0.2771,-1.28,141,63,139,2
6274,CA,94804,Wells,2225,02924700,2,0.3833,-0.96,141,57,255,4
6275,NY,12205,Chase,3847,06012769,6,0.3377,-1.09,148,84,9,2
6276,TX,76903,Discover,1104,08012353,8,0.7769,-0.25,126,39,81,3
6277,AZ,85258,Bank_Of_Am,956,04013069,4,0.1204,-2.12,93,94,181,5
6278,TX,76310,Discover,8114,10011054,10,0.5283,-0.64,142,89,102,1
6279,NM,87112,Discover,7164,10011569,10,0.8850,-0.12,145,17,19,6
6280,WA,98168,Bank_Of_Am,819,06012662,6,0.5720,-0.56,121,99,55,1
6281,CA,95127,Wells,2109,05012864,5,0.1977,-1.62,126,87,265,2
6282,CA,90036,Bank_Of_Am,8879,10011474,10,0.5677,-0.57,129,9,1,1
6283,CA,92260,Wells,10626,10011712,10,0.0665,-2.71,113,22,13,5
6284,NY,11203,Chase,3906,08000000,8,0.9220,-0.08,142,60,196,13
6285,LA,71040,Wells,5734,05012807,5,0.0588,-2.83,139,41,86,2
6286,FL,32244,Associates,2568,04013108,4,0.1708,-1.77,99,24,125,2
6287,MA,02122,Associates,3028,01016856,1,0.7395,-0.3,127,48,62,13
6288,CA,92507,Bank_Of_Am,803,04923105,4,0.3093,-1.17,128,24,61,4
6289,PA,15206,Discover,2123,05012925,5,0.1406,-1.96,130,29,36,3
6290,KY,41224,Wells,2379,03013337,3,0.6797,-0.39,140,44,125,2
6291,KY,40219,Chase_Bony,3919,06012754,6,0.2108,-1.56,106,44,57,1
6292,NY,11208,Discover,1912,01014989,1,0.8700,-0.14,135,83,84,1
6293,CA,95901,Bank_Of_Am,1929,03013321,3,0.3238,-1.13,111,26,5,3
6294,WI,53210,Discover,4228,01019084,1,0.3625,-1.01,118,22,74,2
6295,TX,77099,Chase,3026,10011537,10,0.9699,-0.03,134,42,113,2
6296,TX,79925,Wells,2547,09012046,9,0.3659,-1.01,106,79,39,2
6297,CA,95037,Wells,8748,09011982,9,0.3792,-0.97,82,84,22,7
6298,TX,79839,Associates,2957,02013862,2,0.0651,-2.73,131,8,96,1
6299,GA,31903,Discover,7967,04923100,4,0.2590,-1.35,111,39,135,8
6300,NY,10701,Chase_Bony,1222,05012962,5,0.6354,-0.45,129,14,11,1
6301,CO,80021,Discover,10169,09920908,9,0.0447,-3.11,120,32,27,8
6302,NC,28412,Discover,1495,02013731,2,0.1608,-1.83,134,67,59,2
6303,NC,27405,Discover,1909,01018287,1,0.6053,-0.5,116,23,167,2
6304,CT,06010,Chase_Rev,548,02013689,2,0.6904,-0.37,117,36,132,1
6305,FL,33470,Discover,5418,06012655,6,0.9992,0,113,10,33,2
6306,TX,78041,Discover,4920,06012699,6,0.1279,-2.06,121,51,63,2
6307,CA,90621,Wells,1684,01015434,1,0.4050,-0.9,89,65,50,3
6308,AZ,85283,Wells_FIB,2204,01926884,1,0.6029,-0.51,138,16,572,2
6309,FL,32578,Associates,4370,01018491,1,0.9135,-0.09,107,69,109,1
6310,FL,33050,Discover,11056,09011935,9,0.9496,-0.05,114,23,37,1
6311,TX,77088,Wells,1098,01019315,1,0.6153,-0.49,105,24,64,1
6312,MN,55106,Discover,3836,07012541,7,0.5599,-0.58,109,10,133,2
6313,TX,75181,Wells,5769,02014445,2,0.6941,-0.37,143,51,28,3
6314,WV,25670,Associates,869,06012683,6,0.2517,-1.38,102,30,13,3
6315,OH,44691,Associates,6620,08012200,8,0.0703,-2.65,109,91,80,1
6316,TX,78729,Chase_Rev,9756,10011113,10,0.1695,-1.77,94,81,10,1
6317,NY,11694,Wells,4462,01016742,1,0.8415,-0.17,135,6,138,3
6318,VA,24354,Bank_Of_Am,1515,04013145,4,0.3380,-1.08,103,61,74,1
6319,AZ,85211,Discover,8610,10011603,10,0.0503,-2.99,139,33,100,5
6320,OH,43506,Associates,3743,06012724,6,0.6894,-0.37,84,77,9,1
6321,IL,61820,Associates,4672,06012628,6,0.2026,-1.6,128,23,49,1
6322,NY,11232,Associates,8104,01015465,1,0.7372,-0.3,98,37,103,6
6323,OH,43314,Chase,3075,02013846,2,0.8371,-0.18,147,67,48,1
6324,KS,66083,Associates,2961,06012669,6,0.1494,-1.9,124,50,36,1
6325,FL,32754,Discover,4119,05922880,5,0.1585,-1.84,122,38,15,2
6326,MO,65663,Associates,2998,01016839,1,0.6683,-0.4,134,26,90,2
6327,TX,78218,Discover,1961,03013473,3,0.8917,-0.11,111,45,87,1
6328,VA,22802,Discover,1300,08000000,8,0.5400,-0.62,100,26,53,3
6329,TX,75040,Associates,4754,10011018,10,0.1247,-2.08,141,45,24,3
6330,IL,61482,Wells,2631,01015824,1,0.3690,-1,137,68,33,5
6331,FL,34667,Discover,4055,04013278,4,0.4001,-0.92,119,96,40,1
6332,FL,32209,Bank_Of_Am,5313,01017603,1,0.1458,-1.93,141,44,40,15
6333,CA,90066,Wells,4026,05012886,5,0.8866,-0.12,138,27,9,5
6334,FL,32401,Wells,7991,08012200,8,0.8808,-0.13,138,78,17,9
6335,MD,21742,Discover,5989,07012375,7,0.6824,-0.38,115,69,5,4
6336,OH,45212,Discover,2020,05012895,5,0.1690,-1.78,133,25,99,2
6337,KY,40503,Discover,1454,04013151,4,0.3145,-1.16,129,22,102,1
6338,TX,77338,Associates,2107,10011474,10,0.3300,-1.11,134,33,110,2
6339,TX,75007,Discover,4114,07012355,7,0.1027,-2.28,145,90,85,3
6340,TX,75093,Wells,1174,01019243,1,0.4965,-0.7,100,95,58,1
6341,NC,27713,Chase,3398,02013966,2,0.7048,-0.35,102,26,45,16
6342,ME,04240,Bank_Of_Am,1499,05012873,5,0.8074,-0.21,87,9,12,3
6343,MD,20904,Associates,5286,07012527,7,0.5452,-0.61,118,2,34,2
6344,TX,76106,Discover,7452,10920548,10,0.6786,-0.39,116,66,73,13
6345,NM,88045,Associates,2637,10011799,10,0.9037,-0.1,146,44,9,3
6346,CA,91910,Wells,2759,01015255,1,0.8552,-0.16,122,30,47,1
6347,IL,61108,Associates,2866,05012864,5,0.3340,-1.1,91,56,17,8
6348,TX,79316,Associates,1911,10011723,10,0.7980,-0.23,130,65,1,1
6349,MN,55411,Associates,802,06012701,6,0.0525,-2.95,117,72,91,1
6350,PA,15104,Associates,3394,01019290,1,0.5860,-0.53,142,11,36,2
6351,NC,28379,Associates,2572,01019690,1,0.7946,-0.23,106,69,37,8
6352,MI,48207,Chase_Rev,1141,02013742,2,0.0133,-4.32,84,2,123,1
6353,WA,98362,Bank_Of_Am,2886,04013240,4,0.4266,-0.85,118,45,25,1
6354,TX,77082,Bank_Of_Am,3163,01018957,1,0.4392,-0.82,128,30,39,3
6355,CA,95018,Bank_Of_Am,472,05012774,5,0.7349,-0.31,119,28,222,12
6356,PA,15001,Discover,850,02014616,2,0.8093,-0.21,109,51,52,1
6357,CA,90004,Bank_Of_Am,1744,06012765,6,0.1964,-1.63,134,66,7,4
6358,FL,32176,Associates,6124,01017186,1,0.9706,-0.03,131,59,17,1
6359,MI,48377,Associates,7036,05012848,5,0.1294,-2.04,111,9,42,2
6360,CA,90807,Wells,5146,01014809,1,0.2315,-1.46,143,4,47,1
6361,FL,34683,Bank_Of_Am,6728,01019310,1,0.7596,-0.27,135,61,268,1
6362,CA,94590,Wells,1724,05922641,5,0.5939,-0.52,126,45,59,1
6363,AK,99611,Bank_Of_Am,2026,01018355,1,0.4871,-0.72,140,89,3,3
6364,AR,71601,Associates,2164,01016020,1,0.4836,-0.73,110,82,131,23
6365,OR,97214,Wells,1423,02013783,2,0.4622,-0.77,119,83,7,1
6366,CA,92570,Associates,1649,06012710,6,0.2594,-1.35,120,20,21,1
6367,CA,92392,Chase,7946,09011910,9,0.9523,-0.05,108,99,93,2
6368,CO,80214,Associates,6916,08012228,8,0.4823,-0.73,128,74,69,1
6369,NV,89014,Discover,4453,10011703,10,0.4349,-0.83,124,87,72,1
6370,CA,95120,Bank_Of_Am,3526,06012763,6,0.4198,-0.87,144,81,68,5
6371,OH,44615,Chase_Rev,2542,03013503,3,0.0399,-3.22,129,50,63,1
6372,MA,02703,Discover,3721,05012872,5,0.2338,-1.45,149,87,114,2
6373,CA,95824,Bank_Of_Am,2925,01019355,1,0.7886,-0.24,125,47,42,2
6374,PA,19014,Discover,1821,03013456,3,0.5345,-0.63,114,59,325,7
6375,NJ,07205,Chase_Bony,1621,02014249,2,0.8807,-0.13,143,30,11,1
6376,CA,95667,Wells,1862,05012878,5,0.2727,-1.3,109,72,30,4
6377,LA,70810,Discover,1473,08000000,8,0.4867,-0.72,111,48,38,1
6378,MS,39437,Discover,2285,02014571,2,0.4260,-0.85,109,27,122,7
6379,VA,22645,Associates,541,02014135,2,0.8330,-0.18,116,92,120,1
6380,WA,98930,Bank_Of_Am,2960,01016887,1,0.8438,-0.17,126,8,47,6
6381,TX,77045,Associates,1390,09012087,9,0.7761,-0.25,117,59,8,1
6382,CA,94116,Bank_Of_Am,8512,10011647,10,0.3879,-0.95,136,37,102,4
6383,TX,76103,Associates,6373,01018620,1,0.3833,-0.96,130,21,95,1
6384,AR,72756,Wells,3948,02014336,2,0.2948,-1.22,126,42,24,2
6385,LA,70664,Discover,3050,01926307,1,0.7508,-0.29,93,90,32,1
6386,CA,92109,Discover,2695,05012914,5,0.5903,-0.53,136,14,40,3
6387,CA,92865,Wells,3837,07012419,7,0.1074,-2.23,111,31,31,4
6388,CA,90068,Wells,2950,01018798,1,0.6449,-0.44,133,18,85,1
6389,CA,90061,Wells,1631,04013073,4,0.7754,-0.25,128,71,5,1
6390,MI,48219,Discover,2122,01015526,1,0.6603,-0.42,116,86,82,5
6391,FL,34207,Bank_Of_Am,3305,04013133,4,0.8282,-0.19,90,96,50,1
6392,NJ,08059,Bank_Of_Am,2441,01019469,1,0.1768,-1.73,128,45,71,1
6393,CA,93550,Wells,1529,03013480,3,0.6104,-0.49,105,5,104,10
6394,ID,83654,Associates,1067,06012663,6,0.9538,-0.05,109,17,65,3
6395,NC,27217,Chase_Bony,2133,01014868,1,0.7729,-0.26,126,27,43,1
6396,FL,34221,Discover,4051,05012935,5,0.3549,-1.04,144,23,138,2
6397,NC,27406,Discover,4795,01017692,1,0.4865,-0.72,146,27,73,7
6398,NC,28540,Bank_Of_Am,3553,04923492,4,0.5465,-0.6,129,26,18,3
6399,FL,34489,Discover,6835,01016374,1,0.8957,-0.11,123,64,79,2
6400,SC,29745,Chase_Rev,2807,03013449,3,0.8073,-0.21,127,53,11,3
6401,AZ,85258,Wells,1049,06012642,6,0.3672,-1,134,87,28,2
6402,HI,96792,Associates,1588,01015624,1,0.0305,-3.49,127,17,54,12
6403,NJ,07719,Discover,2506,01017118,1,0.8629,-0.15,101,4,91,1
6404,TX,78745,Wells_FIB,13282,10010977,10,0.0523,-2.95,138,4,241,20
6405,PA,15601,Discover,6414,01015673,1,0.4656,-0.76,111,39,39,1
6406,NV,89121,Bank_Of_Am,1198,08012288,8,0.8367,-0.18,125,51,90,4
6407,CA,91722,Discover,3629,01016443,1,0.9856,-0.01,70,92,50,4
6408,MO,64060,Associates,2750,01019524,1,0.6825,-0.38,102,26,84,1
6409,PA,19143,Associates,997,04013021,4,0.5110,-0.67,124,99,122,6
6410,TN,37204,Associates,4205,05012983,5,0.0362,-3.32,105,76,18,2
6411,TX,75238,Associates,6219,08012228,8,0.6279,-0.47,131,75,63,5
6412,NV,89119,Discover,2942,01015313,1,0.2497,-1.39,103,88,5,2
6413,DE,19802,Chase_Rev,849,04013284,4,0.4910,-0.71,121,83,124,5
6414,VT,05667,Discover,1537,08000000,8,0.7860,-0.24,134,48,163,1
6415,OH,44820,Associates,1239,01015156,1,0.1879,-1.67,136,86,39,6
6416,NC,27591,Chase_Rev,4589,03013421,3,0.4718,-0.75,125,1,77,2
6417,NC,28365,Discover,4123,02013895,2,0.7280,-0.32,127,21,50,1
6418,CA,90630,Wells,1200,06012660,6,0.3873,-0.95,141,58,408,1
6419,FL,32824,Chase,2722,02013728,2,0.4178,-0.87,113,66,297,2
6420,AL,35232,Bank_Of_Am,1954,01018545,1,0.5384,-0.62,139,98,31,2
6421,AZ,85242,Bank_Of_Am,2069,01014992,1,0.7074,-0.35,128,28,96,7
6422,CA,94804,Wells,1550,04013142,4,0.9723,-0.03,120,79,91,6
6423,MA,01757,Bank_Of_Am,1498,01016874,1,0.0745,-2.6,142,34,62,1
6424,TX,79413,Chase,3054,10011603,10,0.3284,-1.11,122,11,43,1
6425,VA,23665,Associates,4512,01016027,1,0.4386,-0.82,119,97,15,1
6426,FL,33614,Discover,2120,06012653,6,0.4384,-0.82,130,81,300,1
6427,AZ,85706,Discover,3168,07012421,7,0.1248,-2.08,127,41,76,1
6428,MD,20874,Discover,1885,01019549,1,0.0913,-2.39,111,20,5,1
6429,OH,45150,Associates,2326,01019530,1,0.5040,-0.69,122,56,145,1
6430,ID,83206,Wells,1951,01015969,1,0.0847,-2.47,120,45,105,10
6431,CA,90308,Bank_Of_Am,9043,01018952,1,0.2941,-1.22,107,99,43,3
6432,TX,76112,Associates,1818,10011677,10,0.3817,-0.96,115,50,22,4
6433,AL,35630,Discover,1944,06012662,6,0.0778,-2.55,138,55,38,8
6434,GA,30635,Discover,6239,01014824,1,0.0160,-4.13,147,68,116,2
6435,CA,91977,Wells,3172,03013370,3,0.7284,-0.32,132,7,10,3
6436,WV,25265,Bank_Of_Am,3468,08012351,8,0.6309,-0.46,127,8,21,1
6437,TX,77077,Discover,6491,09012024,9,0.2998,-1.2,112,97,94,1
6438,NC,28732,Wells,2844,02014254,2,0.9245,-0.08,120,72,65,2
6439,NC,28804,Associates,529,01014799,1,0.9849,-0.02,113,54,22,6
6440,CA,92109,Wells,1635,03013651,3,0.1073,-2.23,129,40,253,1
6441,MI,48911,Discover,1855,02014290,2,0.0956,-2.35,106,81,93,3
6442,NY,11218,Discover,2062,03013617,3,0.1232,-2.09,135,60,220,9
6443,MA,01075,Discover,4572,01015799,1,0.3304,-1.11,139,89,57,2
6444,SC,29488,Discover,1658,01017301,1,0.8436,-0.17,127,62,184,1
6445,NJ,07042,Discover,1777,05012975,5,0.0305,-3.49,144,40,141,3
6446,NE,68144,Discover,938,03013483,3,0.6633,-0.41,119,41,82,1
6447,AK,99611,Bank_Of_Am,2653,01019291,1,0.9202,-0.08,125,27,10,6
6448,CA,91406,Bank_Of_Am,1625,03013362,3,0.7913,-0.23,124,91,109,2
6449,GA,30082,Wells,1839,03013506,3,0.3062,-1.18,100,11,89,1
6450,NE,68848,Discover,1600,06012679,6,0.7051,-0.35,138,35,11,6
6451,GA,31714,Discover,2161,01015995,1,0.3552,-1.03,110,43,33,2
6452,NY,11374,Associates,1957,04013175,4,0.4394,-0.82,110,41,21,2
6453,LA,70117,Chase_Rev,2500,01016819,1,0.5636,-0.57,115,85,208,7
6454,CA,92234,Bank_Of_Am,1466,01019289,1,0.1323,-2.02,109,40,31,8
6455,AL,35211,Bank_Of_Am,1704,01016638,1,0.0785,-2.54,138,97,88,3
6456,GA,30054,Discover,3425,05012963,5,0.0519,-2.96,137,62,57,6
6457,MD,20720,Wells,3372,01015171,1,0.3440,-1.07,143,39,43,1
6458,NM,87312,Bank_Of_Am,2403,01016008,1,0.8815,-0.13,142,8,57,3
6459,TN,37211,Chase,2567,03013651,3,0.4270,-0.85,132,79,123,1
6460,FL,33141,Chase,2695,08000000,8,0.9726,-0.03,107,64,116,5
6461,AL,36420,Chase,2919,03013438,3,0.9454,-0.06,143,97,30,3
6462,TX,75010,Chase,2672,10011771,10,0.8172,-0.2,84,6,28,3
6463,NY,10930,Associates,2828,04013285,4,0.4777,-0.74,140,2,154,11
6464,IN,46304,Bank_Of_Am,8613,08012212,8,0.5591,-0.58,120,55,25,5
6465,TX,78359,Wells,2057,09011896,9,0.5857,-0.54,121,82,114,3
6466,OH,44103,Discover,1627,01017134,1,0.6490,-0.43,105,27,79,2
6467,CA,92545,Wells,2678,02014600,2,0.3545,-1.04,129,25,300,1
6468,NY,14624,Bank_Of_Am,5440,06012585,6,0.4543,-0.79,117,54,159,4
6469,SC,29652,Discover,3557,01016252,1,0.3030,-1.19,130,48,338,3
6470,NV,89107,Wells,893,09011875,9,0.6147,-0.49,135,75,90,18
6471,MS,39209,Chase_Rev,4758,08012151,8,0.9674,-0.03,134,1,109,6
6472,CA,92324,Bank_Of_Am,1529,04013070,4,0.4425,-0.82,103,16,99,2
6473,CA,91910,Wells,1007,06012635,6,0.3981,-0.92,117,92,111,1
6474,PA,19144,Chase_Rev,1621,02014243,2,0.0574,-2.86,145,94,54,1
6475,MI,48195,Discover,2097,03013483,3,0.4084,-0.9,115,3,101,4
6476,CT,06106,Discover,4399,09012111,9,0.8951,-0.11,135,31,35,3
6477,NJ,07666,Discover,3331,01015711,1,0.0723,-2.63,126,52,86,1
6478,NC,27557,Discover,3137,02014109,2,0.6663,-0.41,132,57,239,5
6479,MD,20832,Bank_Of_Am,2923,03013508,3,0.6841,-0.38,139,76,3,1
6480,SC,29163,Chase,2187,04013216,4,0.5141,-0.67,125,69,93,4
6481,AZ,85345,Bank_Of_Am,4106,09012096,9,0.8183,-0.2,118,20,7,1
6482,TN,37214,Associates,2347,05012989,5,0.5966,-0.52,132,55,78,2
6483,LA,71006,Chase,2504,03013549,3,0.6687,-0.4,130,51,36,1
6484,CA,90620,Wells_FIB,3854,02014744,2,0.3775,-0.97,117,22,26,6
6485,NH,03843,Discover,8060,10011271,10,0.2274,-1.48,88,78,3,1
6486,AR,72927,Bank_Of_Am,8825,09920831,9,0.1921,-1.65,119,12,11,2
6487,CA,95122,Wells,4387,05012948,5,0.9668,-0.03,103,49,84,8
6488,TX,78539,Wells,2970,04013078,4,0.2601,-1.35,137,42,130,7
6489,IA,50601,Discover,11397,01019338,1,0.7689,-0.26,103,88,59,1
6490,KS,66414,Chase,9347,08000000,8,0.3646,-1.01,137,45,17,1
6491,CA,92630,Bank_Of_Am,2456,04013114,4,0.5482,-0.6,128,32,34,2
6492,NV,89108,Bank_Of_Am,4996,10011535,10,0.8005,-0.22,117,68,35,2
6493,TX,78729,Chase_Rev,2702,10011702,10,0.6837,-0.38,109,12,9,1
6494,OH,43147,Chase,4602,04013034,4,0.2304,-1.47,120,16,288,2
6495,TX,75287,Discover,2125,10011823,10,0.0658,-2.72,129,53,406,1
6496,CA,93274,Chase,7283,07012511,7,0.6419,-0.44,109,2,119,5
6497,PA,15145,Discover,1612,07920000,7,0.8807,-0.13,99,35,105,4
6498,IL,60827,Discover,2327,03013309,3,0.8859,-0.12,149,24,135,1
6499,NY,14612,Discover,4118,01016664,1,0.5509,-0.6,126,37,97,10
6500,OH,45044,Chase,5292,03013437,3,0.6230,-0.47,122,21,83,1
6501,CA,92064,Bank_Of_Am,2147,04923493,4,0.2268,-1.48,101,17,331,4
6502,MA,02050,Discover,3579,02924647,2,0.6575,-0.42,148,33,41,8
6503,IN,46220,Discover,756,04013038,4,0.0229,-3.78,136,29,154,2
6504,TX,77662,Associates,4085,09011934,9,0.9187,-0.08,143,50,31,10
6505,MI,48195,Associates,4512,08012353,8,0.2106,-1.56,145,96,52,4
6506,MI,48205,Associates,10644,09011942,9,0.7838,-0.24,139,64,76,2
6507,CA,91765,Wells,1537,03923887,3,0.4207,-0.87,128,88,27,2
6508,LA,70601,Discover,1821,02013862,2,0.5648,-0.57,126,87,37,3
6509,NY,12528,Bank_Of_Am,2356,07012535,7,0.1173,-2.14,113,74,127,3
6510,PA,17554,Associates,1610,03013362,3,0.9947,-0.01,107,23,61,16
6511,TX,77061,Bank_Of_Am,2245,09011989,9,0.4598,-0.78,113,26,107,1
6512,NY,13031,Chase_Rev,1389,05012863,5,0.2599,-1.35,133,14,13,1
6513,TX,77060,Associates,1546,09012114,9,0.3914,-0.94,122,51,48,7
6514,AZ,85380,Discover,1641,08012281,8,0.6903,-0.37,125,85,115,1
6515,CT,06106,Associates,1846,04013289,4,0.6498,-0.43,123,74,99,2
6516,AL,36089,Discover,1530,02013834,2,0.4495,-0.8,136,32,96,5
6517,KY,41102,Associates,2519,04013111,4,0.0452,-3.1,114,54,49,2
6518,CA,96028,Bank_Of_Am,547,01019463,1,0.1422,-1.95,97,66,177,1
6519,OH,44485,Bank_Of_Am,11335,07921851,7,0.9706,-0.03,119,13,64,3
6520,IN,47987,Discover,7269,09011983,9,0.9105,-0.09,135,13,59,4
6521,CA,91763,Discover,4255,09012109,9,0.4439,-0.81,125,26,50,1
6522,OH,44310,Bank_Of_Am,433,03013497,3,0.9760,-0.02,108,70,87,6
6523,FL,33442,Discover,5599,08012349,8,0.0376,-3.28,124,40,44,11
6524,TN,38018,Chase,711,03013382,3,0.1247,-2.08,124,91,93,1
6525,CA,93060,Wells,6030,01015076,1,0.3764,-0.98,143,69,70,4
6526,TX,79407,Discover,1937,10011489,10,0.1163,-2.15,120,7,95,2
6527,GA,30076,Chase_Rev,1385,04013104,4,0.7156,-0.33,119,16,2,1
6528,MN,56301,Discover,2277,01016178,1,0.2941,-1.22,136,59,116,1
6529,TN,37771,Associates,3515,02013770,2,0.9869,-0.01,116,12,74,6
6530,CA,90025,Bank_Of_Am,8729,09011882,9,0.7663,-0.27,113,56,120,14
6531,LA,71457,Discover,1734,07012486,7,0.7351,-0.31,140,30,72,4
6532,CA,91350,Wells,1797,08012276,8,0.5087,-0.68,122,19,113,1
6533,SC,29203,Associates,4991,01019256,1,0.7655,-0.27,147,95,283,13
6534,OH,44110,Discover,1542,08000000,8,0.3770,-0.98,109,20,28,1
6535,TX,77354,Discover,3284,10010162,10,0.2255,-1.49,118,16,84,3
6536,UT,84067,Associates,5954,02924858,2,0.6891,-0.37,110,8,125,3
6537,TX,76180,Bank_Of_Am,4893,04013020,4,0.7352,-0.31,118,30,64,1
6538,MI,48221,Wells,3650,04013150,4,0.8766,-0.13,125,61,5,1
6539,TX,76909,Discover,1510,03013405,3,0.3460,-1.06,89,2,34,1
6540,TX,78801,Discover,5314,10011325,10,0.7060,-0.35,115,81,58,6
6541,AL,36605,Discover,3375,01015117,1,0.3601,-1.02,136,1,51,2
6542,CA,94941,Wells,1122,01015790,1,0.3739,-0.98,125,54,40,1
6543,MN,55902,Bank_Of_Am,3814,01018579,1,0.9870,-0.01,127,52,53,5
6544,CA,95616,Wells,1067,06012689,6,0.1277,-2.06,121,17,15,2
6545,WI,54960,Associates,2101,03013422,3,0.0081,-4.82,124,81,111,2
6546,AR,72762,Associates,2186,06012678,6,0.4774,-0.74,128,3,127,3
6547,CA,94122,Bank_Of_Am,4089,06012574,6,0.0562,-2.88,129,82,12,4
6548,FL,34982,Discover,3042,05012826,5,0.5919,-0.52,134,18,24,10
6549,OH,45342,Associates,4414,07012389,7,0.6536,-0.43,121,59,42,2
6550,UT,84321,Wells,1846,03013681,3,0.1419,-1.95,129,85,45,2
6551,KY,40033,Associates,3236,07012437,7,0.0517,-2.96,124,30,19,5
6552,PA,19144,Associates,4686,06012591,6,0.5066,-0.68,138,39,100,8
6553,CA,93662,Associates,1704,01015960,1,0.1965,-1.63,119,36,82,1
6554,KY,40502,Discover,4044,09012071,9,0.8298,-0.19,94,2,42,4
6555,LA,70113,Wells,3095,05012926,5,0.1916,-1.65,136,62,88,3
6556,AR,71852,Chase,1812,04013114,4,0.9993,0,139,98,67,4
6557,IL,62863,Associates,1050,01019493,1,0.4594,-0.78,132,64,34,1
6558,NY,13903,Discover,2906,03013487,3,0.6522,-0.43,139,53,10,1
6559,CA,94549,Chase,9227,09012049,9,0.2282,-1.48,139,35,97,1
6560,AR,72143,Chase,5959,08012180,8,0.5752,-0.55,142,59,3,1
6561,CO,80440,Associates,488,03013540,3,0.4330,-0.84,89,31,585,3
6562,CA,90220,Wells,2573,02013707,2,0.1545,-1.87,130,63,57,7
6563,CA,92037,Bank_Of_Am,3145,07012419,7,0.4316,-0.84,135,54,47,1
6564,TX,75474,Discover,4118,10011562,10,0.2352,-1.45,137,23,79,1
6565,CA,95131,Bank_Of_Am,3529,02014525,2,0.1282,-2.05,145,32,102,1
6566,CA,94536,Discover,1591,04013183,4,0.2078,-1.57,121,24,132,1
6567,LA,70770,Discover,3269,01019513,1,0.7296,-0.32,122,32,363,1
6568,NJ,07866,Bank_Of_Am,7530,01015454,1,0.8081,-0.21,128,81,118,5
6569,AL,35896,Discover,1491,08012180,8,0.7410,-0.3,146,92,116,1
6570,IN,46173,Discover,2727,01016994,1,0.8697,-0.14,118,23,236,3
6571,NJ,07305,Discover,2346,01015683,1,0.8997,-0.11,102,30,86,8
6572,TX,75147,Chase_Bony,12258,10010985,10,0.8066,-0.21,138,37,17,8
6573,CA,93274,Discover,1682,05012912,5,0.1147,-2.17,118,79,21,1
6574,CA,90806,Wells,1455,01017457,1,0.9235,-0.08,104,11,79,1
6575,CA,96007,Associates,1266,01016310,1,0.9523,-0.05,88,3,23,1
6576,PA,15106,Discover,2956,02014603,2,0.7017,-0.35,128,92,27,1
6577,PA,19114,Associates,5693,01014825,1,0.1335,-2.01,119,18,133,1
6578,TN,37641,Associates,2898,03013464,3,0.7272,-0.32,123,52,43,1
6579,MN,55075,Discover,4080,05012987,5,0.8941,-0.11,135,75,35,5
6580,MS,39194,Discover,1662,06012755,6,0.7242,-0.32,115,94,209,1
6581,OH,44224,Discover,983,07012441,7,0.8049,-0.22,128,29,57,3
6582,TX,77539,Chase_Rev,5134,10011764,10,0.9608,-0.04,100,47,136,1
6583,NJ,07107,Wells,3936,01015282,1,0.9283,-0.07,145,39,49,2
6584,NY,10019,Bank_Of_Am,2215,01017327,1,0.1892,-1.66,125,21,44,1
6585,TX,75765,Associates,1730,10010152,10,0.0662,-2.72,121,19,97,15
6586,CA,92123,Wells,446,03013572,3,0.2636,-1.33,143,89,80,1
6587,TX,79912,Discover,3799,02014371,2,0.2347,-1.45,113,50,144,2
6588,FL,34491,Chase,2617,05012847,5,0.8378,-0.18,95,90,190,1
6589,TX,77590,Discover,1173,08012269,8,0.5664,-0.57,126,24,7,4
6590,AZ,85009,Wells_FIB,3839,05012803,5,0.2227,-1.5,121,46,120,5
6591,TX,76201,Discover,2136,10011392,10,0.3300,-1.11,118,43,44,5
6592,CA,91803,Chase,1849,04013160,4,0.2483,-1.39,137,42,82,2
6593,NJ,08757,Bank_Of_Am,7006,01015788,1,0.0561,-2.88,101,73,36,5
6594,CA,90620,Bank_Of_Am,4132,06012707,6,0.1582,-1.84,110,24,2,1
6595,CA,94109,Chase,1745,07922102,7,0.4024,-0.91,126,46,18,1
6596,NJ,07060,Discover,8393,09012011,9,0.3329,-1.1,137,87,17,1
6597,CA,94928,Wells,3358,05012938,5,0.6250,-0.47,115,49,69,1
6598,MI,48838,Discover,4283,04013100,4,0.9223,-0.08,117,8,85,7
6599,CA,93923,Bank_Of_Am,2785,01017223,1,0.5371,-0.62,129,17,19,6
6600,NY,11355,Wells,5342,01016225,1,0.1041,-2.26,94,18,18,9
6601,CA,90703,Discover,3486,08012265,8,0.4435,-0.81,141,65,57,12
6602,OR,97009,Associates,1899,03923817,3,0.6848,-0.38,129,23,90,5
6603,WA,98225,Discover,2201,06012564,6,0.4665,-0.76,127,52,72,2
6604,WI,53534,Associates,1109,04013175,4,0.2367,-1.44,108,5,11,1
6605,NY,10026,Chase_Bony,7288,07012390,7,0.7867,-0.24,122,82,83,5
6606,TX,78220,Associates,4747,02014522,2,0.6302,-0.46,128,26,22,2
6607,CA,95747,Wells,1469,02013859,2,0.3754,-0.98,130,90,52,5
6608,LA,71225,Associates,882,01016244,1,0.8361,-0.18,113,71,68,7
6609,CA,95383,Bank_Of_Am,750,06922410,6,0.0450,-3.1,111,46,45,5
6610,MA,02301,Discover,3780,08000000,8,0.4215,-0.86,127,99,56,17
6611,PA,15223,Bank_Of_Am,5348,08012287,8,0.8447,-0.17,128,30,143,2
6612,NJ,07712,Associates,2242,03013383,3,0.0080,-4.83,108,75,53,10
6613,CA,93060,Wells,7258,09012036,9,0.3901,-0.94,144,79,68,2
6614,CA,92102,Bank_Of_Am,5330,10011605,10,0.8225,-0.2,126,78,514,1
6615,CA,93428,Bank_Of_Am,4992,02014346,2,0.0078,-4.85,103,29,65,5
6616,TX,78210,Associates,3749,10011792,10,0.5390,-0.62,125,3,32,16
6617,CA,92703,Bank_Of_Am,4208,01019251,1,0.6805,-0.38,113,40,14,1
6618,CA,93662,Bank_Of_Am,1794,07012395,7,0.9714,-0.03,108,5,30,2
6619,CA,94545,Wells,2127,07921914,7,0.6937,-0.37,124,8,93,1
6620,NY,11416,Chase_Bony,9754,09012085,9,0.8780,-0.13,132,92,155,9
6621,ID,83340,Bank_Of_Am,494,04013220,4,0.3849,-0.95,123,3,26,3
6622,CA,90280,Bank_Of_Am,3889,01926548,1,0.4368,-0.83,101,46,136,5
6623,PA,16001,Chase,2329,04013224,4,0.6827,-0.38,124,35,62,7
6624,TX,77095,Chase,2822,08000000,8,0.0445,-3.11,127,59,5,1
6625,TX,75088,Chase,1115,07012365,7,0.6166,-0.48,124,48,38,3
6626,TX,76548,Discover,5919,10011474,10,0.1754,-1.74,124,54,1,1
6627,KS,67207,Chase_Rev,5458,04013288,4,0.3446,-1.07,96,68,123,1
6628,CA,90029,Wells,5830,07012451,7,0.1453,-1.93,105,55,15,2
6629,OK,73527,Associates,1155,04013265,4,0.3185,-1.14,114,16,454,2
6630,CA,95355,Wells,2085,04013109,4,0.1222,-2.1,106,36,50,2
6631,IL,62842,Associates,3946,01016868,1,0.6747,-0.39,123,20,449,1
6632,CA,93312,Associates,3489,08012315,8,0.0834,-2.48,120,41,141,1
6633,CA,94605,Bank_Of_Am,451,01019374,1,0.9627,-0.04,109,18,107,1
6634,PA,19140,Associates,1593,08000000,8,0.8535,-0.16,93,28,127,11
6635,NM,87109,Chase,732,03013549,3,0.5982,-0.51,115,45,147,9
6636,CA,94608,Bank_Of_Am,1500,05012938,5,0.8897,-0.12,128,70,123,2
6637,TX,78363,Bank_Of_Am,284,03013421,3,0.0865,-2.45,127,79,85,12
6638,TX,76230,Chase,2195,09921010,9,0.1223,-2.1,136,91,145,6
6639,KS,66502,Discover,3072,07012418,7,0.6147,-0.49,139,10,20,3
6640,IL,62863,Chase,3774,04013268,4,0.3086,-1.18,89,79,117,7
6641,IL,61354,Discover,10530,10011836,10,0.3334,-1.1,102,20,187,2
6642,NY,14617,Bank_Of_Am,6415,10011758,10,0.2480,-1.39,98,96,13,7
6643,IL,60637,Discover,1095,02014373,2,0.0591,-2.83,133,36,74,4
6644,IN,47421,Discover,1797,01015226,1,0.2865,-1.25,120,2,175,2
6645,CT,06340,Discover,3252,06012635,6,0.1930,-1.65,136,64,84,4
6646,KS,66712,Chase_Rev,3272,05013000,5,0.5035,-0.69,140,1,24,2
6647,CA,93907,Wells,1078,08012315,8,0.8476,-0.17,127,79,1,1
6648,OK,74426,Discover,3454,01015706,1,0.8701,-0.14,122,70,33,1
6649,NJ,08731,Discover,2159,03013409,3,0.3412,-1.08,105,92,49,8
6650,GA,31068,Discover,2254,02014401,2,0.9133,-0.09,119,5,138,1
6651,AL,35660,Discover,4102,01015472,1,0.5316,-0.63,111,9,125,21
6652,PA,18436,Bank_Of_Am,1867,01016197,1,0.9501,-0.05,136,32,38,2
6653,RI,02865,Discover,1960,01019389,1,0.5378,-0.62,137,55,56,8
6654,TX,75062,Wells,1228,06012643,6,0.0445,-3.11,126,71,69,6
6655,WI,53151,Associates,4267,03923777,3,0.2506,-1.38,133,50,30,11
6656,TN,37919,Wells,1797,01019598,1,0.0345,-3.37,132,89,10,1
6657,NJ,08807,Wells,3814,01019522,1,0.5354,-0.62,136,90,99,2
6658,OH,44111,Bank_Of_Am,5855,01019302,1,0.9545,-0.05,113,66,30,2
6659,OH,44004,Chase_Rev,5619,07012455,7,0.3193,-1.14,97,40,73,2
6660,WI,53204,Chase,1087,02013776,2,0.8008,-0.22,142,71,41,3
6661,GA,30238,Discover,3209,04013212,4,0.6275,-0.47,133,23,311,2
6662,CA,90720,Wells,4175,01015415,1,0.9970,0,138,86,45,3
6663,NY,14551,Discover,8841,09012081,9,0.4917,-0.71,146,5,55,1
6664,WA,98199,Bank_Of_Am,7040,10011652,10,0.8149,-0.2,122,52,145,1
6665,MA,01851,Associates,1709,07920000,7,0.0370,-3.3,139,66,22,4
6666,TX,75662,Discover,3098,02014736,2,0.4329,-0.84,108,98,242,2
6667,MA,01880,Chase,2811,03013334,3,0.9818,-0.02,106,98,75,1
6668,MI,48310,Associates,6490,10011788,10,0.7866,-0.24,139,63,6,1
6669,GA,31783,Chase,2851,03013459,3,0.6324,-0.46,115,40,52,1
6670,IL,61272,Associates,1892,01926031,1,0.6069,-0.5,122,35,57,4
6671,MO,63116,Discover,3520,01016912,1,0.8163,-0.2,94,93,58,11
6672,CA,95148,Wells,1489,06012674,6,0.1118,-2.19,132,92,28,5
6673,FL,32210,Chase,3377,03013546,3,0.5270,-0.64,113,44,56,1
6674,TX,78361,Discover,994,08012325,8,0.4265,-0.85,117,63,178,6
6675,CA,95660,Wells,337,01019636,1,0.5517,-0.59,134,38,27,5
6676,NC,28403,Discover,1724,01019105,1,0.9280,-0.07,124,95,80,2
6677,OH,45601,Discover,3229,01015187,1,0.5936,-0.52,143,90,56,16
6678,NC,27896,Bank_Of_Am,2127,03923865,3,0.0768,-2.57,130,29,84,6
6679,VA,24324,Discover,4433,09012099,9,0.1322,-2.02,146,38,37,1
6680,NY,12534,Discover,2978,01019440,1,0.2689,-1.31,113,6,71,2
6681,GA,30344,Discover,3978,01015176,1,0.6626,-0.41,127,30,41,1
6682,OH,44817,Chase_Rev,3350,05012925,5,0.4310,-0.84,142,6,6,1
6683,TX,78076,Discover,3513,03013494,3,0.5940,-0.52,134,46,89,1
6684,PA,19132,Chase_Rev,1449,06012739,6,0.8608,-0.15,101,83,5,1
6685,TX,78606,Associates,4575,03013591,3,0.6899,-0.37,102,38,81,2
6686,FL,33147,Associates,3281,01015941,1,0.7002,-0.36,145,28,66,8
6687,OR,97203,Chase_Rev,1432,03013313,3,0.4542,-0.79,128,77,133,3
6688,CA,92532,Wells,1896,01015578,1,0.0697,-2.66,135,71,97,12
6689,IA,52201,Wells,4302,02014258,2,0.2631,-1.34,135,98,70,3
6690,KY,40215,Discover,6043,07012401,7,0.2388,-1.43,129,57,82,3
6691,NC,28546,Discover,598,01015172,1,0.8035,-0.22,128,94,67,18
6692,TX,75063,Wells,1465,08012185,8,0.8720,-0.14,121,42,166,3
6693,HI,96814,Bank_Of_Am,2190,01018438,1,0.4925,-0.71,116,43,24,8
6694,OH,43610,Discover,2012,01019496,1,0.4457,-0.81,119,53,10,3
6695,PA,15108,Chase_Rev,7177,07012353,7,0.1299,-2.04,132,33,125,1
6696,TX,77071,Discover,2326,09012023,9,0.9531,-0.05,145,4,38,1
6697,MA,02127,Bank_Of_Am,2449,01925748,1,0.0773,-2.56,146,2,44,3
6698,PA,15642,Bank_Of_Am,5078,01019729,1,0.1257,-2.07,123,78,86,1
6699,CA,91106,Wells_FIB,13692,04013215,4,0.6146,-0.49,84,76,23,1
6700,NE,68826,Bank_Of_Am,5216,01019041,1,0.7930,-0.23,108,77,83,8
6701,FL,33486,Bank_Of_Am,1975,01017328,1,0.0158,-4.15,135,94,13,4
6702,IL,60619,Discover,1649,03013585,3,0.6613,-0.41,103,66,84,1
6703,WI,54481,Discover,1666,08012230,8,0.7478,-0.29,130,89,1,1
6704,MO,63028,Bank_Of_Am,5432,02014285,2,0.4488,-0.8,149,64,50,5
6705,WV,26601,Discover,1881,03924019,3,0.1900,-1.66,116,27,28,15
6706,CA,94565,Associates,1916,05012974,5,0.7552,-0.28,140,91,79,5
6707,CA,95758,Bank_Of_Am,1190,06012696,6,0.7349,-0.31,117,75,93,4
6708,HI,96766,Wells_FIB,8548,07920000,7,0.0444,-3.11,137,57,158,1
6709,NY,13634,Discover,7686,10920326,10,0.3582,-1.03,95,55,1,1
6710,LA,70427,Associates,8019,01019641,1,0.6081,-0.5,118,68,121,2
6711,NM,87185,Associates,1021,04013252,4,0.1942,-1.64,131,35,32,1
6712,NY,10314,Associates,1709,03013596,3,0.3533,-1.04,137,69,75,1
6713,NY,12485,Chase,2000,04013013,4,0.7285,-0.32,134,20,34,6
6714,WA,98092,Bank_Of_Am,2932,05012840,5,0.4454,-0.81,93,26,52,4
6715,KS,66202,Discover,3425,01019443,1,0.7075,-0.35,139,47,189,1
6716,NY,12970,Bank_Of_Am,8159,08921371,8,0.2997,-1.21,109,24,323,3
6717,LA,71269,Bank_Of_Am,641,03013323,3,0.4290,-0.85,121,29,54,1
6718,CA,95148,Wells,1276,06012717,6,0.0969,-2.33,115,73,13,1
6719,AL,36401,Discover,1696,04013157,4,0.4606,-0.78,109,49,51,3
6720,FL,32824,Discover,2451,01015890,1,0.6592,-0.42,132,95,339,5
6721,FL,33415,Associates,2453,06012637,6,0.6470,-0.44,114,15,53,1
6722,NC,28358,Associates,1260,02014285,2,0.2941,-1.22,145,9,54,1
6723,RI,02909,Associates,1586,04013145,4,0.9038,-0.1,136,54,134,2
6724,CA,92115,Bank_Of_Am,995,09012063,9,0.4979,-0.7,144,26,40,7
6725,AL,36117,Discover,5944,07012409,7,0.8044,-0.22,118,53,50,3
6726,TX,78539,Chase,1744,08012169,8,0.1662,-1.79,116,71,11,2
6727,NC,28462,Discover,4227,01015773,1,0.7176,-0.33,97,20,35,1
6728,CA,91335,Wells,7122,10011863,10,0.6528,-0.43,137,40,103,1
6729,GA,30094,Associates,589,08000000,8,0.6689,-0.4,126,50,85,4
6730,PA,17601,Bank_Of_Am,3006,04013079,4,0.8502,-0.16,124,63,103,3
6731,WA,98408,Bank_Of_Am,467,08012183,8,0.1866,-1.68,121,65,45,4
6732,TX,78251,Wells_FIB,5703,09011966,9,0.4625,-0.77,129,35,55,4
6733,CO,80005,Discover,1252,04013110,4,0.4272,-0.85,102,4,137,8
6734,NJ,07109,Discover,2424,02924582,2,0.9179,-0.09,135,45,66,1
6735,IL,60466,Bank_Of_Am,2189,01019478,1,0.0194,-3.94,141,31,130,2
6736,TN,38068,Discover,4310,02014349,2,0.3594,-1.02,138,95,44,7
6737,ND,58203,Discover,2579,10011609,10,0.9754,-0.02,115,33,53,4
6738,NE,68025,Chase_Rev,2832,07012546,7,0.7951,-0.23,97,86,82,2
6739,NY,12901,Wells,4730,01014991,1,0.9204,-0.08,133,7,73,7
6740,NC,28216,Associates,5997,07012554,7,0.1698,-1.77,116,49,179,3
6741,TX,75169,Discover,2883,10011807,10,0.7504,-0.29,121,69,127,4
6742,CA,91040,Associates,6568,10011662,10,0.4465,-0.81,129,36,11,3
6743,TX,75090,Wells,2599,09012134,9,0.5295,-0.64,144,3,55,2
6744,TX,77586,Chase_Rev,2743,09011898,9,0.8979,-0.11,129,78,85,3
6745,NC,28307,Discover,2624,01015667,1,0.5639,-0.57,127,53,10,3
6746,KY,41017,Discover,2163,02014257,2,0.1482,-1.91,131,53,32,2
6747,CA,94533,Wells,2930,01014850,1,0.4005,-0.92,105,56,61,3
6748,CT,06511,Discover,3950,06012643,6,0.2243,-1.49,128,77,104,2
6749,GA,30042,Discover,1362,04013067,4,0.5180,-0.66,144,76,113,4
6750,NV,89031,Wells,4748,06012730,6,0.2292,-1.47,106,97,38,3
6751,FL,33127,Discover,1662,03013591,3,0.5063,-0.68,132,16,176,4
6752,CA,91306,Wells,1817,03013403,3,0.0402,-3.21,100,49,63,5
6753,NY,10460,Discover,3670,02013910,2,0.6476,-0.43,139,32,92,1
6754,CA,94547,Wells,1925,03013470,3,0.0315,-3.46,119,29,74,4
6755,MA,01832,Associates,6149,07012363,7,0.5215,-0.65,107,13,41,2
6756,MI,49507,Chase,4202,08012223,8,0.3615,-1.02,146,90,8,1
6757,AZ,85203,Bank_Of_Am,413,05012949,5,0.2905,-1.24,105,42,225,10
6758,CA,91935,Discover,602,06922241,6,0.7742,-0.26,96,6,21,2
6759,CO,81620,Associates,4814,06012599,6,0.5524,-0.59,147,64,80,11
6760,IN,46402,Chase,2529,02014163,2,0.7296,-0.32,122,52,25,6
6761,TX,78247,Discover,1659,08012165,8,0.5598,-0.58,119,2,67,2
6762,MI,48228,Chase_Rev,2348,02013750,2,0.4807,-0.73,126,40,41,1
6763,CA,90061,Wells,1093,08000000,8,0.5430,-0.61,116,45,44,6
6764,CA,91722,Bank_Of_Am,5892,03923797,3,0.9528,-0.05,125,1,80,2
6765,WA,98665,Chase,3769,08012294,8,0.9603,-0.04,125,39,116,3
6766,LA,70459,Discover,2877,03013330,3,0.4763,-0.74,134,11,116,6
6767,AZ,85018,Wells,1213,07012361,7,0.4840,-0.73,97,92,43,3
6768,OK,74728,Bank_Of_Am,2219,02013903,2,0.7858,-0.24,126,21,326,9
6769,SD,57107,Associates,1098,06012591,6,0.7991,-0.22,111,45,36,1
6770,OH,43147,Associates,5963,02925316,2,0.1027,-2.28,128,58,71,3
6771,MA,02140,Discover,1556,02013845,2,0.7077,-0.35,124,9,220,1
6772,OH,45458,Chase,3500,03013482,3,0.8491,-0.16,136,93,40,1
6773,AL,36277,Discover,7278,08012280,8,0.2445,-1.41,97,16,75,6
6774,CA,94954,Bank_Of_Am,7589,10011697,10,0.8888,-0.12,134,38,28,2
6775,HI,96796,Bank_Of_Am,966,01015200,1,0.8396,-0.17,127,70,5,1
6776,MO,65712,Wells,3389,05012849,5,0.0970,-2.33,129,57,11,1
6777,TX,75181,Wells,5064,10010129,10,0.1891,-1.67,124,31,2,1
6778,CA,92243,Chase_Rev,2831,06012705,6,0.1383,-1.98,132,88,160,1
6779,WA,98233,Discover,3269,08012304,8,0.8732,-0.14,126,5,15,3
6780,MO,64117,Bank_Of_Am,5596,08012256,8,0.2882,-1.24,133,46,146,3
6781,NY,12185,Chase,1595,02013701,2,0.1900,-1.66,123,46,42,5
6782,MA,02109,Bank_Of_Am,1587,02013744,2,0.5433,-0.61,131,67,83,1
6783,MN,55075,Discover,2483,04013232,4,0.2015,-1.6,134,65,56,13
6784,TX,76119,Wells,1089,01015213,1,0.5537,-0.59,101,81,112,9
6785,CA,95035,Bank_Of_Am,2263,07012535,7,0.7204,-0.33,102,75,20,8
6786,WA,98118,Bank_Of_Am,490,09012105,9,0.9044,-0.1,138,3,62,2
6787,CA,94558,Bank_Of_Am,788,07012355,7,0.7174,-0.33,107,77,73,3
6788,OH,44135,Associates,4837,07012517,7,0.9072,-0.1,89,7,54,1
6789,CA,95121,Wells,4336,01015776,1,0.4060,-0.9,109,13,5,1
6790,NJ,07110,Discover,3029,04013033,4,0.1531,-1.88,81,11,34,1
6791,NJ,07019,Chase_Rev,3322,02014049,2,0.7789,-0.25,94,85,77,1
6792,TX,76106,Associates,1398,02014314,2,0.7835,-0.24,132,40,41,1
6793,SC,29687,Discover,3082,06012594,6,0.6830,-0.38,117,12,180,7
6794,PA,19344,Chase,480,05922688,5,0.3231,-1.13,109,73,4,2
6795,NJ,07018,Discover,2336,01015664,1,0.4535,-0.79,138,31,38,1
6796,TX,79404,Discover,6930,10011296,10,0.9125,-0.09,123,37,60,1
6797,CA,92868,Associates,774,08000000,8,0.7077,-0.35,117,2,73,4
6798,KY,40505,Wells,3846,06012594,6,0.9594,-0.04,126,25,38,2
6799,CA,95604,Chase_Rev,2515,04013054,4,0.0488,-3.02,134,23,30,1
6800,FL,33311,Discover,2939,04013240,4,0.8160,-0.2,135,6,51,6
6801,TX,77083,Bank_Of_Am,7819,02014045,2,0.0279,-3.58,142,58,197,1
6802,TX,76543,Discover,4226,01016897,1,0.9036,-0.1,132,8,29,1
6803,GA,31765,Associates,1704,01016333,1,0.8153,-0.2,141,79,48,1
6804,CA,90623,Discover,3618,02013793,2,0.6611,-0.41,134,65,78,1
6805,NY,10977,Discover,5653,01014770,1,0.3949,-0.93,131,5,21,1
6806,NY,11419,Bank_Of_Am,2501,06012604,6,0.3036,-1.19,135,61,32,3
6807,CA,92336,Wells,971,06012762,6,0.9895,-0.01,124,55,3,2
6808,CA,92324,Bank_Of_Am,990,04013134,4,0.8503,-0.16,108,10,103,3
6809,TX,75633,Discover,6277,10011289,10,0.9495,-0.05,141,91,10,4
6810,IN,46835,Wells,1840,03013356,3,0.7213,-0.33,134,76,68,5
6811,LA,70001,Discover,6422,02013854,2,0.2485,-1.39,103,22,10,1
6812,MN,56601,Discover,1334,09011897,9,0.8644,-0.15,114,41,3,1
6813,TX,75052,Discover,6378,05012929,5,0.6155,-0.49,109,22,39,6
6814,MA,02740,Discover,4750,07012409,7,0.3390,-1.08,141,28,55,7
6815,CA,94806,Chase,3897,08012348,8,0.9994,0,138,90,83,6
6816,CA,92606,Wells,612,02014121,2,0.8469,-0.17,78,84,25,8
6817,CA,90731,Wells,1281,05012775,5,0.3508,-1.05,104,79,53,11
6818,OH,44471,Discover,5876,08012233,8,0.0361,-3.32,112,79,191,2
6819,CA,94070,Wells,1906,04013104,4,0.3068,-1.18,139,76,181,21
6820,NV,89123,Wells_FIB,6525,02014527,2,0.0879,-2.43,110,35,24,4
6821,WA,98054,Bank_Of_Am,1071,05922730,5,0.4689,-0.76,115,58,32,3
6822,NY,11550,Chase_Rev,3828,05012802,5,0.1120,-2.19,119,32,7,1
6823,CT,06776,Discover,1863,01016682,1,0.9232,-0.08,110,77,75,1
6824,IL,60601,Discover,1454,08012271,8,0.4647,-0.77,123,20,15,4
6825,OH,45601,Associates,1706,06012617,6,0.1453,-1.93,135,98,106,5
6826,UT,84121,Bank_Of_Am,6480,01018776,1,0.8438,-0.17,81,67,139,1
6827,VA,22601,Discover,1573,06012588,6,0.5804,-0.54,111,51,59,1
6828,CA,92561,Wells,9474,01019604,1,0.4088,-0.89,142,37,5,2
6829,IL,60619,Discover,4448,01017234,1,0.9960,0,119,59,112,2
6830,TN,37221,Bank_Of_Am,618,03013417,3,0.9584,-0.04,127,65,121,5
6831,NY,11374,Discover,5502,07012521,7,0.2562,-1.36,117,70,72,6
6832,AR,71730,Chase_Rev,4384,09012032,9,0.2839,-1.26,116,57,258,1
6833,CA,95334,Bank_Of_Am,1056,07012389,7,0.3116,-1.17,101,75,29,8
6834,IA,52655,Chase,3873,08000000,8,0.6099,-0.49,128,68,50,1
6835,NM,87120,Discover,4280,06012597,6,0.1064,-2.24,127,19,310,2
6836,KS,66204,Discover,2393,06012754,6,0.4360,-0.83,133,31,61,2
6837,CA,94606,Discover,4385,08012226,8,0.5635,-0.57,112,4,43,3
6838,NY,14211,Discover,1758,01014796,1,0.9157,-0.09,132,61,99,5
6839,TX,77069,Wells,1117,08000000,8,0.5351,-0.63,122,61,119,8
6840,NC,28804,Chase,2965,02014209,2,0.4657,-0.76,126,7,55,11
6841,CA,92104,Chase,451,02013900,2,0.4345,-0.83,144,67,17,2
6842,CA,95928,Associates,684,04013214,4,0.8882,-0.12,107,57,106,3
6843,CA,90810,Associates,3545,01016145,1,0.7299,-0.31,139,31,132,2
6844,CA,90275,Associates,1640,01019483,1,0.6600,-0.42,128,52,100,1
6845,NE,69101,Associates,755,08000000,8,0.3832,-0.96,136,87,40,7
6846,WA,98136,Bank_Of_Am,2400,05012934,5,0.9235,-0.08,129,50,173,1
6847,NV,89108,Associates,1904,01019116,1,0.0135,-4.31,125,77,80,5
6848,CA,90003,Bank_Of_Am,1002,01015626,1,0.7195,-0.33,145,32,35,3
6849,AR,72802,Discover,5560,10011824,10,0.3615,-1.02,115,58,91,2
6850,GA,30066,Discover,3632,06012723,6,0.7939,-0.23,132,35,136,1
6851,NM,88023,Discover,1651,01014833,1,0.1460,-1.92,104,66,236,7
6852,GA,31639,Wells,4695,03013603,3,0.7516,-0.29,129,33,31,1
6853,CA,95630,Bank_Of_Am,3414,01019308,1,0.6857,-0.38,90,50,44,2
6854,NC,27104,Discover,3188,01017700,1,0.5881,-0.53,97,87,201,1
6855,CA,90631,Associates,4094,03013675,3,0.2761,-1.29,146,86,117,1
6856,LA,70006,Bank_Of_Am,5747,01015287,1,0.3459,-1.06,128,1,107,1
6857,CA,91106,Wells,3573,05922653,5,0.2153,-1.54,144,68,24,1
6858,CA,94536,Wells,1302,04013219,4,0.6112,-0.49,125,11,54,1
6859,TX,78666,Discover,4281,10011052,10,0.6695,-0.4,118,56,85,14
6860,CA,95128,Discover,4565,01016214,1,0.9933,-0.01,101,5,59,7
6861,MO,64836,Discover,3612,04013095,4,0.4973,-0.7,112,73,8,1
6862,PA,15235,Associates,7026,01015743,1,0.9112,-0.09,127,62,2,1
6863,NC,27405,Associates,367,01016062,1,0.3447,-1.06,114,61,28,2
6864,PA,16335,Chase_Bony,2250,04013239,4,0.2841,-1.26,122,93,16,1
6865,CT,06610,Discover,3483,01016997,1,0.3342,-1.1,136,94,71,3
6866,TN,37410,Chase_Rev,6735,08012349,8,0.5027,-0.69,109,20,25,2
6867,CA,95687,Wells,1710,03013636,3,0.0956,-2.35,105,65,59,6
6868,NY,11232,Wells,2271,02013729,2,0.2588,-1.35,128,4,51,5
6869,MD,20902,Bank_Of_Am,3817,02014213,2,0.8246,-0.19,123,72,102,4
6870,LA,70390,Chase_Rev,2257,03013394,3,0.3661,-1,103,8,62,3
6871,CA,95822,Wells,2073,06012756,6,0.8733,-0.14,93,29,62,2
6872,PA,19139,Associates,7224,04923404,4,0.5066,-0.68,99,57,112,4
6873,KS,66748,Associates,932,01927045,1,0.0765,-2.57,107,58,22,8
6874,CO,81069,Bank_Of_Am,2596,02013908,2,0.0401,-3.22,144,98,88,1
6875,CA,90296,Wells,8280,02925158,2,0.5174,-0.66,134,45,562,1
6876,MN,56087,Discover,2317,04013067,4,0.7200,-0.33,115,80,36,1
6877,LA,71104,Discover,3275,02925480,2,0.2269,-1.48,114,51,141,5
6878,NY,10460,Wells,3363,04013067,4,0.5040,-0.69,144,43,41,1
6879,VA,22041,Discover,3600,05012997,5,0.2025,-1.6,121,33,67,1
6880,FL,34241,Chase,3141,08012307,8,0.2982,-1.21,124,14,42,7
6881,TX,77706,Wells_FIB,1306,08012273,8,0.1457,-1.93,123,58,103,1
6882,PA,17603,Associates,907,02013705,2,0.5856,-0.54,116,47,8,1
6883,UT,84070,Bank_Of_Am,4894,01016389,1,0.0873,-2.44,138,9,5,4
6884,NJ,08034,Discover,1874,03013320,3,0.0710,-2.65,119,47,21,5
6885,FL,33570,Discover,1609,01015065,1,0.5369,-0.62,107,18,47,1
6886,FL,33445,Chase,2349,03013410,3,0.9021,-0.1,120,82,51,2
6887,IL,60640,Chase,2565,04013193,4,0.1275,-2.06,119,75,185,1
6888,MA,01129,Bank_Of_Am,5013,06012651,6,0.7545,-0.28,72,53,10,2
6889,PA,18071,Bank_Of_Am,8249,07012543,7,0.0529,-2.94,126,60,99,3
6890,NY,12737,Chase,4325,07012502,7,0.1089,-2.22,140,92,96,1
6891,PA,15221,Discover,514,01014850,1,0.9391,-0.06,129,88,69,2
6892,CA,95020,Bank_Of_Am,8845,09011917,9,0.4437,-0.81,112,74,17,1
6893,CA,90011,Associates,5465,02925034,2,0.4552,-0.79,130,42,62,2
6894,CA,92139,Wells,2139,01016711,1,0.4465,-0.81,138,56,71,1
6895,FL,33175,Discover,7468,03924136,3,0.7230,-0.32,146,12,81,6
6896,AZ,85331,Bank_Of_Am,4606,02014616,2,0.6490,-0.43,97,6,43,1
6897,CA,92020,Wells,1184,06012681,6,0.2656,-1.33,135,31,107,6
6898,CT,06430,Discover,1973,03013497,3,0.6159,-0.48,116,4,66,2
6899,OH,45424,Discover,2985,05012945,5,0.7564,-0.28,148,58,89,5
6900,GA,30034,Chase,1130,02014329,2,0.8193,-0.2,119,99,21,1
6901,CA,90221,Wells,2842,06012736,6,0.2846,-1.26,114,32,44,2
6902,CA,95206,Bank_Of_Am,2465,01018626,1,0.9316,-0.07,139,44,102,1
6903,CA,95765,Wells,1822,02013762,2,0.2053,-1.58,110,49,65,2
6904,MI,49079,Discover,4640,01015255,1,0.7578,-0.28,143,88,43,1
6905,CA,92122,Wells,1170,06012625,6,0.6348,-0.45,105,89,88,1
6906,NY,11217,Associates,3980,04013120,4,0.0164,-4.11,129,6,468,1
6907,CO,80004,Discover,6193,02014002,2,0.6117,-0.49,98,11,83,8
6908,LA,70003,Chase_Rev,1025,03013377,3,0.9001,-0.11,143,44,82,9
6909,CA,92117,Bank_Of_Am,930,05012890,5,0.6114,-0.49,129,95,23,1
6910,MA,02119,Bank_Of_Am,789,03013390,3,0.7540,-0.28,102,4,17,2
6911,NC,27534,Discover,5905,02013762,2,0.5040,-0.69,128,22,76,6
6912,CA,90274,Bank_Of_Am,5311,07920000,7,0.2690,-1.31,117,63,14,2
6913,CA,94061,Bank_Of_Am,2139,06012571,6,0.5519,-0.59,142,16,27,3
6914,TX,75050,Discover,6565,10011385,10,0.8053,-0.22,132,79,79,1
6915,SC,29472,Discover,7086,02013786,2,0.5755,-0.55,124,74,122,5
6916,NC,28034,Discover,2203,01017178,1,0.5956,-0.52,144,37,107,3
6917,CA,95616,Bank_Of_Am,794,03013312,3,0.4749,-0.74,104,59,61,13
6918,CA,91605,Associates,3938,04013110,4,0.4910,-0.71,120,27,58,4
6919,PA,18704,Associates,3362,03013349,3,0.8027,-0.22,107,58,335,5
6920,AZ,85260,Bank_Of_Am,1250,04013073,4,0.7516,-0.29,84,5,26,1
6921,TX,78537,Associates,1025,06012566,6,0.4098,-0.89,130,20,50,2
6922,CA,94566,Bank_Of_Am,5150,01018943,1,0.9594,-0.04,137,35,3,1
6923,NC,27455,Discover,1704,03013617,3,0.4346,-0.83,142,66,19,2
6924,NY,10011,Discover,2895,04013092,4,0.2059,-1.58,136,83,28,1
6925,GA,31204,Chase,3745,02924743,2,0.2295,-1.47,140,43,140,2
6926,FL,33460,Chase,3729,04013109,4,0.9344,-0.07,100,29,296,1
6927,OH,44202,Bank_Of_Am,6418,01019236,1,0.0151,-4.19,101,41,141,5
6928,HI,96791,Chase,5258,03013532,3,0.9176,-0.09,130,45,51,10
6929,NY,13803,Discover,3146,05012936,5,0.4296,-0.84,92,13,36,3
6930,NE,68132,Associates,1879,08012280,8,0.6599,-0.42,110,53,103,2
6931,WI,53092,Chase,8985,09012075,9,0.9509,-0.05,117,41,70,2
6932,MI,48602,Discover,5206,07012460,7,0.1620,-1.82,107,10,56,1
6933,PA,15347,Discover,7109,01016045,1,0.9790,-0.02,99,95,32,1
6934,CA,93648,Wells,1297,01015573,1,0.8808,-0.13,139,63,141,9
6935,GA,31736,Chase,1559,02924838,2,0.2755,-1.29,123,11,12,1
6936,ME,04988,Discover,2289,01015058,1,0.7840,-0.24,108,38,111,7
6937,IN,46802,Associates,326,02014692,2,0.5034,-0.69,106,77,52,2
6938,RI,02916,Chase,1350,03013407,3,0.3539,-1.04,119,21,71,2
6939,CA,90242,Wells,1575,04013093,4,0.9744,-0.03,108,9,38,1
6940,OH,44514,Bank_Of_Am,9557,01019639,1,0.7105,-0.34,126,16,68,7
6941,NJ,08302,Discover,1969,02013920,2,0.1630,-1.81,115,67,76,4
6942,CT,06801,Bank_Of_Am,4217,06012704,6,0.4540,-0.79,145,2,34,7
6943,OH,43727,Chase,1909,03013302,3,0.7929,-0.23,149,75,48,2
6944,NY,10472,Associates,2068,04013286,4,0.3189,-1.14,91,74,42,2
6945,IL,61605,Bank_Of_Am,1538,06922553,6,0.3765,-0.98,123,24,45,1
6946,NV,89110,Discover,4268,02014501,2,0.1932,-1.64,114,4,2,1
6947,CA,92404,Wells,2155,05012800,5,0.3560,-1.03,134,94,58,5
6948,CA,90715,Wells,2205,04013104,4,0.9657,-0.03,145,16,53,6
6949,CA,93535,Wells,1447,06012720,6,0.7520,-0.28,145,3,140,14
6950,MD,20716,Discover,685,02014604,2,0.7422,-0.3,131,80,23,1
6951,WV,25567,Associates,2437,05012982,5,0.5031,-0.69,136,48,36,5
6952,GA,30458,Discover,2145,05012905,5,0.1138,-2.17,120,37,170,4
6953,IN,47713,Discover,2105,04013058,4,0.5156,-0.66,118,73,93,5
6954,WA,98272,Bank_Of_Am,3113,08012345,8,0.5381,-0.62,118,81,60,1
6955,MA,01566,Discover,4410,01016288,1,0.7193,-0.33,100,58,121,1
6956,NC,27516,Associates,759,02014606,2,0.3503,-1.05,113,50,131,4
6957,TN,37743,Discover,850,02014558,2,0.2492,-1.39,139,51,125,1
6958,CA,90240,Wells_FIB,2744,05012775,5,0.1096,-2.21,109,33,181,20
6959,TN,37111,Chase,1101,05012961,5,0.3658,-1.01,119,55,17,1
6960,PA,15476,Bank_Of_Am,4970,03013577,3,0.7167,-0.33,142,98,123,2
6961,CA,90640,Wells,1760,04013177,4,0.3322,-1.1,139,45,83,8
6962,MA,01560,Chase_Rev,2301,03013349,3,0.3304,-1.11,107,94,586,1
6963,NY,11420,Chase,4613,04013136,4,0.7294,-0.32,110,86,80,2
6964,MD,21212,Associates,688,03013421,3,0.5117,-0.67,113,83,72,2
6965,MS,39652,Discover,2463,02014745,2,0.3546,-1.04,121,11,66,6
6966,FL,34208,Discover,882,05012848,5,0.0992,-2.31,131,7,54,6
6967,CA,91505,Bank_Of_Am,3940,06012597,6,0.1869,-1.68,126,51,47,1
6968,KY,41230,Associates,3058,05012909,5,0.5281,-0.64,133,87,32,1
6969,NC,28334,Chase,1813,01014787,1,0.8416,-0.17,113,73,30,4
6970,VA,23703,Discover,2700,01019164,1,0.4114,-0.89,145,63,3,1
6971,CA,94544,Wells,2225,02014502,2,0.9905,-0.01,128,52,20,4
6972,NJ,07753,Associates,395,02014230,2,0.7837,-0.24,81,75,154,2
6973,CA,95437,Bank_Of_Am,1470,04013288,4,0.4751,-0.74,94,92,78,3
6974,CA,92870,Wells,3083,01019401,1,0.1782,-1.72,132,31,224,2
6975,CA,93060,Bank_Of_Am,582,08012230,8,0.9062,-0.1,118,12,7,1
6976,OR,97230,Bank_Of_Am,11024,08012276,8,0.8772,-0.13,138,95,34,6
6977,MI,48912,Discover,3337,07012355,7,0.7074,-0.35,123,8,6,3
6978,PA,17019,Bank_Of_Am,1898,01019319,1,0.7727,-0.26,140,71,87,1
6979,CA,90291,Wells,2239,06012716,6,0.1535,-1.87,132,8,85,2
6980,SC,29221,Discover,2124,06012701,6,0.3151,-1.15,136,18,212,6
6981,CA,92553,Wells,1331,07012494,7,0.5441,-0.61,100,31,55,2
6982,NJ,08234,Chase_Bony,1024,06012736,6,0.4181,-0.87,112,14,18,1
6983,GA,30344,Associates,4479,09011914,9,0.7691,-0.26,126,5,317,4
6984,MS,39074,Discover,8662,10011814,10,0.2760,-1.29,108,89,39,1
6985,MA,01119,Chase,3551,05012905,5,0.1582,-1.84,142,96,208,2
6986,NY,12962,Discover,3971,09012087,9,0.1969,-1.63,125,93,4,1
6987,LA,71446,Chase,5735,07012543,7,0.0651,-2.73,104,97,202,7
6988,MI,49854,Discover,3124,01015464,1,0.2429,-1.42,131,97,142,1
6989,PA,19560,Associates,2456,02013881,2,0.1343,-2.01,119,95,130,2
6990,WI,53528,Bank_Of_Am,5618,10011829,10,0.2367,-1.44,139,16,147,2
6991,PA,17019,Associates,994,03013337,3,0.3532,-1.04,122,66,24,1
6992,OK,74063,Chase_Rev,2290,03013487,3,0.0338,-3.39,119,61,42,1
6993,MS,39286,Associates,1676,02013702,2,0.2924,-1.23,142,80,154,3
6994,DC,20020,Wells,1191,05013008,5,0.3356,-1.09,127,26,188,2
6995,TX,75460,Discover,2316,10011646,10,0.1699,-1.77,88,90,47,2
6996,OH,43615,Associates,3889,01015467,1,0.5077,-0.68,94,10,17,1
6997,DE,19711,Discover,1459,08000000,8,0.7437,-0.3,144,38,1,1
6998,PA,19446,Chase,1116,04013082,4,0.2355,-1.45,135,79,145,3
6999,TN,37086,Associates,4864,01016373,1,0.2279,-1.48,113,31,62,4
7000,TX,77356,Associates,4640,04013120,4,0.1904,-1.66,100,19,167,3
7001,NV,89146,Wells,1132,10011391,10,0.4645,-0.77,126,55,1,1
7002,SC,29150,Chase,1017,03013401,3,0.0077,-4.87,138,76,82,3
7003,NY,12019,Chase_Rev,4164,06012762,6,0.8396,-0.17,136,40,23,2
7004,OH,45879,Discover,9300,09011977,9,0.8545,-0.16,130,10,94,15
7005,CA,93906,Wells,1645,05012958,5,0.6338,-0.46,101,73,540,1
7006,NY,11237,Discover,1628,01016597,1,0.3344,-1.1,114,30,92,2
7007,FL,33434,Chase_Rev,2777,04013104,4,0.8310,-0.19,105,48,9,1
7008,CA,95969,Chase_Rev,886,05922750,5,0.8418,-0.17,107,46,103,13
7009,CA,90302,Bank_Of_Am,1487,01016440,1,0.4595,-0.78,115,92,10,1
7010,MI,48342,Discover,2449,04013028,4,0.6661,-0.41,133,23,59,14
7011,TX,75147,Discover,7219,10011631,10,0.2047,-1.59,134,44,89,21
7012,PA,17931,Discover,5120,08012322,8,0.0950,-2.35,68,29,94,1
7013,VA,23703,Associates,1590,03013458,3,0.6343,-0.46,124,34,295,3
7014,CA,95035,Wells,1289,06012587,6,0.1279,-2.06,110,11,30,4
7015,MI,49417,Bank_Of_Am,958,02014200,2,0.4286,-0.85,129,82,31,1
7016,NC,28659,Wells,2363,02014447,2,0.0653,-2.73,123,47,56,2
7017,CA,96003,Wells,3074,02014711,2,0.7148,-0.34,89,98,48,1
7018,NY,11435,Discover,1284,01016327,1,0.4821,-0.73,144,84,86,1
7019,NY,12205,Chase,3847,04013051,4,0.7355,-0.31,126,37,97,2
7020,AR,72057,Wells,2055,05012908,5,0.9197,-0.08,128,49,38,4
7021,CA,91311,Chase,5847,08012153,8,0.2626,-1.34,110,80,140,1
7022,CA,91737,Bank_Of_Am,8403,09011909,9,0.2193,-1.52,104,4,27,4
7023,PA,17602,Chase,2170,03013373,3,0.0293,-3.53,118,64,8,1
7024,CA,92106,Discover,3564,07012469,7,0.9785,-0.02,110,28,67,1
7025,HI,96720,Associates,4544,03923809,3,0.7273,-0.32,112,14,38,4
7026,LA,70759,Associates,7075,01019272,1,0.9542,-0.05,142,14,153,3
7027,CA,92705,Wells,6585,06012575,6,0.4881,-0.72,141,32,252,1
7028,MD,20708,Associates,2396,04013204,4,0.7998,-0.22,107,22,7,1
7029,MD,20747,Discover,6658,01015969,1,0.1768,-1.73,135,69,109,4
7030,CA,90020,Bank_Of_Am,373,03013522,3,0.8672,-0.14,124,84,49,7
7031,FL,33150,Chase,2972,08000000,8,0.4526,-0.79,81,15,36,7
7032,MI,48084,Bank_Of_Am,2851,01016212,1,0.1932,-1.64,126,90,189,1
7033,CA,92626,Wells,1451,03013514,3,0.7935,-0.23,119,39,66,1
7034,NV,89119,Wells,1730,06922512,6,0.8719,-0.14,121,51,9,1
7035,NY,11207,Discover,2031,03013439,3,0.1570,-1.85,122,45,35,2
7036,IL,60453,Bank_Of_Am,7150,07012387,7,0.1233,-2.09,132,38,86,5
7037,OH,45342,Discover,8360,09012068,9,0.8305,-0.19,109,75,53,21
7038,TX,76137,Discover,5343,10011337,10,0.2751,-1.29,126,30,15,3
7039,NM,88001,Discover,1717,06012688,6,0.7698,-0.26,140,18,188,9
7040,MO,65536,Chase,3626,05012797,5,0.9898,-0.01,139,74,74,1
7041,MO,63021,Discover,1641,01019575,1,0.6012,-0.51,142,94,26,1
7042,VA,23805,Discover,3858,04013178,4,0.1231,-2.09,126,70,100,7
7043,CA,94526,Wells,6261,03013399,3,0.5467,-0.6,118,48,118,1
7044,UT,84070,Discover,3696,03013515,3,0.0259,-3.65,121,15,70,7
7045,NH,03771,Chase_Rev,3521,02014151,2,0.7474,-0.29,118,9,231,5
7046,NY,12788,Discover,613,02014034,2,0.4864,-0.72,145,34,18,6
7047,TX,77806,Chase,866,07012426,7,0.9292,-0.07,134,69,45,1
7048,LA,71070,Discover,1599,06012768,6,0.4170,-0.87,138,65,13,1
7049,TX,76011,Chase_Rev,2079,09011892,9,0.4868,-0.72,117,73,45,1
7050,CA,92270,Wells_FIB,1625,06012709,6,0.9573,-0.04,112,91,295,1
7051,CA,90041,Bank_Of_Am,2621,04013183,4,0.4982,-0.7,130,65,64,1
7052,CA,93012,Wells,2140,01017410,1,0.4628,-0.77,121,48,87,7
7053,FL,32210,Discover,1810,01016070,1,0.8750,-0.13,137,7,105,2
7054,FL,32724,Discover,1290,03013381,3,0.1584,-1.84,123,63,272,2
7055,MD,21793,Bank_Of_Am,3525,01015408,1,0.8349,-0.18,149,45,46,4
7056,CA,94546,Chase_Rev,2146,06012748,6,0.9318,-0.07,130,57,27,1
7057,MA,01453,Discover,2968,05012919,5,0.7569,-0.28,127,95,62,6
7058,NY,14420,Bank_Of_Am,2018,02014155,2,0.9809,-0.02,127,78,55,8
7059,NY,11214,Discover,6268,10011776,10,0.3157,-1.15,118,57,7,3
7060,TX,78014,Discover,4574,05012948,5,0.8168,-0.2,131,29,5,2
7061,OK,73505,Wells,8594,01019219,1,0.2030,-1.59,124,84,58,4
7062,TX,77088,Bank_Of_Am,8940,04923210,4,0.1925,-1.65,118,60,16,2
7063,WV,26031,Discover,4205,02014356,2,0.8327,-0.18,125,26,140,3
7064,NM,88062,Discover,1644,03013481,3,0.6207,-0.48,128,66,76,2
7065,LA,70002,Discover,2184,04923379,4,0.5745,-0.55,125,47,18,1
7066,FL,32609,Associates,2983,04013171,4,0.5491,-0.6,126,89,49,3
7067,NJ,08820,Bank_Of_Am,10442,08012327,8,0.6980,-0.36,73,39,129,1
7068,MA,02148,Discover,2282,04013291,4,0.0571,-2.86,115,59,41,1
7069,UT,84070,Associates,1802,05012804,5,0.1217,-2.11,140,77,64,1
7070,SC,29720,Discover,2002,01018507,1,0.2567,-1.36,126,68,199,2
7071,MO,65809,Discover,2819,09012098,9,0.5123,-0.67,120,57,61,6
7072,NC,27317,Discover,1408,02014198,2,0.8638,-0.15,122,85,55,2
7073,NJ,08701,Bank_Of_Am,7356,07012404,7,0.4458,-0.81,109,95,158,2
7074,OH,45122,Discover,3504,05012986,5,0.4727,-0.75,137,63,26,1
7075,TX,77373,Associates,2291,02014081,2,0.8197,-0.2,127,1,53,5
7076,CA,92887,Wells,3433,01014912,1,0.3628,-1.01,144,18,73,6
7077,CA,94607,Wells,1749,03013607,3,0.3125,-1.16,114,25,63,5
7078,PA,19148,Chase_Rev,6142,05012850,5,0.9545,-0.05,108,11,93,3
7079,NE,68008,Chase,2532,07012523,7,0.5445,-0.61,106,60,57,11
7080,MA,02124,Bank_Of_Am,990,04013240,4,0.0985,-2.32,119,24,147,3
7081,OR,97202,Discover,1635,01016382,1,0.2236,-1.5,123,44,139,3
7082,NJ,07111,Wells,1513,02013711,2,0.4360,-0.83,101,46,45,3
7083,OH,43452,Bank_Of_Am,2087,02013829,2,0.0924,-2.38,132,10,8,3
7084,NY,14214,Discover,1496,03013428,3,0.9583,-0.04,95,37,99,1
7085,KY,42001,Discover,3506,01926151,1,0.6251,-0.47,110,1,134,1
7086,CA,93446,Wells,3450,03013490,3,0.9628,-0.04,111,39,100,5
7087,GA,30276,Discover,6376,08012342,8,0.6810,-0.38,135,49,46,1
7088,FL,33162,Associates,407,01015969,1,0.4932,-0.71,110,84,212,2
7089,MI,48197,Discover,1875,02013765,2,0.3835,-0.96,132,82,50,1
7090,FL,34472,Chase_Rev,1332,04013046,4,0.2749,-1.29,112,20,6,1
7091,TX,75067,Associates,7183,03923730,3,0.9600,-0.04,132,29,83,1
7092,CA,90301,Discover,3300,08012250,8,0.7343,-0.31,93,75,13,1
7093,CO,80920,Associates,4663,01019477,1,0.8652,-0.14,143,16,122,4
7094,FL,32246,Chase_Bony,6917,03013480,3,0.1077,-2.23,120,36,74,11
7095,NM,87415,Bank_Of_Am,487,04013145,4,0.2705,-1.31,125,78,20,4
7096,CA,92336,Wells,1362,07012488,7,0.5383,-0.62,115,16,43,5
7097,TX,75220,Discover,5691,10010968,10,0.1498,-1.9,146,13,89,1
7098,CA,92629,Wells,3380,07012463,7,0.2854,-1.25,132,62,37,2
7099,FL,32746,Associates,2773,08012290,8,0.5445,-0.61,108,17,8,3
7100,CA,92782,Bank_Of_Am,2345,01015098,1,0.6433,-0.44,143,65,78,9
7101,CO,80219,Discover,3909,01015510,1,0.5761,-0.55,121,1,80,11
7102,AZ,85014,Wells,1481,06012611,6,0.2510,-1.38,115,21,76,3
7103,FL,34237,Associates,829,08000000,8,0.2295,-1.47,82,96,56,7
7104,CA,95014,Wells,693,01019426,1,0.4362,-0.83,133,23,154,3
7105,ID,83501,Associates,3339,10010163,10,0.5585,-0.58,136,92,33,1
7106,CA,92394,Wells,1164,07012434,7,0.2334,-1.45,112,96,96,5
7107,NY,11236,Discover,5402,01016289,1,0.4008,-0.91,102,73,49,6
7108,NY,12901,Discover,6243,01016471,1,0.8919,-0.11,107,64,46,2
7109,FL,33313,Discover,2057,02014000,2,0.0073,-4.92,134,82,258,3
7110,MI,49316,Discover,5630,01016443,1,0.5152,-0.66,106,54,54,1
7111,TX,78566,Associates,1687,10011642,10,0.1917,-1.65,100,65,94,3
7112,NY,11210,Chase_Bony,1435,06012732,6,0.2223,-1.5,117,59,202,2
7113,FL,34266,Associates,1427,02014440,2,0.0021,-6.18,131,60,11,2
7114,WI,53227,Discover,2311,01017471,1,0.7085,-0.34,111,20,31,6
7115,CT,06902,Bank_Of_Am,11330,04013218,4,0.9544,-0.05,128,27,74,2
7116,SC,29902,Wells,669,02014324,2,0.0311,-3.47,138,98,101,3
7117,NY,11420,Chase,11260,08012149,8,0.0235,-3.75,134,57,69,7
7118,CA,90042,Wells,3572,05012999,5,0.3959,-0.93,142,72,156,1
7119,FL,32962,Chase,2576,04013265,4,0.1563,-1.86,79,2,83,1
7120,AZ,85282,Wells,1474,05012784,5,0.5125,-0.67,143,82,102,3
7121,TX,77380,Chase,3884,10011546,10,0.2704,-1.31,128,82,20,1
7122,CA,91768,Wells,1301,05012889,5,0.2230,-1.5,136,50,6,1
7123,OK,73120,Chase_Rev,1681,03013584,3,0.5678,-0.57,119,92,34,1
7124,CA,91911,Wells,1900,05012939,5,0.1820,-1.7,122,19,111,2
7125,OR,97218,Wells,6700,01019288,1,0.0104,-4.57,125,56,109,4
7126,AR,72904,Bank_Of_Am,866,03013323,3,0.4428,-0.81,135,2,253,2
7127,AZ,85028,Wells_FIB,3515,10011822,10,0.8474,-0.17,111,6,70,3
7128,MI,48872,Associates,3536,04013039,4,0.9667,-0.03,142,5,269,1
7129,TX,77705,Chase,1023,07012454,7,0.2364,-1.44,148,73,15,3
7130,CA,90035,Wells,1479,01015017,1,0.6305,-0.46,102,17,101,1
7131,VA,23148,Wells,1116,04013200,4,0.0743,-2.6,103,40,31,1
7132,WA,98031,Bank_Of_Am,983,09011957,9,0.2209,-1.51,111,64,203,6
7133,AZ,85281,Discover,4201,01019093,1,0.2740,-1.29,132,52,147,2
7134,PA,15963,Discover,1741,01014982,1,0.1886,-1.67,101,72,88,1
7135,WA,98902,Bank_Of_Am,4370,01018795,1,0.1175,-2.14,130,60,16,3
7136,ID,83836,Associates,3141,09012051,9,0.5990,-0.51,114,90,27,4
7137,CA,90404,Chase_Bony,1106,07012490,7,0.6573,-0.42,123,55,92,3
7138,WA,98031,Bank_Of_Am,2850,01018988,1,0.5458,-0.61,142,53,176,5
7139,NY,11216,Discover,5536,01017239,1,0.3933,-0.93,66,83,14,2
7140,TN,37919,Discover,2976,04013115,4,0.8528,-0.16,120,92,90,3